season,player_name,college,draft_year,down,distance,yards_gained,play_type,epa,scoring,yards_to_goal
2011,Brandon Doughty,Western Kentucky,2016,,,0,pass,-0.5213233828544617,False,66.0
2011,Brandon Doughty,Western Kentucky,2016,,,8,pass,1.4057636260986328,False,66.0
2011,Brandon Doughty,Western Kentucky,2016,,,3,pass,-0.29599112272262573,False,58.0
2011,Brandon Doughty,Western Kentucky,2016,,,0,pass,-0.7747881412506104,False,55.0
2011,Brandon Doughty,Western Kentucky,2016,,,0,pass,-1.2954139709472656,False,55.0
2011,Brandon Doughty,Western Kentucky,2016,,,6,pass,0.18558180332183838,False,65.0
2011,Brandon Doughty,Western Kentucky,2016,,,8,pass,0.7526661157608032,False,76.0
2011,Brandon Doughty,Western Kentucky,2016,,,0,pass,-2.6413614749908447,False,68.0
2011,Brandon Doughty,Western Kentucky,2016,,,0,pass,-0.765777587890625,False,78.0
2011,Brandon Doughty,Western Kentucky,2016,,,5,pass,0.20995622873306274,False,70.0
2011,Brandon Doughty,Western Kentucky,2016,,,2,pass,-1.3832876682281494,False,65.0
2011,Brandon Doughty,Western Kentucky,2016,,,0,pass,-0.8299970626831055,False,70.0
2011,Brandon Doughty,Western Kentucky,2016,,,0,pass,-1.9872896671295166,False,35.0
2011,Brandon Doughty,Western Kentucky,2016,,,13,pass,4.985087871551514,False,35.0
2011,Brandon Doughty,Western Kentucky,2016,,,21,pass,2.275364398956299,False,22.0
2011,Brandon Doughty,Western Kentucky,2016,,,16,pass,1.215694785118103,False,71.0
2011,Brandon Doughty,Western Kentucky,2016,,,9,pass,1.3195996284484863,False,55.0
2011,Brandon Doughty,Western Kentucky,2016,,,11,pass,0.46637845039367676,False,46.0
2011,Brandon Doughty,Western Kentucky,2016,,,0,pass,-0.692436695098877,False,35.0
2011,Brandon Doughty,Western Kentucky,2016,,,0,pass,-1.11188805103302,False,35.0
2011,Brandon Doughty,Western Kentucky,2016,,,4,pass,-0.09524679183959961,False,69.0
2012,Brandon Doughty,Western Kentucky,2016,,,0,pass,-0.5277382135391235,False,47.0
2012,Brandon Doughty,Western Kentucky,2016,,,0,pass,-1.0813981294631958,False,36.0
2012,Brandon Doughty,Western Kentucky,2016,,,7,pass,1.4978349208831787,False,46.0
2013,Brandon Doughty,Western Kentucky,2016,,,17,pass,2.446367025375366,False,29.0
2013,Brandon Doughty,Western Kentucky,2016,,,0,pass,-1.3366622924804688,False,57.0
2013,Brandon Doughty,Western Kentucky,2016,,,7,pass,0.2403092384338379,False,62.0
2013,Brandon Doughty,Western Kentucky,2016,,,6,pass,-0.00030231475830078125,False,75.0
2013,Brandon Doughty,Western Kentucky,2016,,,9,pass,0.6139359474182129,False,36.0
2013,Brandon Doughty,Western Kentucky,2016,,,9,pass,1.9160728454589844,True,9.0
2013,Brandon Doughty,Western Kentucky,2016,,,18,pass,1.831167459487915,False,67.0
2013,Brandon Doughty,Western Kentucky,2016,,,8,pass,-0.7865582704544067,False,80.0
2013,Brandon Doughty,Western Kentucky,2016,,,3,pass,-0.45130455493927,False,80.0
2013,Brandon Doughty,Western Kentucky,2016,,,6,pass,0.29808473587036133,False,44.0
2013,Brandon Doughty,Western Kentucky,2016,,,3,pass,-0.3095461130142212,False,61.0
2013,Brandon Doughty,Western Kentucky,2016,,,5,pass,0.0375823974609375,False,66.0
2013,Brandon Doughty,Western Kentucky,2016,,,13,pass,0.5188286304473877,False,79.0
2013,Brandon Doughty,Western Kentucky,2016,,,19,pass,-2.9638733863830566,False,55.0
2013,Brandon Doughty,Western Kentucky,2016,,,0,pass,-0.611066460609436,False,50.0
2013,Brandon Doughty,Western Kentucky,2016,,,6,pass,-0.13872051239013672,False,56.0
2013,Brandon Doughty,Western Kentucky,2016,,,7,pass,0.3249349594116211,False,15.0
2013,Brandon Doughty,Western Kentucky,2016,,,-14,pass,-1.274247646331787,False,7.0
2013,Brandon Doughty,Western Kentucky,2016,,,8,pass,0.22908759117126465,False,62.0
2013,Brandon Doughty,Western Kentucky,2016,,,8,pass,0.6273831129074097,False,75.0
2013,Brandon Doughty,Western Kentucky,2016,,,6,pass,-1.0763351917266846,False,9.0
2013,Brandon Doughty,Western Kentucky,2016,,,0,pass,-0.5001821517944336,False,15.0
2013,Brandon Doughty,Western Kentucky,2016,,,13,pass,1.3132121562957764,False,44.0
2013,Brandon Doughty,Western Kentucky,2016,,,25,pass,2.0489113330841064,False,64.0
2013,Brandon Doughty,Western Kentucky,2016,,,0,pass,-0.6208040714263916,False,65.0
2013,Brandon Doughty,Western Kentucky,2016,,,12,pass,-3.1539559364318848,False,71.0
2013,Brandon Doughty,Western Kentucky,2016,,,0,pass,-0.6894851922988892,False,69.0
2013,Brandon Doughty,Western Kentucky,2016,,,9,pass,0.6553363800048828,False,17.0
2013,Brandon Doughty,Western Kentucky,2016,,,8,pass,1.2128686904907227,False,25.0
2013,Brandon Doughty,Western Kentucky,2016,,,19,pass,1.4201271533966064,False,46.0
2013,Brandon Doughty,Western Kentucky,2016,,,5,pass,0.1658937931060791,False,51.0
2013,Brandon Doughty,Western Kentucky,2016,,,4,pass,-1.0442445278167725,False,75.0
2013,Brandon Doughty,Western Kentucky,2016,,,0,pass,-0.5120465159416199,False,79.0
2013,Brandon Doughty,Western Kentucky,2016,,,0,pass,-0.9337294101715088,False,78.0
2013,Brandon Doughty,Western Kentucky,2016,,,18,pass,1.6339915990829468,False,64.0
2013,Brandon Doughty,Western Kentucky,2016,,,33,pass,3.5463948249816895,False,43.0
2013,Brandon Doughty,Western Kentucky,2016,,,0,pass,-0.7876839637756348,False,10.0
2013,Brandon Doughty,Western Kentucky,2016,,,0,pass,-0.42755937576293945,False,10.0
2013,Brandon Doughty,Western Kentucky,2016,,,2,pass,-1.2623369693756104,False,75.0
2013,Brandon Doughty,Western Kentucky,2016,,,15,pass,3.029125213623047,False,79.0
2013,Brandon Doughty,Western Kentucky,2016,,,6,pass,2.5238375663757324,True,6.0
2013,Brandon Doughty,Western Kentucky,2016,,,0,pass,-0.9244637489318848,False,6.0
2013,Brandon Doughty,Western Kentucky,2016,,,43,pass,3.2051963806152344,False,67.0
2013,Brandon Doughty,Western Kentucky,2016,,,5,pass,0.2537109851837158,False,24.0
2013,Brandon Doughty,Western Kentucky,2016,,,0,pass,-0.6173182725906372,False,43.0
2013,Brandon Doughty,Western Kentucky,2016,,,15,pass,1.5887984037399292,False,43.0
2013,Brandon Doughty,Western Kentucky,2016,,,13,pass,1.2032570838928223,False,28.0
2013,Brandon Doughty,Western Kentucky,2016,,,0,pass,-0.9456007480621338,False,14.0
2013,Brandon Doughty,Western Kentucky,2016,,,13,pass,3.390213966369629,False,14.0
2013,Brandon Doughty,Western Kentucky,2016,,,0,pass,-0.5434627532958984,False,75.0
2013,Brandon Doughty,Western Kentucky,2016,,,7,pass,1.9745055437088013,False,71.0
2013,Brandon Doughty,Western Kentucky,2016,,,0,pass,-0.7093768119812012,False,67.0
2013,Brandon Doughty,Western Kentucky,2016,,,0,pass,-0.7347224950790405,False,98.0
2013,Brandon Doughty,Western Kentucky,2016,,,0,pass,-0.7002809047698975,False,20.0
2013,Brandon Doughty,Western Kentucky,2016,,,7,pass,1.6898607015609741,False,69.0
2013,Brandon Doughty,Western Kentucky,2016,,,1,pass,-0.6746271848678589,False,62.0
2013,Brandon Doughty,Western Kentucky,2016,,,10,pass,1.3580920696258545,False,61.0
2013,Brandon Doughty,Western Kentucky,2016,,,20,pass,3.429885149002075,False,54.0
2013,Brandon Doughty,Western Kentucky,2016,,,0,pass,-1.0663174390792847,False,54.0
2013,Brandon Doughty,Western Kentucky,2016,,,16,pass,1.5097744464874268,False,33.0
2013,Brandon Doughty,Western Kentucky,2016,,,-2,pass,-1.2573637962341309,False,17.0
2013,Brandon Doughty,Western Kentucky,2016,,,0,pass,-0.5979115962982178,False,13.0
2013,Brandon Doughty,Western Kentucky,2016,,,0,pass,-0.34774768352508545,False,41.0
2013,Brandon Doughty,Western Kentucky,2016,,,5,pass,0.20816540718078613,False,41.0
2013,Brandon Doughty,Western Kentucky,2016,,,11,pass,2.6658148765563965,False,36.0
2013,Brandon Doughty,Western Kentucky,2016,,,0,pass,-0.3805241584777832,False,25.0
2013,Brandon Doughty,Western Kentucky,2016,,,12,pass,1.2527384757995605,False,25.0
2013,Brandon Doughty,Western Kentucky,2016,,,0,pass,-0.47275567054748535,False,13.0
2013,Brandon Doughty,Western Kentucky,2016,,,0,pass,-0.6627156734466553,False,13.0
2013,Brandon Doughty,Western Kentucky,2016,,,0,pass,-0.6274193525314331,False,83.0
2013,Brandon Doughty,Western Kentucky,2016,,,0,pass,-0.7058051824569702,False,83.0
2013,Brandon Doughty,Western Kentucky,2016,,,29,pass,2.916583776473999,False,83.0
2013,Brandon Doughty,Western Kentucky,2016,,,11,pass,0.5597615242004395,False,69.0
2013,Brandon Doughty,Western Kentucky,2016,,,0,pass,-0.6317470073699951,False,58.0
2013,Brandon Doughty,Western Kentucky,2016,,,5,pass,-0.2874644994735718,False,58.0
2013,Brandon Doughty,Western Kentucky,2016,,,6,pass,1.6944488286972046,False,53.0
2013,Brandon Doughty,Western Kentucky,2016,,,0,pass,-0.6559774875640869,False,47.0
2013,Brandon Doughty,Western Kentucky,2016,,,8,pass,0.5021109580993652,False,57.0
2013,Brandon Doughty,Western Kentucky,2016,,,0,pass,-3.1066854000091553,False,47.0
2013,Brandon Doughty,Western Kentucky,2016,,,0,pass,-0.7376829385757446,False,27.0
2013,Brandon Doughty,Western Kentucky,2016,,,15,pass,0.7376689910888672,False,72.0
2013,Brandon Doughty,Western Kentucky,2016,,,6,pass,0.14171099662780762,False,57.0
2013,Brandon Doughty,Western Kentucky,2016,,,15,pass,0.9028916358947754,False,46.0
2013,Brandon Doughty,Western Kentucky,2016,,,16,pass,0.990452766418457,False,31.0
2013,Brandon Doughty,Western Kentucky,2016,,,0,pass,-0.7471429109573364,False,52.0
2013,Brandon Doughty,Western Kentucky,2016,,,-2,pass,-1.2750025987625122,False,57.0
2013,Brandon Doughty,Western Kentucky,2016,,,12,pass,0.3645927906036377,False,64.0
2013,Brandon Doughty,Western Kentucky,2016,,,20,pass,4.155966281890869,True,20.0
2013,Brandon Doughty,Western Kentucky,2016,,,30,pass,1.5919666290283203,False,44.0
2013,Brandon Doughty,Western Kentucky,2016,,,5,pass,0.05403470993041992,False,19.0
2013,Brandon Doughty,Western Kentucky,2016,,,0,pass,-0.4528636336326599,False,73.0
2013,Brandon Doughty,Western Kentucky,2016,,,6,pass,-0.7235459685325623,False,73.0
2013,Brandon Doughty,Western Kentucky,2016,,,5,pass,2.3049874305725098,True,5.0
2013,Brandon Doughty,Western Kentucky,2016,,,5,pass,0.952392578125,False,29.0
2013,Brandon Doughty,Western Kentucky,2016,,,2,pass,-0.28256654739379883,False,24.0
2013,Brandon Doughty,Western Kentucky,2016,,,6,pass,0.48508262634277344,False,22.0
2013,Brandon Doughty,Western Kentucky,2016,,,10,pass,0.5835458040237427,False,73.0
2013,Brandon Doughty,Western Kentucky,2016,,,0,pass,-0.66097092628479,False,63.0
2013,Brandon Doughty,Western Kentucky,2016,,,9,pass,1.7881544828414917,False,57.0
2013,Brandon Doughty,Western Kentucky,2016,,,0,pass,-0.6864979267120361,False,48.0
2013,Brandon Doughty,Western Kentucky,2016,,,16,pass,1.4801273345947266,True,16.0
2013,Brandon Doughty,Western Kentucky,2016,,,11,pass,-0.07777249813079834,False,79.0
2013,Brandon Doughty,Western Kentucky,2016,,,8,pass,-4.120941638946533,False,24.0
2013,Brandon Doughty,Western Kentucky,2016,,,17,pass,0.5797781944274902,False,41.0
2013,Brandon Doughty,Western Kentucky,2016,,,10,pass,0.49273061752319336,False,24.0
2013,Brandon Doughty,Western Kentucky,2016,,,4,pass,-9.251982688903809,False,23.0
2013,Brandon Doughty,Western Kentucky,2016,,,8,pass,0.2714424133300781,False,44.0
2013,Brandon Doughty,Western Kentucky,2016,,,1,pass,-1.5873851776123047,False,43.0
2013,Brandon Doughty,Western Kentucky,2016,,,10,pass,3.31734299659729,False,42.0
2013,Brandon Doughty,Western Kentucky,2016,,,9,pass,0.4049348831176758,False,32.0
2013,Brandon Doughty,Western Kentucky,2016,,,22,pass,2.956165075302124,False,72.0
2013,Brandon Doughty,Western Kentucky,2016,,,4,pass,-0.018671929836273193,False,53.0
2013,Brandon Doughty,Western Kentucky,2016,,,0,pass,-0.6125445365905762,False,43.0
2013,Brandon Doughty,Western Kentucky,2016,,,3,pass,-0.4854705333709717,False,43.0
2013,Brandon Doughty,Western Kentucky,2016,,,18,pass,3.218599557876587,False,49.0
2013,Brandon Doughty,Western Kentucky,2016,,,3,pass,-0.15292596817016602,False,34.0
2013,Brandon Doughty,Western Kentucky,2016,,,4,pass,-0.8953450918197632,False,31.0
2013,Brandon Doughty,Western Kentucky,2016,,,13,pass,0.742032527923584,False,49.0
2013,Brandon Doughty,Western Kentucky,2016,,,4,pass,-0.039282798767089844,False,23.0
2013,Brandon Doughty,Western Kentucky,2016,,,5,pass,0.5940699577331543,False,14.0
2013,Brandon Doughty,Western Kentucky,2016,,,11,pass,0.7100199460983276,False,88.0
2013,Brandon Doughty,Western Kentucky,2016,,,0,pass,-0.6516389846801758,False,61.0
2013,Brandon Doughty,Western Kentucky,2016,,,2,pass,-1.160428762435913,False,54.0
2013,Brandon Doughty,Western Kentucky,2016,,,0,pass,-0.7832790613174438,False,75.0
2013,Brandon Doughty,Western Kentucky,2016,,,12,pass,0.5077683925628662,False,59.0
2013,Brandon Doughty,Western Kentucky,2016,,,11,pass,0.7498307228088379,False,47.0
2013,Brandon Doughty,Western Kentucky,2016,,,15,pass,1.3994243144989014,False,34.0
2013,Brandon Doughty,Western Kentucky,2016,,,5,pass,0.4279594421386719,False,19.0
2013,Brandon Doughty,Western Kentucky,2016,,,2,pass,-0.249908447265625,False,36.0
2013,Brandon Doughty,Western Kentucky,2016,,,0,pass,-0.6773421764373779,False,19.0
2013,Brandon Doughty,Western Kentucky,2016,,,0,pass,-1.1362794637680054,False,19.0
2013,Brandon Doughty,Western Kentucky,2016,,,14,pass,1.5002979040145874,False,75.0
2013,Brandon Doughty,Western Kentucky,2016,,,13,pass,1.7540788650512695,False,29.0
2013,Brandon Doughty,Western Kentucky,2016,,,6,pass,0.4099431037902832,False,34.0
2013,Brandon Doughty,Western Kentucky,2016,,,4,pass,-0.12453460693359375,False,14.0
2013,Brandon Doughty,Western Kentucky,2016,,,13,pass,1.682542085647583,False,77.0
2013,Brandon Doughty,Western Kentucky,2016,,,4,pass,0.03499174118041992,False,60.0
2013,Brandon Doughty,Western Kentucky,2016,,,0,pass,-0.5545795559883118,False,75.0
2013,Brandon Doughty,Western Kentucky,2016,,,1,pass,-0.8687514066696167,False,75.0
2013,Brandon Doughty,Western Kentucky,2016,,,8,pass,0.2757681608200073,False,74.0
2013,Brandon Doughty,Western Kentucky,2016,,,0,pass,-0.8813908696174622,False,45.0
2013,Brandon Doughty,Western Kentucky,2016,,,19,pass,1.2161924839019775,False,42.0
2013,Brandon Doughty,Western Kentucky,2016,,,13,pass,0.9707629680633545,False,57.0
2013,Brandon Doughty,Western Kentucky,2016,,,12,pass,0.7461614608764648,False,17.0
2013,Brandon Doughty,Western Kentucky,2016,,,19,pass,2.2710838317871094,False,46.0
2013,Brandon Doughty,Western Kentucky,2016,,,0,pass,-0.5155842304229736,False,47.0
2013,Brandon Doughty,Western Kentucky,2016,,,17,pass,0.5155842304229736,False,54.0
2013,Brandon Doughty,Western Kentucky,2016,,,0,pass,-0.596664547920227,False,79.0
2013,Brandon Doughty,Western Kentucky,2016,,,7,pass,0.32633519172668457,False,89.0
2013,Brandon Doughty,Western Kentucky,2016,,,0,pass,-1.3275943994522095,False,78.0
2013,Brandon Doughty,Western Kentucky,2016,,,15,pass,2.083409547805786,False,28.0
2013,Brandon Doughty,Western Kentucky,2016,,,11,pass,1.99373197555542,False,12.0
2013,Brandon Doughty,Western Kentucky,2016,,,45,pass,2.4565718173980713,False,56.0
2013,Brandon Doughty,Western Kentucky,2016,,,16,pass,1.9963030815124512,False,72.0
2013,Brandon Doughty,Western Kentucky,2016,,,9,pass,0.8420790433883667,False,80.0
2013,Brandon Doughty,Western Kentucky,2016,,,26,pass,2.054675817489624,False,32.0
2013,Brandon Doughty,Western Kentucky,2016,,,0,pass,-0.3205699920654297,False,32.0
2013,Brandon Doughty,Western Kentucky,2016,,,0,pass,-0.7118372917175293,False,34.0
2013,Brandon Doughty,Western Kentucky,2016,,,8,pass,1.133650779724121,False,42.0
2013,Brandon Doughty,Western Kentucky,2016,,,13,pass,0.2976137399673462,False,55.0
2013,Brandon Doughty,Western Kentucky,2016,,,0,pass,-0.49068498611450195,False,39.0
2013,Brandon Doughty,Western Kentucky,2016,,,22,pass,1.0040936470031738,False,61.0
2013,Brandon Doughty,Western Kentucky,2016,,,0,pass,-1.7295987606048584,False,43.0
2013,Brandon Doughty,Western Kentucky,2016,,,0,pass,-0.5874712467193604,False,43.0
2013,Brandon Doughty,Western Kentucky,2016,,,0,pass,-0.9316866397857666,False,43.0
2013,Brandon Doughty,Western Kentucky,2016,,,17,pass,2.058145046234131,True,17.0
2013,Brandon Doughty,Western Kentucky,2016,,,9,pass,0.9549245834350586,False,26.0
2013,Brandon Doughty,Western Kentucky,2016,,,21,pass,1.0630543231964111,False,59.0
2013,Brandon Doughty,Western Kentucky,2016,,,7,pass,1.4345386028289795,False,66.0
2013,Brandon Doughty,Western Kentucky,2016,,,6,pass,0.15696609020233154,False,72.0
2013,Brandon Doughty,Western Kentucky,2016,,,33,pass,2.7125110626220703,True,33.0
2013,Brandon Doughty,Western Kentucky,2016,,,14,pass,1.7595850229263306,False,57.0
2013,Brandon Doughty,Western Kentucky,2016,,,11,pass,-1.0356483459472656,False,75.0
2013,Brandon Doughty,Western Kentucky,2016,,,3,pass,-4.13248872756958,False,78.0
2013,Brandon Doughty,Western Kentucky,2016,,,0,pass,-1.9163726568222046,False,36.0
2013,Brandon Doughty,Western Kentucky,2016,,,0,pass,-0.5885581970214844,False,41.0
2013,Brandon Doughty,Western Kentucky,2016,,,12,pass,1.9443919658660889,False,23.0
2013,Brandon Doughty,Western Kentucky,2016,,,21,pass,1.405665397644043,False,44.0
2013,Brandon Doughty,Western Kentucky,2016,,,27,pass,0.6747965216636658,False,71.0
2013,Brandon Doughty,Western Kentucky,2016,,,9,pass,1.4791042804718018,False,29.0
2013,Brandon Doughty,Western Kentucky,2016,,,9,pass,0.1705073118209839,False,38.0
2013,Brandon Doughty,Western Kentucky,2016,,,8,pass,-0.372982382774353,False,46.0
2013,Brandon Doughty,Western Kentucky,2016,,,-1,pass,-2.043412208557129,False,30.0
2013,Brandon Doughty,Western Kentucky,2016,,,11,pass,1.1057233810424805,False,41.0
2013,Brandon Doughty,Western Kentucky,2016,,,0,pass,-0.5948548316955566,False,41.0
2013,Brandon Doughty,Western Kentucky,2016,,,29,pass,1.2787983417510986,False,70.0
2013,Brandon Doughty,Western Kentucky,2016,,,42,pass,2.5845704078674316,False,47.0
2013,Brandon Doughty,Western Kentucky,2016,,,11,pass,0.5640716552734375,False,58.0
2013,Brandon Doughty,Western Kentucky,2016,,,10,pass,0.8578562140464783,False,81.0
2013,Brandon Doughty,Western Kentucky,2016,,,7,pass,-0.1032099723815918,False,17.0
2013,Brandon Doughty,Western Kentucky,2016,,,21,pass,1.0053768157958984,False,34.0
2013,Brandon Doughty,Western Kentucky,2016,,,14,pass,2.7645263671875,True,14.0
2013,Brandon Doughty,Western Kentucky,2016,,,20,pass,2.0635664463043213,False,52.0
2013,Brandon Doughty,Western Kentucky,2016,,,22,pass,-1.0356483459472656,False,75.0
2013,Brandon Doughty,Western Kentucky,2016,,,14,pass,1.3902947902679443,False,77.0
2013,Brandon Doughty,Western Kentucky,2016,,,2,pass,-0.39388036727905273,False,48.0
2013,Brandon Doughty,Western Kentucky,2016,,,15,pass,1.4386157989501953,False,46.0
2013,Brandon Doughty,Western Kentucky,2016,,,0,pass,-0.4865078926086426,False,22.0
2013,Brandon Doughty,Western Kentucky,2016,,,19,pass,1.523648977279663,False,78.0
2013,Brandon Doughty,Western Kentucky,2016,,,7,pass,0.43038392066955566,False,59.0
2013,Brandon Doughty,Western Kentucky,2016,,,24,pass,2.030708074569702,False,50.0
2013,Brandon Doughty,Western Kentucky,2016,,,-5,pass,-1.4623281955718994,False,26.0
2013,Brandon Doughty,Western Kentucky,2016,,,11,pass,1.0536386966705322,False,31.0
2013,Brandon Doughty,Western Kentucky,2016,,,0,pass,-1.6600847244262695,False,20.0
2013,Brandon Doughty,Western Kentucky,2016,,,0,pass,-0.858457624912262,False,81.0
2013,Brandon Doughty,Western Kentucky,2016,,,0,pass,-0.9617646932601929,False,81.0
2013,Brandon Doughty,Western Kentucky,2016,,,60,pass,5.554906368255615,False,81.0
2013,Brandon Doughty,Western Kentucky,2016,,,0,pass,-0.5373172760009766,False,21.0
2013,Brandon Doughty,Western Kentucky,2016,,,0,pass,-0.7277219295501709,False,21.0
2013,Brandon Doughty,Western Kentucky,2016,,,1,pass,-1.057140588760376,False,21.0
2013,Brandon Doughty,Western Kentucky,2016,,,16,pass,1.6870124340057373,False,75.0
2013,Brandon Doughty,Western Kentucky,2016,,,0,pass,-0.5576281547546387,False,26.0
2013,Brandon Doughty,Western Kentucky,2016,,,0,pass,-0.8064227104187012,False,26.0
2013,Brandon Doughty,Western Kentucky,2016,,,22,pass,3.0465478897094727,False,26.0
2013,Brandon Doughty,Western Kentucky,2016,,,0,pass,-0.607109546661377,False,78.0
2013,Brandon Doughty,Western Kentucky,2016,,,5,pass,0.06324148178100586,False,61.0
2013,Brandon Doughty,Western Kentucky,2016,,,0,pass,0.9305150508880615,False,63.0
2013,Brandon Doughty,Western Kentucky,2016,,,14,pass,0.8033060431480408,False,63.0
2013,Brandon Doughty,Western Kentucky,2016,,,0,pass,-0.30154359340667725,False,49.0
2013,Brandon Doughty,Western Kentucky,2016,,,23,pass,1.7866567373275757,False,49.0
2013,Brandon Doughty,Western Kentucky,2016,,,7,pass,0.45419907569885254,False,26.0
2013,Brandon Doughty,Western Kentucky,2016,,,0,pass,-0.618382453918457,False,19.0
2013,Brandon Doughty,Western Kentucky,2016,,,3,pass,1.016920804977417,False,19.0
2013,Brandon Doughty,Western Kentucky,2016,,,0,pass,-0.4625089168548584,False,16.0
2013,Brandon Doughty,Western Kentucky,2016,,,0,pass,-0.6077721118927002,False,16.0
2013,Brandon Doughty,Western Kentucky,2016,,,0,pass,-0.7381319999694824,False,16.0
2013,Brandon Doughty,Western Kentucky,2016,,,8,pass,0.6494202613830566,False,52.0
2013,Brandon Doughty,Western Kentucky,2016,,,13,pass,0.8078563213348389,False,44.0
2013,Brandon Doughty,Western Kentucky,2016,,,8,pass,0.5328490734100342,False,31.0
2013,Brandon Doughty,Western Kentucky,2016,,,13,pass,1.040623664855957,False,18.0
2013,Brandon Doughty,Western Kentucky,2016,,,13,pass,2.579446315765381,False,76.0
2013,Brandon Doughty,Western Kentucky,2016,,,8,pass,0.7158771753311157,False,63.0
2013,Brandon Doughty,Western Kentucky,2016,,,30,pass,2.4171504974365234,False,54.0
2013,Brandon Doughty,Western Kentucky,2016,,,16,pass,1.3391993045806885,False,24.0
2013,Brandon Doughty,Western Kentucky,2016,,,6,pass,-0.21538686752319336,False,7.0
2013,Brandon Doughty,Western Kentucky,2016,,,6,pass,-0.703986406326294,False,82.0
2013,Brandon Doughty,Western Kentucky,2016,,,28,pass,2.037837028503418,False,75.0
2013,Brandon Doughty,Western Kentucky,2016,,,0,pass,-0.6433367729187012,False,18.0
2013,Brandon Doughty,Western Kentucky,2016,,,6,pass,1.3188319206237793,False,67.0
2013,Brandon Doughty,Western Kentucky,2016,,,0,pass,-0.8736305236816406,False,67.0
2013,Brandon Doughty,Western Kentucky,2016,,,16,pass,3.8857266902923584,True,16.0
2013,Brandon Doughty,Western Kentucky,2016,,,44,pass,1.453412413597107,False,75.0
2013,Brandon Doughty,Western Kentucky,2016,,,6,pass,0.3682098388671875,False,31.0
2013,Brandon Doughty,Western Kentucky,2016,,,5,pass,0.24785614013671875,False,25.0
2013,Brandon Doughty,Western Kentucky,2016,,,41,pass,2.9719505310058594,False,43.0
2013,Brandon Doughty,Western Kentucky,2016,,,0,pass,-0.8682793378829956,False,69.0
2013,Brandon Doughty,Western Kentucky,2016,,,10,pass,1.189293622970581,False,56.0
2013,Brandon Doughty,Western Kentucky,2016,,,0,pass,-1.8145796060562134,False,44.0
2013,Brandon Doughty,Western Kentucky,2016,,,36,pass,2.5410900115966797,False,80.0
2013,Brandon Doughty,Western Kentucky,2016,,,15,pass,1.430239200592041,False,42.0
2013,Brandon Doughty,Western Kentucky,2016,,,0,pass,-0.5613365173339844,False,14.0
2013,Brandon Doughty,Western Kentucky,2016,,,3,pass,-0.5843167304992676,False,14.0
2013,Brandon Doughty,Western Kentucky,2016,,,2,pass,-1.1143715381622314,False,40.0
2013,Brandon Doughty,Western Kentucky,2016,,,5,pass,0.2198505401611328,False,38.0
2013,Brandon Doughty,Western Kentucky,2016,,,4,pass,0.8736729621887207,False,33.0
2013,Brandon Doughty,Western Kentucky,2016,,,5,pass,0.42628049850463867,False,25.0
2013,Brandon Doughty,Western Kentucky,2016,,,0,pass,-0.585789680480957,False,16.0
2013,Brandon Doughty,Western Kentucky,2016,,,8,pass,0.33594346046447754,False,15.0
2013,Brandon Doughty,Western Kentucky,2016,,,24,pass,3.4262888431549072,False,27.0
2013,Brandon Doughty,Western Kentucky,2016,,,3,pass,0.043096527457237244,False,87.0
2013,Brandon Doughty,Western Kentucky,2016,,,21,pass,1.7255635261535645,False,84.0
2013,Brandon Doughty,Western Kentucky,2016,,,12,pass,0.5982098579406738,False,54.0
2013,Brandon Doughty,Western Kentucky,2016,,,13,pass,0.9078962802886963,False,42.0
2013,Brandon Doughty,Western Kentucky,2016,,,0,pass,-0.6157553195953369,False,27.0
2013,Brandon Doughty,Western Kentucky,2016,,,0,pass,-0.7331525683403015,False,74.0
2013,Brandon Doughty,Western Kentucky,2016,,,4,pass,2.2814903259277344,True,4.0
2013,Brandon Doughty,Western Kentucky,2016,,,9,pass,0.41958069801330566,False,44.0
2013,Brandon Doughty,Western Kentucky,2016,,,11,pass,2.809521198272705,True,11.0
2013,Brandon Doughty,Western Kentucky,2016,,,14,pass,0.9900040626525879,False,48.0
2013,Brandon Doughty,Western Kentucky,2016,,,3,pass,-0.2321155071258545,False,34.0
2013,Brandon Doughty,Western Kentucky,2016,,,24,pass,4.099300861358643,False,45.0
2013,Brandon Doughty,Western Kentucky,2016,,,7,pass,1.1201162338256836,False,59.0
2013,Brandon Doughty,Western Kentucky,2016,,,12,pass,0.38480526208877563,False,64.0
2013,Brandon Doughty,Western Kentucky,2016,,,4,pass,-1.0129703283309937,False,52.0
2013,Brandon Doughty,Western Kentucky,2016,,,0,pass,-2.137626886367798,False,48.0
2013,Brandon Doughty,Western Kentucky,2016,,,0,pass,-0.6397538185119629,False,18.0
2013,Brandon Doughty,Western Kentucky,2016,,,32,pass,2.275317668914795,False,77.0
2013,Brandon Doughty,Western Kentucky,2016,,,0,pass,-2.0067989826202393,False,42.0
2013,Brandon Doughty,Western Kentucky,2016,,,0,pass,-0.986187219619751,False,98.0
2013,Brandon Doughty,Western Kentucky,2016,,,5,pass,-0.5958218574523926,False,98.0
2013,Brandon Doughty,Western Kentucky,2016,,,0,pass,0.19981828331947327,False,64.0
2013,Brandon Doughty,Western Kentucky,2016,,,0,pass,-0.839930534362793,False,65.0
2013,Brandon Doughty,Western Kentucky,2016,,,20,pass,1.648813247680664,False,27.0
2013,Brandon Doughty,Western Kentucky,2016,,,3,pass,-0.3710358142852783,False,77.0
2013,Brandon Doughty,Western Kentucky,2016,,,10,pass,0.4734833240509033,False,60.0
2013,Brandon Doughty,Western Kentucky,2016,,,2,pass,-0.5206365585327148,False,50.0
2013,Brandon Doughty,Western Kentucky,2016,,,7,pass,1.999674916267395,False,47.0
2013,Brandon Doughty,Western Kentucky,2016,,,0,pass,-0.9431383609771729,False,36.0
2013,Brandon Doughty,Western Kentucky,2016,,,4,pass,-0.4021928310394287,False,36.0
2013,Brandon Doughty,Western Kentucky,2016,,,0,pass,-3.1260533332824707,False,32.0
2013,Brandon Doughty,Western Kentucky,2016,,,8,pass,0.27810439467430115,False,75.0
2013,Brandon Doughty,Western Kentucky,2016,,,12,pass,0.3165273070335388,False,67.0
2013,Brandon Doughty,Western Kentucky,2016,,,0,pass,-0.09548330307006836,False,55.0
2013,Brandon Doughty,Western Kentucky,2016,,,0,pass,-0.1728561520576477,False,55.0
2013,Brandon Doughty,Western Kentucky,2016,,,25,pass,1.8990881443023682,False,55.0
2013,Brandon Doughty,Western Kentucky,2016,,,5,pass,-1.0846664905548096,False,35.0
2013,Brandon Doughty,Western Kentucky,2016,,,0,pass,-0.587477445602417,False,45.0
2013,Brandon Doughty,Western Kentucky,2016,,,9,pass,0.11793041229248047,False,45.0
2013,Brandon Doughty,Western Kentucky,2016,,,1,pass,-1.1798200607299805,False,36.0
2013,Brandon Doughty,Western Kentucky,2016,,,0,pass,-2.072486639022827,False,35.0
2013,Brandon Doughty,Western Kentucky,2016,,,14,pass,0.7839646339416504,False,59.0
2013,Brandon Doughty,Western Kentucky,2016,,,0,pass,-0.3679378032684326,False,14.0
2013,Brandon Doughty,Western Kentucky,2016,,,6,pass,0.642277717590332,False,13.0
2013,Brandon Doughty,Western Kentucky,2016,,,0,pass,-0.8914012908935547,False,14.0
2013,Brandon Doughty,Western Kentucky,2016,,,0,pass,-0.6385867595672607,False,38.0
2013,Brandon Doughty,Western Kentucky,2016,,,0,pass,-1.0791159868240356,False,43.0
2013,Brandon Doughty,Western Kentucky,2016,,,8,pass,2.2542831897735596,False,70.0
2013,Brandon Doughty,Western Kentucky,2016,,,11,pass,1.403355360031128,False,61.0
2013,Brandon Doughty,Western Kentucky,2016,,,0,pass,-1.0403895378112793,False,47.0
2013,Brandon Doughty,Western Kentucky,2016,,,6,pass,0.3075997829437256,False,47.0
2013,Brandon Doughty,Western Kentucky,2016,,,0,pass,-0.5074846744537354,False,38.0
2013,Brandon Doughty,Western Kentucky,2016,,,-4,pass,-2.4676501750946045,False,35.0
2013,Brandon Doughty,Western Kentucky,2016,,,5,pass,0.3974528908729553,False,75.0
2013,Brandon Doughty,Western Kentucky,2016,,,2,pass,1.7263822555541992,True,2.0
2013,Brandon Doughty,Western Kentucky,2016,,,0,pass,-0.0841011106967926,False,89.0
2013,Brandon Doughty,Western Kentucky,2016,,,0,pass,-1.701272964477539,False,2.0
2013,Brandon Doughty,Western Kentucky,2016,,,11,pass,2.7493977546691895,False,68.0
2013,Brandon Doughty,Western Kentucky,2016,,,39,pass,2.4961681365966797,False,57.0
2013,Brandon Doughty,Western Kentucky,2016,,,0,pass,-1.0460877418518066,False,6.0
2013,Brandon Doughty,Western Kentucky,2016,,,0,pass,-1.8275883197784424,False,6.0
2013,Brandon Doughty,Western Kentucky,2016,,,8,pass,0.6466233730316162,False,95.0
2013,Brandon Doughty,Western Kentucky,2016,,,0,pass,-0.6349786520004272,False,69.0
2013,Brandon Doughty,Western Kentucky,2016,,,0,pass,-0.6683856248855591,False,69.0
2013,Brandon Doughty,Western Kentucky,2016,,,0,pass,-0.8958272337913513,False,70.0
2013,Brandon Doughty,Western Kentucky,2016,,,3,pass,-1.0474830865859985,False,70.0
2013,Brandon Doughty,Western Kentucky,2016,,,0,pass,-1.3333455324172974,False,67.0
2013,Brandon Doughty,Western Kentucky,2016,,,0,pass,-1.7948914766311646,False,82.0
2013,Brandon Doughty,Western Kentucky,2016,,,0,pass,-1.2814974784851074,False,69.0
2013,Brandon Doughty,Western Kentucky,2016,,,9,pass,0.7724488377571106,False,69.0
2013,Brandon Doughty,Western Kentucky,2016,,,5,pass,0.1608119010925293,False,19.0
2013,Brandon Doughty,Western Kentucky,2016,,,9,pass,1.0778918266296387,False,14.0
2013,Brandon Doughty,Western Kentucky,2016,,,0,pass,-0.592485785484314,False,87.0
2013,Brandon Doughty,Western Kentucky,2016,,,14,pass,1.7635283470153809,False,87.0
2013,Brandon Doughty,Western Kentucky,2016,,,0,pass,-0.8411195278167725,False,73.0
2013,Brandon Doughty,Western Kentucky,2016,,,2,pass,-4.3830413818359375,False,11.0
2013,Brandon Doughty,Western Kentucky,2016,,,20,pass,0.06824731826782227,False,58.0
2013,Brandon Doughty,Western Kentucky,2016,,,0,pass,-0.47873902320861816,False,29.0
2013,Brandon Doughty,Western Kentucky,2016,,,6,pass,0.49849724769592285,False,27.0
2013,Brandon Doughty,Western Kentucky,2016,,,10,pass,0.9928770065307617,False,21.0
2013,Brandon Doughty,Western Kentucky,2016,,,21,pass,0.8061860799789429,False,79.0
2013,Brandon Doughty,Western Kentucky,2016,,,1,pass,-1.2629072666168213,False,54.0
2013,Brandon Doughty,Western Kentucky,2016,,,0,pass,-0.5190204381942749,False,75.0
2013,Brandon Doughty,Western Kentucky,2016,,,0,pass,-0.860106348991394,False,54.0
2013,Brandon Doughty,Western Kentucky,2016,,,23,pass,2.7986302375793457,True,23.0
2013,Brandon Doughty,Western Kentucky,2016,,,7,pass,0.4801173210144043,False,34.0
2013,Brandon Doughty,Western Kentucky,2016,,,4,pass,0.9696595668792725,False,27.0
2013,Brandon Doughty,Western Kentucky,2016,,,6,pass,0.10447096824645996,False,59.0
2013,Brandon Doughty,Western Kentucky,2016,,,24,pass,4.002608299255371,True,24.0
2013,Brandon Doughty,Western Kentucky,2016,,,0,pass,-0.9880466461181641,False,32.0
2013,Brandon Doughty,Western Kentucky,2016,,,31,pass,2.8438024520874023,False,35.0
2014,Brandon Doughty,Western Kentucky,2016,,,14,pass,2.7784781455993652,True,14.0
2014,Brandon Doughty,Western Kentucky,2016,,,20,pass,0.7803019285202026,False,75.0
2014,Brandon Doughty,Western Kentucky,2016,,,0,pass,-0.37846875190734863,False,55.0
2014,Brandon Doughty,Western Kentucky,2016,,,17,pass,1.1844412088394165,False,55.0
2014,Brandon Doughty,Western Kentucky,2016,,,7,pass,0.6052529811859131,False,38.0
2014,Brandon Doughty,Western Kentucky,2016,,,0,pass,-0.5897641181945801,False,31.0
2014,Brandon Doughty,Western Kentucky,2016,,,17,pass,1.877068042755127,False,31.0
2014,Brandon Doughty,Western Kentucky,2016,,,6,pass,0.006422281265258789,False,80.0
2014,Brandon Doughty,Western Kentucky,2016,,,0,pass,-0.5979031324386597,False,69.0
2014,Brandon Doughty,Western Kentucky,2016,,,6,pass,-4.848406791687012,False,69.0
2014,Brandon Doughty,Western Kentucky,2016,,,77,pass,-10.247673034667969,True,30.0
2014,Brandon Doughty,Western Kentucky,2016,,,11,pass,0.97426438331604,False,75.0
2014,Brandon Doughty,Western Kentucky,2016,,,0,pass,-0.5020960569381714,False,64.0
2014,Brandon Doughty,Western Kentucky,2016,,,0,pass,-0.749306321144104,False,64.0
2014,Brandon Doughty,Western Kentucky,2016,,,0,pass,-1.244672179222107,False,64.0
2014,Brandon Doughty,Western Kentucky,2016,,,11,pass,0.8943657875061035,False,75.0
2014,Brandon Doughty,Western Kentucky,2016,,,20,pass,1.1197896003723145,False,64.0
2014,Brandon Doughty,Western Kentucky,2016,,,0,pass,-0.5606412887573242,False,44.0
2014,Brandon Doughty,Western Kentucky,2016,,,6,pass,0.01192784309387207,False,44.0
2014,Brandon Doughty,Western Kentucky,2016,,,8,pass,1.3438031673431396,False,38.0
2014,Brandon Doughty,Western Kentucky,2016,,,0,pass,-2.8065595626831055,False,2.0
2014,Brandon Doughty,Western Kentucky,2016,,,3,pass,-0.9357266426086426,False,79.0
2014,Brandon Doughty,Western Kentucky,2016,,,11,pass,0.23645520210266113,False,78.0
2014,Brandon Doughty,Western Kentucky,2016,,,8,pass,0.3695142865180969,False,65.0
2014,Brandon Doughty,Western Kentucky,2016,,,0,pass,-0.25811856985092163,False,57.0
2014,Brandon Doughty,Western Kentucky,2016,,,0,pass,-0.5480799078941345,False,57.0
2014,Brandon Doughty,Western Kentucky,2016,,,16,pass,3.537818431854248,True,16.0
2014,Brandon Doughty,Western Kentucky,2016,,,17,pass,1.8610973358154297,False,60.0
2014,Brandon Doughty,Western Kentucky,2016,,,21,pass,1.4731898307800293,False,40.0
2014,Brandon Doughty,Western Kentucky,2016,,,0,pass,-0.7660841941833496,False,16.0
2014,Brandon Doughty,Western Kentucky,2016,,,0,pass,-0.6141302585601807,False,43.0
2014,Brandon Doughty,Western Kentucky,2016,,,19,pass,1.700742483139038,False,43.0
2014,Brandon Doughty,Western Kentucky,2016,,,0,pass,-0.7507021427154541,False,22.0
2014,Brandon Doughty,Western Kentucky,2016,,,11,pass,1.8565547466278076,False,22.0
2014,Brandon Doughty,Western Kentucky,2016,,,0,pass,-3.3788022994995117,False,1.0
2014,Brandon Doughty,Western Kentucky,2016,,,12,pass,2.4770402908325195,False,96.0
2014,Brandon Doughty,Western Kentucky,2016,,,2,pass,-0.6144673824310303,False,80.0
2014,Brandon Doughty,Western Kentucky,2016,,,13,pass,0.3930032253265381,False,40.0
2014,Brandon Doughty,Western Kentucky,2016,,,-6,pass,-1.634915828704834,False,27.0
2014,Brandon Doughty,Western Kentucky,2016,,,0,pass,-1.0111372470855713,False,24.0
2014,Brandon Doughty,Western Kentucky,2016,,,14,pass,0.932223916053772,False,70.0
2014,Brandon Doughty,Western Kentucky,2016,,,-6,pass,-1.5582598447799683,False,56.0
2014,Brandon Doughty,Western Kentucky,2016,,,12,pass,-4.5223565101623535,False,48.0
2014,Brandon Doughty,Western Kentucky,2016,,,8,pass,1.4527978897094727,False,72.0
2014,Brandon Doughty,Western Kentucky,2016,,,0,pass,-0.831903338432312,False,63.0
2014,Brandon Doughty,Western Kentucky,2016,,,0,pass,-1.4055217504501343,False,63.0
2014,Brandon Doughty,Western Kentucky,2016,,,6,pass,0.1579444408416748,False,73.0
2014,Brandon Doughty,Western Kentucky,2016,,,0,pass,-0.7806590795516968,False,44.0
2014,Brandon Doughty,Western Kentucky,2016,,,0,pass,-1.1240419149398804,False,44.0
2014,Brandon Doughty,Western Kentucky,2016,,,0,pass,-1.4559128284454346,False,44.0
2014,Brandon Doughty,Western Kentucky,2016,,,5,pass,-0.2911520004272461,False,75.0
2014,Brandon Doughty,Western Kentucky,2016,,,9,pass,1.484957218170166,False,70.0
2014,Brandon Doughty,Western Kentucky,2016,,,18,pass,1.7375717163085938,False,25.0
2014,Brandon Doughty,Western Kentucky,2016,,,5,pass,2.071732521057129,True,5.0
2014,Brandon Doughty,Western Kentucky,2016,,,3,pass,-0.8304743766784668,False,82.0
2014,Brandon Doughty,Western Kentucky,2016,,,20,pass,2.5043559074401855,False,79.0
2014,Brandon Doughty,Western Kentucky,2016,,,0,pass,-0.5219876766204834,False,59.0
2014,Brandon Doughty,Western Kentucky,2016,,,24,pass,1.317755937576294,False,59.0
2014,Brandon Doughty,Western Kentucky,2016,,,20,pass,2.7218494415283203,True,20.0
2014,Brandon Doughty,Western Kentucky,2016,,,29,pass,1.4819092750549316,False,77.0
2014,Brandon Doughty,Western Kentucky,2016,,,6,pass,0.4753267765045166,False,43.0
2014,Brandon Doughty,Western Kentucky,2016,,,9,pass,0.6387686729431152,False,37.0
2014,Brandon Doughty,Western Kentucky,2016,,,3,pass,-0.30888891220092773,False,23.0
2014,Brandon Doughty,Western Kentucky,2016,,,4,pass,-0.3268251419067383,False,81.0
2014,Brandon Doughty,Western Kentucky,2016,,,0,pass,-0.874868631362915,False,77.0
2014,Brandon Doughty,Western Kentucky,2016,,,0,pass,-1.779313087463379,False,77.0
2014,Brandon Doughty,Western Kentucky,2016,,,5,pass,0.7646980285644531,True,5.0
2014,Brandon Doughty,Western Kentucky,2016,,,11,pass,1.6998867988586426,False,66.0
2014,Brandon Doughty,Western Kentucky,2016,,,8,pass,0.29195308685302734,False,55.0
2014,Brandon Doughty,Western Kentucky,2016,,,14,pass,0.4584074020385742,False,47.0
2014,Brandon Doughty,Western Kentucky,2016,,,7,pass,0.1101984977722168,False,33.0
2014,Brandon Doughty,Western Kentucky,2016,,,10,pass,0.38781023025512695,False,26.0
2014,Brandon Doughty,Western Kentucky,2016,,,11,pass,0.8955264091491699,False,67.0
2014,Brandon Doughty,Western Kentucky,2016,,,31,pass,1.5004867315292358,False,56.0
2014,Brandon Doughty,Western Kentucky,2016,,,6,pass,0.13913941383361816,False,25.0
2014,Brandon Doughty,Western Kentucky,2016,,,10,pass,1.4383916854858398,False,19.0
2014,Brandon Doughty,Western Kentucky,2016,,,0,pass,-1.0825695991516113,False,9.0
2014,Brandon Doughty,Western Kentucky,2016,,,-3,pass,-1.123023509979248,False,9.0
2014,Brandon Doughty,Western Kentucky,2016,,,5,pass,-0.18483448028564453,False,75.0
2014,Brandon Doughty,Western Kentucky,2016,,,9,pass,3.186572313308716,True,9.0
2014,Brandon Doughty,Western Kentucky,2016,,,24,pass,1.2206549644470215,False,75.0
2014,Brandon Doughty,Western Kentucky,2016,,,4,pass,0.11582183837890625,False,46.0
2014,Brandon Doughty,Western Kentucky,2016,,,30,pass,1.2116873264312744,False,42.0
2014,Brandon Doughty,Western Kentucky,2016,,,4,pass,-0.30736565589904785,False,13.0
2014,Brandon Doughty,Western Kentucky,2016,,,34,pass,2.522796630859375,True,34.0
2014,Brandon Doughty,Western Kentucky,2016,,,13,pass,0.6021859645843506,False,80.0
2014,Brandon Doughty,Western Kentucky,2016,,,0,pass,-0.8275895118713379,False,62.0
2014,Brandon Doughty,Western Kentucky,2016,,,16,pass,1.8030450344085693,False,62.0
2014,Brandon Doughty,Western Kentucky,2016,,,16,pass,0.6619770526885986,False,53.0
2014,Brandon Doughty,Western Kentucky,2016,,,0,pass,-0.5766782760620117,False,22.0
2014,Brandon Doughty,Western Kentucky,2016,,,8,pass,-0.22408795356750488,False,32.0
2014,Brandon Doughty,Western Kentucky,2016,,,55,pass,3.4637179374694824,True,55.0
2014,Brandon Doughty,Western Kentucky,2016,,,0,pass,-0.9648118615150452,False,89.0
2014,Brandon Doughty,Western Kentucky,2016,,,11,pass,0.7058262825012207,False,77.0
2014,Brandon Doughty,Western Kentucky,2016,,,8,pass,1.8407939672470093,False,63.0
2014,Brandon Doughty,Western Kentucky,2016,,,17,pass,0.7796311378479004,False,66.0
2014,Brandon Doughty,Western Kentucky,2016,,,-5,pass,-1.35220205783844,False,50.0
2014,Brandon Doughty,Western Kentucky,2016,,,0,pass,-1.3152121305465698,False,55.0
2014,Brandon Doughty,Western Kentucky,2016,,,5,pass,-1.0600682497024536,False,83.0
2014,Brandon Doughty,Western Kentucky,2016,,,10,pass,1.0956499576568604,False,78.0
2014,Brandon Doughty,Western Kentucky,2016,,,17,pass,1.0050115585327148,False,68.0
2014,Brandon Doughty,Western Kentucky,2016,,,10,pass,0.7637526988983154,False,51.0
2014,Brandon Doughty,Western Kentucky,2016,,,2,pass,-0.5213375091552734,False,41.0
2014,Brandon Doughty,Western Kentucky,2016,,,8,pass,1.1090054512023926,False,39.0
2014,Brandon Doughty,Western Kentucky,2016,,,11,pass,0.5992655754089355,False,31.0
2014,Brandon Doughty,Western Kentucky,2016,,,25,pass,4.820380210876465,True,25.0
2014,Brandon Doughty,Western Kentucky,2016,,,6,pass,0.3808321952819824,False,25.0
2014,Brandon Doughty,Western Kentucky,2016,,,0,pass,0.057236671447753906,False,19.0
2014,Brandon Doughty,Western Kentucky,2016,,,0,pass,0.2728767395019531,False,19.0
2014,Brandon Doughty,Western Kentucky,2016,,,-10,pass,-0.6086064577102661,False,25.0
2014,Brandon Doughty,Western Kentucky,2016,,,21,pass,0.8328982591629028,False,35.0
2014,Brandon Doughty,Western Kentucky,2016,,,5,pass,0.22213029861450195,False,14.0
2014,Brandon Doughty,Western Kentucky,2016,,,4,pass,-0.04832744598388672,False,9.0
2014,Brandon Doughty,Western Kentucky,2016,,,0,pass,-0.43216729164123535,False,14.0
2014,Brandon Doughty,Western Kentucky,2016,,,0,pass,-0.572110652923584,False,14.0
2014,Brandon Doughty,Western Kentucky,2016,,,8,pass,0.213373601436615,False,76.0
2014,Brandon Doughty,Western Kentucky,2016,,,1,pass,-0.4655696749687195,False,68.0
2014,Brandon Doughty,Western Kentucky,2016,,,15,pass,1.0056642293930054,False,65.0
2014,Brandon Doughty,Western Kentucky,2016,,,9,pass,0.5182367563247681,False,50.0
2014,Brandon Doughty,Western Kentucky,2016,,,19,pass,1.9012346267700195,False,33.0
2014,Brandon Doughty,Western Kentucky,2016,,,19,pass,2.3219709396362305,True,19.0
2014,Brandon Doughty,Western Kentucky,2016,,,11,pass,1.2494237422943115,False,65.0
2014,Brandon Doughty,Western Kentucky,2016,,,11,pass,0.893235445022583,False,42.0
2014,Brandon Doughty,Western Kentucky,2016,,,8,pass,0.6304969787597656,False,31.0
2014,Brandon Doughty,Western Kentucky,2016,,,5,pass,0.17136740684509277,False,28.0
2014,Brandon Doughty,Western Kentucky,2016,,,-10,pass,-0.8373703956604004,False,54.0
2014,Brandon Doughty,Western Kentucky,2016,,,37,pass,2.739537000656128,False,64.0
2014,Brandon Doughty,Western Kentucky,2016,,,5,pass,0.3270564079284668,False,23.0
2014,Brandon Doughty,Western Kentucky,2016,,,33,pass,3.2918190956115723,False,76.0
2014,Brandon Doughty,Western Kentucky,2016,,,1,pass,-0.635124683380127,False,43.0
2014,Brandon Doughty,Western Kentucky,2016,,,20,pass,1.9503638744354248,False,42.0
2014,Brandon Doughty,Western Kentucky,2016,,,6,pass,0.13826867938041687,False,88.0
2014,Brandon Doughty,Western Kentucky,2016,,,0,pass,-0.8274345993995667,False,70.0
2014,Brandon Doughty,Western Kentucky,2016,,,0,pass,-1.0097776651382446,False,70.0
2014,Brandon Doughty,Western Kentucky,2016,,,0,pass,-1.3714659214019775,False,70.0
2014,Brandon Doughty,Western Kentucky,2016,,,0,pass,-0.027781128883361816,False,47.0
2014,Brandon Doughty,Western Kentucky,2016,,,0,pass,-0.4271773099899292,False,74.0
2014,Brandon Doughty,Western Kentucky,2016,,,0,pass,-2.694732189178467,False,74.0
2014,Brandon Doughty,Western Kentucky,2016,,,-4,pass,-1.1846556663513184,False,78.0
2014,Brandon Doughty,Western Kentucky,2016,,,67,pass,5.7334160804748535,False,82.0
2014,Brandon Doughty,Western Kentucky,2016,,,3,pass,-0.33594226837158203,False,13.0
2014,Brandon Doughty,Western Kentucky,2016,,,8,pass,2.1680994033813477,False,10.0
2014,Brandon Doughty,Western Kentucky,2016,,,14,pass,2.7385482788085938,True,14.0
2014,Brandon Doughty,Western Kentucky,2016,,,0,pass,-1.2195621728897095,False,76.0
2014,Brandon Doughty,Western Kentucky,2016,,,28,pass,2.786057472229004,False,76.0
2014,Brandon Doughty,Western Kentucky,2016,,,26,pass,2.2932162284851074,False,47.0
2014,Brandon Doughty,Western Kentucky,2016,,,47,pass,4.082266807556152,True,47.0
2014,Brandon Doughty,Western Kentucky,2016,,,0,pass,-1.374400019645691,False,61.0
2014,Brandon Doughty,Western Kentucky,2016,,,14,pass,2.5560462474823,False,61.0
2014,Brandon Doughty,Western Kentucky,2016,,,3,pass,-0.40128839015960693,False,78.0
2014,Brandon Doughty,Western Kentucky,2016,,,13,pass,1.6883565187454224,False,75.0
2014,Brandon Doughty,Western Kentucky,2016,,,0,pass,-0.8754342794418335,False,82.0
2014,Brandon Doughty,Western Kentucky,2016,,,9,pass,1.856208324432373,False,82.0
2014,Brandon Doughty,Western Kentucky,2016,,,0,pass,-0.8531005382537842,False,68.0
2014,Brandon Doughty,Western Kentucky,2016,,,29,pass,3.8395516872406006,False,73.0
2014,Brandon Doughty,Western Kentucky,2016,,,4,pass,0.01162266731262207,False,44.0
2014,Brandon Doughty,Western Kentucky,2016,,,6,pass,0.7727153301239014,False,40.0
2014,Brandon Doughty,Western Kentucky,2016,,,9,pass,0.8054885864257812,False,22.0
2014,Brandon Doughty,Western Kentucky,2016,,,5,pass,-0.5189657211303711,False,8.0
2014,Brandon Doughty,Western Kentucky,2016,,,0,pass,-2.6981234550476074,False,3.0
2014,Brandon Doughty,Western Kentucky,2016,,,6,pass,-0.08914995193481445,False,74.0
2014,Brandon Doughty,Western Kentucky,2016,,,0,pass,-0.637455940246582,False,53.0
2014,Brandon Doughty,Western Kentucky,2016,,,9,pass,0.8262767791748047,False,53.0
2014,Brandon Doughty,Western Kentucky,2016,,,7,pass,-0.6576627492904663,False,59.0
2014,Brandon Doughty,Western Kentucky,2016,,,15,pass,0.8481427431106567,False,66.0
2014,Brandon Doughty,Western Kentucky,2016,,,2,pass,-0.7073173522949219,False,46.0
2014,Brandon Doughty,Western Kentucky,2016,,,0,pass,-2.271186351776123,False,44.0
2014,Brandon Doughty,Western Kentucky,2016,,,11,pass,1.222002625465393,False,73.0
2014,Brandon Doughty,Western Kentucky,2016,,,5,pass,0.006653308868408203,False,59.0
2014,Brandon Doughty,Western Kentucky,2016,,,0,pass,-1.5149054527282715,False,54.0
2014,Brandon Doughty,Western Kentucky,2016,,,16,pass,1.692007303237915,False,91.0
2014,Brandon Doughty,Western Kentucky,2016,,,8,pass,0.6562502384185791,False,75.0
2014,Brandon Doughty,Western Kentucky,2016,,,6,pass,0.1875917911529541,False,44.0
2014,Brandon Doughty,Western Kentucky,2016,,,4,pass,-0.05549812316894531,False,31.0
2014,Brandon Doughty,Western Kentucky,2016,,,8,pass,0.7516276836395264,False,27.0
2014,Brandon Doughty,Western Kentucky,2016,,,15,pass,1.9127531051635742,False,19.0
2014,Brandon Doughty,Western Kentucky,2016,,,44,pass,2.68691086769104,False,63.0
2014,Brandon Doughty,Western Kentucky,2016,,,8,pass,0.568361759185791,False,19.0
2014,Brandon Doughty,Western Kentucky,2016,,,0,pass,-1.1776142120361328,False,16.0
2014,Brandon Doughty,Western Kentucky,2016,,,0,pass,-1.9229629039764404,False,50.0
2014,Brandon Doughty,Western Kentucky,2016,,,9,pass,0.7411408424377441,False,64.0
2014,Brandon Doughty,Western Kentucky,2016,,,31,pass,3.35172438621521,True,31.0
2014,Brandon Doughty,Western Kentucky,2016,,,13,pass,0.602370023727417,False,88.0
2014,Brandon Doughty,Western Kentucky,2016,,,9,pass,1.2865465879440308,False,75.0
2014,Brandon Doughty,Western Kentucky,2016,,,20,pass,1.0759083032608032,False,66.0
2014,Brandon Doughty,Western Kentucky,2016,,,37,pass,-3.99885630607605,False,8.0
2014,Brandon Doughty,Western Kentucky,2016,,,9,pass,0.701077938079834,False,17.0
2014,Brandon Doughty,Western Kentucky,2016,,,9,pass,1.2135798931121826,False,42.0
2014,Brandon Doughty,Western Kentucky,2016,,,0,pass,-0.342942476272583,False,33.0
2014,Brandon Doughty,Western Kentucky,2016,,,5,pass,0.29706239700317383,False,22.0
2014,Brandon Doughty,Western Kentucky,2016,,,7,pass,-0.28500235080718994,False,80.0
2014,Brandon Doughty,Western Kentucky,2016,,,4,pass,0.264080286026001,False,73.0
2014,Brandon Doughty,Western Kentucky,2016,,,7,pass,0.20243895053863525,False,69.0
2014,Brandon Doughty,Western Kentucky,2016,,,4,pass,0.2338942289352417,False,62.0
2014,Brandon Doughty,Western Kentucky,2016,,,5,pass,0.05912458896636963,False,81.0
2014,Brandon Doughty,Western Kentucky,2016,,,2,pass,-0.587960422039032,False,76.0
2014,Brandon Doughty,Western Kentucky,2016,,,0,pass,-1.5846960544586182,False,74.0
2014,Brandon Doughty,Western Kentucky,2016,,,13,pass,2.708765983581543,True,13.0
2014,Brandon Doughty,Western Kentucky,2016,,,11,pass,0.7599186897277832,False,24.0
2014,Brandon Doughty,Western Kentucky,2016,,,0,pass,-0.5492768287658691,False,13.0
2014,Brandon Doughty,Western Kentucky,2016,,,0,pass,-0.7444057464599609,False,63.0
2014,Brandon Doughty,Western Kentucky,2016,,,0,pass,-1.2612264156341553,False,63.0
2014,Brandon Doughty,Western Kentucky,2016,,,22,pass,1.8269855976104736,False,47.0
2014,Brandon Doughty,Western Kentucky,2016,,,2,pass,-0.45417261123657227,False,21.0
2014,Brandon Doughty,Western Kentucky,2016,,,0,pass,-1.5643680095672607,False,19.0
2014,Brandon Doughty,Western Kentucky,2016,,,8,pass,0.7509295344352722,False,76.0
2014,Brandon Doughty,Western Kentucky,2016,,,0,pass,-0.6230289936065674,False,65.0
2014,Brandon Doughty,Western Kentucky,2016,,,3,pass,-0.6875432729721069,False,65.0
2014,Brandon Doughty,Western Kentucky,2016,,,12,pass,2.1467530727386475,False,62.0
2014,Brandon Doughty,Western Kentucky,2016,,,0,pass,-1.048350214958191,False,76.0
2014,Brandon Doughty,Western Kentucky,2016,,,8,pass,1.934290885925293,False,76.0
2014,Brandon Doughty,Western Kentucky,2016,,,-1,pass,-1.0143024921417236,False,68.0
2014,Brandon Doughty,Western Kentucky,2016,,,22,pass,3.282907485961914,False,69.0
2014,Brandon Doughty,Western Kentucky,2016,,,0,pass,-0.6795308589935303,False,47.0
2014,Brandon Doughty,Western Kentucky,2016,,,0,pass,-0.9912344217300415,False,47.0
2014,Brandon Doughty,Western Kentucky,2016,,,3,pass,-1.7045180797576904,False,47.0
2014,Brandon Doughty,Western Kentucky,2016,,,0,pass,-0.6866743564605713,False,31.0
2014,Brandon Doughty,Western Kentucky,2016,,,2,pass,-1.2175369262695312,False,21.0
2014,Brandon Doughty,Western Kentucky,2016,,,9,pass,0.9562780857086182,False,48.0
2014,Brandon Doughty,Western Kentucky,2016,,,14,pass,-3.6114187240600586,False,35.0
2014,Brandon Doughty,Western Kentucky,2016,,,0,pass,-0.3306342363357544,False,55.0
2014,Brandon Doughty,Western Kentucky,2016,,,0,pass,-0.6849043965339661,False,60.0
2014,Brandon Doughty,Western Kentucky,2016,,,13,pass,0.30247336626052856,False,60.0
2014,Brandon Doughty,Western Kentucky,2016,,,7,pass,2.851922035217285,False,47.0
2014,Brandon Doughty,Western Kentucky,2016,,,0,pass,-1.6232584714889526,False,33.0
2014,Brandon Doughty,Western Kentucky,2016,,,0,pass,-2.6908276081085205,False,33.0
2014,Brandon Doughty,Western Kentucky,2016,,,0,pass,-0.5928865671157837,False,61.0
2014,Brandon Doughty,Western Kentucky,2016,,,0,pass,-1.6262431144714355,False,58.0
2014,Brandon Doughty,Western Kentucky,2016,,,9,pass,1.2531545162200928,False,75.0
2014,Brandon Doughty,Western Kentucky,2016,,,-2,pass,-1.0976969003677368,False,50.0
2014,Brandon Doughty,Western Kentucky,2016,,,17,pass,2.2624974250793457,False,52.0
2014,Brandon Doughty,Western Kentucky,2016,,,-1,pass,-1.1568905115127563,False,34.0
2014,Brandon Doughty,Western Kentucky,2016,,,11,pass,2.454692840576172,False,35.0
2014,Brandon Doughty,Western Kentucky,2016,,,0,pass,-1.1305063962936401,False,64.0
2014,Brandon Doughty,Western Kentucky,2016,,,0,pass,-0.6172220706939697,False,75.0
2014,Brandon Doughty,Western Kentucky,2016,,,5,pass,-0.2029474377632141,False,75.0
2014,Brandon Doughty,Western Kentucky,2016,,,5,pass,0.17097902297973633,False,26.0
2014,Brandon Doughty,Western Kentucky,2016,,,13,pass,0.8853342533111572,False,78.0
2014,Brandon Doughty,Western Kentucky,2016,,,39,pass,2.1622166633605957,False,65.0
2014,Brandon Doughty,Western Kentucky,2016,,,9,pass,0.7968534231185913,False,74.0
2014,Brandon Doughty,Western Kentucky,2016,,,21,pass,1.1057074069976807,False,64.0
2014,Brandon Doughty,Western Kentucky,2016,,,9,pass,0.597872257232666,False,33.0
2014,Brandon Doughty,Western Kentucky,2016,,,9,pass,0.809701681137085,False,38.0
2014,Brandon Doughty,Western Kentucky,2016,,,17,pass,1.2030057907104492,False,24.0
2014,Brandon Doughty,Western Kentucky,2016,,,0,pass,-0.7693302631378174,False,10.0
2014,Brandon Doughty,Western Kentucky,2016,,,0,pass,-1.041468620300293,False,10.0
2014,Brandon Doughty,Western Kentucky,2016,,,30,pass,2.2674341201782227,False,32.0
2014,Brandon Doughty,Western Kentucky,2016,,,12,pass,1.388123869895935,False,59.0
2014,Brandon Doughty,Western Kentucky,2016,,,9,pass,1.5042314529418945,False,41.0
2014,Brandon Doughty,Western Kentucky,2016,,,15,pass,2.5608367919921875,True,15.0
2014,Brandon Doughty,Western Kentucky,2016,,,6,pass,-1.2185020446777344,False,67.0
2014,Brandon Doughty,Western Kentucky,2016,,,4,pass,-0.3450738191604614,False,66.0
2014,Brandon Doughty,Western Kentucky,2016,,,4,pass,-0.1808764934539795,False,62.0
2014,Brandon Doughty,Western Kentucky,2016,,,0,pass,-1.0287538766860962,False,48.0
2014,Brandon Doughty,Western Kentucky,2016,,,32,pass,4.291885852813721,False,48.0
2014,Brandon Doughty,Western Kentucky,2016,,,-7,pass,-0.8324649930000305,False,68.0
2014,Brandon Doughty,Western Kentucky,2016,,,-3,pass,-3.1380209922790527,False,75.0
2014,Brandon Doughty,Western Kentucky,2016,,,4,pass,-0.18344581127166748,False,75.0
2014,Brandon Doughty,Western Kentucky,2016,,,0,pass,-0.8438513278961182,False,71.0
2014,Brandon Doughty,Western Kentucky,2016,,,0,pass,-1.3771765232086182,False,71.0
2014,Brandon Doughty,Western Kentucky,2016,,,28,pass,2.2446937561035156,False,71.0
2014,Brandon Doughty,Western Kentucky,2016,,,0,pass,-0.8866360187530518,False,42.0
2014,Brandon Doughty,Western Kentucky,2016,,,0,pass,-1.7547550201416016,False,42.0
2014,Brandon Doughty,Western Kentucky,2016,,,6,pass,0.5349321365356445,False,8.0
2014,Brandon Doughty,Western Kentucky,2016,,,10,pass,0.8446732759475708,False,75.0
2014,Brandon Doughty,Western Kentucky,2016,,,5,pass,0.027985334396362305,False,65.0
2014,Brandon Doughty,Western Kentucky,2016,,,7,pass,1.2332872152328491,False,57.0
2014,Brandon Doughty,Western Kentucky,2016,,,0,pass,-0.9576473236083984,False,48.0
2014,Brandon Doughty,Western Kentucky,2016,,,10,pass,2.1246955394744873,False,48.0
2014,Brandon Doughty,Western Kentucky,2016,,,0,pass,-0.9091453552246094,False,33.0
2014,Brandon Doughty,Western Kentucky,2016,,,10,pass,1.0652832984924316,False,25.0
2014,Brandon Doughty,Western Kentucky,2016,,,0,pass,-0.5704364776611328,False,15.0
2014,Brandon Doughty,Western Kentucky,2016,,,0,pass,-0.759443998336792,False,15.0
2014,Brandon Doughty,Western Kentucky,2016,,,-1,pass,-1.0742766857147217,False,15.0
2014,Brandon Doughty,Western Kentucky,2016,,,0,pass,-0.6940144300460815,False,84.0
2014,Brandon Doughty,Western Kentucky,2016,,,22,pass,4.290282726287842,True,22.0
2014,Brandon Doughty,Western Kentucky,2016,,,15,pass,1.1729952096939087,False,45.0
2014,Brandon Doughty,Western Kentucky,2016,,,16,pass,1.4986302852630615,False,68.0
2014,Brandon Doughty,Western Kentucky,2016,,,7,pass,0.3575937747955322,False,52.0
2014,Brandon Doughty,Western Kentucky,2016,,,-2,pass,-1.1978209018707275,False,45.0
2014,Brandon Doughty,Western Kentucky,2016,,,7,pass,1.6255981922149658,False,47.0
2014,Brandon Doughty,Western Kentucky,2016,,,16,pass,0.7867333889007568,False,40.0
2014,Brandon Doughty,Western Kentucky,2016,,,16,pass,1.6919021606445312,False,20.0
2014,Brandon Doughty,Western Kentucky,2016,,,-11,pass,-2.069666862487793,False,4.0
2014,Brandon Doughty,Western Kentucky,2016,,,-6,pass,-1.1530802249908447,False,15.0
2014,Brandon Doughty,Western Kentucky,2016,,,20,pass,2.063321352005005,False,21.0
2014,Brandon Doughty,Western Kentucky,2016,,,0,pass,-0.5841249227523804,False,80.0
2014,Brandon Doughty,Western Kentucky,2016,,,0,pass,-4.588761806488037,False,68.0
2014,Brandon Doughty,Western Kentucky,2016,,,0,pass,-0.8852510452270508,False,41.0
2014,Brandon Doughty,Western Kentucky,2016,,,5,pass,0.0381770133972168,False,32.0
2014,Brandon Doughty,Western Kentucky,2016,,,0,pass,-0.8157873153686523,False,27.0
2014,Brandon Doughty,Western Kentucky,2016,,,3,pass,-0.8521201610565186,False,27.0
2014,Brandon Doughty,Western Kentucky,2016,,,14,pass,0.8417649269104004,False,75.0
2014,Brandon Doughty,Western Kentucky,2016,,,16,pass,0.7939934730529785,False,61.0
2014,Brandon Doughty,Western Kentucky,2016,,,0,pass,-0.5639011859893799,False,30.0
2014,Brandon Doughty,Western Kentucky,2016,,,0,pass,-0.8416600227355957,False,30.0
2014,Brandon Doughty,Western Kentucky,2016,,,3,pass,-1.188767671585083,False,30.0
2014,Brandon Doughty,Western Kentucky,2016,,,2,pass,-1.889474868774414,False,27.0
2014,Brandon Doughty,Western Kentucky,2016,,,30,pass,2.4608826637268066,True,30.0
2014,Brandon Doughty,Western Kentucky,2016,,,50,pass,3.21089243888855,True,50.0
2014,Brandon Doughty,Western Kentucky,2016,,,3,pass,-0.468652606010437,False,75.0
2014,Brandon Doughty,Western Kentucky,2016,,,13,pass,-1.1517257690429688,False,63.0
2014,Brandon Doughty,Western Kentucky,2016,,,1,pass,-0.7653992176055908,False,14.0
2014,Brandon Doughty,Western Kentucky,2016,,,17,pass,3.0383036136627197,False,55.0
2014,Brandon Doughty,Western Kentucky,2016,,,32,pass,-4.738705635070801,False,34.0
2014,Brandon Doughty,Western Kentucky,2016,,,8,pass,0.519370436668396,False,83.0
2014,Brandon Doughty,Western Kentucky,2016,,,23,pass,1.4546918869018555,False,72.0
2014,Brandon Doughty,Western Kentucky,2016,,,-9,pass,-2.1136136054992676,False,46.0
2014,Brandon Doughty,Western Kentucky,2016,,,29,pass,2.306976795196533,False,64.0
2014,Brandon Doughty,Western Kentucky,2016,,,10,pass,1.0480401515960693,False,33.0
2014,Brandon Doughty,Western Kentucky,2016,,,19,pass,4.409723281860352,True,19.0
2014,Brandon Doughty,Western Kentucky,2016,,,21,pass,1.669074296951294,False,40.0
2014,Brandon Doughty,Western Kentucky,2016,,,0,pass,-0.31081652641296387,False,19.0
2014,Brandon Doughty,Western Kentucky,2016,,,7,pass,0.6397277116775513,False,58.0
2014,Brandon Doughty,Western Kentucky,2016,,,0,pass,-0.39649200439453125,False,51.0
2014,Brandon Doughty,Western Kentucky,2016,,,34,pass,3.3004493713378906,True,34.0
2014,Brandon Doughty,Western Kentucky,2016,,,16,pass,2.6774325370788574,True,16.0
2014,Brandon Doughty,Western Kentucky,2016,,,31,pass,1.9182356595993042,False,70.0
2014,Brandon Doughty,Western Kentucky,2016,,,45,pass,3.524477958679199,True,45.0
2014,Brandon Doughty,Western Kentucky,2016,,,6,pass,1.4933876991271973,True,6.0
2014,Brandon Doughty,Western Kentucky,2016,,,3,pass,-0.34753847122192383,False,28.0
2014,Brandon Doughty,Western Kentucky,2016,,,10,pass,1.072026252746582,False,25.0
2014,Brandon Doughty,Western Kentucky,2016,,,-3,pass,-1.1296143531799316,False,56.0
2014,Brandon Doughty,Western Kentucky,2016,,,7,pass,-0.006715893745422363,False,59.0
2014,Brandon Doughty,Western Kentucky,2016,,,0,pass,-1.7452179193496704,False,52.0
2014,Brandon Doughty,Western Kentucky,2016,,,12,pass,0.73598313331604,False,73.0
2014,Brandon Doughty,Western Kentucky,2016,,,8,pass,1.1105785369873047,False,58.0
2014,Brandon Doughty,Western Kentucky,2016,,,21,pass,1.902280330657959,False,48.0
2014,Brandon Doughty,Western Kentucky,2016,,,13,pass,0.6058855056762695,False,27.0
2014,Brandon Doughty,Western Kentucky,2016,,,0,pass,-0.4130614995956421,False,74.0
2014,Brandon Doughty,Western Kentucky,2016,,,-3,pass,-0.7796250581741333,False,84.0
2014,Brandon Doughty,Western Kentucky,2016,,,0,pass,-0.6223850250244141,False,83.0
2014,Brandon Doughty,Western Kentucky,2016,,,0,pass,-0.6803589463233948,False,63.0
2014,Brandon Doughty,Western Kentucky,2016,,,0,pass,-3.9585704803466797,False,69.0
2014,Brandon Doughty,Western Kentucky,2016,,,0,pass,-0.8587363958358765,False,73.0
2014,Brandon Doughty,Western Kentucky,2016,,,15,pass,2.5704896450042725,False,73.0
2014,Brandon Doughty,Western Kentucky,2016,,,15,pass,-4.375540733337402,False,60.0
2014,Brandon Doughty,Western Kentucky,2016,,,0,pass,-0.20413023233413696,False,44.0
2014,Brandon Doughty,Western Kentucky,2016,,,3,pass,0.18561047315597534,False,44.0
2014,Brandon Doughty,Western Kentucky,2016,,,0,pass,-0.04380148649215698,False,41.0
2014,Brandon Doughty,Western Kentucky,2016,,,0,pass,-0.40378668904304504,False,41.0
2014,Brandon Doughty,Western Kentucky,2016,,,8,pass,0.5011022090911865,False,52.0
2014,Brandon Doughty,Western Kentucky,2016,,,-1,pass,-1.0419092178344727,False,57.0
2014,Brandon Doughty,Western Kentucky,2016,,,0,pass,-0.8007587790489197,False,58.0
2014,Brandon Doughty,Western Kentucky,2016,,,23,pass,3.2611546516418457,False,58.0
2014,Brandon Doughty,Western Kentucky,2016,,,0,pass,-0.7077851295471191,False,8.0
2014,Brandon Doughty,Western Kentucky,2016,,,-8,pass,-2.253795862197876,False,6.0
2014,Brandon Doughty,Western Kentucky,2016,,,9,pass,0.7622388005256653,False,79.0
2014,Brandon Doughty,Western Kentucky,2016,,,0,pass,-0.6919108629226685,False,67.0
2014,Brandon Doughty,Western Kentucky,2016,,,0,pass,-0.7690622806549072,False,67.0
2014,Brandon Doughty,Western Kentucky,2016,,,5,pass,0.032290101051330566,False,53.0
2014,Brandon Doughty,Western Kentucky,2016,,,5,pass,-4.435262680053711,False,63.0
2014,Brandon Doughty,Western Kentucky,2016,,,46,pass,4.754405975341797,True,46.0
2014,Brandon Doughty,Western Kentucky,2016,,,2,pass,-0.5564504861831665,False,94.0
2014,Brandon Doughty,Western Kentucky,2016,,,19,pass,2.042487859725952,False,70.0
2014,Brandon Doughty,Western Kentucky,2016,,,0,pass,-0.8702738285064697,False,84.0
2014,Brandon Doughty,Western Kentucky,2016,,,-10,pass,-1.806611180305481,False,84.0
2014,Brandon Doughty,Western Kentucky,2016,,,4,pass,0.08418822288513184,False,70.0
2014,Brandon Doughty,Western Kentucky,2016,,,-8,pass,-2.412416458129883,False,66.0
2014,Brandon Doughty,Western Kentucky,2016,,,0,pass,-0.8508388996124268,False,85.0
2014,Brandon Doughty,Western Kentucky,2016,,,0,pass,-1.2193653583526611,False,85.0
2014,Brandon Doughty,Western Kentucky,2016,,,4,pass,-0.017358779907226562,False,44.0
2014,Brandon Doughty,Western Kentucky,2016,,,12,pass,-3.844571352005005,False,33.0
2014,Brandon Doughty,Western Kentucky,2016,,,0,pass,-1.23386549949646,False,39.0
2014,Brandon Doughty,Western Kentucky,2016,,,1,pass,-0.2529606819152832,False,40.0
2014,Brandon Doughty,Western Kentucky,2016,,,3,pass,-0.7463226318359375,False,80.0
2014,Brandon Doughty,Western Kentucky,2016,,,0,pass,-0.9351010322570801,False,77.0
2014,Brandon Doughty,Western Kentucky,2016,,,12,pass,2.2253732681274414,False,77.0
2014,Brandon Doughty,Western Kentucky,2016,,,10,pass,2.051605701446533,True,10.0
2014,Brandon Doughty,Western Kentucky,2016,,,15,pass,1.7638804912567139,False,53.0
2014,Brandon Doughty,Western Kentucky,2016,,,28,pass,1.5751755237579346,False,38.0
2014,Brandon Doughty,Western Kentucky,2016,,,7,pass,2.0495381355285645,True,7.0
2014,Brandon Doughty,Western Kentucky,2016,,,14,pass,1.1846526861190796,False,75.0
2014,Brandon Doughty,Western Kentucky,2016,,,39,pass,3.1724395751953125,False,61.0
2014,Brandon Doughty,Western Kentucky,2016,,,9,pass,1.3815808296203613,False,16.0
2014,Brandon Doughty,Western Kentucky,2016,,,0,pass,-0.6257891654968262,False,7.0
2014,Brandon Doughty,Western Kentucky,2016,,,0,pass,-1.034303069114685,False,66.0
2014,Brandon Doughty,Western Kentucky,2016,,,0,pass,-0.5234697461128235,False,79.0
2014,Brandon Doughty,Western Kentucky,2016,,,11,pass,0.8024205565452576,False,79.0
2014,Brandon Doughty,Western Kentucky,2016,,,29,pass,3.132359504699707,False,68.0
2014,Brandon Doughty,Western Kentucky,2016,,,14,pass,0.7912073135375977,False,39.0
2014,Brandon Doughty,Western Kentucky,2016,,,4,pass,-0.5071372985839844,False,25.0
2014,Brandon Doughty,Western Kentucky,2016,,,4,pass,-0.019714832305908203,False,24.0
2014,Brandon Doughty,Western Kentucky,2016,,,16,pass,2.3075876235961914,False,20.0
2014,Brandon Doughty,Western Kentucky,2016,,,7,pass,0.19424200057983398,False,97.0
2014,Brandon Doughty,Western Kentucky,2016,,,0,pass,-0.9342443943023682,False,73.0
2014,Brandon Doughty,Western Kentucky,2016,,,-8,pass,-1.7702362537384033,False,83.0
2014,Brandon Doughty,Western Kentucky,2016,,,0,pass,-0.8421955108642578,False,91.0
2014,Brandon Doughty,Western Kentucky,2016,,,5,pass,-0.38972949981689453,False,91.0
2014,Brandon Doughty,Western Kentucky,2016,,,50,pass,4.340825080871582,True,50.0
2014,Brandon Doughty,Western Kentucky,2016,,,6,pass,1.7912673950195312,False,70.0
2014,Brandon Doughty,Western Kentucky,2016,,,-7,pass,-2.223527431488037,False,64.0
2014,Brandon Doughty,Western Kentucky,2016,,,21,pass,3.726067066192627,False,71.0
2014,Brandon Doughty,Western Kentucky,2016,,,21,pass,1.6007115840911865,False,75.0
2014,Brandon Doughty,Western Kentucky,2016,,,1,pass,-0.8847897052764893,False,52.0
2014,Brandon Doughty,Western Kentucky,2016,,,0,pass,-1.9097518920898438,False,51.0
2014,Brandon Doughty,Western Kentucky,2016,,,9,pass,1.3502869606018066,True,9.0
2014,Brandon Doughty,Western Kentucky,2016,,,6,pass,2.565199851989746,True,6.0
2014,Brandon Doughty,Western Kentucky,2016,,,0,pass,-1.496985673904419,False,69.0
2014,Brandon Doughty,Western Kentucky,2016,,,9,pass,0.4877479076385498,False,69.0
2014,Brandon Doughty,Western Kentucky,2016,,,5,pass,0.1166834831237793,False,10.0
2014,Brandon Doughty,Western Kentucky,2016,,,0,pass,-0.8227531909942627,False,78.0
2014,Brandon Doughty,Western Kentucky,2016,,,14,pass,2.151524305343628,False,76.0
2014,Brandon Doughty,Western Kentucky,2016,,,-9,pass,-1.6434218883514404,False,59.0
2014,Brandon Doughty,Western Kentucky,2016,,,0,pass,-1.2826753854751587,False,68.0
2014,Brandon Doughty,Western Kentucky,2016,,,45,pass,6.598215579986572,True,45.0
2014,Brandon Doughty,Western Kentucky,2016,,,3,pass,0.11028379201889038,False,48.0
2014,Brandon Doughty,Western Kentucky,2016,,,0,pass,-0.330866277217865,False,80.0
2014,Brandon Doughty,Western Kentucky,2016,,,0,pass,-0.3255263566970825,False,56.0
2014,Brandon Doughty,Western Kentucky,2016,,,18,pass,0.7760549187660217,False,66.0
2014,Brandon Doughty,Western Kentucky,2016,,,0,pass,-0.8958948254585266,False,79.0
2014,Brandon Doughty,Western Kentucky,2016,,,0,pass,-1.2671784162521362,False,79.0
2014,Brandon Doughty,Western Kentucky,2016,,,15,pass,0.8042075634002686,False,41.0
2014,Brandon Doughty,Western Kentucky,2016,,,7,pass,0.20006752014160156,False,26.0
2014,Brandon Doughty,Western Kentucky,2016,,,0,pass,-0.9019980430603027,False,19.0
2014,Brandon Doughty,Western Kentucky,2016,,,27,pass,0.9411194324493408,False,68.0
2014,Brandon Doughty,Western Kentucky,2016,,,8,pass,0.8472883701324463,False,41.0
2014,Brandon Doughty,Western Kentucky,2016,,,9,pass,1.0564515590667725,False,31.0
2014,Brandon Doughty,Western Kentucky,2016,,,1,pass,-0.15981292724609375,False,22.0
2014,Brandon Doughty,Western Kentucky,2016,,,2,pass,-0.9886981844902039,False,74.0
2014,Brandon Doughty,Western Kentucky,2016,,,0,pass,-1.5092270374298096,False,72.0
2014,Brandon Doughty,Western Kentucky,2016,,,1,pass,-0.4913311004638672,False,75.0
2014,Brandon Doughty,Western Kentucky,2016,,,-1,pass,-0.7549552321434021,False,74.0
2014,Brandon Doughty,Western Kentucky,2016,,,0,pass,-0.5503902435302734,False,30.0
2014,Brandon Doughty,Western Kentucky,2016,,,0,pass,-0.8210198879241943,False,30.0
2014,Brandon Doughty,Western Kentucky,2016,,,10,pass,1.8123552799224854,False,30.0
2014,Brandon Doughty,Western Kentucky,2016,,,-4,pass,-1.278390884399414,False,20.0
2014,Brandon Doughty,Western Kentucky,2016,,,6,pass,0.02301812171936035,False,24.0
2014,Brandon Doughty,Western Kentucky,2016,,,1,pass,-1.116607904434204,False,18.0
2014,Brandon Doughty,Western Kentucky,2016,,,1,pass,-0.5616261959075928,False,50.0
2014,Brandon Doughty,Western Kentucky,2016,,,19,pass,1.8386001586914062,False,49.0
2014,Brandon Doughty,Western Kentucky,2016,,,5,pass,-1.1498019695281982,False,47.0
2014,Brandon Doughty,Western Kentucky,2016,,,16,pass,1.8905715942382812,True,16.0
2014,Brandon Doughty,Western Kentucky,2016,,,31,pass,3.6578118801116943,False,81.0
2014,Brandon Doughty,Western Kentucky,2016,,,23,pass,0.8285675048828125,False,39.0
2014,Brandon Doughty,Western Kentucky,2016,,,0,pass,-0.5466456413269043,False,16.0
2014,Brandon Doughty,Western Kentucky,2016,,,0,pass,-1.670703411102295,False,83.0
2014,Brandon Doughty,Western Kentucky,2016,,,13,pass,3.2256147861480713,True,13.0
2014,Brandon Doughty,Western Kentucky,2016,,,67,pass,4.757268905639648,True,67.0
2014,Brandon Doughty,Western Kentucky,2016,,,37,pass,3.274813175201416,False,78.0
2014,Brandon Doughty,Western Kentucky,2016,,,0,pass,-0.9228274822235107,False,39.0
2014,Brandon Doughty,Western Kentucky,2016,,,0,pass,-1.696339726448059,False,39.0
2014,Brandon Doughty,Western Kentucky,2016,,,4,pass,1.2507573366165161,False,86.0
2014,Brandon Doughty,Western Kentucky,2016,,,0,pass,-0.6429357528686523,False,82.0
2014,Brandon Doughty,Western Kentucky,2016,,,4,pass,-0.6763259768486023,False,82.0
2014,Brandon Doughty,Western Kentucky,2016,,,0,pass,-1.465134620666504,False,94.0
2014,Brandon Doughty,Western Kentucky,2016,,,2,pass,-0.4071187973022461,False,98.0
2014,Brandon Doughty,Western Kentucky,2016,,,47,pass,3.0379228591918945,True,47.0
2014,Brandon Doughty,Western Kentucky,2016,,,8,pass,0.2949228286743164,False,61.0
2014,Brandon Doughty,Western Kentucky,2016,,,6,pass,0.26439428329467773,False,53.0
2014,Brandon Doughty,Western Kentucky,2016,,,8,pass,0.5319349765777588,False,61.0
2014,Brandon Doughty,Western Kentucky,2016,,,0,pass,-0.8745839595794678,False,53.0
2014,Brandon Doughty,Western Kentucky,2016,,,1,pass,-1.191003441810608,False,53.0
2014,Brandon Doughty,Western Kentucky,2016,,,54,pass,4.1364054679870605,True,54.0
2014,Brandon Doughty,Western Kentucky,2016,,,14,pass,2.7161529064178467,False,71.0
2014,Brandon Doughty,Western Kentucky,2016,,,3,pass,-2.211179733276367,False,57.0
2014,Brandon Doughty,Western Kentucky,2016,,,0,pass,0.10201644897460938,False,25.0
2014,Brandon Doughty,Western Kentucky,2016,,,25,pass,6.561367988586426,True,25.0
2014,Brandon Doughty,Western Kentucky,2016,,,12,pass,-2.4484472274780273,False,56.0
2014,Brandon Doughty,Western Kentucky,2016,,,7,pass,0.09980106353759766,False,66.0
2014,Brandon Doughty,Western Kentucky,2016,,,0,pass,-1.3657652139663696,False,59.0
2014,Brandon Doughty,Western Kentucky,2016,,,12,pass,0.7730834484100342,False,75.0
2014,Brandon Doughty,Western Kentucky,2016,,,35,pass,2.946732997894287,True,35.0
2014,Brandon Doughty,Western Kentucky,2016,,,0,pass,-0.8276785612106323,False,65.0
2014,Brandon Doughty,Western Kentucky,2016,,,14,pass,2.0039076805114746,False,65.0
2014,Brandon Doughty,Western Kentucky,2016,,,0,pass,-0.9943146705627441,False,4.0
2014,Brandon Doughty,Western Kentucky,2016,,,0,pass,-1.6278488636016846,False,4.0
2014,Brandon Doughty,Western Kentucky,2016,,,42,pass,2.6990020275115967,False,58.0
2014,Brandon Doughty,Western Kentucky,2016,,,7,pass,1.115753173828125,False,12.0
2014,Brandon Doughty,Western Kentucky,2016,,,11,pass,1.0839624404907227,False,69.0
2014,Brandon Doughty,Western Kentucky,2016,,,-10,pass,-1.8256423473358154,False,8.0
2014,Brandon Doughty,Western Kentucky,2016,,,31,pass,1.6889796257019043,False,75.0
2014,Brandon Doughty,Western Kentucky,2016,,,2,pass,-0.5593695640563965,False,44.0
2014,Brandon Doughty,Western Kentucky,2016,,,9,pass,1.1943130493164062,False,42.0
2014,Brandon Doughty,Western Kentucky,2016,,,6,pass,0.15181303024291992,False,33.0
2014,Brandon Doughty,Western Kentucky,2016,,,0,pass,-0.5878057479858398,False,23.0
2014,Brandon Doughty,Western Kentucky,2016,,,0,pass,-0.7826941013336182,False,23.0
2014,Brandon Doughty,Western Kentucky,2016,,,5,pass,-0.9688596725463867,False,23.0
2014,Brandon Doughty,Western Kentucky,2016,,,7,pass,1.7591357231140137,True,7.0
2014,Brandon Doughty,Western Kentucky,2016,,,25,pass,2.1641054153442383,False,32.0
2014,Brandon Doughty,Western Kentucky,2016,,,1,pass,-0.7806098461151123,False,64.0
2014,Brandon Doughty,Western Kentucky,2016,,,0,pass,-1.152904748916626,False,68.0
2014,Brandon Doughty,Western Kentucky,2016,,,0,pass,-0.5988516807556152,False,76.0
2014,Brandon Doughty,Western Kentucky,2016,,,0,pass,-3.371346950531006,False,76.0
2014,Brandon Doughty,Western Kentucky,2016,,,9,pass,2.0951552391052246,True,9.0
2014,Brandon Doughty,Western Kentucky,2016,,,7,pass,-0.4753859043121338,False,63.0
2014,Brandon Doughty,Western Kentucky,2016,,,1,pass,-0.7247121334075928,False,56.0
2014,Brandon Doughty,Western Kentucky,2016,,,10,pass,1.2087571620941162,False,55.0
2014,Brandon Doughty,Western Kentucky,2016,,,0,pass,-0.6257705688476562,False,9.0
2014,Brandon Doughty,Western Kentucky,2016,,,10,pass,0.3905220031738281,False,31.0
2014,Brandon Doughty,Western Kentucky,2016,,,0,pass,-0.5715632438659668,False,10.0
2014,Brandon Doughty,Western Kentucky,2016,,,15,pass,0.9501302242279053,False,85.0
2014,Brandon Doughty,Western Kentucky,2016,,,24,pass,1.1797995567321777,False,70.0
2014,Brandon Doughty,Western Kentucky,2016,,,0,pass,-0.9011480808258057,False,46.0
2014,Brandon Doughty,Western Kentucky,2016,,,-5,pass,-2.2999305725097656,False,46.0
2014,Brandon Doughty,Western Kentucky,2016,,,20,pass,2.9157299995422363,True,20.0
2014,Brandon Doughty,Western Kentucky,2016,,,7,pass,0.42251062393188477,False,37.0
2014,Brandon Doughty,Western Kentucky,2016,,,5,pass,0.1890254020690918,False,30.0
2014,Brandon Doughty,Western Kentucky,2016,,,0,pass,-0.568936824798584,False,25.0
2014,Brandon Doughty,Western Kentucky,2016,,,5,pass,-0.1386880874633789,False,25.0
2014,Brandon Doughty,Western Kentucky,2016,,,75,pass,4.8755693435668945,True,75.0
2014,Brandon Doughty,Western Kentucky,2016,,,17,pass,1.7068710327148438,True,17.0
2014,Brandon Doughty,Western Kentucky,2016,,,11,pass,1.5585007667541504,True,11.0
2014,Brandon Doughty,Western Kentucky,2016,,,11,pass,0.6834648847579956,False,62.0
2014,Brandon Doughty,Western Kentucky,2016,,,16,pass,0.9973354339599609,False,51.0
2014,Brandon Doughty,Western Kentucky,2016,,,9,pass,0.8069720268249512,False,35.0
2014,Brandon Doughty,Western Kentucky,2016,,,0,pass,-0.6584479808807373,False,26.0
2014,Brandon Doughty,Western Kentucky,2016,,,0,pass,-0.8268719911575317,False,66.0
2014,Brandon Doughty,Western Kentucky,2016,,,56,pass,-3.230010509490967,False,65.0
2014,Brandon Doughty,Western Kentucky,2016,,,0,pass,-1.6192870140075684,False,67.0
2014,Brandon Doughty,Western Kentucky,2016,,,4,pass,-0.38786983489990234,False,71.0
2014,Brandon Doughty,Western Kentucky,2016,,,0,pass,-0.9464578628540039,False,5.0
2014,Brandon Doughty,Western Kentucky,2016,,,6,pass,1.0284953117370605,False,12.0
2014,Brandon Doughty,Western Kentucky,2016,,,18,pass,1.2843570709228516,False,37.0
2014,Brandon Doughty,Western Kentucky,2016,,,9,pass,0.5383262634277344,False,19.0
2014,Brandon Doughty,Western Kentucky,2016,,,4,pass,-0.3796696662902832,False,41.0
2014,Brandon Doughty,Western Kentucky,2016,,,1,pass,-1.0791075229644775,False,72.0
2014,Brandon Doughty,Western Kentucky,2016,,,11,pass,0.4687342643737793,False,29.0
2014,Brandon Doughty,Western Kentucky,2016,,,12,pass,1.1508500576019287,False,41.0
2014,Brandon Doughty,Western Kentucky,2016,,,0,pass,-0.8848309516906738,False,4.0
2014,Brandon Doughty,Western Kentucky,2016,,,3,pass,0.08913850784301758,False,7.0
2014,Brandon Doughty,Western Kentucky,2016,,,35,pass,3.502264976501465,False,42.0
2014,Brandon Doughty,Western Kentucky,2016,,,20,pass,0.5338048934936523,False,62.0
2014,Brandon Doughty,Western Kentucky,2016,,,55,pass,5.254387378692627,True,55.0
2014,Brandon Doughty,Western Kentucky,2016,,,16,pass,1.9779963493347168,True,16.0
2014,Brandon Doughty,Western Kentucky,2016,,,11,pass,1.9065897464752197,False,29.0
2014,Brandon Doughty,Western Kentucky,2016,,,0,pass,-0.5538225173950195,False,29.0
2014,Brandon Doughty,Western Kentucky,2016,,,0,pass,-0.8166549205780029,False,29.0
2014,Brandon Doughty,Western Kentucky,2016,,,23,pass,1.5325493812561035,False,52.0
2014,Brandon Doughty,Western Kentucky,2016,,,3,pass,-0.4025003910064697,False,55.0
2014,Brandon Doughty,Western Kentucky,2016,,,27,pass,3.1349756717681885,False,82.0
2014,Brandon Doughty,Western Kentucky,2016,,,19,pass,2.9446587562561035,True,19.0
2014,Brandon Doughty,Western Kentucky,2016,,,5,pass,-0.004937648773193359,False,14.0
2014,Brandon Doughty,Western Kentucky,2016,,,11,pass,1.7234959602355957,False,25.0
2014,Brandon Doughty,Western Kentucky,2016,,,28,pass,1.971970558166504,False,57.0
2014,Brandon Doughty,Western Kentucky,2016,,,0,pass,-0.5341033935546875,False,57.0
2014,Brandon Doughty,Western Kentucky,2016,,,26,pass,0.5341033935546875,False,83.0
2014,Brandon Doughty,Western Kentucky,2016,,,12,pass,1.6596260070800781,True,12.0
2014,Brandon Doughty,Western Kentucky,2016,,,8,pass,0.7472760677337646,False,37.0
2014,Brandon Doughty,Western Kentucky,2016,,,0,pass,-0.8612982034683228,False,66.0
2014,Brandon Doughty,Western Kentucky,2016,,,14,pass,1.6931443214416504,True,14.0
2014,Brandon Doughty,Western Kentucky,2016,,,9,pass,0.6941862106323242,False,23.0
2014,Brandon Doughty,Western Kentucky,2016,,,18,pass,2.0328521728515625,False,43.0
2014,Brandon Doughty,Western Kentucky,2016,,,0,pass,-0.6564157009124756,False,50.0
2014,Brandon Doughty,Western Kentucky,2016,,,9,pass,1.785933256149292,False,59.0
2014,Brandon Doughty,Western Kentucky,2016,,,11,pass,1.6225098371505737,False,75.0
2014,Brandon Doughty,Western Kentucky,2016,,,0,pass,-0.6447837352752686,False,75.0
2015,Brandon Doughty,Western Kentucky,2016,,,12,pass,0.4825602173805237,False,85.0
2015,Brandon Doughty,Western Kentucky,2016,,,0,pass,-0.7050508856773376,False,55.0
2015,Brandon Doughty,Western Kentucky,2016,,,-7,pass,-1.5167945623397827,False,55.0
2015,Brandon Doughty,Western Kentucky,2016,,,9,pass,1.8041729927062988,True,9.0
2015,Brandon Doughty,Western Kentucky,2016,,,8,pass,0.06691229343414307,False,70.0
2015,Brandon Doughty,Western Kentucky,2016,,,7,pass,0.4345712661743164,False,56.0
2015,Brandon Doughty,Western Kentucky,2016,,,6,pass,0.3288562297821045,False,49.0
2015,Brandon Doughty,Western Kentucky,2016,,,21,pass,1.7866661548614502,False,30.0
2015,Brandon Doughty,Western Kentucky,2016,,,65,pass,3.8707668781280518,False,69.0
2015,Brandon Doughty,Western Kentucky,2016,,,0,pass,-1.6818432807922363,False,74.0
2015,Brandon Doughty,Western Kentucky,2016,,,2,pass,-0.0726502537727356,False,82.0
2015,Brandon Doughty,Western Kentucky,2016,,,0,pass,-0.6289563179016113,False,80.0
2015,Brandon Doughty,Western Kentucky,2016,,,-2,pass,-1.3784093856811523,False,80.0
2015,Brandon Doughty,Western Kentucky,2016,,,3,pass,-0.394092321395874,False,82.0
2015,Brandon Doughty,Western Kentucky,2016,,,11,pass,1.033405065536499,False,84.0
2015,Brandon Doughty,Western Kentucky,2016,,,3,pass,-0.47158223390579224,False,66.0
2015,Brandon Doughty,Western Kentucky,2016,,,6,pass,0.5159174799919128,False,63.0
2015,Brandon Doughty,Western Kentucky,2016,,,17,pass,0.7711589336395264,False,61.0
2015,Brandon Doughty,Western Kentucky,2016,,,6,pass,-0.35779401659965515,False,49.0
2015,Brandon Doughty,Western Kentucky,2016,,,0,pass,-1.2744226455688477,False,80.0
2015,Brandon Doughty,Western Kentucky,2016,,,0,pass,-0.6600444912910461,False,80.0
2015,Brandon Doughty,Western Kentucky,2016,,,6,pass,-0.06718181818723679,False,80.0
2015,Brandon Doughty,Western Kentucky,2016,,,11,pass,1.9974793195724487,False,74.0
2015,Brandon Doughty,Western Kentucky,2016,,,-6,pass,-2.017106056213379,False,62.0
2015,Brandon Doughty,Western Kentucky,2016,,,12,pass,0.09532707929611206,False,68.0
2015,Brandon Doughty,Western Kentucky,2016,,,6,pass,0.31948214769363403,False,98.0
2015,Brandon Doughty,Western Kentucky,2016,,,0,pass,-1.5761189460754395,False,91.0
2015,Brandon Doughty,Western Kentucky,2016,,,0,pass,-2.834232807159424,False,26.0
2015,Brandon Doughty,Western Kentucky,2016,,,0,pass,-0.6174569129943848,False,26.0
2015,Brandon Doughty,Western Kentucky,2016,,,15,pass,1.1289472579956055,False,41.0
2015,Brandon Doughty,Western Kentucky,2016,,,5,pass,0.45232105255126953,False,46.0
2015,Brandon Doughty,Western Kentucky,2016,,,6,pass,1.4331128597259521,False,52.0
2015,Brandon Doughty,Western Kentucky,2016,,,13,pass,0.9806035161018372,False,65.0
2015,Brandon Doughty,Western Kentucky,2016,,,12,pass,2.078604221343994,False,69.0
2015,Brandon Doughty,Western Kentucky,2016,,,0,pass,-0.6188976168632507,False,69.0
2015,Brandon Doughty,Western Kentucky,2016,,,6,pass,0.11859959363937378,False,75.0
2015,Brandon Doughty,Western Kentucky,2016,,,0,pass,-2.17991042137146,False,50.0
2015,Brandon Doughty,Western Kentucky,2016,,,2,pass,-1.3010072708129883,False,52.0
2015,Brandon Doughty,Western Kentucky,2016,,,16,pass,1.0250822305679321,False,68.0
2015,Brandon Doughty,Western Kentucky,2016,,,-14,pass,-1.0250823497772217,False,54.0
2015,Brandon Doughty,Western Kentucky,2016,,,9,pass,1.956197738647461,True,9.0
2015,Brandon Doughty,Western Kentucky,2016,,,15,pass,1.7940819263458252,False,24.0
2015,Brandon Doughty,Western Kentucky,2016,,,4,pass,2.499119997024536,False,28.0
2015,Brandon Doughty,Western Kentucky,2016,,,-1,pass,-1.8370764255523682,False,27.0
2015,Brandon Doughty,Western Kentucky,2016,,,6,pass,0.4732799530029297,False,36.0
2015,Brandon Doughty,Western Kentucky,2016,,,7,pass,-3.997730255126953,False,43.0
2015,Brandon Doughty,Western Kentucky,2016,,,0,pass,-1.0636167526245117,False,43.0
2015,Brandon Doughty,Western Kentucky,2016,,,16,pass,1.319575309753418,False,59.0
2015,Brandon Doughty,Western Kentucky,2016,,,14,pass,1.7814505100250244,False,73.0
2015,Brandon Doughty,Western Kentucky,2016,,,7,pass,0.3467242121696472,False,82.0
2015,Brandon Doughty,Western Kentucky,2016,,,39,pass,3.5473060607910156,True,39.0
2015,Brandon Doughty,Western Kentucky,2016,,,6,pass,-0.3989577293395996,False,45.0
2015,Brandon Doughty,Western Kentucky,2016,,,9,pass,1.0003492832183838,False,54.0
2015,Brandon Doughty,Western Kentucky,2016,,,7,pass,0.39165163040161133,False,66.0
2015,Brandon Doughty,Western Kentucky,2016,,,0,pass,-0.19556263089179993,False,75.0
2015,Brandon Doughty,Western Kentucky,2016,,,6,pass,-0.8579367399215698,False,54.0
2015,Brandon Doughty,Western Kentucky,2016,,,18,pass,0.9126065969467163,False,71.0
2015,Brandon Doughty,Western Kentucky,2016,,,10,pass,1.3903987407684326,False,81.0
2015,Brandon Doughty,Western Kentucky,2016,,,0,pass,-0.7487749457359314,False,81.0
2015,Brandon Doughty,Western Kentucky,2016,,,9,pass,2.1631016731262207,False,90.0
2015,Brandon Doughty,Western Kentucky,2016,,,3,pass,-0.5285323858261108,False,94.0
2015,Brandon Doughty,Western Kentucky,2016,,,7,pass,2.097512722015381,True,7.0
2015,Brandon Doughty,Western Kentucky,2016,,,0,pass,-0.6499679088592529,False,38.0
2015,Brandon Doughty,Western Kentucky,2016,,,12,pass,2.353548049926758,False,50.0
2015,Brandon Doughty,Western Kentucky,2016,,,0,pass,-0.8870090246200562,False,50.0
2015,Brandon Doughty,Western Kentucky,2016,,,0,pass,-0.5492790937423706,False,50.0
2015,Brandon Doughty,Western Kentucky,2016,,,9,pass,0.9442260265350342,False,62.0
2015,Brandon Doughty,Western Kentucky,2016,,,0,pass,-1.6378238201141357,False,54.0
2015,Brandon Doughty,Western Kentucky,2016,,,0,pass,-0.8670507669448853,False,54.0
2015,Brandon Doughty,Western Kentucky,2016,,,0,pass,-0.5647323131561279,False,54.0
2015,Brandon Doughty,Western Kentucky,2016,,,11,pass,0.6843619346618652,False,65.0
2015,Brandon Doughty,Western Kentucky,2016,,,14,pass,-2.0390052795410156,False,30.0
2015,Brandon Doughty,Western Kentucky,2016,,,-8,pass,-2.765406608581543,False,22.0
2015,Brandon Doughty,Western Kentucky,2016,,,0,pass,-0.7211282253265381,False,22.0
2015,Brandon Doughty,Western Kentucky,2016,,,0,pass,-0.5762696266174316,False,22.0
2015,Brandon Doughty,Western Kentucky,2016,,,10,pass,1.4944794178009033,False,32.0
2015,Brandon Doughty,Western Kentucky,2016,,,9,pass,1.1331408023834229,False,50.0
2015,Brandon Doughty,Western Kentucky,2016,,,17,pass,1.1021720170974731,False,67.0
2015,Brandon Doughty,Western Kentucky,2016,,,-10,pass,-1.891588807106018,False,59.0
2015,Brandon Doughty,Western Kentucky,2016,,,-4,pass,-1.315882921218872,False,55.0
2015,Brandon Doughty,Western Kentucky,2016,,,0,pass,-1.8560757637023926,False,73.0
2015,Brandon Doughty,Western Kentucky,2016,,,0,pass,-1.1201008558273315,False,73.0
2015,Brandon Doughty,Western Kentucky,2016,,,5,pass,0.12301158905029297,False,78.0
2015,Brandon Doughty,Western Kentucky,2016,,,3,pass,1.3789310455322266,True,3.0
2015,Brandon Doughty,Western Kentucky,2016,,,10,pass,0.04243117570877075,False,86.0
2015,Brandon Doughty,Western Kentucky,2016,,,6,pass,0.2820661664009094,False,76.0
2015,Brandon Doughty,Western Kentucky,2016,,,0,pass,-0.7720476388931274,False,70.0
2015,Brandon Doughty,Western Kentucky,2016,,,23,pass,2.7456138134002686,False,70.0
2015,Brandon Doughty,Western Kentucky,2016,,,8,pass,0.5504088401794434,False,47.0
2015,Brandon Doughty,Western Kentucky,2016,,,0,pass,-0.7122914791107178,False,39.0
2015,Brandon Doughty,Western Kentucky,2016,,,7,pass,0.9690239429473877,False,39.0
2015,Brandon Doughty,Western Kentucky,2016,,,11,pass,0.9164810180664062,False,27.0
2015,Brandon Doughty,Western Kentucky,2016,,,2,pass,-0.5343084335327148,False,16.0
2015,Brandon Doughty,Western Kentucky,2016,,,5,pass,0.04577779769897461,False,14.0
2015,Brandon Doughty,Western Kentucky,2016,,,6,pass,1.734959602355957,False,9.0
2015,Brandon Doughty,Western Kentucky,2016,,,0,pass,-1.5213871002197266,False,69.0
2015,Brandon Doughty,Western Kentucky,2016,,,8,pass,0.44174814224243164,False,50.0
2015,Brandon Doughty,Western Kentucky,2016,,,13,pass,1.5983017683029175,False,42.0
2015,Brandon Doughty,Western Kentucky,2016,,,9,pass,0.6464424133300781,False,36.0
2015,Brandon Doughty,Western Kentucky,2016,,,7,pass,0.6480262279510498,False,27.0
2015,Brandon Doughty,Western Kentucky,2016,,,0,pass,-5.409420490264893,False,75.0
2015,Brandon Doughty,Western Kentucky,2016,,,13,pass,1.3582839965820312,False,60.0
2015,Brandon Doughty,Western Kentucky,2016,,,16,pass,1.4920434951782227,False,46.0
2015,Brandon Doughty,Western Kentucky,2016,,,0,pass,-3.008779287338257,False,28.0
2015,Brandon Doughty,Western Kentucky,2016,,,78,pass,6.777979373931885,True,78.0
2015,Brandon Doughty,Western Kentucky,2016,,,15,pass,2.400331974029541,True,15.0
2015,Brandon Doughty,Western Kentucky,2016,,,60,pass,3.4978556632995605,False,75.0
2015,Brandon Doughty,Western Kentucky,2016,,,9,pass,0.2164705991744995,False,78.0
2015,Brandon Doughty,Western Kentucky,2016,,,16,pass,0.5335650444030762,False,69.0
2015,Brandon Doughty,Western Kentucky,2016,,,15,pass,0.7432353496551514,False,53.0
2015,Brandon Doughty,Western Kentucky,2016,,,28,pass,1.2962565422058105,False,38.0
2015,Brandon Doughty,Western Kentucky,2016,,,0,pass,-0.572171688079834,False,10.0
2015,Brandon Doughty,Western Kentucky,2016,,,2,pass,0.1355280876159668,False,3.0
2015,Brandon Doughty,Western Kentucky,2016,,,16,pass,1.977236270904541,False,89.0
2015,Brandon Doughty,Western Kentucky,2016,,,6,pass,-0.18434947729110718,False,70.0
2015,Brandon Doughty,Western Kentucky,2016,,,19,pass,1.2890231609344482,False,63.0
2015,Brandon Doughty,Western Kentucky,2016,,,11,pass,0.947197437286377,False,40.0
2015,Brandon Doughty,Western Kentucky,2016,,,18,pass,1.5767641067504883,False,29.0
2015,Brandon Doughty,Western Kentucky,2016,,,9,pass,0.9938173294067383,False,11.0
2015,Brandon Doughty,Western Kentucky,2016,,,0,pass,-0.878623366355896,False,72.0
2015,Brandon Doughty,Western Kentucky,2016,,,0,pass,-1.0039465427398682,False,71.0
2015,Brandon Doughty,Western Kentucky,2016,,,31,pass,2.2207698822021484,False,65.0
2015,Brandon Doughty,Western Kentucky,2016,,,1,pass,-0.43456053733825684,False,34.0
2015,Brandon Doughty,Western Kentucky,2016,,,0,pass,-0.9947707653045654,False,33.0
2015,Brandon Doughty,Western Kentucky,2016,,,8,pass,0.6748135089874268,False,33.0
2015,Brandon Doughty,Western Kentucky,2016,,,16,pass,2.758972406387329,False,25.0
2015,Brandon Doughty,Western Kentucky,2016,,,4,pass,-0.47640055418014526,False,62.0
2015,Brandon Doughty,Western Kentucky,2016,,,0,pass,-0.7623966336250305,False,58.0
2015,Brandon Doughty,Western Kentucky,2016,,,28,pass,1.5949065685272217,False,49.0
2015,Brandon Doughty,Western Kentucky,2016,,,0,pass,-1.686828851699829,False,84.0
2015,Brandon Doughty,Western Kentucky,2016,,,10,pass,0.9506418704986572,False,65.0
2015,Brandon Doughty,Western Kentucky,2016,,,3,pass,-1.146355152130127,False,56.0
2015,Brandon Doughty,Western Kentucky,2016,,,9,pass,-0.05395001173019409,False,87.0
2015,Brandon Doughty,Western Kentucky,2016,,,31,pass,2.7405247688293457,False,78.0
2015,Brandon Doughty,Western Kentucky,2016,,,14,pass,1.1454005241394043,False,43.0
2015,Brandon Doughty,Western Kentucky,2016,,,21,pass,2.3812549114227295,False,75.0
2015,Brandon Doughty,Western Kentucky,2016,,,0,pass,-0.6298501491546631,False,54.0
2015,Brandon Doughty,Western Kentucky,2016,,,0,pass,-0.9293367862701416,False,54.0
2015,Brandon Doughty,Western Kentucky,2016,,,22,pass,2.829127788543701,False,54.0
2015,Brandon Doughty,Western Kentucky,2016,,,-9,pass,-2.1260194778442383,False,31.0
2015,Brandon Doughty,Western Kentucky,2016,,,12,pass,0.37517523765563965,False,40.0
2015,Brandon Doughty,Western Kentucky,2016,,,0,pass,-0.582362174987793,False,62.0
2015,Brandon Doughty,Western Kentucky,2016,,,4,pass,-0.5924875736236572,False,62.0
2015,Brandon Doughty,Western Kentucky,2016,,,0,pass,-1.479718804359436,False,58.0
2015,Brandon Doughty,Western Kentucky,2016,,,22,pass,0.610950231552124,False,75.0
2015,Brandon Doughty,Western Kentucky,2016,,,21,pass,1.4767924547195435,False,53.0
2015,Brandon Doughty,Western Kentucky,2016,,,14,pass,0.4350917339324951,False,17.0
2015,Brandon Doughty,Western Kentucky,2016,,,0,pass,-0.5213637948036194,False,67.0
2015,Brandon Doughty,Western Kentucky,2016,,,7,pass,0.3027072548866272,False,67.0
2015,Brandon Doughty,Western Kentucky,2016,,,53,pass,4.218589782714844,False,60.0
2015,Brandon Doughty,Western Kentucky,2016,,,1,pass,-0.5086393356323242,False,7.0
2015,Brandon Doughty,Western Kentucky,2016,,,0,pass,-0.8727970123291016,False,22.0
2015,Brandon Doughty,Western Kentucky,2016,,,30,pass,1.7584130764007568,False,51.0
2015,Brandon Doughty,Western Kentucky,2016,,,0,pass,-0.7289581298828125,False,22.0
2015,Brandon Doughty,Western Kentucky,2016,,,11,pass,0.16142773628234863,False,89.0
2015,Brandon Doughty,Western Kentucky,2016,,,11,pass,0.5802233219146729,False,78.0
2015,Brandon Doughty,Western Kentucky,2016,,,13,pass,1.1497576236724854,False,71.0
2015,Brandon Doughty,Western Kentucky,2016,,,0,pass,-0.5654881000518799,False,41.0
2015,Brandon Doughty,Western Kentucky,2016,,,6,pass,1.072336196899414,False,34.0
2015,Brandon Doughty,Western Kentucky,2016,,,14,pass,2.6616597175598145,False,31.0
2015,Brandon Doughty,Western Kentucky,2016,,,11,pass,0.6369838714599609,False,17.0
2015,Brandon Doughty,Western Kentucky,2016,,,5,pass,-5.674617290496826,False,6.0
2015,Brandon Doughty,Western Kentucky,2016,,,37,pass,2.839907646179199,True,37.0
2015,Brandon Doughty,Western Kentucky,2016,,,11,pass,0.9549391865730286,False,75.0
2015,Brandon Doughty,Western Kentucky,2016,,,14,pass,1.7459192276000977,False,63.0
2015,Brandon Doughty,Western Kentucky,2016,,,5,pass,0.040436744689941406,False,49.0
2015,Brandon Doughty,Western Kentucky,2016,,,8,pass,2.902255058288574,True,8.0
2015,Brandon Doughty,Western Kentucky,2016,,,4,pass,0.9990997314453125,False,13.0
2015,Brandon Doughty,Western Kentucky,2016,,,32,pass,1.0017156600952148,False,98.0
2015,Brandon Doughty,Western Kentucky,2016,,,32,pass,1.3100109100341797,False,52.0
2015,Brandon Doughty,Western Kentucky,2016,,,1,pass,-0.5001332759857178,False,74.0
2015,Brandon Doughty,Western Kentucky,2016,,,-10,pass,-1.6032856702804565,False,73.0
2015,Brandon Doughty,Western Kentucky,2016,,,5,pass,0.503333568572998,False,9.0
2015,Brandon Doughty,Western Kentucky,2016,,,4,pass,3.344149589538574,True,4.0
2015,Brandon Doughty,Western Kentucky,2016,,,0,pass,-0.756965160369873,False,4.0
2015,Brandon Doughty,Western Kentucky,2016,,,4,pass,0.31107473373413086,False,8.0
2015,Brandon Doughty,Western Kentucky,2016,,,26,pass,1.881775140762329,False,34.0
2015,Brandon Doughty,Western Kentucky,2016,,,15,pass,0.5953295230865479,False,52.0
2015,Brandon Doughty,Western Kentucky,2016,,,17,pass,1.889625072479248,False,34.0
2015,Brandon Doughty,Western Kentucky,2016,,,5,pass,0.6516604423522949,False,6.0
2015,Brandon Doughty,Western Kentucky,2016,,,8,pass,0.4744701385498047,False,29.0
2015,Brandon Doughty,Western Kentucky,2016,,,17,pass,1.0812630653381348,False,21.0
2015,Brandon Doughty,Western Kentucky,2016,,,5,pass,2.225144386291504,True,5.0
2015,Brandon Doughty,Western Kentucky,2016,,,1,pass,-0.5864381790161133,False,43.0
2015,Brandon Doughty,Western Kentucky,2016,,,23,pass,2.5317752361297607,False,27.0
2015,Brandon Doughty,Western Kentucky,2016,,,0,pass,-0.9235739707946777,False,5.0
2015,Brandon Doughty,Western Kentucky,2016,,,0,pass,-1.6441621780395508,False,62.0
2015,Brandon Doughty,Western Kentucky,2016,,,-7,pass,-1.2882599830627441,False,68.0
2015,Brandon Doughty,Western Kentucky,2016,,,3,pass,1.495532512664795,True,3.0
2015,Brandon Doughty,Western Kentucky,2016,,,0,pass,-0.4404001235961914,False,4.0
2015,Brandon Doughty,Western Kentucky,2016,,,1,pass,-0.6757001876831055,False,4.0
2015,Brandon Doughty,Western Kentucky,2016,,,11,pass,0.47733640670776367,False,89.0
2015,Brandon Doughty,Western Kentucky,2016,,,11,pass,1.2626941204071045,False,77.0
2015,Brandon Doughty,Western Kentucky,2016,,,19,pass,1.4326715469360352,False,66.0
2015,Brandon Doughty,Western Kentucky,2016,,,43,pass,2.2669296264648438,False,47.0
2015,Brandon Doughty,Western Kentucky,2016,,,6,pass,0.34958410263061523,False,63.0
2015,Brandon Doughty,Western Kentucky,2016,,,21,pass,1.4903931617736816,False,57.0
2015,Brandon Doughty,Western Kentucky,2016,,,0,pass,-0.5792515277862549,False,36.0
2015,Brandon Doughty,Western Kentucky,2016,,,-12,pass,-2.1117491722106934,False,36.0
2015,Brandon Doughty,Western Kentucky,2016,,,59,pass,3.605915069580078,True,59.0
2015,Brandon Doughty,Western Kentucky,2016,,,9,pass,2.0264430046081543,True,9.0
2015,Brandon Doughty,Western Kentucky,2016,,,13,pass,1.1595168113708496,False,79.0
2015,Brandon Doughty,Western Kentucky,2016,,,19,pass,1.9279413223266602,False,65.0
2015,Brandon Doughty,Western Kentucky,2016,,,16,pass,0.8473496437072754,False,46.0
2015,Brandon Doughty,Western Kentucky,2016,,,5,pass,0.11252808570861816,False,30.0
2015,Brandon Doughty,Western Kentucky,2016,,,1,pass,-0.7500588893890381,False,25.0
2015,Brandon Doughty,Western Kentucky,2016,,,13,pass,1.5356147289276123,False,24.0
2015,Brandon Doughty,Western Kentucky,2016,,,0,pass,-0.7527501583099365,False,70.0
2015,Brandon Doughty,Western Kentucky,2016,,,3,pass,-1.0713684558868408,False,70.0
2015,Brandon Doughty,Western Kentucky,2016,,,3,pass,-0.3158559799194336,False,77.0
2015,Brandon Doughty,Western Kentucky,2016,,,13,pass,1.1665928363800049,False,74.0
2015,Brandon Doughty,Western Kentucky,2016,,,13,pass,1.8194913864135742,False,61.0
2015,Brandon Doughty,Western Kentucky,2016,,,24,pass,1.8749017715454102,False,41.0
2015,Brandon Doughty,Western Kentucky,2016,,,10,pass,0.36277103424072266,False,17.0
2015,Brandon Doughty,Western Kentucky,2016,,,0,pass,-0.4823005199432373,False,65.0
2015,Brandon Doughty,Western Kentucky,2016,,,0,pass,-1.5995612144470215,False,49.0
2015,Brandon Doughty,Western Kentucky,2016,,,52,pass,3.0173439979553223,False,79.0
2015,Brandon Doughty,Western Kentucky,2016,,,7,pass,0.3260929584503174,False,27.0
2015,Brandon Doughty,Western Kentucky,2016,,,8,pass,0.7636885643005371,False,20.0
2015,Brandon Doughty,Western Kentucky,2016,,,2,pass,-0.9503271579742432,False,67.0
2015,Brandon Doughty,Western Kentucky,2016,,,0,pass,-0.7461700439453125,False,65.0
2015,Brandon Doughty,Western Kentucky,2016,,,30,pass,2.95041561126709,True,30.0
2015,Brandon Doughty,Western Kentucky,2016,,,6,pass,0.4813804626464844,False,65.0
2015,Brandon Doughty,Western Kentucky,2016,,,9,pass,0.5950932502746582,False,59.0
2015,Brandon Doughty,Western Kentucky,2016,,,2,pass,-0.529670238494873,False,32.0
2015,Brandon Doughty,Western Kentucky,2016,,,0,pass,-1.221884846687317,False,70.0
2015,Brandon Doughty,Western Kentucky,2016,,,-3,pass,-1.3248320817947388,False,67.0
2015,Brandon Doughty,Western Kentucky,2016,,,9,pass,1.3081653118133545,False,94.0
2015,Brandon Doughty,Western Kentucky,2016,,,13,pass,1.9334428310394287,False,81.0
2015,Brandon Doughty,Western Kentucky,2016,,,45,pass,2.9455738067626953,True,45.0
2015,Brandon Doughty,Western Kentucky,2016,,,39,pass,3.267944097518921,True,39.0
2015,Brandon Doughty,Western Kentucky,2016,,,0,pass,-0.8911420106887817,False,84.0
2015,Brandon Doughty,Western Kentucky,2016,,,30,pass,3.393885612487793,False,84.0
2015,Brandon Doughty,Western Kentucky,2016,,,4,pass,-0.20869851112365723,False,54.0
2015,Brandon Doughty,Western Kentucky,2016,,,10,pass,1.049722671508789,False,50.0
2015,Brandon Doughty,Western Kentucky,2016,,,1,pass,-0.6095740795135498,False,40.0
2015,Brandon Doughty,Western Kentucky,2016,,,10,pass,1.744248390197754,True,10.0
2015,Brandon Doughty,Western Kentucky,2016,,,0,pass,-0.6032256484031677,False,75.0
2015,Brandon Doughty,Western Kentucky,2016,,,65,pass,4.865581512451172,False,75.0
2015,Brandon Doughty,Western Kentucky,2016,,,0,pass,-0.6929668188095093,False,78.0
2015,Brandon Doughty,Western Kentucky,2016,,,4,pass,-0.4763637185096741,False,78.0
2015,Brandon Doughty,Western Kentucky,2016,,,0,pass,-1.6949272155761719,False,74.0
2015,Brandon Doughty,Western Kentucky,2016,,,4,pass,1.0317072868347168,False,64.0
2015,Brandon Doughty,Western Kentucky,2016,,,4,pass,1.1749606132507324,False,53.0
2015,Brandon Doughty,Western Kentucky,2016,,,8,pass,1.327016830444336,False,28.0
2015,Brandon Doughty,Western Kentucky,2016,,,6,pass,0.01378631591796875,False,40.0
2015,Brandon Doughty,Western Kentucky,2016,,,4,pass,0.9218387603759766,False,34.0
2015,Brandon Doughty,Western Kentucky,2016,,,-1,pass,-1.746577262878418,False,11.0
2015,Brandon Doughty,Western Kentucky,2016,,,-1,pass,-0.8812143802642822,False,59.0
2015,Brandon Doughty,Western Kentucky,2016,,,2,pass,-1.2608290910720825,False,60.0
2015,Brandon Doughty,Western Kentucky,2016,,,0,pass,-1.0178148746490479,False,13.0
2015,Brandon Doughty,Western Kentucky,2016,,,16,pass,1.613472819328308,False,29.0
2015,Brandon Doughty,Western Kentucky,2016,,,5,pass,3.179739236831665,True,5.0
2015,Brandon Doughty,Western Kentucky,2016,,,0,pass,-0.3656085729598999,False,41.0
2015,Brandon Doughty,Western Kentucky,2016,,,8,pass,0.08389151096343994,False,41.0
2015,Brandon Doughty,Western Kentucky,2016,,,11,pass,1.863542914390564,False,33.0
2015,Brandon Doughty,Western Kentucky,2016,,,-7,pass,-1.3840818405151367,False,22.0
2015,Brandon Doughty,Western Kentucky,2016,,,40,pass,3.0179271697998047,False,49.0
2015,Brandon Doughty,Western Kentucky,2016,,,2,pass,-0.32271909713745117,False,9.0
2015,Brandon Doughty,Western Kentucky,2016,,,8,pass,-2.1402018070220947,False,44.0
2015,Brandon Doughty,Western Kentucky,2016,,,9,pass,1.3592324256896973,True,9.0
2015,Brandon Doughty,Western Kentucky,2016,,,4,pass,-0.4095144271850586,False,49.0
2015,Brandon Doughty,Western Kentucky,2016,,,0,pass,-0.7664756774902344,False,45.0
2015,Brandon Doughty,Western Kentucky,2016,,,8,pass,1.4177393913269043,False,45.0
2015,Brandon Doughty,Western Kentucky,2016,,,3,pass,-0.10316038131713867,False,37.0
2015,Brandon Doughty,Western Kentucky,2016,,,0,pass,-0.7624635696411133,False,33.0
2015,Brandon Doughty,Western Kentucky,2016,,,24,pass,1.9885749816894531,False,33.0
2015,Brandon Doughty,Western Kentucky,2016,,,28,pass,1.7920336723327637,True,28.0
2015,Brandon Doughty,Western Kentucky,2016,,,8,pass,0.7277898788452148,False,60.0
2015,Brandon Doughty,Western Kentucky,2016,,,19,pass,1.1161141395568848,False,47.0
2015,Brandon Doughty,Western Kentucky,2016,,,0,pass,-0.5532495975494385,False,62.0
2015,Brandon Doughty,Western Kentucky,2016,,,0,pass,-2.1824874877929688,False,62.0
2015,Brandon Doughty,Western Kentucky,2016,,,10,pass,1.1347637176513672,True,10.0
2015,Brandon Doughty,Western Kentucky,2016,,,0,pass,-1.0569169521331787,False,46.0
2015,Brandon Doughty,Western Kentucky,2016,,,32,pass,2.621839761734009,False,42.0
2015,Brandon Doughty,Western Kentucky,2016,,,43,pass,2.8613200187683105,True,43.0
2015,Brandon Doughty,Western Kentucky,2016,,,0,pass,-0.7690205574035645,False,59.0
2015,Brandon Doughty,Western Kentucky,2016,,,59,pass,3.9105520248413086,False,71.0
2015,Brandon Doughty,Western Kentucky,2016,,,31,pass,1.1842455863952637,False,75.0
2015,Brandon Doughty,Western Kentucky,2016,,,14,pass,0.7835736274719238,False,39.0
2015,Brandon Doughty,Western Kentucky,2016,,,-2,pass,-0.7570791244506836,False,4.0
2015,Brandon Doughty,Western Kentucky,2016,,,19,pass,0.7458481788635254,False,30.0
2015,Brandon Doughty,Western Kentucky,2016,,,31,pass,4.38731575012207,True,31.0
2015,Brandon Doughty,Western Kentucky,2016,,,30,pass,1.2919468879699707,False,74.0
2015,Brandon Doughty,Western Kentucky,2016,,,0,pass,-0.3149549961090088,False,44.0
2015,Brandon Doughty,Western Kentucky,2016,,,6,pass,-0.0361628532409668,False,44.0
2015,Brandon Doughty,Western Kentucky,2016,,,7,pass,1.0477538108825684,False,38.0
2015,Brandon Doughty,Western Kentucky,2016,,,56,pass,5.0161542892456055,True,56.0
2015,Brandon Doughty,Western Kentucky,2016,,,1,pass,-0.4321911334991455,False,31.0
2015,Brandon Doughty,Western Kentucky,2016,,,4,pass,-0.22651171684265137,False,30.0
2015,Brandon Doughty,Western Kentucky,2016,,,0,pass,-1.5737251043319702,False,26.0
2015,Brandon Doughty,Western Kentucky,2016,,,-1,pass,-0.7686145305633545,False,15.0
2015,Brandon Doughty,Western Kentucky,2016,,,23,pass,1.0458579063415527,False,31.0
2015,Brandon Doughty,Western Kentucky,2016,,,0,pass,-1.7317866086959839,False,37.0
2015,Brandon Doughty,Western Kentucky,2016,,,6,pass,-2.0471391677856445,False,37.0
2015,Brandon Doughty,Western Kentucky,2016,,,13,pass,0.587738037109375,False,86.0
2015,Brandon Doughty,Western Kentucky,2016,,,0,pass,-0.6932954788208008,False,73.0
2015,Brandon Doughty,Western Kentucky,2016,,,9,pass,0.5668199062347412,False,73.0
2015,Brandon Doughty,Western Kentucky,2016,,,0,pass,-0.5402231216430664,False,60.0
2015,Brandon Doughty,Western Kentucky,2016,,,4,pass,-0.5671319961547852,False,60.0
2015,Brandon Doughty,Western Kentucky,2016,,,18,pass,2.076204299926758,False,56.0
2015,Brandon Doughty,Western Kentucky,2016,,,2,pass,0.5565633773803711,True,2.0
2015,Brandon Doughty,Western Kentucky,2016,,,0,pass,-0.5790019035339355,False,53.0
2015,Brandon Doughty,Western Kentucky,2016,,,6,pass,0.7296454906463623,False,44.0
2015,Brandon Doughty,Western Kentucky,2016,,,0,pass,-0.5871598720550537,False,38.0
2015,Brandon Doughty,Western Kentucky,2016,,,18,pass,1.467756986618042,False,38.0
2015,Brandon Doughty,Western Kentucky,2016,,,18,pass,1.4120292663574219,False,20.0
2015,Brandon Doughty,Western Kentucky,2016,,,5,pass,0.9055657386779785,True,5.0
2015,Brandon Doughty,Western Kentucky,2016,,,14,pass,0.9337327480316162,False,47.0
2015,Brandon Doughty,Western Kentucky,2016,,,0,pass,-0.5829463005065918,False,33.0
2015,Brandon Doughty,Western Kentucky,2016,,,18,pass,1.584545612335205,False,33.0
2015,Brandon Doughty,Western Kentucky,2016,,,10,pass,0.8653063774108887,False,15.0
2015,Brandon Doughty,Western Kentucky,2016,,,-4,pass,-2.0231881141662598,False,69.0
2015,Brandon Doughty,Western Kentucky,2016,,,0,pass,-1.5046753883361816,False,73.0
2015,Brandon Doughty,Western Kentucky,2016,,,16,pass,2.1268558502197266,False,83.0
2015,Brandon Doughty,Western Kentucky,2016,,,8,pass,0.5057120323181152,False,61.0
2015,Brandon Doughty,Western Kentucky,2016,,,0,pass,-0.7086447477340698,False,99.0
2015,Brandon Doughty,Western Kentucky,2016,,,0,pass,-1.4418588876724243,False,97.0
2015,Brandon Doughty,Western Kentucky,2016,,,21,pass,1.6097097396850586,True,21.0
2015,Brandon Doughty,Western Kentucky,2016,,,-4,pass,-0.9648230075836182,False,52.0
2015,Brandon Doughty,Western Kentucky,2016,,,38,pass,2.189005136489868,False,56.0
2015,Brandon Doughty,Western Kentucky,2016,,,0,pass,-1.4832069873809814,False,13.0
2015,Brandon Doughty,Western Kentucky,2016,,,3,pass,2.491349220275879,True,3.0
2015,Brandon Doughty,Western Kentucky,2016,,,11,pass,-0.8856648802757263,False,55.0
2015,Brandon Doughty,Western Kentucky,2016,,,0,pass,-0.2561981678009033,False,44.0
2015,Brandon Doughty,Western Kentucky,2016,,,22,pass,1.7353264093399048,False,44.0
2015,Brandon Doughty,Western Kentucky,2016,,,13,pass,1.3718910217285156,False,22.0
2015,Brandon Doughty,Western Kentucky,2016,,,0,pass,-0.6651568412780762,False,9.0
2015,Brandon Doughty,Western Kentucky,2016,,,6,pass,0.32984209060668945,False,9.0
2015,Brandon Doughty,Western Kentucky,2016,,,54,pass,4.649077415466309,True,54.0
2015,Brandon Doughty,Western Kentucky,2016,,,6,pass,-0.21936404705047607,False,88.0
2015,Brandon Doughty,Western Kentucky,2016,,,-1,pass,-1.0625158548355103,False,82.0
2015,Brandon Doughty,Western Kentucky,2016,,,10,pass,1.689663052558899,False,83.0
2015,Brandon Doughty,Western Kentucky,2016,,,20,pass,0.9286184310913086,False,73.0
2015,Brandon Doughty,Western Kentucky,2016,,,9,pass,0.7087631225585938,False,53.0
2015,Brandon Doughty,Western Kentucky,2016,,,24,pass,0.8938741683959961,False,51.0
2015,Brandon Doughty,Western Kentucky,2016,,,7,pass,-0.0019495487213134766,False,74.0
2015,Brandon Doughty,Western Kentucky,2016,,,3,pass,-1.3253066539764404,False,51.0
2015,Brandon Doughty,Western Kentucky,2016,,,7,pass,0.10179328918457031,False,33.0
2015,Brandon Doughty,Western Kentucky,2016,,,3,pass,-0.16746044158935547,False,19.0
2015,Brandon Doughty,Western Kentucky,2016,,,0,pass,-0.8124463558197021,False,16.0
2015,Brandon Doughty,Western Kentucky,2016,,,-6,pass,-1.5011346340179443,False,16.0
2015,Brandon Doughty,Western Kentucky,2016,,,8,pass,1.2021154165267944,False,81.0
2015,Brandon Doughty,Western Kentucky,2016,,,1,pass,-0.514582633972168,False,35.0
2015,Brandon Doughty,Western Kentucky,2016,,,22,pass,1.4701685905456543,False,76.0
2015,Brandon Doughty,Western Kentucky,2016,,,0,pass,-0.6304136514663696,False,54.0
2015,Brandon Doughty,Western Kentucky,2016,,,8,pass,0.3256479501724243,False,54.0
2015,Brandon Doughty,Western Kentucky,2016,,,17,pass,1.298004150390625,False,24.0
2015,Brandon Doughty,Western Kentucky,2016,,,18,pass,3.59748911857605,True,18.0
2015,Brandon Doughty,Western Kentucky,2016,,,29,pass,2.4528045654296875,False,68.0
2015,Brandon Doughty,Western Kentucky,2016,,,6,pass,0.3940901756286621,False,24.0
2015,Brandon Doughty,Western Kentucky,2016,,,0,pass,-3.745657444000244,False,19.0
2015,Brandon Doughty,Western Kentucky,2016,,,3,pass,-0.3062240481376648,False,75.0
2015,Brandon Doughty,Western Kentucky,2016,,,9,pass,0.7272283434867859,False,72.0
2015,Brandon Doughty,Western Kentucky,2016,,,0,pass,-0.3865004777908325,False,63.0
2015,Brandon Doughty,Western Kentucky,2016,,,7,pass,-0.02952408790588379,False,63.0
2015,Brandon Doughty,Western Kentucky,2016,,,26,pass,1.8592534065246582,False,45.0
2015,Brandon Doughty,Western Kentucky,2016,,,44,pass,3.7564892768859863,True,44.0
2015,Brandon Doughty,Western Kentucky,2016,,,4,pass,0.937098503112793,True,4.0
2015,Brandon Doughty,Western Kentucky,2016,,,0,pass,-0.5544408559799194,False,75.0
2015,Brandon Doughty,Western Kentucky,2016,,,0,pass,-0.8972551226615906,False,62.0
2015,Brandon Doughty,Western Kentucky,2016,,,15,pass,1.3253467082977295,False,62.0
2015,Brandon Doughty,Western Kentucky,2016,,,1,pass,-0.8506758213043213,False,57.0
2015,Brandon Doughty,Western Kentucky,2016,,,25,pass,3.93308162689209,False,56.0
2015,Brandon Doughty,Western Kentucky,2016,,,21,pass,5.7550787925720215,False,38.0
2015,Brandon Doughty,Western Kentucky,2016,,,-7,pass,-1.9490039348602295,False,24.0
2015,Brandon Doughty,Western Kentucky,2016,,,7,pass,0.6012274026870728,False,63.0
2015,Brandon Doughty,Western Kentucky,2016,,,6,pass,0.26421332359313965,False,56.0
2015,Brandon Doughty,Western Kentucky,2016,,,0,pass,-1.0059757232666016,False,46.0
2015,Brandon Doughty,Western Kentucky,2016,,,0,pass,-2.204221487045288,False,46.0
2015,Brandon Doughty,Western Kentucky,2016,,,19,pass,3.133955955505371,True,19.0
2015,Brandon Doughty,Western Kentucky,2016,,,-7,pass,-1.9390363693237305,False,31.0
2015,Brandon Doughty,Western Kentucky,2016,,,11,pass,3.490605354309082,False,34.0
2015,Brandon Doughty,Western Kentucky,2016,,,0,pass,-0.9477759599685669,False,76.0
2015,Brandon Doughty,Western Kentucky,2016,,,0,pass,-1.5211334228515625,False,76.0
2015,Brandon Doughty,Western Kentucky,2016,,,0,pass,-0.6990537643432617,False,12.0
2015,Brandon Doughty,Western Kentucky,2016,,,0,pass,-1.3397819995880127,False,12.0
2015,Brandon Doughty,Western Kentucky,2016,,,-5,pass,-2.1032931804656982,False,16.0
2015,Brandon Doughty,Western Kentucky,2016,,,0,pass,-0.8217911720275879,False,61.0
2015,Brandon Doughty,Western Kentucky,2016,,,4,pass,-1.2793936729431152,False,61.0
2015,Brandon Doughty,Western Kentucky,2016,,,9,pass,2.740396499633789,True,9.0
2015,Brandon Doughty,Western Kentucky,2016,,,21,pass,2.6155686378479004,False,30.0
2015,Brandon Doughty,Western Kentucky,2016,,,0,pass,-0.625575065612793,False,9.0
2015,Brandon Doughty,Western Kentucky,2016,,,26,pass,1.3137787580490112,False,56.0
2015,Brandon Doughty,Western Kentucky,2016,,,0,pass,-0.31833410263061523,False,30.0
2015,Brandon Doughty,Western Kentucky,2016,,,11,pass,0.34038543701171875,False,75.0
2015,Brandon Doughty,Western Kentucky,2016,,,8,pass,0.17526781558990479,False,64.0
2015,Brandon Doughty,Western Kentucky,2016,,,11,pass,2.5296597480773926,True,11.0
2015,Brandon Doughty,Western Kentucky,2016,,,32,pass,1.8136671781539917,False,75.0
2015,Brandon Doughty,Western Kentucky,2016,,,12,pass,1.1396937370300293,False,25.0
2015,Brandon Doughty,Western Kentucky,2016,,,5,pass,1.5817780494689941,True,5.0
2015,Brandon Doughty,Western Kentucky,2016,,,18,pass,-0.27559471130371094,False,82.0
2015,Brandon Doughty,Western Kentucky,2016,,,0,pass,-0.8682572841644287,False,62.0
2015,Brandon Doughty,Western Kentucky,2016,,,27,pass,2.595233917236328,False,62.0
2015,Brandon Doughty,Western Kentucky,2016,,,11,pass,1.417564868927002,False,18.0
2015,Brandon Doughty,Western Kentucky,2016,,,-8,pass,-1.468339204788208,False,36.0
2015,Brandon Doughty,Western Kentucky,2016,,,5,pass,-0.7378854751586914,False,44.0
2015,Brandon Doughty,Western Kentucky,2016,,,7,pass,0.4051222801208496,False,38.0
2015,Brandon Doughty,Western Kentucky,2016,,,8,pass,0.4499630928039551,False,22.0
2015,Brandon Doughty,Western Kentucky,2016,,,-2,pass,-0.8734188079833984,False,14.0
2015,Brandon Doughty,Western Kentucky,2016,,,6,pass,1.7715449333190918,False,76.0
2015,Brandon Doughty,Western Kentucky,2016,,,-2,pass,-1.125853180885315,False,70.0
2015,Brandon Doughty,Western Kentucky,2016,,,13,pass,1.6502045392990112,False,72.0
2015,Brandon Doughty,Western Kentucky,2016,,,0,pass,-1.848602533340454,False,51.0
2015,Brandon Doughty,Western Kentucky,2016,,,0,pass,-0.5636229515075684,False,56.0
2015,Brandon Doughty,Western Kentucky,2016,,,12,pass,2.120858907699585,False,56.0
2015,Brandon Doughty,Western Kentucky,2016,,,23,pass,1.1821272373199463,False,44.0
2015,Brandon Doughty,Western Kentucky,2016,,,35,pass,2.6891674995422363,True,35.0
2015,Brandon Doughty,Western Kentucky,2016,,,27,pass,2.0475118160247803,False,75.0
2015,Brandon Doughty,Western Kentucky,2016,,,13,pass,-2.907712459564209,False,48.0
2015,Brandon Doughty,Western Kentucky,2016,,,24,pass,3.380178213119507,False,26.0
2015,Brandon Doughty,Western Kentucky,2016,,,20,pass,2.363694667816162,False,45.0
2015,Brandon Doughty,Western Kentucky,2016,,,19,pass,1.365702748298645,False,69.0
2015,Brandon Doughty,Western Kentucky,2016,,,6,pass,-0.01577436923980713,False,82.0
2015,Brandon Doughty,Western Kentucky,2016,,,54,pass,3.7922134399414062,False,57.0
2015,Brandon Doughty,Western Kentucky,2016,,,39,pass,3.298145055770874,True,39.0
2015,Brandon Doughty,Western Kentucky,2016,,,13,pass,1.0499558448791504,False,52.0
2015,Brandon Doughty,Western Kentucky,2016,,,0,pass,-1.0021257400512695,False,20.0
2015,Brandon Doughty,Western Kentucky,2016,,,22,pass,1.7377281188964844,False,45.0
2015,Brandon Doughty,Western Kentucky,2016,,,14,pass,2.476810932159424,False,59.0
2015,Brandon Doughty,Western Kentucky,2016,,,3,pass,-0.689516544342041,False,51.0
2015,Brandon Doughty,Western Kentucky,2016,,,2,pass,-0.5123554468154907,False,53.0
2015,Brandon Doughty,Western Kentucky,2016,,,9,pass,0.936127781867981,False,62.0
2015,Brandon Doughty,Western Kentucky,2016,,,11,pass,0.7425256371498108,False,68.0
2015,Brandon Doughty,Western Kentucky,2016,,,9,pass,1.9889469146728516,False,77.0
2015,Brandon Doughty,Western Kentucky,2016,,,7,pass,-0.03857278823852539,False,84.0
2015,Brandon Doughty,Western Kentucky,2016,,,0,pass,-1.4154605865478516,False,73.0
2015,Brandon Doughty,Western Kentucky,2016,,,0,pass,-1.0792462825775146,False,73.0
2015,Brandon Doughty,Western Kentucky,2016,,,2,pass,1.2596001625061035,True,2.0
2015,Brandon Doughty,Western Kentucky,2016,,,49,pass,3.296663761138916,False,63.0
2015,Brandon Doughty,Western Kentucky,2016,,,9,pass,0.05717062950134277,False,72.0
2015,Brandon Doughty,Western Kentucky,2016,,,13,pass,0.2991214990615845,False,85.0
2015,Brandon Doughty,Western Kentucky,2016,,,8,pass,0.5938334465026855,False,11.0
2015,Brandon Doughty,Western Kentucky,2016,,,-3,pass,-1.0245294570922852,False,8.0
2015,Brandon Doughty,Western Kentucky,2016,,,4,pass,0.10998725891113281,False,18.0
2015,Brandon Doughty,Western Kentucky,2016,,,12,pass,2.018855571746826,False,30.0
2015,Brandon Doughty,Western Kentucky,2016,,,15,pass,2.24878191947937,False,45.0
2015,Brandon Doughty,Western Kentucky,2016,,,0,pass,-0.6264306306838989,False,49.0
2015,Brandon Doughty,Western Kentucky,2016,,,5,pass,-0.04318951070308685,False,55.0
2015,Brandon Doughty,Western Kentucky,2016,,,0,pass,-0.4086315631866455,False,59.0
2015,Brandon Doughty,Western Kentucky,2016,,,10,pass,1.690107822418213,False,69.0
2015,Brandon Doughty,Western Kentucky,2016,,,7,pass,1.3260833024978638,False,73.0
2015,Brandon Doughty,Western Kentucky,2016,,,-3,pass,-0.49151578545570374,False,70.0
2015,Brandon Doughty,Western Kentucky,2016,,,0,pass,-0.7013803720474243,False,70.0
2015,Brandon Doughty,Western Kentucky,2016,,,18,pass,1.166886806488037,False,88.0
2015,Brandon Doughty,Western Kentucky,2016,,,0,pass,-1.2124440670013428,False,95.0
2015,Brandon Doughty,Western Kentucky,2016,,,0,pass,-2.890856981277466,False,32.0
2015,Brandon Doughty,Western Kentucky,2016,,,0,pass,-1.4608204364776611,False,32.0
2015,Brandon Doughty,Western Kentucky,2016,,,0,pass,-0.8798542022705078,False,32.0
2015,Brandon Doughty,Western Kentucky,2016,,,2,pass,-0.3845183849334717,False,34.0
2015,Brandon Doughty,Western Kentucky,2016,,,-3,pass,-1.331563949584961,False,90.0
2015,Brandon Doughty,Western Kentucky,2016,,,-4,pass,-1.9127867221832275,False,86.0
2015,Brandon Doughty,Western Kentucky,2016,,,5,pass,2.4900527000427246,True,5.0
2015,Brandon Doughty,Western Kentucky,2016,,,0,pass,-1.2833309173583984,False,5.0
2015,Brandon Doughty,Western Kentucky,2016,,,2,pass,-0.5320234298706055,False,28.0
2015,Brandon Doughty,Western Kentucky,2016,,,4,pass,-0.24076080322265625,False,61.0
2015,Brandon Doughty,Western Kentucky,2016,,,22,pass,1.240111231803894,False,64.0
2015,Brandon Doughty,Western Kentucky,2016,,,13,pass,-5.564228057861328,False,37.0
2015,Brandon Doughty,Western Kentucky,2016,,,14,pass,0.7474665641784668,False,54.0
2015,Brandon Doughty,Western Kentucky,2016,,,18,pass,1.0794565677642822,False,72.0
2015,Brandon Doughty,Western Kentucky,2016,,,0,pass,-0.9274238348007202,False,85.0
2015,Brandon Doughty,Western Kentucky,2016,,,-4,pass,-1.1657557487487793,False,81.0
2015,Brandon Doughty,Western Kentucky,2016,,,26,pass,2.1928811073303223,True,26.0
2015,Brandon Doughty,Western Kentucky,2016,,,16,pass,0.7616715431213379,False,25.0
2015,Brandon Doughty,Western Kentucky,2016,,,15,pass,-0.380007266998291,False,54.0
2015,Brandon Doughty,Western Kentucky,2016,,,11,pass,1.849966049194336,False,65.0
2015,Brandon Doughty,Western Kentucky,2016,,,55,pass,4.003828048706055,True,55.0
2015,Brandon Doughty,Western Kentucky,2016,,,9,pass,0.8611419200897217,False,67.0
2015,Brandon Doughty,Western Kentucky,2016,,,69,pass,6.012411117553711,True,69.0
2015,Brandon Doughty,Western Kentucky,2016,,,0,pass,-1.6474170684814453,False,69.0
2015,Brandon Doughty,Western Kentucky,2016,,,4,pass,-0.30316591262817383,False,25.0
2015,Brandon Doughty,Western Kentucky,2016,,,3,pass,0.3292996883392334,False,28.0
2015,Brandon Doughty,Western Kentucky,2016,,,11,pass,0.5818808078765869,False,39.0
2015,Brandon Doughty,Western Kentucky,2016,,,11,pass,0.8441444635391235,False,50.0
2015,Brandon Doughty,Western Kentucky,2016,,,5,pass,0.03105759620666504,False,55.0
2015,Brandon Doughty,Western Kentucky,2016,,,-10,pass,-1.286982536315918,False,28.0
2015,Brandon Doughty,Western Kentucky,2016,,,-7,pass,-0.7679080963134766,False,21.0
2015,Brandon Doughty,Western Kentucky,2016,,,12,pass,1.2626309394836426,False,18.0
2015,Brandon Doughty,Western Kentucky,2016,,,10,pass,0.6244902610778809,False,28.0
2015,Brandon Doughty,Western Kentucky,2016,,,6,pass,0.33751702308654785,False,34.0
2015,Brandon Doughty,Western Kentucky,2016,,,28,pass,1.5439963340759277,False,62.0
2015,Brandon Doughty,Western Kentucky,2016,,,13,pass,1.6501520872116089,False,75.0
2015,Brandon Doughty,Western Kentucky,2016,,,53,pass,3.3511507511138916,False,66.0
2015,Brandon Doughty,Western Kentucky,2016,,,5,pass,0.14146605134010315,False,69.0
2015,Brandon Doughty,Western Kentucky,2016,,,24,pass,-4.470042705535889,False,39.0
2015,Brandon Doughty,Western Kentucky,2016,,,9,pass,0.9373725652694702,False,53.0
2015,Brandon Doughty,Western Kentucky,2016,,,0,pass,-0.4926551580429077,False,53.0
2015,Brandon Doughty,Western Kentucky,2016,,,7,pass,0.2292986810207367,False,66.0
2015,Brandon Doughty,Western Kentucky,2016,,,0,pass,-0.6162189245223999,False,66.0
2015,Brandon Doughty,Western Kentucky,2016,,,6,pass,0.49830421805381775,False,77.0
2015,Brandon Doughty,Western Kentucky,2016,,,0,pass,-1.232692837715149,False,80.0
2015,Brandon Doughty,Western Kentucky,2016,,,0,pass,-1.0421773195266724,False,80.0
2015,Brandon Doughty,Western Kentucky,2016,,,0,pass,-3.7932095527648926,False,21.0
2015,Brandon Doughty,Western Kentucky,2016,,,8,pass,0.1482076644897461,False,29.0
2015,Brandon Doughty,Western Kentucky,2016,,,0,pass,-0.886235237121582,False,29.0
2015,Brandon Doughty,Western Kentucky,2016,,,0,pass,-0.5249249935150146,False,29.0
2015,Brandon Doughty,Western Kentucky,2016,,,23,pass,1.2929103374481201,False,52.0
2015,Brandon Doughty,Western Kentucky,2016,,,0,pass,-1.0445239543914795,False,73.0
2015,Brandon Doughty,Western Kentucky,2016,,,-5,pass,-1.926234245300293,False,68.0
2015,Brandon Doughty,Western Kentucky,2016,,,6,pass,1.742955207824707,False,74.0
2015,Brandon Doughty,Western Kentucky,2016,,,1,pass,-0.8591155409812927,False,75.0
2015,Brandon Doughty,Western Kentucky,2016,,,5,pass,0.0660332441329956,False,80.0
