season,player_name,college,draft_year,down,distance,yards_gained,play_type,epa,scoring,yards_to_goal
2018,Brock Purdy,Iowa State,2022,,,25,pass,2.5553767681121826,False,85.0
2018,Brock Purdy,Iowa State,2022,,,3,pass,-1.1173372268676758,False,61.0
2018,Brock Purdy,Iowa State,2022,,,17,pass,0.7294764518737793,False,77.0
2018,Brock Purdy,Iowa State,2022,,,-8,pass,-1.7224029302597046,False,58.0
2018,Brock Purdy,Iowa State,2022,,,38,pass,2.1686301231384277,False,46.0
2018,Brock Purdy,Iowa State,2022,,,11,pass,0.8209123611450195,False,31.0
2018,Brock Purdy,Iowa State,2022,,,0,pass,-1.024040937423706,False,71.0
2018,Brock Purdy,Iowa State,2022,,,0,pass,-1.3106753826141357,False,71.0
2018,Brock Purdy,Iowa State,2022,,,12,pass,1.7968482971191406,False,29.0
2018,Brock Purdy,Iowa State,2022,,,8,pass,1.1008975505828857,False,63.0
2018,Brock Purdy,Iowa State,2022,,,0,pass,-0.44228339195251465,False,55.0
2018,Brock Purdy,Iowa State,2022,,,7,pass,-0.049826741218566895,False,55.0
2018,Brock Purdy,Iowa State,2022,,,5,pass,0.04752826690673828,False,68.0
2018,Brock Purdy,Iowa State,2022,,,4,pass,-0.15576481819152832,False,59.0
2018,Brock Purdy,Iowa State,2022,,,8,pass,0.8081564903259277,False,55.0
2018,Brock Purdy,Iowa State,2022,,,19,pass,1.1575446128845215,False,32.0
2018,Brock Purdy,Iowa State,2022,,,11,pass,1.0958423614501953,False,13.0
2018,Brock Purdy,Iowa State,2022,,,11,pass,2.858224868774414,True,11.0
2018,Brock Purdy,Iowa State,2022,,,16,pass,0.19238948822021484,False,80.0
2018,Brock Purdy,Iowa State,2022,,,7,pass,0.47615528106689453,False,62.0
2018,Brock Purdy,Iowa State,2022,,,10,pass,1.6957942247390747,False,55.0
2018,Brock Purdy,Iowa State,2022,,,16,pass,0.9968628883361816,False,45.0
2018,Brock Purdy,Iowa State,2022,,,0,pass,-1.0685994625091553,False,32.0
2018,Brock Purdy,Iowa State,2022,,,2,pass,-0.99447101354599,False,45.0
2018,Brock Purdy,Iowa State,2022,,,60,pass,6.5903730392456055,True,60.0
2018,Brock Purdy,Iowa State,2022,,,0,pass,-1.5018415451049805,False,63.0
2018,Brock Purdy,Iowa State,2022,,,3,pass,-0.512365460395813,False,69.0
2018,Brock Purdy,Iowa State,2022,,,0,pass,-1.875403881072998,False,4.0
2018,Brock Purdy,Iowa State,2022,,,0,pass,-2.680485963821411,False,41.0
2018,Brock Purdy,Iowa State,2022,,,17,pass,0.8909623622894287,False,62.0
2018,Brock Purdy,Iowa State,2022,,,9,pass,2.103550672531128,False,71.0
2018,Brock Purdy,Iowa State,2022,,,-4,pass,-2.3519670963287354,False,31.0
2018,Brock Purdy,Iowa State,2022,,,0,pass,-0.9434964656829834,False,31.0
2018,Brock Purdy,Iowa State,2022,,,-1,pass,-0.9959902763366699,False,69.0
2018,Brock Purdy,Iowa State,2022,,,23,pass,2.365560531616211,True,23.0
2018,Brock Purdy,Iowa State,2022,,,40,pass,2.5924837589263916,False,75.0
2018,Brock Purdy,Iowa State,2022,,,26,pass,4.501623153686523,True,26.0
2018,Brock Purdy,Iowa State,2022,,,-1,pass,-0.7255218029022217,False,47.0
2018,Brock Purdy,Iowa State,2022,,,28,pass,0.6570113301277161,False,75.0
2018,Brock Purdy,Iowa State,2022,,,0,pass,-0.7545485496520996,False,7.0
2018,Brock Purdy,Iowa State,2022,,,55,pass,4.1343512535095215,False,56.0
2018,Brock Purdy,Iowa State,2022,,,0,pass,-1.4761601686477661,False,65.0
2018,Brock Purdy,Iowa State,2022,,,4,pass,-0.6451960802078247,False,38.0
2018,Brock Purdy,Iowa State,2022,,,-2,pass,-1.4319206476211548,False,36.0
2018,Brock Purdy,Iowa State,2022,,,12,pass,1.4318143129348755,False,52.0
2018,Brock Purdy,Iowa State,2022,,,0,pass,-0.6395484209060669,False,52.0
2018,Brock Purdy,Iowa State,2022,,,21,pass,2.6582021713256836,True,21.0
2018,Brock Purdy,Iowa State,2022,,,4,pass,0.08723258972167969,False,25.0
2018,Brock Purdy,Iowa State,2022,,,16,pass,1.2757240533828735,False,75.0
2018,Brock Purdy,Iowa State,2022,,,32,pass,4.020583152770996,True,32.0
2018,Brock Purdy,Iowa State,2022,,,19,pass,2.1019086837768555,False,74.0
2018,Brock Purdy,Iowa State,2022,,,17,pass,-0.4031568765640259,False,58.0
2018,Brock Purdy,Iowa State,2022,,,11,pass,0.6847052574157715,False,51.0
2018,Brock Purdy,Iowa State,2022,,,11,pass,1.240970492362976,False,69.0
2018,Brock Purdy,Iowa State,2022,,,0,pass,-0.7425857782363892,False,69.0
2018,Brock Purdy,Iowa State,2022,,,15,pass,0.8958269357681274,False,84.0
2018,Brock Purdy,Iowa State,2022,,,0,pass,-1.268355131149292,False,29.0
2018,Brock Purdy,Iowa State,2022,,,0,pass,-0.9570698738098145,False,29.0
2018,Brock Purdy,Iowa State,2022,,,23,pass,2.221649169921875,False,55.0
2018,Brock Purdy,Iowa State,2022,,,11,pass,0.5872604846954346,False,64.0
2018,Brock Purdy,Iowa State,2022,,,6,pass,-0.07213562726974487,False,64.0
2018,Brock Purdy,Iowa State,2022,,,0,pass,-0.9604102373123169,False,22.0
2018,Brock Purdy,Iowa State,2022,,,1,pass,-0.7522222995758057,False,23.0
2018,Brock Purdy,Iowa State,2022,,,0,pass,-0.46579742431640625,False,23.0
2018,Brock Purdy,Iowa State,2022,,,38,pass,3.2087345123291016,False,61.0
2018,Brock Purdy,Iowa State,2022,,,19,pass,4.169042110443115,True,19.0
2018,Brock Purdy,Iowa State,2022,,,0,pass,-0.7902846336364746,False,19.0
2018,Brock Purdy,Iowa State,2022,,,4,pass,-0.14203882217407227,False,13.0
2018,Brock Purdy,Iowa State,2022,,,18,pass,1.4207143783569336,False,56.0
2018,Brock Purdy,Iowa State,2022,,,17,pass,1.5790019035339355,False,19.0
2018,Brock Purdy,Iowa State,2022,,,4,pass,0.8896684646606445,True,4.0
2018,Brock Purdy,Iowa State,2022,,,8,pass,0.8239752054214478,False,49.0
2018,Brock Purdy,Iowa State,2022,,,3,pass,-5.296106338500977,False,61.0
2018,Brock Purdy,Iowa State,2022,,,0,pass,-1.7400453090667725,False,75.0
2018,Brock Purdy,Iowa State,2022,,,48,pass,5.951424598693848,True,48.0
2018,Brock Purdy,Iowa State,2022,,,0,pass,-1.410688877105713,False,33.0
2018,Brock Purdy,Iowa State,2022,,,0,pass,-0.44036054611206055,False,34.0
2018,Brock Purdy,Iowa State,2022,,,0,pass,-1.5624611377716064,False,60.0
2018,Brock Purdy,Iowa State,2022,,,0,pass,-1.0707515478134155,False,79.0
2018,Brock Purdy,Iowa State,2022,,,0,pass,-6.211668491363525,True,94.0
2018,Brock Purdy,Iowa State,2022,,,4,pass,-0.19793570041656494,False,79.0
2018,Brock Purdy,Iowa State,2022,,,44,pass,3.5810868740081787,False,50.0
2018,Brock Purdy,Iowa State,2022,,,22,pass,2.3113038539886475,False,72.0
2018,Brock Purdy,Iowa State,2022,,,0,pass,-0.7452232837677002,False,17.0
2018,Brock Purdy,Iowa State,2022,,,-6,pass,-1.1803960800170898,False,11.0
2018,Brock Purdy,Iowa State,2022,,,9,pass,2.453246593475342,True,9.0
2018,Brock Purdy,Iowa State,2022,,,15,pass,1.6802818775177002,False,26.0
2018,Brock Purdy,Iowa State,2022,,,41,pass,2.734375,False,89.0
2018,Brock Purdy,Iowa State,2022,,,0,pass,-1.2219831943511963,False,87.0
2018,Brock Purdy,Iowa State,2022,,,9,pass,0.8199930191040039,False,18.0
2018,Brock Purdy,Iowa State,2022,,,22,pass,1.7154114246368408,False,55.0
2018,Brock Purdy,Iowa State,2022,,,-7,pass,-1.651078701019287,False,63.0
2018,Brock Purdy,Iowa State,2022,,,11,pass,2.4334397315979004,False,74.0
2018,Brock Purdy,Iowa State,2022,,,0,pass,-0.9243888854980469,False,74.0
2018,Brock Purdy,Iowa State,2022,,,0,pass,-0.6116436719894409,False,19.0
2018,Brock Purdy,Iowa State,2022,,,6,pass,-0.1457982063293457,False,25.0
2018,Brock Purdy,Iowa State,2022,,,0,pass,-0.9198566675186157,False,41.0
2018,Brock Purdy,Iowa State,2022,,,5,pass,0.4484425187110901,False,61.0
2018,Brock Purdy,Iowa State,2022,,,14,pass,1.0776379108428955,False,75.0
2018,Brock Purdy,Iowa State,2022,,,0,pass,0.16406941413879395,False,83.0
2018,Brock Purdy,Iowa State,2022,,,4,pass,-0.38614892959594727,False,49.0
2018,Brock Purdy,Iowa State,2022,,,-5,pass,-1.367477297782898,False,45.0
2018,Brock Purdy,Iowa State,2022,,,-14,pass,-1.327070951461792,False,50.0
2018,Brock Purdy,Iowa State,2022,,,0,pass,-1.6415268182754517,False,44.0
2018,Brock Purdy,Iowa State,2022,,,12,pass,3.144028663635254,False,44.0
2018,Brock Purdy,Iowa State,2022,,,2,pass,-0.38561344146728516,False,18.0
2018,Brock Purdy,Iowa State,2022,,,-7,pass,-1.257947325706482,False,25.0
2018,Brock Purdy,Iowa State,2022,,,3,pass,0.5350451469421387,True,3.0
2018,Brock Purdy,Iowa State,2022,,,12,pass,0.7146732807159424,False,60.0
2018,Brock Purdy,Iowa State,2022,,,8,pass,0.41837406158447266,False,34.0
2018,Brock Purdy,Iowa State,2022,,,12,pass,0.4008307456970215,False,26.0
2018,Brock Purdy,Iowa State,2022,,,6,pass,0.09165620803833008,False,14.0
2018,Brock Purdy,Iowa State,2022,,,15,pass,1.40507972240448,False,63.0
2018,Brock Purdy,Iowa State,2022,,,28,pass,1.4059803485870361,False,48.0
2018,Brock Purdy,Iowa State,2022,,,7,pass,0.23922061920166016,False,44.0
2018,Brock Purdy,Iowa State,2022,,,4,pass,0.8664028644561768,False,36.0
2018,Brock Purdy,Iowa State,2022,,,0,pass,-0.8907995223999023,False,30.0
2018,Brock Purdy,Iowa State,2022,,,0,pass,-1.5153263807296753,False,30.0
2018,Brock Purdy,Iowa State,2022,,,0,pass,-1.0194242000579834,False,71.0
2018,Brock Purdy,Iowa State,2022,,,0,pass,-1.3725342750549316,False,71.0
2018,Brock Purdy,Iowa State,2022,,,51,pass,3.3502771854400635,True,51.0
2018,Brock Purdy,Iowa State,2022,,,83,pass,5.084965705871582,True,83.0
2018,Brock Purdy,Iowa State,2022,,,9,pass,-0.19106876850128174,False,95.0
2018,Brock Purdy,Iowa State,2022,,,7,pass,0.6516329050064087,False,69.0
2018,Brock Purdy,Iowa State,2022,,,0,pass,-2.1149754524230957,False,56.0
2018,Brock Purdy,Iowa State,2022,,,-10,pass,-1.447939157485962,False,62.0
2018,Brock Purdy,Iowa State,2022,,,-5,pass,-1.1542928218841553,False,57.0
2018,Brock Purdy,Iowa State,2022,,,9,pass,1.0269320011138916,False,74.0
2018,Brock Purdy,Iowa State,2022,,,5,pass,-0.5755916833877563,False,30.0
2018,Brock Purdy,Iowa State,2022,,,37,pass,2.9427976608276367,False,68.0
2018,Brock Purdy,Iowa State,2022,,,16,pass,1.3675050735473633,False,89.0
2018,Brock Purdy,Iowa State,2022,,,-8,pass,-1.5698784589767456,False,47.0
2018,Brock Purdy,Iowa State,2022,,,10,pass,0.719538688659668,False,81.0
2018,Brock Purdy,Iowa State,2022,,,0,pass,-1.8181591033935547,False,89.0
2018,Brock Purdy,Iowa State,2022,,,0,pass,-0.7967363595962524,False,89.0
2018,Brock Purdy,Iowa State,2022,,,0,pass,-1.9994269609451294,False,41.0
2018,Brock Purdy,Iowa State,2022,,,0,pass,-0.8938446044921875,False,41.0
2018,Brock Purdy,Iowa State,2022,,,0,pass,-0.6015353202819824,False,41.0
2018,Brock Purdy,Iowa State,2022,,,3,pass,-0.23756003379821777,False,52.0
2018,Brock Purdy,Iowa State,2022,,,25,pass,3.423739433288574,False,77.0
2018,Brock Purdy,Iowa State,2022,,,0,pass,-0.6393238306045532,False,77.0
2018,Brock Purdy,Iowa State,2022,,,4,pass,-0.43613195419311523,False,27.0
2018,Brock Purdy,Iowa State,2022,,,-3,pass,-1.1903836727142334,False,25.0
2018,Brock Purdy,Iowa State,2022,,,13,pass,1.2846585512161255,False,62.0
2018,Brock Purdy,Iowa State,2022,,,-2,pass,-1.6496933698654175,False,61.0
2018,Brock Purdy,Iowa State,2022,,,0,pass,-0.9049121141433716,False,61.0
2018,Brock Purdy,Iowa State,2022,,,8,pass,1.856471061706543,False,70.0
2018,Brock Purdy,Iowa State,2022,,,9,pass,1.3289523124694824,False,32.0
2018,Brock Purdy,Iowa State,2022,,,5,pass,0.2210392951965332,False,23.0
2018,Brock Purdy,Iowa State,2022,,,3,pass,2.1506428718566895,True,3.0
2018,Brock Purdy,Iowa State,2022,,,28,pass,2.750378131866455,False,77.0
2018,Brock Purdy,Iowa State,2022,,,8,pass,0.7531017065048218,False,49.0
2018,Brock Purdy,Iowa State,2022,,,30,pass,2.2024710178375244,False,41.0
2018,Brock Purdy,Iowa State,2022,,,7,pass,0.6738409996032715,False,11.0
2018,Brock Purdy,Iowa State,2022,,,0,pass,-0.8598427772521973,False,54.0
2018,Brock Purdy,Iowa State,2022,,,18,pass,-3.571463108062744,False,54.0
2018,Brock Purdy,Iowa State,2022,,,0,pass,-0.9250893592834473,False,55.0
2018,Brock Purdy,Iowa State,2022,,,6,pass,1.6448256969451904,False,55.0
2018,Brock Purdy,Iowa State,2022,,,0,pass,-3.049745798110962,False,49.0
2018,Brock Purdy,Iowa State,2022,,,50,pass,2.7851274013519287,False,70.0
2018,Brock Purdy,Iowa State,2022,,,10,pass,1.0648307800292969,False,21.0
2018,Brock Purdy,Iowa State,2022,,,-4,pass,-0.7511029243469238,False,17.0
2018,Brock Purdy,Iowa State,2022,,,0,pass,-0.732480525970459,False,63.0
2018,Brock Purdy,Iowa State,2022,,,14,pass,-0.1287909746170044,False,60.0
2018,Brock Purdy,Iowa State,2022,,,14,pass,0.48523032665252686,False,46.0
2018,Brock Purdy,Iowa State,2022,,,29,pass,4.346351623535156,False,32.0
2018,Brock Purdy,Iowa State,2022,,,65,pass,5.0537214279174805,False,68.0
2018,Brock Purdy,Iowa State,2022,,,3,pass,0.17445313930511475,False,71.0
2018,Brock Purdy,Iowa State,2022,,,0,pass,-0.8138240575790405,False,68.0
2018,Brock Purdy,Iowa State,2022,,,1,pass,0.9174208641052246,True,1.0
2018,Brock Purdy,Iowa State,2022,,,4,pass,0.36924076080322266,False,54.0
2018,Brock Purdy,Iowa State,2022,,,41,pass,2.489903688430786,False,50.0
2018,Brock Purdy,Iowa State,2022,,,8,pass,0.7210795879364014,False,50.0
2018,Brock Purdy,Iowa State,2022,,,2,pass,-0.42112064361572266,False,34.0
2018,Brock Purdy,Iowa State,2022,,,53,pass,4.624523162841797,False,54.0
2018,Brock Purdy,Iowa State,2022,,,28,pass,2.8007898330688477,False,77.0
2018,Brock Purdy,Iowa State,2022,,,-3,pass,-1.212846279144287,False,74.0
2018,Brock Purdy,Iowa State,2022,,,0,pass,-1.3752080202102661,False,69.0
2018,Brock Purdy,Iowa State,2022,,,0,pass,-0.7586977481842041,False,69.0
2018,Brock Purdy,Iowa State,2022,,,6,pass,0.34147006273269653,False,75.0
2018,Brock Purdy,Iowa State,2022,,,5,pass,0.004514336585998535,False,81.0
2018,Brock Purdy,Iowa State,2022,,,6,pass,0.5151004791259766,False,37.0
2018,Brock Purdy,Iowa State,2022,,,0,pass,-0.5610487461090088,False,28.0
2018,Brock Purdy,Iowa State,2022,,,28,pass,1.9398157596588135,False,68.0
2018,Brock Purdy,Iowa State,2022,,,6,pass,0.2902611494064331,False,80.0
2018,Brock Purdy,Iowa State,2022,,,28,pass,2.0860776901245117,False,48.0
2018,Brock Purdy,Iowa State,2022,,,11,pass,0.8876038789749146,False,59.0
2018,Brock Purdy,Iowa State,2022,,,18,pass,0.9739803671836853,False,51.0
2018,Brock Purdy,Iowa State,2022,,,-1,pass,-0.4391099810600281,False,68.0
2018,Brock Purdy,Iowa State,2022,,,7,pass,0.17227983474731445,False,75.0
2018,Brock Purdy,Iowa State,2022,,,36,pass,2.677666664123535,False,44.0
2018,Brock Purdy,Iowa State,2022,,,25,pass,1.7181520462036133,False,69.0
2018,Brock Purdy,Iowa State,2022,,,0,pass,-1.291763424873352,False,38.0
2018,Brock Purdy,Iowa State,2022,,,-10,pass,-2.477017879486084,False,28.0
2018,Brock Purdy,Iowa State,2022,,,16,pass,1.1523175239562988,False,46.0
2018,Brock Purdy,Iowa State,2022,,,13,pass,0.34901201725006104,False,70.0
2018,Brock Purdy,Iowa State,2022,,,-4,pass,-1.5732825994491577,False,66.0
2018,Brock Purdy,Iowa State,2022,,,-2,pass,-1.0346108675003052,False,64.0
2018,Brock Purdy,Iowa State,2022,,,81,pass,-1.3040804862976074,False,33.0
2018,Brock Purdy,Iowa State,2022,,,34,pass,2.208677053451538,False,72.0
2018,Brock Purdy,Iowa State,2022,,,0,pass,-0.8502432703971863,False,83.0
2018,Brock Purdy,Iowa State,2022,,,0,pass,-4.178115367889404,False,53.0
2018,Brock Purdy,Iowa State,2022,,,17,pass,1.1393756866455078,False,80.0
2018,Brock Purdy,Iowa State,2022,,,3,pass,-0.45192912220954895,False,87.0
2018,Brock Purdy,Iowa State,2022,,,0,pass,-1.2140142917633057,False,84.0
2018,Brock Purdy,Iowa State,2022,,,7,pass,2.8999223709106445,True,7.0
2018,Brock Purdy,Iowa State,2022,,,15,pass,0.9955282211303711,False,60.0
2018,Brock Purdy,Iowa State,2022,,,15,pass,1.0226953029632568,False,45.0
2018,Brock Purdy,Iowa State,2022,,,6,pass,0.19105982780456543,False,30.0
2018,Brock Purdy,Iowa State,2022,,,0,pass,-0.5819215774536133,False,19.0
2018,Brock Purdy,Iowa State,2022,,,0,pass,-0.927828311920166,False,7.0
2018,Brock Purdy,Iowa State,2022,,,9,pass,0.6408555507659912,False,63.0
2018,Brock Purdy,Iowa State,2022,,,-9,pass,-5.885333061218262,False,53.0
2018,Brock Purdy,Iowa State,2022,,,24,pass,-0.04791522026062012,False,62.0
2018,Brock Purdy,Iowa State,2022,,,0,pass,-0.21827447414398193,False,38.0
2018,Brock Purdy,Iowa State,2022,,,8,pass,0.5041035413742065,False,38.0
2018,Brock Purdy,Iowa State,2022,,,0,pass,-0.9007186889648438,False,30.0
2018,Brock Purdy,Iowa State,2022,,,0,pass,-0.5341587066650391,False,11.0
2018,Brock Purdy,Iowa State,2022,,,12,pass,2.0831570625305176,False,56.0
2018,Brock Purdy,Iowa State,2022,,,8,pass,0.6249744892120361,False,44.0
2018,Brock Purdy,Iowa State,2022,,,0,pass,-2.849693775177002,False,37.0
2018,Brock Purdy,Iowa State,2022,,,0,pass,-0.8995968103408813,False,56.0
2018,Brock Purdy,Iowa State,2022,,,17,pass,2.4232699871063232,False,47.0
2018,Brock Purdy,Iowa State,2022,,,14,pass,1.3070883750915527,False,28.0
2018,Brock Purdy,Iowa State,2022,,,-2,pass,-1.3763059377670288,False,74.0
2018,Brock Purdy,Iowa State,2022,,,-9,pass,-2.3999810218811035,False,70.0
2019,Brock Purdy,Iowa State,2022,,,0,pass,-0.02217245101928711,False,75.0
2019,Brock Purdy,Iowa State,2022,,,19,pass,0.47867152094841003,False,75.0
2019,Brock Purdy,Iowa State,2022,,,-10,pass,-3.3687326908111572,False,56.0
2019,Brock Purdy,Iowa State,2022,,,20,pass,3.5396411418914795,True,20.0
2019,Brock Purdy,Iowa State,2022,,,17,pass,6.423876762390137,False,65.0
2019,Brock Purdy,Iowa State,2022,,,5,pass,0.1451706886291504,False,48.0
2019,Brock Purdy,Iowa State,2022,,,3,pass,-0.12397933006286621,False,43.0
2019,Brock Purdy,Iowa State,2022,,,0,pass,-0.4968299865722656,False,25.0
2019,Brock Purdy,Iowa State,2022,,,12,pass,2.085575580596924,True,12.0
2019,Brock Purdy,Iowa State,2022,,,28,pass,1.9289287328720093,False,66.0
2019,Brock Purdy,Iowa State,2022,,,7,pass,0.29799509048461914,False,38.0
2019,Brock Purdy,Iowa State,2022,,,14,pass,3.0522923469543457,False,41.0
2019,Brock Purdy,Iowa State,2022,,,30,pass,2.6599795818328857,False,33.0
2019,Brock Purdy,Iowa State,2022,,,0,pass,-0.583767831325531,False,75.0
2019,Brock Purdy,Iowa State,2022,,,33,pass,3.839158058166504,False,70.0
2019,Brock Purdy,Iowa State,2022,,,8,pass,0.2956562042236328,False,42.0
2019,Brock Purdy,Iowa State,2022,,,-10,pass,-2.0464038848876953,False,34.0
2019,Brock Purdy,Iowa State,2022,,,0,pass,-1.0608875751495361,False,44.0
2019,Brock Purdy,Iowa State,2022,,,2,pass,-1.350456953048706,False,44.0
2019,Brock Purdy,Iowa State,2022,,,0,pass,-0.5537943243980408,False,75.0
2019,Brock Purdy,Iowa State,2022,,,0,pass,-0.8942106366157532,False,75.0
2019,Brock Purdy,Iowa State,2022,,,15,pass,2.7515547275543213,False,75.0
2019,Brock Purdy,Iowa State,2022,,,0,pass,-1.4280580282211304,False,58.0
2019,Brock Purdy,Iowa State,2022,,,2,pass,0.3737853765487671,False,34.0
2019,Brock Purdy,Iowa State,2022,,,11,pass,0.40448617935180664,False,74.0
2019,Brock Purdy,Iowa State,2022,,,11,pass,0.3908977508544922,False,63.0
2019,Brock Purdy,Iowa State,2022,,,18,pass,1.3522708415985107,False,52.0
2019,Brock Purdy,Iowa State,2022,,,11,pass,0.5915375351905823,False,81.0
2019,Brock Purdy,Iowa State,2022,,,24,pass,2.1391258239746094,False,69.0
2019,Brock Purdy,Iowa State,2022,,,0,pass,-4.739986419677734,False,39.0
2019,Brock Purdy,Iowa State,2022,,,13,pass,2.452367067337036,False,51.0
2019,Brock Purdy,Iowa State,2022,,,-5,pass,-1.5148265361785889,False,38.0
2019,Brock Purdy,Iowa State,2022,,,11,pass,1.1090946197509766,False,43.0
2019,Brock Purdy,Iowa State,2022,,,0,pass,-1.5224775075912476,False,32.0
2019,Brock Purdy,Iowa State,2022,,,11,pass,2.407717227935791,False,60.0
2019,Brock Purdy,Iowa State,2022,,,0,pass,-0.9480959177017212,False,45.0
2019,Brock Purdy,Iowa State,2022,,,12,pass,2.083469867706299,False,81.0
2019,Brock Purdy,Iowa State,2022,,,9,pass,-0.00828707218170166,False,76.0
2019,Brock Purdy,Iowa State,2022,,,5,pass,0.23594993352890015,False,75.0
2019,Brock Purdy,Iowa State,2022,,,6,pass,0.7189892530441284,False,70.0
2019,Brock Purdy,Iowa State,2022,,,0,pass,-0.6720064878463745,False,64.0
2019,Brock Purdy,Iowa State,2022,,,0,pass,-1.5827312469482422,False,64.0
2019,Brock Purdy,Iowa State,2022,,,0,pass,-0.03484702110290527,False,9.0
2019,Brock Purdy,Iowa State,2022,,,9,pass,4.297733306884766,True,9.0
2019,Brock Purdy,Iowa State,2022,,,14,pass,0.631072998046875,False,25.0
2019,Brock Purdy,Iowa State,2022,,,-1,pass,-0.06706070899963379,False,11.0
2019,Brock Purdy,Iowa State,2022,,,10,pass,1.1717257499694824,False,12.0
2019,Brock Purdy,Iowa State,2022,,,14,pass,0.31827378273010254,False,19.0
2019,Brock Purdy,Iowa State,2022,,,9,pass,1.6293058395385742,False,17.0
2019,Brock Purdy,Iowa State,2022,,,0,pass,-0.655057430267334,False,8.0
2019,Brock Purdy,Iowa State,2022,,,10,pass,0.4566558599472046,False,79.0
2019,Brock Purdy,Iowa State,2022,,,11,pass,0.5945965051651001,False,69.0
2019,Brock Purdy,Iowa State,2022,,,10,pass,0.9919852018356323,False,54.0
2019,Brock Purdy,Iowa State,2022,,,0,pass,-0.906069278717041,False,40.0
2019,Brock Purdy,Iowa State,2022,,,6,pass,3.1175918579101562,False,38.0
2019,Brock Purdy,Iowa State,2022,,,7,pass,0.423433780670166,False,32.0
2019,Brock Purdy,Iowa State,2022,,,4,pass,1.238344669342041,False,59.0
2019,Brock Purdy,Iowa State,2022,,,2,pass,-0.5030622482299805,False,55.0
2019,Brock Purdy,Iowa State,2022,,,7,pass,1.4402154684066772,False,48.0
2019,Brock Purdy,Iowa State,2022,,,22,pass,1.3471693992614746,False,41.0
2019,Brock Purdy,Iowa State,2022,,,53,pass,0.33011674880981445,True,46.0
2019,Brock Purdy,Iowa State,2022,,,0,pass,-0.6299073696136475,False,46.0
2019,Brock Purdy,Iowa State,2022,,,0,pass,-0.9170314073562622,False,46.0
2019,Brock Purdy,Iowa State,2022,,,7,pass,1.7989211082458496,True,7.0
2019,Brock Purdy,Iowa State,2022,,,14,pass,0.9087390899658203,False,52.0
2019,Brock Purdy,Iowa State,2022,,,20,pass,1.517979383468628,False,30.0
2019,Brock Purdy,Iowa State,2022,,,0,pass,-1.1748995780944824,False,41.0
2019,Brock Purdy,Iowa State,2022,,,0,pass,-3.417696952819824,False,41.0
2019,Brock Purdy,Iowa State,2022,,,21,pass,0.9711387157440186,False,75.0
2019,Brock Purdy,Iowa State,2022,,,4,pass,-0.5382696390151978,False,49.0
2019,Brock Purdy,Iowa State,2022,,,0,pass,-0.7136800289154053,False,29.0
2019,Brock Purdy,Iowa State,2022,,,4,pass,-0.01412343978881836,False,29.0
2019,Brock Purdy,Iowa State,2022,,,0,pass,-1.2185014486312866,False,25.0
2019,Brock Purdy,Iowa State,2022,,,10,pass,1.3675408363342285,False,58.0
2019,Brock Purdy,Iowa State,2022,,,11,pass,0.609757661819458,False,48.0
2019,Brock Purdy,Iowa State,2022,,,12,pass,0.7426433563232422,False,37.0
2019,Brock Purdy,Iowa State,2022,,,12,pass,0.6976126432418823,False,71.0
2019,Brock Purdy,Iowa State,2022,,,-10,pass,-1.8350117206573486,False,59.0
2019,Brock Purdy,Iowa State,2022,,,11,pass,-0.2667989730834961,False,64.0
2019,Brock Purdy,Iowa State,2022,,,0,pass,-1.0862542390823364,False,73.0
2019,Brock Purdy,Iowa State,2022,,,14,pass,2.565152168273926,False,73.0
2019,Brock Purdy,Iowa State,2022,,,-11,pass,-1.1336917877197266,False,59.0
2019,Brock Purdy,Iowa State,2022,,,15,pass,1.5943324565887451,False,65.0
2019,Brock Purdy,Iowa State,2022,,,0,pass,-1.8498542308807373,False,50.0
2019,Brock Purdy,Iowa State,2022,,,0,pass,-2.2649192810058594,False,39.0
2019,Brock Purdy,Iowa State,2022,,,7,pass,0.4918041229248047,False,41.0
2019,Brock Purdy,Iowa State,2022,,,21,pass,0.9889528751373291,False,75.0
2019,Brock Purdy,Iowa State,2022,,,0,pass,-0.8242189884185791,False,9.0
2019,Brock Purdy,Iowa State,2022,,,0,pass,-0.7533864974975586,False,9.0
2019,Brock Purdy,Iowa State,2022,,,8,pass,0.7253627777099609,False,25.0
2019,Brock Purdy,Iowa State,2022,,,7,pass,0.5728428363800049,False,32.0
2019,Brock Purdy,Iowa State,2022,,,15,pass,0.9043521881103516,False,51.0
2019,Brock Purdy,Iowa State,2022,,,13,pass,0.6422867774963379,False,64.0
2019,Brock Purdy,Iowa State,2022,,,11,pass,2.344677209854126,False,75.0
2019,Brock Purdy,Iowa State,2022,,,0,pass,-0.8723891973495483,False,75.0
2019,Brock Purdy,Iowa State,2022,,,0,pass,-0.6610426902770996,False,75.0
2019,Brock Purdy,Iowa State,2022,,,1,pass,-0.584442138671875,False,95.0
2019,Brock Purdy,Iowa State,2022,,,0,pass,-1.791818380355835,False,37.0
2019,Brock Purdy,Iowa State,2022,,,0,pass,-1.0210460424423218,False,37.0
2019,Brock Purdy,Iowa State,2022,,,9,pass,1.3192143440246582,False,62.0
2019,Brock Purdy,Iowa State,2022,,,7,pass,0.40643465518951416,False,69.0
2019,Brock Purdy,Iowa State,2022,,,18,pass,1.0275465250015259,False,87.0
2019,Brock Purdy,Iowa State,2022,,,73,pass,5.681511878967285,True,73.0
2019,Brock Purdy,Iowa State,2022,,,3,pass,-0.06253361701965332,False,33.0
2019,Brock Purdy,Iowa State,2022,,,5,pass,-0.2468397617340088,False,49.0
2019,Brock Purdy,Iowa State,2022,,,3,pass,-0.3368668556213379,False,52.0
2019,Brock Purdy,Iowa State,2022,,,1,pass,-1.4109437465667725,False,49.0
2019,Brock Purdy,Iowa State,2022,,,17,pass,1.4460432529449463,False,64.0
2019,Brock Purdy,Iowa State,2022,,,1,pass,-0.5719163417816162,False,65.0
2019,Brock Purdy,Iowa State,2022,,,7,pass,0.2940371036529541,False,80.0
2019,Brock Purdy,Iowa State,2022,,,4,pass,-0.3986952304840088,False,39.0
2019,Brock Purdy,Iowa State,2022,,,17,pass,1.5876433849334717,False,56.0
2019,Brock Purdy,Iowa State,2022,,,0,pass,-0.6217641830444336,False,56.0
2019,Brock Purdy,Iowa State,2022,,,4,pass,-0.3587980270385742,False,55.0
2019,Brock Purdy,Iowa State,2022,,,12,pass,0.7629586458206177,False,74.0
2019,Brock Purdy,Iowa State,2022,,,12,pass,0.8041319847106934,False,86.0
2019,Brock Purdy,Iowa State,2022,,,12,pass,1.8326020240783691,True,12.0
2019,Brock Purdy,Iowa State,2022,,,15,pass,1.1690502166748047,False,75.0
2019,Brock Purdy,Iowa State,2022,,,16,pass,0.5245146751403809,False,60.0
2019,Brock Purdy,Iowa State,2022,,,11,pass,0.4306001663208008,False,44.0
2019,Brock Purdy,Iowa State,2022,,,21,pass,0.7475275993347168,False,33.0
2019,Brock Purdy,Iowa State,2022,,,84,pass,5.357181549072266,True,84.0
2019,Brock Purdy,Iowa State,2022,,,0,pass,-0.9039433002471924,False,84.0
2019,Brock Purdy,Iowa State,2022,,,26,pass,1.9159660339355469,False,74.0
2019,Brock Purdy,Iowa State,2022,,,22,pass,-4.427919387817383,False,35.0
2019,Brock Purdy,Iowa State,2022,,,0,pass,-0.615708589553833,False,20.0
2019,Brock Purdy,Iowa State,2022,,,0,pass,-0.6101968288421631,False,71.0
2019,Brock Purdy,Iowa State,2022,,,9,pass,1.3852324485778809,False,71.0
2019,Brock Purdy,Iowa State,2022,,,4,pass,-0.2294158935546875,False,62.0
2019,Brock Purdy,Iowa State,2022,,,26,pass,1.491370439529419,False,50.0
2019,Brock Purdy,Iowa State,2022,,,0,pass,-1.8630778789520264,False,3.0
2019,Brock Purdy,Iowa State,2022,,,47,pass,2.159412384033203,False,64.0
2019,Brock Purdy,Iowa State,2022,,,0,pass,-0.6038589477539062,False,6.0
2019,Brock Purdy,Iowa State,2022,,,73,pass,3.85780668258667,True,73.0
2019,Brock Purdy,Iowa State,2022,,,2,pass,-1.497565507888794,False,75.0
2019,Brock Purdy,Iowa State,2022,,,8,pass,0.36081933975219727,False,40.0
2019,Brock Purdy,Iowa State,2022,,,10,pass,-0.33708715438842773,False,69.0
2019,Brock Purdy,Iowa State,2022,,,14,pass,0.9375014305114746,False,59.0
2019,Brock Purdy,Iowa State,2022,,,6,pass,0.2988548278808594,False,26.0
2019,Brock Purdy,Iowa State,2022,,,13,pass,0.9397215843200684,False,20.0
2019,Brock Purdy,Iowa State,2022,,,2,pass,-0.48575079441070557,False,77.0
2019,Brock Purdy,Iowa State,2022,,,14,pass,1.6012240648269653,False,67.0
2019,Brock Purdy,Iowa State,2022,,,14,pass,-5.563794136047363,False,86.0
2019,Brock Purdy,Iowa State,2022,,,41,pass,2.7849435806274414,False,50.0
2019,Brock Purdy,Iowa State,2022,,,0,pass,-0.9442861080169678,False,75.0
2019,Brock Purdy,Iowa State,2022,,,0,pass,-1.4518249034881592,False,75.0
2019,Brock Purdy,Iowa State,2022,,,30,pass,1.3984265327453613,False,75.0
2019,Brock Purdy,Iowa State,2022,,,23,pass,2.3935718536376953,False,26.0
2019,Brock Purdy,Iowa State,2022,,,17,pass,0.8845174312591553,False,59.0
2019,Brock Purdy,Iowa State,2022,,,4,pass,-0.19392895698547363,False,42.0
2019,Brock Purdy,Iowa State,2022,,,8,pass,0.3222377300262451,False,43.0
2019,Brock Purdy,Iowa State,2022,,,-5,pass,-2.4645419120788574,False,35.0
2019,Brock Purdy,Iowa State,2022,,,25,pass,3.141808271408081,True,25.0
2019,Brock Purdy,Iowa State,2022,,,0,pass,-0.49538731575012207,False,47.0
2019,Brock Purdy,Iowa State,2022,,,7,pass,0.19996953010559082,False,47.0
2019,Brock Purdy,Iowa State,2022,,,4,pass,-0.35126519203186035,False,58.0
2019,Brock Purdy,Iowa State,2022,,,8,pass,1.8987207412719727,False,55.0
2019,Brock Purdy,Iowa State,2022,,,4,pass,-0.2131054401397705,False,41.0
2019,Brock Purdy,Iowa State,2022,,,0,pass,-3.7371761798858643,False,33.0
2019,Brock Purdy,Iowa State,2022,,,8,pass,1.4933037757873535,False,68.0
2019,Brock Purdy,Iowa State,2022,,,4,pass,-0.19802355766296387,False,56.0
2019,Brock Purdy,Iowa State,2022,,,0,pass,-1.8632148504257202,False,52.0
2019,Brock Purdy,Iowa State,2022,,,31,pass,1.722050428390503,False,64.0
2019,Brock Purdy,Iowa State,2022,,,3,pass,-0.3712773323059082,False,33.0
2019,Brock Purdy,Iowa State,2022,,,1,pass,0.41517019271850586,True,1.0
2019,Brock Purdy,Iowa State,2022,,,26,pass,2.458913564682007,False,78.0
2019,Brock Purdy,Iowa State,2022,,,3,pass,-0.664164662361145,False,52.0
2019,Brock Purdy,Iowa State,2022,,,9,pass,2.240788459777832,False,49.0
2019,Brock Purdy,Iowa State,2022,,,18,pass,2.378507614135742,True,18.0
2019,Brock Purdy,Iowa State,2022,,,7,pass,1.096048355102539,False,32.0
2019,Brock Purdy,Iowa State,2022,,,24,pass,1.0788002014160156,False,62.0
2019,Brock Purdy,Iowa State,2022,,,9,pass,1.9494869709014893,False,44.0
2019,Brock Purdy,Iowa State,2022,,,12,pass,2.4650142192840576,False,57.0
2019,Brock Purdy,Iowa State,2022,,,5,pass,-0.6982450485229492,False,62.0
2019,Brock Purdy,Iowa State,2022,,,-7,pass,-1.2860779762268066,False,55.0
2019,Brock Purdy,Iowa State,2022,,,20,pass,1.0903947353363037,False,75.0
2019,Brock Purdy,Iowa State,2022,,,0,pass,-1.9313901662826538,False,49.0
2019,Brock Purdy,Iowa State,2022,,,5,pass,-0.16991066932678223,False,54.0
2019,Brock Purdy,Iowa State,2022,,,9,pass,1.3640830516815186,False,64.0
2019,Brock Purdy,Iowa State,2022,,,0,pass,-0.8507883548736572,False,64.0
2019,Brock Purdy,Iowa State,2022,,,40,pass,-1.815500259399414,False,52.0
2019,Brock Purdy,Iowa State,2022,,,0,pass,-0.8151962161064148,False,68.0
2019,Brock Purdy,Iowa State,2022,,,0,pass,-0.6143603324890137,False,30.0
2019,Brock Purdy,Iowa State,2022,,,-8,pass,-2.2820181846618652,False,41.0
2019,Brock Purdy,Iowa State,2022,,,21,pass,1.1419157981872559,False,66.0
2019,Brock Purdy,Iowa State,2022,,,11,pass,2.0333008766174316,False,12.0
2019,Brock Purdy,Iowa State,2022,,,3,pass,-0.28052806854248047,False,15.0
2019,Brock Purdy,Iowa State,2022,,,10,pass,3.3375821113586426,False,28.0
2019,Brock Purdy,Iowa State,2022,,,17,pass,1.9036062955856323,False,45.0
2019,Brock Purdy,Iowa State,2022,,,12,pass,1.305728793144226,False,65.0
2019,Brock Purdy,Iowa State,2022,,,0,pass,-0.6032367944717407,False,65.0
2019,Brock Purdy,Iowa State,2022,,,19,pass,-4.737510681152344,True,81.0
2019,Brock Purdy,Iowa State,2022,,,0,pass,-1.038630723953247,False,76.0
2019,Brock Purdy,Iowa State,2022,,,0,pass,-0.6694141030311584,False,76.0
2019,Brock Purdy,Iowa State,2022,,,1,pass,-0.7216176986694336,False,69.0
2019,Brock Purdy,Iowa State,2022,,,0,pass,-1.182778000831604,False,58.0
2019,Brock Purdy,Iowa State,2022,,,-4,pass,-1.7455600500106812,False,54.0
2019,Brock Purdy,Iowa State,2022,,,7,pass,0.42038917541503906,False,65.0
2019,Brock Purdy,Iowa State,2022,,,10,pass,0.7836484909057617,False,75.0
2019,Brock Purdy,Iowa State,2022,,,44,pass,3.0412025451660156,False,74.0
2019,Brock Purdy,Iowa State,2022,,,10,pass,0.6757739782333374,False,75.0
2019,Brock Purdy,Iowa State,2022,,,0,pass,-0.5687987804412842,False,65.0
2019,Brock Purdy,Iowa State,2022,,,11,pass,1.0282540321350098,False,65.0
2019,Brock Purdy,Iowa State,2022,,,0,pass,-1.0191106796264648,False,55.0
2019,Brock Purdy,Iowa State,2022,,,21,pass,-4.161028861999512,False,55.0
2019,Brock Purdy,Iowa State,2022,,,0,pass,-0.9968512058258057,False,59.0
2019,Brock Purdy,Iowa State,2022,,,5,pass,-0.8183825016021729,False,64.0
2019,Brock Purdy,Iowa State,2022,,,6,pass,0.04506862163543701,False,75.0
2019,Brock Purdy,Iowa State,2022,,,17,pass,0.9144490957260132,False,69.0
2019,Brock Purdy,Iowa State,2022,,,4,pass,0.024983644485473633,False,37.0
2019,Brock Purdy,Iowa State,2022,,,4,pass,-0.6192549467086792,False,29.0
2019,Brock Purdy,Iowa State,2022,,,0,pass,-1.3017780780792236,False,72.0
2019,Brock Purdy,Iowa State,2022,,,0,pass,-0.8529962301254272,False,72.0
2019,Brock Purdy,Iowa State,2022,,,0,pass,-0.5738215446472168,False,72.0
2019,Brock Purdy,Iowa State,2022,,,17,pass,0.8330812454223633,True,17.0
2019,Brock Purdy,Iowa State,2022,,,61,pass,2.98758602142334,False,78.0
2019,Brock Purdy,Iowa State,2022,,,6,pass,2.6678614616394043,True,6.0
2019,Brock Purdy,Iowa State,2022,,,49,pass,3.062654733657837,False,52.0
2019,Brock Purdy,Iowa State,2022,,,0,pass,-0.5962767601013184,False,80.0
2019,Brock Purdy,Iowa State,2022,,,8,pass,0.12897086143493652,False,80.0
2019,Brock Purdy,Iowa State,2022,,,4,pass,1.0987873077392578,False,72.0
2019,Brock Purdy,Iowa State,2022,,,8,pass,0.5854215621948242,False,68.0
2019,Brock Purdy,Iowa State,2022,,,24,pass,3.238077163696289,True,24.0
2019,Brock Purdy,Iowa State,2022,,,9,pass,1.9998266696929932,False,74.0
2019,Brock Purdy,Iowa State,2022,,,10,pass,0.79471755027771,False,50.0
2019,Brock Purdy,Iowa State,2022,,,19,pass,1.0988595485687256,False,40.0
2019,Brock Purdy,Iowa State,2022,,,12,pass,1.051506757736206,False,70.0
2019,Brock Purdy,Iowa State,2022,,,38,pass,2.3494415283203125,False,58.0
2019,Brock Purdy,Iowa State,2022,,,5,pass,0.1598830223083496,False,20.0
2019,Brock Purdy,Iowa State,2022,,,0,pass,-0.8747642040252686,False,15.0
2019,Brock Purdy,Iowa State,2022,,,7,pass,-1.8200465440750122,False,30.0
2019,Brock Purdy,Iowa State,2022,,,12,pass,-0.057510703802108765,False,76.0
2019,Brock Purdy,Iowa State,2022,,,2,pass,-2.1304314136505127,False,64.0
2019,Brock Purdy,Iowa State,2022,,,8,pass,0.43211889266967773,False,51.0
2019,Brock Purdy,Iowa State,2022,,,4,pass,-4.192866802215576,False,43.0
2019,Brock Purdy,Iowa State,2022,,,11,pass,0.6528823971748352,False,72.0
2019,Brock Purdy,Iowa State,2022,,,-7,pass,-1.6254851818084717,False,64.0
2019,Brock Purdy,Iowa State,2022,,,26,pass,-6.570403099060059,True,79.0
2019,Brock Purdy,Iowa State,2022,,,0,pass,-0.9893460273742676,False,79.0
2019,Brock Purdy,Iowa State,2022,,,6,pass,0.33357906341552734,False,13.0
2019,Brock Purdy,Iowa State,2022,,,12,pass,1.4825221300125122,False,76.0
2019,Brock Purdy,Iowa State,2022,,,7,pass,0.5226428508758545,False,64.0
2019,Brock Purdy,Iowa State,2022,,,7,pass,0.37431800365448,False,57.0
2019,Brock Purdy,Iowa State,2022,,,0,pass,-0.5850037336349487,False,50.0
2019,Brock Purdy,Iowa State,2022,,,0,pass,-0.9125397801399231,False,50.0
2019,Brock Purdy,Iowa State,2022,,,13,pass,2.3758411407470703,False,50.0
2019,Brock Purdy,Iowa State,2022,,,-1,pass,-1.014033555984497,False,37.0
2019,Brock Purdy,Iowa State,2022,,,25,pass,2.8448805809020996,False,38.0
2019,Brock Purdy,Iowa State,2022,,,4,pass,-0.03603094816207886,False,75.0
2019,Brock Purdy,Iowa State,2022,,,0,pass,-0.6126117706298828,False,64.0
2019,Brock Purdy,Iowa State,2022,,,0,pass,-0.8414322733879089,False,64.0
2019,Brock Purdy,Iowa State,2022,,,2,pass,-1.4530028104782104,False,64.0
2019,Brock Purdy,Iowa State,2022,,,22,pass,1.3440685272216797,False,31.0
2019,Brock Purdy,Iowa State,2022,,,6,pass,0.08301949501037598,False,76.0
2019,Brock Purdy,Iowa State,2022,,,0,pass,-1.4598829746246338,False,70.0
2019,Brock Purdy,Iowa State,2022,,,7,pass,0.4892287254333496,False,19.0
2019,Brock Purdy,Iowa State,2022,,,0,pass,-0.9592304229736328,False,12.0
2019,Brock Purdy,Iowa State,2022,,,13,pass,-0.2106168270111084,False,72.0
2019,Brock Purdy,Iowa State,2022,,,14,pass,0.476587176322937,False,59.0
2019,Brock Purdy,Iowa State,2022,,,9,pass,0.8962334394454956,False,45.0
2019,Brock Purdy,Iowa State,2022,,,0,pass,-0.30515503883361816,False,34.0
2019,Brock Purdy,Iowa State,2022,,,15,pass,1.2588481903076172,False,34.0
2019,Brock Purdy,Iowa State,2022,,,5,pass,0.5480937957763672,False,24.0
2019,Brock Purdy,Iowa State,2022,,,12,pass,1.018157720565796,False,75.0
2019,Brock Purdy,Iowa State,2022,,,16,pass,1.3720914125442505,False,59.0
2019,Brock Purdy,Iowa State,2022,,,7,pass,0.539539098739624,False,43.0
2019,Brock Purdy,Iowa State,2022,,,5,pass,2.531480312347412,False,36.0
2019,Brock Purdy,Iowa State,2022,,,0,pass,-0.4831070899963379,False,31.0
2019,Brock Purdy,Iowa State,2022,,,10,pass,1.0421526432037354,False,31.0
2019,Brock Purdy,Iowa State,2022,,,4,pass,-0.06555198132991791,False,75.0
2019,Brock Purdy,Iowa State,2022,,,18,pass,1.2155771255493164,False,60.0
2019,Brock Purdy,Iowa State,2022,,,14,pass,1.3221280574798584,False,38.0
2019,Brock Purdy,Iowa State,2022,,,0,pass,-0.7772367000579834,False,15.0
2019,Brock Purdy,Iowa State,2022,,,18,pass,3.467085599899292,True,18.0
2019,Brock Purdy,Iowa State,2022,,,23,pass,1.7234987020492554,False,83.0
2019,Brock Purdy,Iowa State,2022,,,9,pass,0.9940986633300781,False,60.0
2019,Brock Purdy,Iowa State,2022,,,27,pass,2.1795053482055664,False,75.0
2019,Brock Purdy,Iowa State,2022,,,3,pass,-0.37486469745635986,False,48.0
2019,Brock Purdy,Iowa State,2022,,,6,pass,0.7359992861747742,False,84.0
2019,Brock Purdy,Iowa State,2022,,,13,pass,1.0772590637207031,False,78.0
2019,Brock Purdy,Iowa State,2022,,,9,pass,1.2620526552200317,False,63.0
2019,Brock Purdy,Iowa State,2022,,,3,pass,-0.44408488273620605,False,54.0
2019,Brock Purdy,Iowa State,2022,,,0,pass,-2.1511669158935547,False,47.0
2019,Brock Purdy,Iowa State,2022,,,-5,pass,-1.4860234260559082,False,75.0
2019,Brock Purdy,Iowa State,2022,,,0,pass,-0.9912442564964294,False,80.0
2019,Brock Purdy,Iowa State,2022,,,1,pass,-0.8870512247085571,False,80.0
2019,Brock Purdy,Iowa State,2022,,,13,pass,3.7108824253082275,True,13.0
2019,Brock Purdy,Iowa State,2022,,,16,pass,2.131075143814087,False,24.0
2019,Brock Purdy,Iowa State,2022,,,0,pass,-0.6406674385070801,False,38.0
2019,Brock Purdy,Iowa State,2022,,,33,pass,3.685896635055542,True,33.0
2019,Brock Purdy,Iowa State,2022,,,27,pass,1.738355040550232,False,80.0
2019,Brock Purdy,Iowa State,2022,,,0,pass,-3.047504425048828,False,13.0
2019,Brock Purdy,Iowa State,2022,,,10,pass,3.7702853679656982,False,19.0
2019,Brock Purdy,Iowa State,2022,,,0,pass,-0.9059524536132812,False,19.0
2019,Brock Purdy,Iowa State,2022,,,3,pass,1.1030797958374023,True,3.0
2019,Brock Purdy,Iowa State,2022,,,0,pass,-0.6756196022033691,False,14.0
2019,Brock Purdy,Iowa State,2022,,,27,pass,3.426656723022461,False,41.0
2019,Brock Purdy,Iowa State,2022,,,5,pass,0.38544926047325134,False,61.0
2019,Brock Purdy,Iowa State,2022,,,2,pass,-0.7469503879547119,False,63.0
2019,Brock Purdy,Iowa State,2022,,,12,pass,2.594369411468506,False,21.0
2019,Brock Purdy,Iowa State,2022,,,3,pass,0.22151446342468262,False,19.0
2019,Brock Purdy,Iowa State,2022,,,0,pass,-0.45530617237091064,False,59.0
2019,Brock Purdy,Iowa State,2022,,,23,pass,3.6546921730041504,True,23.0
2019,Brock Purdy,Iowa State,2022,,,0,pass,-0.974984884262085,False,45.0
2019,Brock Purdy,Iowa State,2022,,,22,pass,2.6180434226989746,False,52.0
2019,Brock Purdy,Iowa State,2022,,,40,pass,4.2204084396362305,True,40.0
2019,Brock Purdy,Iowa State,2022,,,24,pass,3.099557876586914,False,74.0
2019,Brock Purdy,Iowa State,2022,,,19,pass,1.2194833755493164,False,88.0
2019,Brock Purdy,Iowa State,2022,,,0,pass,-1.7498424053192139,False,65.0
2019,Brock Purdy,Iowa State,2022,,,3,pass,-0.6210860013961792,False,72.0
2019,Brock Purdy,Iowa State,2022,,,0,pass,-1.1332647800445557,False,74.0
2019,Brock Purdy,Iowa State,2022,,,0,pass,-0.9660161733627319,False,74.0
2019,Brock Purdy,Iowa State,2022,,,0,pass,-0.8249306678771973,False,25.0
2019,Brock Purdy,Iowa State,2022,,,4,pass,0.11111736297607422,False,29.0
2019,Brock Purdy,Iowa State,2022,,,15,pass,0.726052463054657,False,82.0
2019,Brock Purdy,Iowa State,2022,,,22,pass,0.9593335390090942,False,67.0
2019,Brock Purdy,Iowa State,2022,,,20,pass,1.1411501169204712,False,75.0
2019,Brock Purdy,Iowa State,2022,,,0,pass,-0.6107006072998047,False,55.0
2019,Brock Purdy,Iowa State,2022,,,5,pass,-1.1212764978408813,False,55.0
2019,Brock Purdy,Iowa State,2022,,,9,pass,0.9997280836105347,False,71.0
2019,Brock Purdy,Iowa State,2022,,,12,pass,0.6054542064666748,False,62.0
2019,Brock Purdy,Iowa State,2022,,,0,pass,-1.234370470046997,False,53.0
2019,Brock Purdy,Iowa State,2022,,,16,pass,1.0476512908935547,False,67.0
2019,Brock Purdy,Iowa State,2022,,,0,pass,-0.5791654586791992,False,51.0
2019,Brock Purdy,Iowa State,2022,,,21,pass,1.6569538116455078,False,51.0
2019,Brock Purdy,Iowa State,2022,,,0,pass,-1.478905439376831,False,38.0
2019,Brock Purdy,Iowa State,2022,,,12,pass,2.0714516639709473,False,49.0
2019,Brock Purdy,Iowa State,2022,,,0,pass,-0.6316375732421875,False,37.0
2019,Brock Purdy,Iowa State,2022,,,6,pass,0.17760920524597168,False,37.0
2019,Brock Purdy,Iowa State,2022,,,0,pass,-1.6737779378890991,False,31.0
2019,Brock Purdy,Iowa State,2022,,,21,pass,1.5987176895141602,False,50.0
2019,Brock Purdy,Iowa State,2022,,,0,pass,-1.0284879207611084,False,31.0
2019,Brock Purdy,Iowa State,2022,,,0,pass,-1.020930290222168,False,31.0
2019,Brock Purdy,Iowa State,2022,,,75,pass,5.07401180267334,True,75.0
2019,Brock Purdy,Iowa State,2022,,,0,pass,-0.819411039352417,False,18.0
2019,Brock Purdy,Iowa State,2022,,,7,pass,0.8412477970123291,False,26.0
2019,Brock Purdy,Iowa State,2022,,,0,pass,-0.38254523277282715,False,19.0
2019,Brock Purdy,Iowa State,2022,,,0,pass,-0.6952347755432129,False,69.0
2019,Brock Purdy,Iowa State,2022,,,10,pass,1.8384945392608643,False,69.0
2019,Brock Purdy,Iowa State,2022,,,10,pass,0.7902498245239258,False,53.0
2019,Brock Purdy,Iowa State,2022,,,10,pass,0.6179230213165283,False,43.0
2019,Brock Purdy,Iowa State,2022,,,5,pass,0.27962541580200195,False,33.0
2019,Brock Purdy,Iowa State,2022,,,2,pass,-0.4311676025390625,False,28.0
2019,Brock Purdy,Iowa State,2022,,,8,pass,0.08160865306854248,False,80.0
2019,Brock Purdy,Iowa State,2022,,,3,pass,-0.8968375325202942,False,72.0
2019,Brock Purdy,Iowa State,2022,,,-3,pass,-5.383256435394287,False,69.0
2019,Brock Purdy,Iowa State,2022,,,-2,pass,-1.9634299278259277,False,31.0
2019,Brock Purdy,Iowa State,2022,,,0,pass,-3.1395750045776367,False,33.0
2019,Brock Purdy,Iowa State,2022,,,12,pass,0.6454098224639893,False,87.0
2019,Brock Purdy,Iowa State,2022,,,6,pass,0.10095834732055664,False,59.0
2019,Brock Purdy,Iowa State,2022,,,13,pass,0.9114718437194824,False,53.0
2019,Brock Purdy,Iowa State,2022,,,7,pass,0.39889001846313477,False,40.0
2019,Brock Purdy,Iowa State,2022,,,4,pass,-0.5147032737731934,False,75.0
2019,Brock Purdy,Iowa State,2022,,,0,pass,-1.3267598152160645,False,71.0
2019,Brock Purdy,Iowa State,2022,,,2,pass,0.5598654747009277,True,2.0
2019,Brock Purdy,Iowa State,2022,,,7,pass,0.543372392654419,False,39.0
2019,Brock Purdy,Iowa State,2022,,,0,pass,-0.6052453517913818,False,32.0
2019,Brock Purdy,Iowa State,2022,,,10,pass,1.1234681606292725,False,32.0
2019,Brock Purdy,Iowa State,2022,,,4,pass,4.3115739822387695,True,4.0
2019,Brock Purdy,Iowa State,2022,,,25,pass,2.8644649982452393,False,35.0
2019,Brock Purdy,Iowa State,2022,,,14,pass,0.09106147289276123,False,71.0
2019,Brock Purdy,Iowa State,2022,,,14,pass,0.9572606086730957,False,57.0
2019,Brock Purdy,Iowa State,2022,,,10,pass,1.2077162265777588,False,41.0
2019,Brock Purdy,Iowa State,2022,,,4,pass,-0.08741116523742676,False,31.0
2019,Brock Purdy,Iowa State,2022,,,21,pass,2.600969076156616,False,25.0
2019,Brock Purdy,Iowa State,2022,,,24,pass,1.654752254486084,True,24.0
2019,Brock Purdy,Iowa State,2022,,,13,pass,0.5000314712524414,False,43.0
2019,Brock Purdy,Iowa State,2022,,,6,pass,0.1917717456817627,False,30.0
2019,Brock Purdy,Iowa State,2022,,,-3,pass,-4.91029167175293,False,75.0
2019,Brock Purdy,Iowa State,2022,,,8,pass,0.5330250263214111,False,87.0
2019,Brock Purdy,Iowa State,2022,,,7,pass,0.5906696319580078,False,70.0
2019,Brock Purdy,Iowa State,2022,,,10,pass,1.4740827083587646,False,57.0
2019,Brock Purdy,Iowa State,2022,,,0,pass,-0.9531600475311279,False,45.0
2019,Brock Purdy,Iowa State,2022,,,7,pass,0.2536497116088867,False,45.0
2019,Brock Purdy,Iowa State,2022,,,4,pass,2.053617000579834,True,4.0
2019,Brock Purdy,Iowa State,2022,,,0,pass,-1.2969428300857544,False,59.0
2019,Brock Purdy,Iowa State,2022,,,0,pass,-1.023531198501587,False,42.0
2019,Brock Purdy,Iowa State,2022,,,16,pass,0.7349967956542969,False,27.0
2019,Brock Purdy,Iowa State,2022,,,10,pass,0.6005640029907227,False,14.0
2019,Brock Purdy,Iowa State,2022,,,17,pass,1.761804223060608,False,53.0
2019,Brock Purdy,Iowa State,2022,,,0,pass,-0.3509695529937744,False,36.0
2019,Brock Purdy,Iowa State,2022,,,0,pass,-0.5583938360214233,False,36.0
2019,Brock Purdy,Iowa State,2022,,,0,pass,-1.103144645690918,False,36.0
2019,Brock Purdy,Iowa State,2022,,,0,pass,-0.3620551824569702,False,53.0
2019,Brock Purdy,Iowa State,2022,,,0,pass,-0.528964102268219,False,53.0
2019,Brock Purdy,Iowa State,2022,,,0,pass,-0.5862100720405579,False,80.0
2019,Brock Purdy,Iowa State,2022,,,11,pass,2.0986759662628174,False,76.0
2019,Brock Purdy,Iowa State,2022,,,10,pass,1.9907431602478027,False,48.0
2019,Brock Purdy,Iowa State,2022,,,16,pass,1.1653437614440918,False,23.0
2019,Brock Purdy,Iowa State,2022,,,4,pass,0.5117731094360352,False,5.0
2019,Brock Purdy,Iowa State,2022,,,6,pass,-0.4875374138355255,False,85.0
2019,Brock Purdy,Iowa State,2022,,,20,pass,0.8387758731842041,False,89.0
2019,Brock Purdy,Iowa State,2022,,,0,pass,-1.3435180187225342,False,69.0
2019,Brock Purdy,Iowa State,2022,,,1,pass,2.7628417015075684,False,71.0
2019,Brock Purdy,Iowa State,2022,,,25,pass,2.530557155609131,True,25.0
2019,Brock Purdy,Iowa State,2022,,,30,pass,2.21232008934021,False,75.0
2019,Brock Purdy,Iowa State,2022,,,6,pass,0.07593321800231934,False,50.0
2019,Brock Purdy,Iowa State,2022,,,19,pass,2.7261197566986084,False,44.0
2019,Brock Purdy,Iowa State,2022,,,0,pass,-1.002364158630371,False,67.0
2019,Brock Purdy,Iowa State,2022,,,5,pass,-0.09468328952789307,False,75.0
2019,Brock Purdy,Iowa State,2022,,,26,pass,1.6536602973937988,False,70.0
2019,Brock Purdy,Iowa State,2022,,,0,pass,-0.6528569459915161,False,40.0
2019,Brock Purdy,Iowa State,2022,,,0,pass,-1.2864773273468018,False,40.0
2019,Brock Purdy,Iowa State,2022,,,0,pass,-2.3399109840393066,False,40.0
2019,Brock Purdy,Iowa State,2022,,,1,pass,-0.7614344954490662,False,71.0
2019,Brock Purdy,Iowa State,2022,,,4,pass,0.8963252305984497,False,63.0
2019,Brock Purdy,Iowa State,2022,,,0,pass,-0.5277213454246521,False,64.0
2019,Brock Purdy,Iowa State,2022,,,0,pass,-0.8288344144821167,False,64.0
2019,Brock Purdy,Iowa State,2022,,,0,pass,-0.6598215699195862,False,75.0
2019,Brock Purdy,Iowa State,2022,,,11,pass,1.8129384517669678,False,44.0
2019,Brock Purdy,Iowa State,2022,,,0,pass,-0.5591905117034912,False,33.0
2019,Brock Purdy,Iowa State,2022,,,8,pass,0.46255064010620117,False,22.0
2019,Brock Purdy,Iowa State,2022,,,-7,pass,-1.4017506837844849,False,50.0
2019,Brock Purdy,Iowa State,2022,,,0,pass,-1.0505768060684204,False,57.0
2019,Brock Purdy,Iowa State,2022,,,6,pass,0.4187847971916199,False,75.0
2019,Brock Purdy,Iowa State,2022,,,0,pass,-0.9780687093734741,False,78.0
2019,Brock Purdy,Iowa State,2022,,,60,pass,2.8506805896759033,False,80.0
2019,Brock Purdy,Iowa State,2022,,,15,pass,3.3259456157684326,True,15.0
2019,Brock Purdy,Iowa State,2022,,,18,pass,1.824270248413086,False,41.0
2019,Brock Purdy,Iowa State,2022,,,0,pass,-0.7741684913635254,False,28.0
2019,Brock Purdy,Iowa State,2022,,,13,pass,4.31988000869751,False,26.0
2019,Brock Purdy,Iowa State,2022,,,6,pass,-0.10791456699371338,False,80.0
2019,Brock Purdy,Iowa State,2022,,,0,pass,-1.0387223958969116,False,74.0
2019,Brock Purdy,Iowa State,2022,,,0,pass,-0.5707331895828247,False,55.0
2019,Brock Purdy,Iowa State,2022,,,0,pass,-0.8999819755554199,False,55.0
2019,Brock Purdy,Iowa State,2022,,,7,pass,-0.9311481714248657,False,55.0
2019,Brock Purdy,Iowa State,2022,,,4,pass,-0.17842841148376465,False,41.0
2019,Brock Purdy,Iowa State,2022,,,0,pass,-1.8485463857650757,False,34.0
2019,Brock Purdy,Iowa State,2022,,,1,pass,-1.8729355335235596,False,41.0
2019,Brock Purdy,Iowa State,2022,,,-15,pass,-4.642003536224365,False,37.0
2019,Brock Purdy,Iowa State,2022,,,6,pass,0.5072596073150635,False,43.0
2019,Brock Purdy,Iowa State,2022,,,7,pass,-0.06795334815979004,False,67.0
2019,Brock Purdy,Iowa State,2022,,,-6,pass,-2.855881929397583,False,19.0
2019,Brock Purdy,Iowa State,2022,,,15,pass,1.6023883819580078,False,34.0
2019,Brock Purdy,Iowa State,2022,,,5,pass,0.581230878829956,False,39.0
2019,Brock Purdy,Iowa State,2022,,,17,pass,2.4251742362976074,False,75.0
2019,Brock Purdy,Iowa State,2022,,,0,pass,-0.6501020193099976,False,75.0
2019,Brock Purdy,Iowa State,2022,,,5,pass,-0.1972806453704834,False,75.0
2019,Brock Purdy,Iowa State,2022,,,7,pass,0.26535701751708984,False,73.0
2019,Brock Purdy,Iowa State,2022,,,0,pass,-0.5641644597053528,False,75.0
2019,Brock Purdy,Iowa State,2022,,,0,pass,-1.2322297096252441,False,8.0
2019,Brock Purdy,Iowa State,2022,,,0,pass,-0.6243453025817871,False,8.0
2019,Brock Purdy,Iowa State,2022,,,28,pass,3.0256505012512207,False,31.0
2019,Brock Purdy,Iowa State,2022,,,4,pass,0.11578488349914551,False,35.0
2019,Brock Purdy,Iowa State,2022,,,12,pass,0.541053295135498,False,47.0
2019,Brock Purdy,Iowa State,2022,,,28,pass,1.0815244913101196,False,75.0
2019,Brock Purdy,Iowa State,2022,,,10,pass,-0.10473337769508362,False,65.0
2019,Brock Purdy,Iowa State,2022,,,0,pass,-0.5156573057174683,False,65.0
2019,Brock Purdy,Iowa State,2022,,,0,pass,-0.8665794134140015,False,24.0
2019,Brock Purdy,Iowa State,2022,,,0,pass,-0.5171496868133545,False,26.0
2019,Brock Purdy,Iowa State,2022,,,29,pass,1.9640159606933594,False,67.0
2019,Brock Purdy,Iowa State,2022,,,0,pass,-1.7822470664978027,False,42.0
2019,Brock Purdy,Iowa State,2022,,,0,pass,-0.9867663383483887,False,42.0
2019,Brock Purdy,Iowa State,2022,,,18,pass,1.2459672689437866,False,60.0
2019,Brock Purdy,Iowa State,2022,,,15,pass,2.812802314758301,False,75.0
2019,Brock Purdy,Iowa State,2022,,,-6,pass,-6.103267192840576,False,36.0
2019,Brock Purdy,Iowa State,2022,,,11,pass,1.919877529144287,False,47.0
2019,Brock Purdy,Iowa State,2022,,,5,pass,-0.16286468505859375,False,52.0
2020,Brock Purdy,Iowa State,2022,,,6,pass,-0.4499892294406891,False,67.0
2020,Brock Purdy,Iowa State,2022,,,4,pass,0.00326693058013916,False,69.0
2020,Brock Purdy,Iowa State,2022,,,13,pass,0.566085159778595,False,82.0
2020,Brock Purdy,Iowa State,2022,,,44,pass,2.593275308609009,False,56.0
2020,Brock Purdy,Iowa State,2022,,,-5,pass,-1.6539630889892578,False,88.0
2020,Brock Purdy,Iowa State,2022,,,0,pass,-0.9387849569320679,False,88.0
2020,Brock Purdy,Iowa State,2022,,,3,pass,-0.32741057872772217,False,67.0
2020,Brock Purdy,Iowa State,2022,,,5,pass,0.2979273796081543,False,65.0
2020,Brock Purdy,Iowa State,2022,,,10,pass,0.7368643283843994,False,75.0
2020,Brock Purdy,Iowa State,2022,,,17,pass,3.3867692947387695,True,17.0
2020,Brock Purdy,Iowa State,2022,,,0,pass,-0.37973713874816895,False,17.0
2020,Brock Purdy,Iowa State,2022,,,49,pass,3.2261123657226562,False,63.0
2020,Brock Purdy,Iowa State,2022,,,4,pass,1.7851582765579224,False,68.0
2020,Brock Purdy,Iowa State,2022,,,7,pass,-0.36628130078315735,False,75.0
2020,Brock Purdy,Iowa State,2022,,,0,pass,-0.5987446308135986,False,75.0
2020,Brock Purdy,Iowa State,2022,,,11,pass,1.093247413635254,False,81.0
2020,Brock Purdy,Iowa State,2022,,,6,pass,0.24032974243164062,False,87.0
2020,Brock Purdy,Iowa State,2022,,,6,pass,-0.4003183841705322,False,79.0
2020,Brock Purdy,Iowa State,2022,,,3,pass,-0.5633023977279663,False,82.0
2020,Brock Purdy,Iowa State,2022,,,0,pass,-1.7534995079040527,False,60.0
2020,Brock Purdy,Iowa State,2022,,,2,pass,-0.4990328550338745,False,62.0
2020,Brock Purdy,Iowa State,2022,,,15,pass,1.1756490468978882,False,80.0
2020,Brock Purdy,Iowa State,2022,,,0,pass,-1.6250579357147217,False,64.0
2020,Brock Purdy,Iowa State,2022,,,6,pass,0.11457741260528564,False,68.0
2020,Brock Purdy,Iowa State,2022,,,10,pass,1.369520902633667,False,54.0
2020,Brock Purdy,Iowa State,2022,,,-4,pass,-5.610816478729248,False,57.0
2020,Brock Purdy,Iowa State,2022,,,8,pass,1.3532018661499023,False,67.0
2020,Brock Purdy,Iowa State,2022,,,65,pass,4.688760757446289,True,65.0
2020,Brock Purdy,Iowa State,2022,,,0,pass,-0.5981040000915527,False,75.0
2020,Brock Purdy,Iowa State,2022,,,0,pass,-0.6370234489440918,False,24.0
2020,Brock Purdy,Iowa State,2022,,,12,pass,1.856837511062622,False,22.0
2020,Brock Purdy,Iowa State,2022,,,13,pass,1.3076229095458984,False,46.0
2020,Brock Purdy,Iowa State,2022,,,42,pass,2.9175069332122803,False,85.0
2020,Brock Purdy,Iowa State,2022,,,0,pass,-1.6281955242156982,False,42.0
2020,Brock Purdy,Iowa State,2022,,,0,pass,-0.8996360301971436,False,42.0
2020,Brock Purdy,Iowa State,2022,,,23,pass,0.09025335311889648,False,69.0
2020,Brock Purdy,Iowa State,2022,,,0,pass,-1.1072959899902344,False,9.0
2020,Brock Purdy,Iowa State,2022,,,0,pass,-0.8908560276031494,False,9.0
2020,Brock Purdy,Iowa State,2022,,,0,pass,-0.7302830219268799,False,16.0
2020,Brock Purdy,Iowa State,2022,,,22,pass,1.8828487396240234,False,37.0
2020,Brock Purdy,Iowa State,2022,,,7,pass,1.4191555976867676,False,44.0
2020,Brock Purdy,Iowa State,2022,,,21,pass,1.4778611660003662,False,72.0
2020,Brock Purdy,Iowa State,2022,,,0,pass,-1.6141688823699951,False,18.0
2020,Brock Purdy,Iowa State,2022,,,0,pass,-0.8816099166870117,False,18.0
2020,Brock Purdy,Iowa State,2022,,,35,pass,3.661341667175293,False,58.0
2020,Brock Purdy,Iowa State,2022,,,0,pass,-0.587634801864624,False,58.0
2020,Brock Purdy,Iowa State,2022,,,11,pass,1.0977931022644043,False,70.0
2020,Brock Purdy,Iowa State,2022,,,6,pass,-0.498668372631073,False,71.0
2020,Brock Purdy,Iowa State,2022,,,4,pass,-0.7972273826599121,False,75.0
2020,Brock Purdy,Iowa State,2022,,,0,pass,-1.1423914432525635,False,9.0
2020,Brock Purdy,Iowa State,2022,,,0,pass,-0.413177490234375,False,5.0
2020,Brock Purdy,Iowa State,2022,,,14,pass,0.9636678695678711,False,47.0
2020,Brock Purdy,Iowa State,2022,,,9,pass,0.36215877532958984,False,63.0
2020,Brock Purdy,Iowa State,2022,,,9,pass,0.5537300109863281,False,76.0
2020,Brock Purdy,Iowa State,2022,,,13,pass,1.864527702331543,True,13.0
2020,Brock Purdy,Iowa State,2022,,,0,pass,-0.5772759914398193,False,31.0
2020,Brock Purdy,Iowa State,2022,,,7,pass,0.5417757034301758,False,40.0
2020,Brock Purdy,Iowa State,2022,,,0,pass,-1.0371217727661133,False,40.0
2020,Brock Purdy,Iowa State,2022,,,16,pass,1.2625460624694824,False,58.0
2020,Brock Purdy,Iowa State,2022,,,7,pass,-6.762392044067383,False,48.0
2020,Brock Purdy,Iowa State,2022,,,7,pass,0.30510950088500977,False,60.0
2020,Brock Purdy,Iowa State,2022,,,23,pass,1.038696050643921,False,83.0
2020,Brock Purdy,Iowa State,2022,,,0,pass,-1.0717136859893799,False,65.0
2020,Brock Purdy,Iowa State,2022,,,3,pass,-0.3509101867675781,False,63.0
2020,Brock Purdy,Iowa State,2022,,,0,pass,-0.8145492076873779,False,35.0
2020,Brock Purdy,Iowa State,2022,,,0,pass,-0.43806910514831543,False,36.0
2020,Brock Purdy,Iowa State,2022,,,7,pass,0.27656006813049316,False,47.0
2020,Brock Purdy,Iowa State,2022,,,19,pass,1.7235400676727295,False,66.0
2020,Brock Purdy,Iowa State,2022,,,0,pass,-0.6839202642440796,False,66.0
2020,Brock Purdy,Iowa State,2022,,,0,pass,-0.5399150848388672,False,66.0
2020,Brock Purdy,Iowa State,2022,,,12,pass,2.0681376457214355,False,38.0
2020,Brock Purdy,Iowa State,2022,,,0,pass,-0.8076891899108887,False,38.0
2020,Brock Purdy,Iowa State,2022,,,6,pass,0.33281731605529785,False,44.0
2020,Brock Purdy,Iowa State,2022,,,11,pass,0.6806578636169434,False,50.0
2020,Brock Purdy,Iowa State,2022,,,13,pass,1.9726406335830688,False,63.0
2020,Brock Purdy,Iowa State,2022,,,10,pass,0.9055173397064209,False,75.0
2020,Brock Purdy,Iowa State,2022,,,2,pass,1.4348030090332031,True,2.0
2020,Brock Purdy,Iowa State,2022,,,11,pass,1.2860898971557617,False,29.0
2020,Brock Purdy,Iowa State,2022,,,0,pass,-0.5671358108520508,False,29.0
2020,Brock Purdy,Iowa State,2022,,,26,pass,1.621471881866455,False,55.0
2020,Brock Purdy,Iowa State,2022,,,5,pass,-0.2757878303527832,False,16.0
2020,Brock Purdy,Iowa State,2022,,,18,pass,1.5995347499847412,False,34.0
2020,Brock Purdy,Iowa State,2022,,,15,pass,1.0449731349945068,False,49.0
2020,Brock Purdy,Iowa State,2022,,,7,pass,0.5815744400024414,False,56.0
2020,Brock Purdy,Iowa State,2022,,,0,pass,-0.7842154502868652,False,60.0
2020,Brock Purdy,Iowa State,2022,,,4,pass,-0.8247709274291992,False,7.0
2020,Brock Purdy,Iowa State,2022,,,5,pass,-0.19910073280334473,False,39.0
2020,Brock Purdy,Iowa State,2022,,,12,pass,1.2669918537139893,False,73.0
2020,Brock Purdy,Iowa State,2022,,,4,pass,-0.051958322525024414,False,77.0
2020,Brock Purdy,Iowa State,2022,,,20,pass,4.2358880043029785,True,20.0
2020,Brock Purdy,Iowa State,2022,,,18,pass,1.202636480331421,False,31.0
2020,Brock Purdy,Iowa State,2022,,,9,pass,0.8765919208526611,False,50.0
2020,Brock Purdy,Iowa State,2022,,,0,pass,-0.45271599292755127,False,56.0
2020,Brock Purdy,Iowa State,2022,,,8,pass,0.02169978618621826,False,73.0
2020,Brock Purdy,Iowa State,2022,,,2,pass,-0.3794720470905304,False,83.0
2020,Brock Purdy,Iowa State,2022,,,0,pass,-0.5108416080474854,False,75.0
2020,Brock Purdy,Iowa State,2022,,,0,pass,-0.942956805229187,False,73.0
2020,Brock Purdy,Iowa State,2022,,,-9,pass,-1.8422536849975586,False,39.0
2020,Brock Purdy,Iowa State,2022,,,-1,pass,-1.3363583087921143,False,33.0
2020,Brock Purdy,Iowa State,2022,,,-5,pass,-1.5901038646697998,False,28.0
2020,Brock Purdy,Iowa State,2022,,,25,pass,2.350226402282715,False,53.0
2020,Brock Purdy,Iowa State,2022,,,7,pass,-0.38492095470428467,False,73.0
2020,Brock Purdy,Iowa State,2022,,,-6,pass,-1.3056929111480713,False,67.0
2020,Brock Purdy,Iowa State,2022,,,0,pass,-2.136521339416504,False,63.0
2020,Brock Purdy,Iowa State,2022,,,14,pass,1.146458387374878,False,78.0
2020,Brock Purdy,Iowa State,2022,,,0,pass,-0.9805960655212402,False,16.0
2020,Brock Purdy,Iowa State,2022,,,10,pass,1.6704390048980713,False,29.0
2020,Brock Purdy,Iowa State,2022,,,3,pass,-0.5000796318054199,False,32.0
2020,Brock Purdy,Iowa State,2022,,,9,pass,0.8005063533782959,False,42.0
2020,Brock Purdy,Iowa State,2022,,,3,pass,-0.9372742176055908,False,45.0
2020,Brock Purdy,Iowa State,2022,,,0,pass,-0.9870971441268921,False,45.0
2020,Brock Purdy,Iowa State,2022,,,14,pass,1.0003743171691895,False,64.0
2020,Brock Purdy,Iowa State,2022,,,5,pass,1.3434795141220093,False,69.0
2020,Brock Purdy,Iowa State,2022,,,6,pass,0.2819189429283142,False,75.0
2020,Brock Purdy,Iowa State,2022,,,-13,pass,2.255157232284546,False,18.0
2020,Brock Purdy,Iowa State,2022,,,0,pass,-0.5580706596374512,False,22.0
2020,Brock Purdy,Iowa State,2022,,,0,pass,-1.145545244216919,False,70.0
2020,Brock Purdy,Iowa State,2022,,,-1,pass,-1.229931116104126,False,69.0
2020,Brock Purdy,Iowa State,2022,,,7,pass,1.1985745429992676,False,76.0
2020,Brock Purdy,Iowa State,2022,,,12,pass,-3.13973331451416,False,52.0
2020,Brock Purdy,Iowa State,2022,,,14,pass,1.044327735900879,False,48.0
2020,Brock Purdy,Iowa State,2022,,,0,pass,-0.5794811248779297,False,23.0
2020,Brock Purdy,Iowa State,2022,,,0,pass,-1.375807523727417,False,23.0
2020,Brock Purdy,Iowa State,2022,,,0,pass,-1.671436071395874,False,57.0
2020,Brock Purdy,Iowa State,2022,,,25,pass,2.13688063621521,False,82.0
2020,Brock Purdy,Iowa State,2022,,,7,pass,0.4022102355957031,False,57.0
2020,Brock Purdy,Iowa State,2022,,,36,pass,4.789976119995117,True,36.0
2020,Brock Purdy,Iowa State,2022,,,12,pass,1.640910267829895,False,57.0
2020,Brock Purdy,Iowa State,2022,,,1,pass,-0.3906092643737793,False,37.0
2020,Brock Purdy,Iowa State,2022,,,-1,pass,-0.8534061908721924,False,65.0
2020,Brock Purdy,Iowa State,2022,,,0,pass,-0.9472252130508423,False,66.0
2020,Brock Purdy,Iowa State,2022,,,3,pass,2.3754286766052246,True,3.0
2020,Brock Purdy,Iowa State,2022,,,0,pass,-0.49247097969055176,False,40.0
2020,Brock Purdy,Iowa State,2022,,,0,pass,-0.8177592754364014,False,40.0
2020,Brock Purdy,Iowa State,2022,,,11,pass,1.8253438472747803,False,40.0
2020,Brock Purdy,Iowa State,2022,,,0,pass,-0.6968941688537598,False,23.0
2020,Brock Purdy,Iowa State,2022,,,15,pass,1.8149409294128418,False,23.0
2020,Brock Purdy,Iowa State,2022,,,14,pass,0.6463783979415894,False,64.0
2020,Brock Purdy,Iowa State,2022,,,0,pass,-0.9672145843505859,False,79.0
2020,Brock Purdy,Iowa State,2022,,,14,pass,2.4080474376678467,False,79.0
2020,Brock Purdy,Iowa State,2022,,,0,pass,-0.5359659194946289,False,65.0
2020,Brock Purdy,Iowa State,2022,,,3,pass,-1.291765570640564,False,47.0
2020,Brock Purdy,Iowa State,2022,,,3,pass,-2.172398090362549,False,44.0
2020,Brock Purdy,Iowa State,2022,,,1,pass,-0.5455443859100342,False,80.0
2020,Brock Purdy,Iowa State,2022,,,-5,pass,-1.0906230211257935,False,60.0
2020,Brock Purdy,Iowa State,2022,,,2,pass,-0.8809266686439514,False,75.0
2020,Brock Purdy,Iowa State,2022,,,9,pass,-0.4924529194831848,False,73.0
2020,Brock Purdy,Iowa State,2022,,,19,pass,1.1194202899932861,False,91.0
2020,Brock Purdy,Iowa State,2022,,,5,pass,0.03594255447387695,False,72.0
2020,Brock Purdy,Iowa State,2022,,,11,pass,-0.09046852588653564,False,80.0
2020,Brock Purdy,Iowa State,2022,,,5,pass,0.018102169036865234,False,69.0
2020,Brock Purdy,Iowa State,2022,,,9,pass,0.7581014633178711,False,64.0
2020,Brock Purdy,Iowa State,2022,,,21,pass,1.2095472812652588,False,39.0
2020,Brock Purdy,Iowa State,2022,,,5,pass,0.5468676090240479,False,69.0
2020,Brock Purdy,Iowa State,2022,,,14,pass,2.242330551147461,False,61.0
2020,Brock Purdy,Iowa State,2022,,,0,pass,-1.2760895490646362,False,51.0
2020,Brock Purdy,Iowa State,2022,,,6,pass,2.586134433746338,True,6.0
2020,Brock Purdy,Iowa State,2022,,,10,pass,2.109891891479492,True,10.0
2020,Brock Purdy,Iowa State,2022,,,0,pass,-1.01478111743927,False,68.0
2020,Brock Purdy,Iowa State,2022,,,0,pass,-0.9341006278991699,False,46.0
2020,Brock Purdy,Iowa State,2022,,,9,pass,1.558166742324829,False,46.0
2020,Brock Purdy,Iowa State,2022,,,10,pass,-0.30440038442611694,False,80.0
2020,Brock Purdy,Iowa State,2022,,,21,pass,2.17403244972229,False,67.0
2020,Brock Purdy,Iowa State,2022,,,22,pass,2.7618508338928223,True,22.0
2020,Brock Purdy,Iowa State,2022,,,11,pass,0.6608915328979492,False,33.0
2020,Brock Purdy,Iowa State,2022,,,30,pass,-5.578012943267822,True,77.0
2020,Brock Purdy,Iowa State,2022,,,10,pass,1.1375774145126343,False,46.0
2020,Brock Purdy,Iowa State,2022,,,11,pass,1.2065308094024658,False,36.0
2020,Brock Purdy,Iowa State,2022,,,0,pass,-0.9020711779594421,False,77.0
2020,Brock Purdy,Iowa State,2022,,,11,pass,2.5069432258605957,False,33.0
2020,Brock Purdy,Iowa State,2022,,,0,pass,-1.472617268562317,False,69.0
2020,Brock Purdy,Iowa State,2022,,,8,pass,0.8601229786872864,False,75.0
2020,Brock Purdy,Iowa State,2022,,,3,pass,-0.4427632987499237,False,64.0
2020,Brock Purdy,Iowa State,2022,,,13,pass,1.583681344985962,False,32.0
2020,Brock Purdy,Iowa State,2022,,,0,pass,-0.6244819164276123,False,19.0
2020,Brock Purdy,Iowa State,2022,,,56,pass,-7.994683265686035,False,14.0
2020,Brock Purdy,Iowa State,2022,,,0,pass,-2.3824899196624756,False,61.0
2020,Brock Purdy,Iowa State,2022,,,8,pass,0.43766069412231445,False,42.0
2020,Brock Purdy,Iowa State,2022,,,9,pass,0.8204421997070312,False,29.0
2020,Brock Purdy,Iowa State,2022,,,7,pass,0.6600327491760254,False,18.0
2020,Brock Purdy,Iowa State,2022,,,16,pass,0.5627279281616211,False,33.0
2020,Brock Purdy,Iowa State,2022,,,0,pass,-0.7948861122131348,False,15.0
2020,Brock Purdy,Iowa State,2022,,,0,pass,-1.3718328475952148,False,15.0
2020,Brock Purdy,Iowa State,2022,,,11,pass,0.8361207246780396,False,40.0
2020,Brock Purdy,Iowa State,2022,,,29,pass,1.4762637615203857,False,62.0
2020,Brock Purdy,Iowa State,2022,,,21,pass,2.4344000816345215,True,21.0
2020,Brock Purdy,Iowa State,2022,,,13,pass,0.061586856842041016,False,46.0
2020,Brock Purdy,Iowa State,2022,,,0,pass,-0.542186975479126,False,63.0
2020,Brock Purdy,Iowa State,2022,,,0,pass,-0.9298737049102783,False,63.0
2020,Brock Purdy,Iowa State,2022,,,8,pass,-0.792056143283844,False,63.0
2020,Brock Purdy,Iowa State,2022,,,6,pass,2.630577564239502,True,6.0
2020,Brock Purdy,Iowa State,2022,,,28,pass,1.3296756744384766,False,85.0
2020,Brock Purdy,Iowa State,2022,,,13,pass,0.6247992515563965,False,40.0
2020,Brock Purdy,Iowa State,2022,,,5,pass,-0.10447978973388672,False,30.0
2020,Brock Purdy,Iowa State,2022,,,33,pass,2.4911489486694336,True,33.0
2020,Brock Purdy,Iowa State,2022,,,20,pass,3.61653995513916,False,77.0
2020,Brock Purdy,Iowa State,2022,,,9,pass,1.006380319595337,False,57.0
2020,Brock Purdy,Iowa State,2022,,,17,pass,1.2503423690795898,False,29.0
2020,Brock Purdy,Iowa State,2022,,,22,pass,1.3302124738693237,False,51.0
2020,Brock Purdy,Iowa State,2022,,,5,pass,0.1141960620880127,False,64.0
2020,Brock Purdy,Iowa State,2022,,,10,pass,1.3201762437820435,False,75.0
2020,Brock Purdy,Iowa State,2022,,,44,pass,3.2211523056030273,False,57.0
2020,Brock Purdy,Iowa State,2022,,,-7,pass,-1.7762742042541504,False,5.0
2020,Brock Purdy,Iowa State,2022,,,4,pass,-0.3492131233215332,False,9.0
2020,Brock Purdy,Iowa State,2022,,,17,pass,1.518209457397461,False,26.0
2020,Brock Purdy,Iowa State,2022,,,31,pass,2.283252239227295,False,61.0
2020,Brock Purdy,Iowa State,2022,,,6,pass,0.4794079661369324,False,75.0
2020,Brock Purdy,Iowa State,2022,,,4,pass,-0.058594703674316406,False,61.0
2020,Brock Purdy,Iowa State,2022,,,6,pass,1.2400509119033813,False,67.0
2020,Brock Purdy,Iowa State,2022,,,0,pass,-1.0068098306655884,False,23.0
2020,Brock Purdy,Iowa State,2022,,,0,pass,-0.304837703704834,False,23.0
2020,Brock Purdy,Iowa State,2022,,,16,pass,1.409723162651062,False,39.0
2020,Brock Purdy,Iowa State,2022,,,0,pass,-0.47685420513153076,False,40.0
2020,Brock Purdy,Iowa State,2022,,,9,pass,0.7948718070983887,False,49.0
2020,Brock Purdy,Iowa State,2022,,,11,pass,0.3188110589981079,False,60.0
2020,Brock Purdy,Iowa State,2022,,,9,pass,0.36856609582901,False,71.0
2020,Brock Purdy,Iowa State,2022,,,0,pass,-0.5018284320831299,False,71.0
2020,Brock Purdy,Iowa State,2022,,,14,pass,0.816779613494873,False,88.0
2020,Brock Purdy,Iowa State,2022,,,0,pass,-1.2589871883392334,False,8.0
2020,Brock Purdy,Iowa State,2022,,,20,pass,1.25751531124115,False,64.0
2020,Brock Purdy,Iowa State,2022,,,5,pass,0.6193524599075317,False,69.0
2020,Brock Purdy,Iowa State,2022,,,0,pass,-1.644470453262329,False,77.0
2020,Brock Purdy,Iowa State,2022,,,6,pass,-0.2561095654964447,False,83.0
2020,Brock Purdy,Iowa State,2022,,,0,pass,-0.708897590637207,False,83.0
2020,Brock Purdy,Iowa State,2022,,,35,pass,3.411301851272583,True,35.0
2020,Brock Purdy,Iowa State,2022,,,5,pass,0.24285507202148438,False,45.0
2020,Brock Purdy,Iowa State,2022,,,16,pass,-0.24285507202148438,False,61.0
2020,Brock Purdy,Iowa State,2022,,,7,pass,1.3737527132034302,False,68.0
2020,Brock Purdy,Iowa State,2022,,,5,pass,0.20135657489299774,False,73.0
2020,Brock Purdy,Iowa State,2022,,,3,pass,-1.0622186660766602,False,71.0
2020,Brock Purdy,Iowa State,2022,,,0,pass,-1.0209541320800781,False,71.0
2020,Brock Purdy,Iowa State,2022,,,28,pass,5.763333320617676,True,28.0
2020,Brock Purdy,Iowa State,2022,,,9,pass,0.28479278087615967,False,37.0
2020,Brock Purdy,Iowa State,2022,,,0,pass,-0.8312221765518188,False,37.0
2020,Brock Purdy,Iowa State,2022,,,6,pass,0.7796342372894287,False,66.0
2020,Brock Purdy,Iowa State,2022,,,19,pass,1.0934643745422363,False,66.0
2020,Brock Purdy,Iowa State,2022,,,11,pass,0.5000143051147461,False,78.0
2020,Brock Purdy,Iowa State,2022,,,16,pass,2.1399059295654297,True,16.0
2020,Brock Purdy,Iowa State,2022,,,28,pass,-0.2082977294921875,False,73.0
2020,Brock Purdy,Iowa State,2022,,,0,pass,-0.9775774478912354,False,61.0
2020,Brock Purdy,Iowa State,2022,,,9,pass,0.5922584533691406,False,68.0
2020,Brock Purdy,Iowa State,2022,,,9,pass,0.5032777786254883,False,78.0
2020,Brock Purdy,Iowa State,2022,,,2,pass,1.498593807220459,True,2.0
2020,Brock Purdy,Iowa State,2022,,,21,pass,2.2187464237213135,False,26.0
2020,Brock Purdy,Iowa State,2022,,,20,pass,2.9347007274627686,False,24.0
2020,Brock Purdy,Iowa State,2022,,,10,pass,0.8288781642913818,False,36.0
2020,Brock Purdy,Iowa State,2022,,,4,pass,-0.16456961631774902,False,65.0
2020,Brock Purdy,Iowa State,2022,,,11,pass,0.6493462324142456,False,76.0
2020,Brock Purdy,Iowa State,2022,,,0,pass,-0.6621942520141602,False,10.0
2020,Brock Purdy,Iowa State,2022,,,17,pass,1.347334861755371,False,43.0
2020,Brock Purdy,Iowa State,2022,,,0,pass,-0.9161713123321533,False,39.0
2020,Brock Purdy,Iowa State,2022,,,5,pass,2.2481508255004883,False,28.0
2020,Brock Purdy,Iowa State,2022,,,6,pass,-0.532469630241394,False,34.0
2020,Brock Purdy,Iowa State,2022,,,31,pass,2.6474647521972656,False,76.0
2020,Brock Purdy,Iowa State,2022,,,0,pass,-2.8542819023132324,False,44.0
2020,Brock Purdy,Iowa State,2022,,,0,pass,-1.6424869298934937,False,44.0
2020,Brock Purdy,Iowa State,2022,,,5,pass,-0.14734280109405518,False,49.0
2020,Brock Purdy,Iowa State,2022,,,0,pass,-1.2707563638687134,False,60.0
2020,Brock Purdy,Iowa State,2022,,,0,pass,-0.7699848413467407,False,60.0
2020,Brock Purdy,Iowa State,2022,,,0,pass,-0.5077832937240601,False,60.0
2020,Brock Purdy,Iowa State,2022,,,7,pass,0.6324981451034546,False,71.0
2020,Brock Purdy,Iowa State,2022,,,9,pass,0.7958518862724304,False,80.0
2020,Brock Purdy,Iowa State,2022,,,5,pass,0.2666550874710083,False,64.0
2020,Brock Purdy,Iowa State,2022,,,0,pass,-0.6152036190032959,False,64.0
2020,Brock Purdy,Iowa State,2022,,,9,pass,1.1727938652038574,False,75.0
2020,Brock Purdy,Iowa State,2022,,,-6,pass,-2.299142599105835,False,73.0
2020,Brock Purdy,Iowa State,2022,,,0,pass,-3.054185390472412,False,96.0
2020,Brock Purdy,Iowa State,2022,,,-3,pass,-1.1706990003585815,False,93.0
2020,Brock Purdy,Iowa State,2022,,,0,pass,-2.698369026184082,False,35.0
2020,Brock Purdy,Iowa State,2022,,,0,pass,-1.78964102268219,False,35.0
2020,Brock Purdy,Iowa State,2022,,,13,pass,0.9881949424743652,False,48.0
2020,Brock Purdy,Iowa State,2022,,,16,pass,2.079908847808838,False,27.0
2020,Brock Purdy,Iowa State,2022,,,15,pass,1.1589486598968506,False,42.0
2020,Brock Purdy,Iowa State,2022,,,0,pass,-0.7065410614013672,False,48.0
2020,Brock Purdy,Iowa State,2022,,,15,pass,0.8694272041320801,False,69.0
2020,Brock Purdy,Iowa State,2022,,,12,pass,1.5651822090148926,False,23.0
2020,Brock Purdy,Iowa State,2022,,,0,pass,-0.9113383293151855,False,46.0
2020,Brock Purdy,Iowa State,2022,,,3,pass,-0.1676652431488037,False,49.0
2020,Brock Purdy,Iowa State,2022,,,0,pass,-1.9353134632110596,False,46.0
2020,Brock Purdy,Iowa State,2022,,,0,pass,-0.9258325099945068,False,46.0
2020,Brock Purdy,Iowa State,2022,,,16,pass,2.8229732513427734,False,79.0
2020,Brock Purdy,Iowa State,2022,,,0,pass,-0.9946023225784302,False,79.0
2020,Brock Purdy,Iowa State,2022,,,0,pass,-2.0978779792785645,False,42.0
2020,Brock Purdy,Iowa State,2022,,,4,pass,-0.5959392786026001,False,46.0
2020,Brock Purdy,Iowa State,2022,,,0,pass,-0.6335537433624268,False,46.0
2020,Brock Purdy,Iowa State,2022,,,9,pass,1.02811598777771,False,66.0
2020,Brock Purdy,Iowa State,2022,,,10,pass,1.08064603805542,False,79.0
2020,Brock Purdy,Iowa State,2022,,,5,pass,-0.49465370178222656,False,27.0
2020,Brock Purdy,Iowa State,2022,,,11,pass,2.38828182220459,False,77.0
2020,Brock Purdy,Iowa State,2022,,,8,pass,0.5056376457214355,False,77.0
2020,Brock Purdy,Iowa State,2022,,,1,pass,-1.74544095993042,False,52.0
2020,Brock Purdy,Iowa State,2022,,,0,pass,-0.9821333885192871,False,86.0
2020,Brock Purdy,Iowa State,2022,,,0,pass,-0.8699374198913574,False,16.0
2020,Brock Purdy,Iowa State,2022,,,-5,pass,-1.503511905670166,False,11.0
2020,Brock Purdy,Iowa State,2022,,,-3,pass,-2.2320592403411865,False,40.0
2020,Brock Purdy,Iowa State,2022,,,0,pass,-1.0801630020141602,False,40.0
2020,Brock Purdy,Iowa State,2022,,,0,pass,-0.6281368732452393,False,40.0
2020,Brock Purdy,Iowa State,2022,,,5,pass,1.4603933095932007,False,74.0
2020,Brock Purdy,Iowa State,2022,,,8,pass,0.7194409370422363,False,27.0
2020,Brock Purdy,Iowa State,2022,,,30,pass,1.705409049987793,False,46.0
2020,Brock Purdy,Iowa State,2022,,,4,pass,0.5066685676574707,False,5.0
2020,Brock Purdy,Iowa State,2022,,,0,pass,-1.0360307693481445,False,5.0
2020,Brock Purdy,Iowa State,2022,,,6,pass,0.07608222961425781,False,12.0
2020,Brock Purdy,Iowa State,2022,,,0,pass,-0.55279541015625,False,15.0
2020,Brock Purdy,Iowa State,2022,,,14,pass,2.784517288208008,True,14.0
2020,Brock Purdy,Iowa State,2022,,,10,pass,1.2398569583892822,False,45.0
2020,Brock Purdy,Iowa State,2022,,,14,pass,1.8747774362564087,False,59.0
2020,Brock Purdy,Iowa State,2022,,,10,pass,2.3307044506073,False,68.0
2020,Brock Purdy,Iowa State,2022,,,4,pass,0.3175487518310547,False,5.0
2020,Brock Purdy,Iowa State,2022,,,10,pass,1.5943291187286377,False,28.0
2020,Brock Purdy,Iowa State,2022,,,0,pass,-0.866070032119751,False,28.0
2020,Brock Purdy,Iowa State,2022,,,7,pass,1.5139929056167603,False,52.0
2020,Brock Purdy,Iowa State,2022,,,-2,pass,-1.451644778251648,False,50.0
2020,Brock Purdy,Iowa State,2022,,,16,pass,1.323228359222412,False,75.0
2020,Brock Purdy,Iowa State,2022,,,0,pass,-1.7473015785217285,False,34.0
2020,Brock Purdy,Iowa State,2022,,,9,pass,0.5112043619155884,False,43.0
2020,Brock Purdy,Iowa State,2022,,,0,pass,-0.30501246452331543,False,33.0
2020,Brock Purdy,Iowa State,2022,,,17,pass,0.30501246452331543,False,50.0
2020,Brock Purdy,Iowa State,2022,,,3,pass,-0.32832956314086914,False,53.0
2020,Brock Purdy,Iowa State,2022,,,12,pass,0.08616352081298828,False,65.0
2020,Brock Purdy,Iowa State,2022,,,19,pass,1.2180640697479248,False,27.0
2020,Brock Purdy,Iowa State,2022,,,10,pass,1.0250983238220215,False,37.0
2020,Brock Purdy,Iowa State,2022,,,6,pass,0.8879790306091309,False,43.0
2020,Brock Purdy,Iowa State,2022,,,3,pass,-0.10049176216125488,False,46.0
2020,Brock Purdy,Iowa State,2022,,,16,pass,1.057502269744873,False,67.0
2020,Brock Purdy,Iowa State,2022,,,20,pass,2.671750783920288,False,87.0
2020,Brock Purdy,Iowa State,2022,,,6,pass,-0.2454509735107422,False,87.0
2020,Brock Purdy,Iowa State,2022,,,-6,pass,-1.6355699300765991,False,81.0
2020,Brock Purdy,Iowa State,2022,,,4,pass,-0.2349652498960495,False,85.0
2020,Brock Purdy,Iowa State,2022,,,16,pass,1.5222082138061523,False,21.0
2020,Brock Purdy,Iowa State,2022,,,8,pass,1.9301049709320068,False,29.0
2020,Brock Purdy,Iowa State,2022,,,4,pass,-0.28472018241882324,False,33.0
2020,Brock Purdy,Iowa State,2022,,,42,pass,4.033507823944092,False,76.0
2020,Brock Purdy,Iowa State,2022,,,10,pass,0.4107670783996582,False,90.0
2020,Brock Purdy,Iowa State,2022,,,0,pass,-0.9362562298774719,False,74.0
2020,Brock Purdy,Iowa State,2022,,,1,pass,-4.835066318511963,False,51.0
2020,Brock Purdy,Iowa State,2022,,,-2,pass,-1.3993488550186157,False,67.0
2020,Brock Purdy,Iowa State,2022,,,-3,pass,-1.4142006635665894,False,75.0
2020,Brock Purdy,Iowa State,2022,,,0,pass,-0.867790699005127,False,75.0
2020,Brock Purdy,Iowa State,2022,,,7,pass,-0.28809481859207153,False,75.0
2020,Brock Purdy,Iowa State,2022,,,10,pass,3.046499729156494,True,10.0
2020,Brock Purdy,Iowa State,2022,,,25,pass,1.661041498184204,False,47.0
2020,Brock Purdy,Iowa State,2022,,,0,pass,-0.547353208065033,False,66.0
2020,Brock Purdy,Iowa State,2022,,,0,pass,-6.283498287200928,False,11.0
2020,Brock Purdy,Iowa State,2022,,,23,pass,1.6346418857574463,False,65.0
2020,Brock Purdy,Iowa State,2022,,,0,pass,-0.6771121025085449,False,96.0
2020,Brock Purdy,Iowa State,2022,,,10,pass,-0.5684936046600342,False,91.0
2020,Brock Purdy,Iowa State,2022,,,0,pass,-0.7082440853118896,False,87.0
2020,Brock Purdy,Iowa State,2022,,,0,pass,-1.3337944746017456,False,26.0
2020,Brock Purdy,Iowa State,2022,,,0,pass,-0.7826166152954102,False,26.0
2020,Brock Purdy,Iowa State,2022,,,8,pass,0.4359130859375,False,36.0
2020,Brock Purdy,Iowa State,2022,,,28,pass,2.1043550968170166,False,73.0
2020,Brock Purdy,Iowa State,2022,,,7,pass,0.47487324476242065,False,80.0
2020,Brock Purdy,Iowa State,2022,,,6,pass,-0.5966351628303528,False,56.0
2020,Brock Purdy,Iowa State,2022,,,8,pass,0.06670510768890381,False,66.0
2021,Brock Purdy,Iowa State,2022,,,41,pass,-6.435145854949951,False,46.0
2021,Brock Purdy,Iowa State,2022,,,2,pass,-0.4807018041610718,False,48.0
2021,Brock Purdy,Iowa State,2022,,,6,pass,-4.160025596618652,False,74.0
2021,Brock Purdy,Iowa State,2022,,,-2,pass,-1.2035233974456787,False,85.0
2021,Brock Purdy,Iowa State,2022,,,-8,pass,-1.113736867904663,False,77.0
2021,Brock Purdy,Iowa State,2022,,,0,pass,-0.8975492119789124,False,52.0
2021,Brock Purdy,Iowa State,2022,,,6,pass,1.5530471801757812,False,60.0
2021,Brock Purdy,Iowa State,2022,,,10,pass,1.6113477945327759,False,75.0
2021,Brock Purdy,Iowa State,2022,,,0,pass,-0.442166805267334,False,75.0
2021,Brock Purdy,Iowa State,2022,,,49,pass,4.236245155334473,False,53.0
2021,Brock Purdy,Iowa State,2022,,,2,pass,-0.1326885223388672,False,55.0
2021,Brock Purdy,Iowa State,2022,,,16,pass,0.2682493031024933,False,71.0
2021,Brock Purdy,Iowa State,2022,,,4,pass,0.027615100145339966,False,75.0
2021,Brock Purdy,Iowa State,2022,,,0,pass,-1.2835378646850586,False,56.0
2021,Brock Purdy,Iowa State,2022,,,15,pass,2.545537233352661,False,74.0
2021,Brock Purdy,Iowa State,2022,,,0,pass,-3.5197854042053223,False,90.0
2021,Brock Purdy,Iowa State,2022,,,4,pass,-0.9889416694641113,False,9.0
2021,Brock Purdy,Iowa State,2022,,,12,pass,0.7120318412780762,False,35.0
2021,Brock Purdy,Iowa State,2022,,,2,pass,-0.4025542736053467,False,51.0
2021,Brock Purdy,Iowa State,2022,,,9,pass,0.8302361965179443,False,68.0
2021,Brock Purdy,Iowa State,2022,,,0,pass,-1.2686420679092407,False,80.0
2021,Brock Purdy,Iowa State,2022,,,7,pass,-0.13563954830169678,False,87.0
2021,Brock Purdy,Iowa State,2022,,,0,pass,-1.127128005027771,False,91.0
2021,Brock Purdy,Iowa State,2022,,,0,pass,-0.946433424949646,False,91.0
2021,Brock Purdy,Iowa State,2022,,,19,pass,0.9502232074737549,False,61.0
2021,Brock Purdy,Iowa State,2022,,,9,pass,-0.7314984798431396,False,48.0
2021,Brock Purdy,Iowa State,2022,,,0,pass,-0.7749581336975098,False,53.0
2021,Brock Purdy,Iowa State,2022,,,34,pass,2.5473573207855225,False,71.0
2021,Brock Purdy,Iowa State,2022,,,2,pass,-0.8294759392738342,False,58.0
2021,Brock Purdy,Iowa State,2022,,,7,pass,-0.12477552890777588,False,65.0
2021,Brock Purdy,Iowa State,2022,,,17,pass,1.0713547468185425,False,82.0
2021,Brock Purdy,Iowa State,2022,,,0,pass,-1.7481262683868408,False,66.0
2021,Brock Purdy,Iowa State,2022,,,6,pass,0.21605068445205688,False,72.0
2021,Brock Purdy,Iowa State,2022,,,-2,pass,-1.5708612203598022,False,21.0
2021,Brock Purdy,Iowa State,2022,,,3,pass,-0.1560983657836914,False,24.0
2021,Brock Purdy,Iowa State,2022,,,12,pass,0.648914098739624,False,40.0
2021,Brock Purdy,Iowa State,2022,,,11,pass,0.6503396034240723,False,51.0
2021,Brock Purdy,Iowa State,2022,,,7,pass,0.911166787147522,False,58.0
2021,Brock Purdy,Iowa State,2022,,,0,pass,-0.7024449110031128,False,58.0
2021,Brock Purdy,Iowa State,2022,,,11,pass,0.465276837348938,False,75.0
2021,Brock Purdy,Iowa State,2022,,,0,pass,-0.5418822765350342,False,22.0
2021,Brock Purdy,Iowa State,2022,,,10,pass,1.9238646030426025,False,32.0
2021,Brock Purdy,Iowa State,2022,,,5,pass,0.19141268730163574,False,46.0
2021,Brock Purdy,Iowa State,2022,,,3,pass,-0.26725196838378906,False,21.0
2021,Brock Purdy,Iowa State,2022,,,8,pass,0.879199743270874,False,29.0
2021,Brock Purdy,Iowa State,2022,,,39,pass,2.85617733001709,False,63.0
2021,Brock Purdy,Iowa State,2022,,,4,pass,-0.46260637044906616,False,66.0
2021,Brock Purdy,Iowa State,2022,,,0,pass,-0.7445919513702393,False,66.0
2021,Brock Purdy,Iowa State,2022,,,0,pass,-1.2896111011505127,False,55.0
2021,Brock Purdy,Iowa State,2022,,,-8,pass,-2.2195096015930176,False,47.0
2021,Brock Purdy,Iowa State,2022,,,7,pass,1.3672904968261719,False,18.0
2021,Brock Purdy,Iowa State,2022,,,21,pass,1.4340460300445557,False,75.0
2021,Brock Purdy,Iowa State,2022,,,2,pass,0.48854875564575195,False,45.0
2021,Brock Purdy,Iowa State,2022,,,7,pass,0.3457275629043579,False,41.0
2021,Brock Purdy,Iowa State,2022,,,0,pass,-0.6496189832687378,False,85.0
2021,Brock Purdy,Iowa State,2022,,,-3,pass,-1.4316691160202026,False,81.0
2021,Brock Purdy,Iowa State,2022,,,0,pass,-5.408049583435059,False,22.0
2021,Brock Purdy,Iowa State,2022,,,24,pass,1.7876914739608765,False,58.0
2021,Brock Purdy,Iowa State,2022,,,30,pass,3.3248658180236816,False,32.0
2021,Brock Purdy,Iowa State,2022,,,0,pass,-0.5423234105110168,False,75.0
2021,Brock Purdy,Iowa State,2022,,,1,pass,-1.0687121152877808,False,78.0
2021,Brock Purdy,Iowa State,2022,,,20,pass,3.526963233947754,False,79.0
2021,Brock Purdy,Iowa State,2022,,,20,pass,1.5247371196746826,False,46.0
2021,Brock Purdy,Iowa State,2022,,,0,pass,-4.103803634643555,False,22.0
2021,Brock Purdy,Iowa State,2022,,,4,pass,1.1387258768081665,False,40.0
2021,Brock Purdy,Iowa State,2022,,,0,pass,-0.08004546165466309,False,21.0
2021,Brock Purdy,Iowa State,2022,,,17,pass,1.0064873695373535,False,57.0
2021,Brock Purdy,Iowa State,2022,,,21,pass,0.728509783744812,False,86.0
2021,Brock Purdy,Iowa State,2022,,,0,pass,-0.21255022287368774,False,65.0
2021,Brock Purdy,Iowa State,2022,,,8,pass,0.22199541330337524,False,65.0
2021,Brock Purdy,Iowa State,2022,,,0,pass,-0.7582464218139648,False,30.0
2021,Brock Purdy,Iowa State,2022,,,34,pass,9.79350471496582,False,75.0
2021,Brock Purdy,Iowa State,2022,,,0,pass,-1.0018984079360962,False,37.0
2021,Brock Purdy,Iowa State,2022,,,8,pass,0.6391992568969727,False,31.0
2021,Brock Purdy,Iowa State,2022,,,5,pass,1.524633526802063,False,69.0
2021,Brock Purdy,Iowa State,2022,,,-2,pass,-1.094161033630371,False,64.0
2021,Brock Purdy,Iowa State,2022,,,0,pass,-1.5723471641540527,False,60.0
2021,Brock Purdy,Iowa State,2022,,,12,pass,2.1320178508758545,False,76.0
2021,Brock Purdy,Iowa State,2022,,,1,pass,-0.4712367057800293,False,34.0
2021,Brock Purdy,Iowa State,2022,,,7,pass,-0.5859599113464355,False,33.0
2021,Brock Purdy,Iowa State,2022,,,15,pass,-4.124707221984863,False,17.0
2021,Brock Purdy,Iowa State,2022,,,20,pass,0.6255192756652832,False,28.0
2021,Brock Purdy,Iowa State,2022,,,0,pass,-0.5410962104797363,False,1.0
2021,Brock Purdy,Iowa State,2022,,,9,pass,0.6161329746246338,False,75.0
2021,Brock Purdy,Iowa State,2022,,,0,pass,-0.9115478992462158,False,76.0
2021,Brock Purdy,Iowa State,2022,,,3,pass,-0.21572160720825195,False,9.0
2021,Brock Purdy,Iowa State,2022,,,0,pass,-0.9379920959472656,False,6.0
2021,Brock Purdy,Iowa State,2022,,,15,pass,1.639880657196045,False,24.0
2021,Brock Purdy,Iowa State,2022,,,8,pass,0.6381115913391113,False,51.0
2021,Brock Purdy,Iowa State,2022,,,16,pass,1.2113447189331055,False,43.0
2021,Brock Purdy,Iowa State,2022,,,0,pass,-0.2551240921020508,False,27.0
2021,Brock Purdy,Iowa State,2022,,,3,pass,-0.29335474967956543,False,27.0
2021,Brock Purdy,Iowa State,2022,,,14,pass,0.3234272003173828,False,67.0
2021,Brock Purdy,Iowa State,2022,,,23,pass,0.837253212928772,False,80.0
2021,Brock Purdy,Iowa State,2022,,,15,pass,2.177049160003662,False,54.0
2021,Brock Purdy,Iowa State,2022,,,20,pass,1.1898934841156006,False,39.0
2021,Brock Purdy,Iowa State,2022,,,3,pass,-0.3582799434661865,False,76.0
2021,Brock Purdy,Iowa State,2022,,,0,pass,-1.33462393283844,False,78.0
2021,Brock Purdy,Iowa State,2022,,,7,pass,1.4913992881774902,True,7.0
2021,Brock Purdy,Iowa State,2022,,,44,pass,2.3215761184692383,True,44.0
2021,Brock Purdy,Iowa State,2022,,,6,pass,1.6945815086364746,True,6.0
2021,Brock Purdy,Iowa State,2022,,,36,pass,3.3149123191833496,True,36.0
2021,Brock Purdy,Iowa State,2022,,,3,pass,-0.2622286081314087,False,50.0
2021,Brock Purdy,Iowa State,2022,,,8,pass,0.9363312721252441,False,40.0
2021,Brock Purdy,Iowa State,2022,,,9,pass,0.4951310157775879,False,32.0
2021,Brock Purdy,Iowa State,2022,,,0,pass,-0.5671281814575195,False,32.0
2021,Brock Purdy,Iowa State,2022,,,11,pass,2.784691333770752,True,11.0
2021,Brock Purdy,Iowa State,2022,,,6,pass,1.3059062957763672,False,19.0
2021,Brock Purdy,Iowa State,2022,,,13,pass,0.7333996295928955,False,37.0
2021,Brock Purdy,Iowa State,2022,,,0,pass,-0.5637669563293457,False,64.0
2021,Brock Purdy,Iowa State,2022,,,7,pass,1.6211825609207153,False,71.0
2021,Brock Purdy,Iowa State,2022,,,-1,pass,-1.2446508407592773,False,75.0
2021,Brock Purdy,Iowa State,2022,,,12,pass,0.6039613485336304,False,87.0
2021,Brock Purdy,Iowa State,2022,,,6,pass,-0.5235090255737305,False,30.0
2021,Brock Purdy,Iowa State,2022,,,16,pass,1.1395857334136963,False,49.0
2021,Brock Purdy,Iowa State,2022,,,4,pass,-0.2994709014892578,False,53.0
2021,Brock Purdy,Iowa State,2022,,,11,pass,0.22106420993804932,False,64.0
2021,Brock Purdy,Iowa State,2022,,,25,pass,2.556042194366455,False,36.0
2021,Brock Purdy,Iowa State,2022,,,21,pass,1.2324116230010986,False,50.0
2021,Brock Purdy,Iowa State,2022,,,6,pass,1.2380430698394775,False,56.0
2021,Brock Purdy,Iowa State,2022,,,5,pass,-0.363600492477417,False,61.0
2021,Brock Purdy,Iowa State,2022,,,17,pass,2.538558006286621,False,78.0
2021,Brock Purdy,Iowa State,2022,,,0,pass,-0.9139262437820435,False,78.0
2021,Brock Purdy,Iowa State,2022,,,6,pass,0.17249417304992676,False,79.0
2021,Brock Purdy,Iowa State,2022,,,4,pass,0.1347672939300537,False,26.0
2021,Brock Purdy,Iowa State,2022,,,0,pass,-0.8608324527740479,False,26.0
2021,Brock Purdy,Iowa State,2022,,,17,pass,1.2488369941711426,False,48.0
2021,Brock Purdy,Iowa State,2022,,,5,pass,-0.18313658237457275,False,78.0
2021,Brock Purdy,Iowa State,2022,,,5,pass,-0.10666525363922119,False,65.0
2021,Brock Purdy,Iowa State,2022,,,33,pass,2.559458017349243,False,37.0
2021,Brock Purdy,Iowa State,2022,,,13,pass,1.1003735065460205,False,50.0
2021,Brock Purdy,Iowa State,2022,,,30,pass,2.494980812072754,False,83.0
2021,Brock Purdy,Iowa State,2022,,,3,pass,1.097733974456787,False,53.0
2021,Brock Purdy,Iowa State,2022,,,7,pass,0.31377410888671875,False,60.0
2021,Brock Purdy,Iowa State,2022,,,10,pass,0.6115058660507202,False,70.0
2021,Brock Purdy,Iowa State,2022,,,7,pass,0.5167362689971924,False,34.0
2021,Brock Purdy,Iowa State,2022,,,6,pass,-0.07362055778503418,False,40.0
2021,Brock Purdy,Iowa State,2022,,,9,pass,0.9419717788696289,False,49.0
2021,Brock Purdy,Iowa State,2022,,,10,pass,0.8531033396720886,False,80.0
2021,Brock Purdy,Iowa State,2022,,,9,pass,1.9441123008728027,True,9.0
2021,Brock Purdy,Iowa State,2022,,,6,pass,0.32012033462524414,False,18.0
2021,Brock Purdy,Iowa State,2022,,,36,pass,-0.32012033462524414,False,54.0
2021,Brock Purdy,Iowa State,2022,,,5,pass,-0.008301019668579102,False,59.0
2021,Brock Purdy,Iowa State,2022,,,0,pass,-0.37502598762512207,False,68.0
2021,Brock Purdy,Iowa State,2022,,,0,pass,-0.3263973295688629,False,68.0
2021,Brock Purdy,Iowa State,2022,,,7,pass,0.23328429460525513,False,75.0
2021,Brock Purdy,Iowa State,2022,,,-8,pass,-2.0126590728759766,False,55.0
2021,Brock Purdy,Iowa State,2022,,,0,pass,-0.8121601343154907,False,55.0
2021,Brock Purdy,Iowa State,2022,,,5,pass,-0.07159018516540527,False,60.0
2021,Brock Purdy,Iowa State,2022,,,1,pass,2.2452783584594727,True,1.0
2021,Brock Purdy,Iowa State,2022,,,8,pass,0.8874845504760742,False,15.0
2021,Brock Purdy,Iowa State,2022,,,6,pass,1.0055806636810303,False,30.0
2021,Brock Purdy,Iowa State,2022,,,11,pass,1.4529739618301392,False,48.0
2021,Brock Purdy,Iowa State,2022,,,9,pass,1.075567603111267,False,67.0
2021,Brock Purdy,Iowa State,2022,,,10,pass,-0.44700002670288086,False,85.0
2021,Brock Purdy,Iowa State,2022,,,-12,pass,-1.780627727508545,False,78.0
2021,Brock Purdy,Iowa State,2022,,,0,pass,-1.4015321731567383,False,88.0
2021,Brock Purdy,Iowa State,2022,,,5,pass,0.11412987858057022,False,93.0
2021,Brock Purdy,Iowa State,2022,,,0,pass,-4.503382682800293,False,32.0
2021,Brock Purdy,Iowa State,2022,,,7,pass,0.22968029975891113,False,41.0
2021,Brock Purdy,Iowa State,2022,,,34,pass,2.5078601837158203,False,75.0
2021,Brock Purdy,Iowa State,2022,,,0,pass,-4.4566192626953125,False,30.0
2021,Brock Purdy,Iowa State,2022,,,0,pass,-1.74285089969635,False,30.0
2021,Brock Purdy,Iowa State,2022,,,9,pass,0.5432863831520081,False,84.0
2021,Brock Purdy,Iowa State,2022,,,4,pass,-0.02518296241760254,False,70.0
2021,Brock Purdy,Iowa State,2022,,,7,pass,0.360432893037796,False,80.0
2021,Brock Purdy,Iowa State,2022,,,9,pass,0.8135967254638672,False,73.0
2021,Brock Purdy,Iowa State,2022,,,8,pass,0.6692826747894287,False,64.0
2021,Brock Purdy,Iowa State,2022,,,6,pass,-0.6739848256111145,False,65.0
2021,Brock Purdy,Iowa State,2022,,,7,pass,0.417805552482605,False,64.0
2021,Brock Purdy,Iowa State,2022,,,6,pass,1.2591115236282349,False,74.0
2021,Brock Purdy,Iowa State,2022,,,0,pass,-0.51590895652771,False,23.0
2021,Brock Purdy,Iowa State,2022,,,6,pass,0.2417738437652588,False,23.0
2021,Brock Purdy,Iowa State,2022,,,17,pass,1.2501686811447144,False,50.0
2021,Brock Purdy,Iowa State,2022,,,10,pass,0.7622642517089844,False,33.0
2021,Brock Purdy,Iowa State,2022,,,6,pass,0.3325080871582031,False,54.0
2021,Brock Purdy,Iowa State,2022,,,5,pass,0.10265803337097168,False,60.0
2021,Brock Purdy,Iowa State,2022,,,0,pass,-1.7443616390228271,False,55.0
2021,Brock Purdy,Iowa State,2022,,,5,pass,-0.23992019891738892,False,65.0
2021,Brock Purdy,Iowa State,2022,,,0,pass,-2.2378408908843994,False,60.0
2021,Brock Purdy,Iowa State,2022,,,68,pass,5.252719402313232,True,68.0
2021,Brock Purdy,Iowa State,2022,,,0,pass,-1.0806596279144287,False,72.0
2021,Brock Purdy,Iowa State,2022,,,12,pass,1.6399327516555786,False,82.0
2021,Brock Purdy,Iowa State,2022,,,-1,pass,-0.8734880685806274,False,85.0
2021,Brock Purdy,Iowa State,2022,,,15,pass,1.127063512802124,False,62.0
2021,Brock Purdy,Iowa State,2022,,,3,pass,-0.14269208908081055,False,42.0
2021,Brock Purdy,Iowa State,2022,,,4,pass,0.055715322494506836,False,32.0
2021,Brock Purdy,Iowa State,2022,,,19,pass,1.052478313446045,False,36.0
2021,Brock Purdy,Iowa State,2022,,,16,pass,1.1064653396606445,False,64.0
2021,Brock Purdy,Iowa State,2022,,,11,pass,0.589116096496582,False,91.0
2021,Brock Purdy,Iowa State,2022,,,23,pass,1.6969528198242188,False,25.0
2021,Brock Purdy,Iowa State,2022,,,0,pass,-1.3680176734924316,False,54.0
2021,Brock Purdy,Iowa State,2022,,,10,pass,1.1911747455596924,False,64.0
2021,Brock Purdy,Iowa State,2022,,,2,pass,-0.7276198863983154,False,75.0
2021,Brock Purdy,Iowa State,2022,,,10,pass,2.6420493125915527,False,72.0
2021,Brock Purdy,Iowa State,2022,,,2,pass,-0.3961106240749359,False,76.0
2021,Brock Purdy,Iowa State,2022,,,4,pass,0.8349111080169678,False,74.0
2021,Brock Purdy,Iowa State,2022,,,6,pass,0.0826607346534729,False,82.0
2021,Brock Purdy,Iowa State,2022,,,5,pass,0.08073991537094116,False,75.0
2021,Brock Purdy,Iowa State,2022,,,10,pass,1.4591330289840698,False,96.0
2021,Brock Purdy,Iowa State,2022,,,10,pass,1.1406797170639038,False,86.0
2021,Brock Purdy,Iowa State,2022,,,23,pass,1.4499125480651855,False,76.0
2021,Brock Purdy,Iowa State,2022,,,0,pass,-0.6164186000823975,False,53.0
2021,Brock Purdy,Iowa State,2022,,,-1,pass,-1.1954028606414795,False,59.0
2021,Brock Purdy,Iowa State,2022,,,24,pass,0.24269771575927734,False,65.0
2021,Brock Purdy,Iowa State,2022,,,11,pass,0.3153269290924072,False,65.0
2021,Brock Purdy,Iowa State,2022,,,19,pass,1.8842233419418335,False,76.0
2021,Brock Purdy,Iowa State,2022,,,6,pass,0.22527647018432617,False,57.0
2021,Brock Purdy,Iowa State,2022,,,9,pass,0.6615736484527588,False,51.0
2021,Brock Purdy,Iowa State,2022,,,4,pass,-0.14837098121643066,False,42.0
2021,Brock Purdy,Iowa State,2022,,,4,pass,-1.4963446855545044,False,41.0
2021,Brock Purdy,Iowa State,2022,,,0,pass,-0.9714620113372803,False,7.0
2021,Brock Purdy,Iowa State,2022,,,0,pass,-1.157658338546753,False,7.0
2021,Brock Purdy,Iowa State,2022,,,3,pass,0.7697405815124512,False,21.0
2021,Brock Purdy,Iowa State,2022,,,11,pass,1.7248543500900269,False,40.0
2021,Brock Purdy,Iowa State,2022,,,7,pass,0.24168795347213745,False,80.0
2021,Brock Purdy,Iowa State,2022,,,6,pass,1.167746901512146,False,73.0
2021,Brock Purdy,Iowa State,2022,,,9,pass,0.8197548389434814,False,67.0
2021,Brock Purdy,Iowa State,2022,,,14,pass,3.24975848197937,True,14.0
2021,Brock Purdy,Iowa State,2022,,,7,pass,0.9850594401359558,False,70.0
2021,Brock Purdy,Iowa State,2022,,,8,pass,0.6821279525756836,False,63.0
2021,Brock Purdy,Iowa State,2022,,,8,pass,0.45247912406921387,False,55.0
2021,Brock Purdy,Iowa State,2022,,,5,pass,0.00750422477722168,False,47.0
2021,Brock Purdy,Iowa State,2022,,,43,pass,3.486814022064209,False,52.0
2021,Brock Purdy,Iowa State,2022,,,12,pass,2.6873092651367188,True,12.0
2021,Brock Purdy,Iowa State,2022,,,15,pass,1.5200722217559814,False,39.0
2021,Brock Purdy,Iowa State,2022,,,9,pass,1.323315143585205,False,24.0
2021,Brock Purdy,Iowa State,2022,,,22,pass,1.703932523727417,False,75.0
2021,Brock Purdy,Iowa State,2022,,,21,pass,1.63021981716156,False,53.0
2021,Brock Purdy,Iowa State,2022,,,9,pass,2.640138626098633,True,9.0
2021,Brock Purdy,Iowa State,2022,,,19,pass,1.960254430770874,False,30.0
2021,Brock Purdy,Iowa State,2022,,,19,pass,1.1590651273727417,False,73.0
2021,Brock Purdy,Iowa State,2022,,,4,pass,-0.22091960906982422,False,91.0
2021,Brock Purdy,Iowa State,2022,,,6,pass,-0.46538805961608887,False,87.0
2021,Brock Purdy,Iowa State,2022,,,0,pass,-2.6264617443084717,False,60.0
2021,Brock Purdy,Iowa State,2022,,,0,pass,-0.5340878963470459,False,54.0
2021,Brock Purdy,Iowa State,2022,,,14,pass,1.050813913345337,False,43.0
2021,Brock Purdy,Iowa State,2022,,,6,pass,0.4555397033691406,False,29.0
2021,Brock Purdy,Iowa State,2022,,,6,pass,0.6269853115081787,False,23.0
2021,Brock Purdy,Iowa State,2022,,,25,pass,1.284839153289795,False,75.0
2021,Brock Purdy,Iowa State,2022,,,-4,pass,-1.0195274353027344,False,50.0
2021,Brock Purdy,Iowa State,2022,,,0,pass,-0.8080555200576782,False,75.0
2021,Brock Purdy,Iowa State,2022,,,3,pass,-0.8922756910324097,False,75.0
2021,Brock Purdy,Iowa State,2022,,,0,pass,-6.128937244415283,False,25.0
2021,Brock Purdy,Iowa State,2022,,,7,pass,0.7868616580963135,False,61.0
2021,Brock Purdy,Iowa State,2022,,,12,pass,2.0509910583496094,False,57.0
2021,Brock Purdy,Iowa State,2022,,,0,pass,-0.6147139072418213,False,45.0
2021,Brock Purdy,Iowa State,2022,,,6,pass,0.11032533645629883,False,45.0
2021,Brock Purdy,Iowa State,2022,,,9,pass,3.691021203994751,False,38.0
2021,Brock Purdy,Iowa State,2022,,,15,pass,0.7172727584838867,False,16.0
2021,Brock Purdy,Iowa State,2022,,,0,pass,-1.6175389289855957,False,59.0
2021,Brock Purdy,Iowa State,2022,,,3,pass,-0.040258511900901794,False,81.0
2021,Brock Purdy,Iowa State,2022,,,3,pass,-0.009588319808244705,False,78.0
2021,Brock Purdy,Iowa State,2022,,,4,pass,-0.0355587974190712,False,75.0
2021,Brock Purdy,Iowa State,2022,,,15,pass,-0.0350928008556366,False,71.0
2021,Brock Purdy,Iowa State,2022,,,28,pass,-0.21554431319236755,False,56.0
2021,Brock Purdy,Iowa State,2022,,,14,pass,-1.3946571350097656,False,28.0
2021,Brock Purdy,Iowa State,2022,,,12,pass,0.029406070709228516,False,14.0
2021,Brock Purdy,Iowa State,2022,,,11,pass,-0.04446584731340408,False,86.0
2021,Brock Purdy,Iowa State,2022,,,20,pass,-0.05211866274476051,False,75.0
2021,Brock Purdy,Iowa State,2022,,,-9,pass,-0.23988714814186096,False,55.0
2021,Brock Purdy,Iowa State,2022,,,0,pass,-2.0643599033355713,False,21.0
2021,Brock Purdy,Iowa State,2022,,,16,pass,1.5321673154830933,False,51.0
2021,Brock Purdy,Iowa State,2022,,,0,pass,-0.2624070644378662,False,64.0
2021,Brock Purdy,Iowa State,2022,,,13,pass,0.04535892605781555,False,64.0
2021,Brock Purdy,Iowa State,2022,,,2,pass,0.8633823394775391,True,2.0
2021,Brock Purdy,Iowa State,2022,,,-6,pass,-2.1141719818115234,False,50.0
2021,Brock Purdy,Iowa State,2022,,,7,pass,0.5709387063980103,False,55.0
2021,Brock Purdy,Iowa State,2022,,,8,pass,0.682640552520752,False,45.0
2021,Brock Purdy,Iowa State,2022,,,4,pass,-0.008177881129086018,False,90.0
2021,Brock Purdy,Iowa State,2022,,,3,pass,-0.19018742442131042,False,71.0
2021,Brock Purdy,Iowa State,2022,,,4,pass,-0.6034576892852783,False,52.0
2021,Brock Purdy,Iowa State,2022,,,4,pass,-0.6417571902275085,False,48.0
2021,Brock Purdy,Iowa State,2022,,,15,pass,-0.8455430865287781,False,44.0
2021,Brock Purdy,Iowa State,2022,,,4,pass,-0.10819840431213379,False,90.0
2021,Brock Purdy,Iowa State,2022,,,5,pass,-0.8257995247840881,False,86.0
2021,Brock Purdy,Iowa State,2022,,,-2,pass,-1.1840171813964844,False,75.0
2021,Brock Purdy,Iowa State,2022,,,-8,pass,-1.802107334136963,False,18.0
2021,Brock Purdy,Iowa State,2022,,,25,pass,-8.916672706604004,False,26.0
2021,Brock Purdy,Iowa State,2022,,,-5,pass,2.135556221008301,False,54.0
2021,Brock Purdy,Iowa State,2022,,,-6,pass,-1.6420718431472778,False,64.0
2021,Brock Purdy,Iowa State,2022,,,0,pass,-0.9608231782913208,False,64.0
2021,Brock Purdy,Iowa State,2022,,,-6,pass,-1.6859939098358154,False,64.0
2021,Brock Purdy,Iowa State,2022,,,6,pass,0.17250370979309082,False,65.0
2021,Brock Purdy,Iowa State,2022,,,0,pass,-1.0102580785751343,False,67.0
2021,Brock Purdy,Iowa State,2022,,,13,pass,2.979416608810425,False,67.0
2021,Brock Purdy,Iowa State,2022,,,4,pass,-0.32045769691467285,False,56.0
2021,Brock Purdy,Iowa State,2022,,,4,pass,-1.2144646644592285,False,52.0
2021,Brock Purdy,Iowa State,2022,,,2,pass,-1.1961666345596313,False,75.0
2021,Brock Purdy,Iowa State,2022,,,11,pass,0.8218705654144287,False,52.0
2021,Brock Purdy,Iowa State,2022,,,12,pass,0.5425541400909424,False,41.0
2021,Brock Purdy,Iowa State,2022,,,7,pass,0.6087062358856201,False,29.0
2021,Brock Purdy,Iowa State,2022,,,0,pass,-0.6497933864593506,False,18.0
2021,Brock Purdy,Iowa State,2022,,,-8,pass,-1.9322052001953125,False,18.0
2021,Brock Purdy,Iowa State,2022,,,25,pass,-2.0111286640167236,False,26.0
2021,Brock Purdy,Iowa State,2022,,,35,pass,4.587359428405762,True,35.0
2021,Brock Purdy,Iowa State,2022,,,17,pass,0.7074375152587891,False,67.0
2021,Brock Purdy,Iowa State,2022,,,15,pass,1.2024738788604736,False,50.0
2021,Brock Purdy,Iowa State,2022,,,32,pass,1.4322865009307861,False,75.0
2021,Brock Purdy,Iowa State,2022,,,26,pass,2.726734161376953,False,53.0
2021,Brock Purdy,Iowa State,2022,,,1,pass,-0.5810399055480957,False,27.0
2021,Brock Purdy,Iowa State,2022,,,0,pass,-1.1926069259643555,False,16.0
2021,Brock Purdy,Iowa State,2022,,,22,pass,2.432246685028076,True,22.0
2021,Brock Purdy,Iowa State,2022,,,-6,pass,-0.8150503635406494,False,57.0
2021,Brock Purdy,Iowa State,2022,,,26,pass,1.5092002153396606,False,86.0
2021,Brock Purdy,Iowa State,2022,,,5,pass,-0.17039835453033447,False,59.0
2021,Brock Purdy,Iowa State,2022,,,5,pass,1.3524096012115479,False,54.0
2021,Brock Purdy,Iowa State,2022,,,0,pass,-0.48522138595581055,False,49.0
2021,Brock Purdy,Iowa State,2022,,,10,pass,1.013443946838379,False,49.0
2021,Brock Purdy,Iowa State,2022,,,3,pass,-0.41730237007141113,False,56.0
2021,Brock Purdy,Iowa State,2022,,,13,pass,2.264045238494873,False,53.0
2021,Brock Purdy,Iowa State,2022,,,-1,pass,-0.944146990776062,False,55.0
2021,Brock Purdy,Iowa State,2022,,,12,pass,1.6068259477615356,False,56.0
2021,Brock Purdy,Iowa State,2022,,,2,pass,-0.5824098587036133,False,44.0
2021,Brock Purdy,Iowa State,2022,,,0,pass,-0.9782923460006714,False,42.0
2021,Brock Purdy,Iowa State,2022,,,20,pass,1.4453091621398926,False,60.0
2021,Brock Purdy,Iowa State,2022,,,13,pass,0.5880293846130371,False,40.0
2021,Brock Purdy,Iowa State,2022,,,4,pass,-0.06680583953857422,False,27.0
2021,Brock Purdy,Iowa State,2022,,,8,pass,1.1812074184417725,False,22.0
2021,Brock Purdy,Iowa State,2022,,,0,pass,-3.626232147216797,False,10.0
2021,Brock Purdy,Iowa State,2022,,,8,pass,-0.09727411717176437,False,72.0
2021,Brock Purdy,Iowa State,2022,,,0,pass,-0.24894282221794128,False,72.0
2021,Brock Purdy,Iowa State,2022,,,9,pass,0.6458601951599121,False,81.0
2021,Brock Purdy,Iowa State,2022,,,8,pass,0.16195780038833618,False,89.0
2021,Brock Purdy,Iowa State,2022,,,-5,pass,-1.1699804067611694,False,84.0
2021,Brock Purdy,Iowa State,2022,,,-4,pass,-1.1127240657806396,False,80.0
2021,Brock Purdy,Iowa State,2022,,,8,pass,1.1600010395050049,False,88.0
2021,Brock Purdy,Iowa State,2022,,,9,pass,0.6266054511070251,False,97.0
2021,Brock Purdy,Iowa State,2022,,,6,pass,2.118887424468994,True,6.0
2021,Brock Purdy,Iowa State,2022,,,10,pass,0.8034663200378418,False,18.0
2021,Brock Purdy,Iowa State,2022,,,4,pass,0.1046680212020874,False,31.0
2021,Brock Purdy,Iowa State,2022,,,-3,pass,-1.6932984590530396,False,28.0
2021,Brock Purdy,Iowa State,2022,,,15,pass,1.1940724849700928,False,63.0
2021,Brock Purdy,Iowa State,2022,,,0,pass,-0.684715986251831,False,28.0
2021,Brock Purdy,Iowa State,2022,,,4,pass,-0.7844797372817993,False,75.0
2021,Brock Purdy,Iowa State,2022,,,18,pass,-5.884564399719238,True,85.0
2021,Brock Purdy,Iowa State,2022,,,10,pass,1.4064315557479858,False,95.0
2021,Brock Purdy,Iowa State,2022,,,0,pass,-0.9024171233177185,False,69.0
2021,Brock Purdy,Iowa State,2022,,,0,pass,-0.9607414603233337,False,69.0
2021,Brock Purdy,Iowa State,2022,,,8,pass,-0.18507695198059082,False,72.0
2021,Brock Purdy,Iowa State,2022,,,0,pass,-1.1040892601013184,False,49.0
2021,Brock Purdy,Iowa State,2022,,,0,pass,-0.5178548097610474,False,49.0
2021,Brock Purdy,Iowa State,2022,,,17,pass,1.8206316232681274,False,71.0
2021,Brock Purdy,Iowa State,2022,,,0,pass,-0.45897653698921204,False,71.0
2021,Brock Purdy,Iowa State,2022,,,4,pass,-0.1948642134666443,False,75.0
2021,Brock Purdy,Iowa State,2022,,,0,pass,-1.0801193714141846,False,25.0
2021,Brock Purdy,Iowa State,2022,,,0,pass,-0.7210268974304199,False,25.0
2021,Brock Purdy,Iowa State,2022,,,27,pass,1.6782872676849365,False,52.0
2021,Brock Purdy,Iowa State,2022,,,2,pass,-0.5377247333526611,False,62.0
2021,Brock Purdy,Iowa State,2022,,,0,pass,-1.5783112049102783,False,5.0
2021,Brock Purdy,Iowa State,2022,,,13,pass,1.2648797035217285,False,23.0
2021,Brock Purdy,Iowa State,2022,,,34,pass,2.1939597129821777,False,57.0
2021,Brock Purdy,Iowa State,2022,,,6,pass,0.32046255469322205,False,80.0
2021,Brock Purdy,Iowa State,2022,,,3,pass,-0.49200868606567383,False,83.0
2021,Brock Purdy,Iowa State,2022,,,6,pass,0.8138506412506104,False,72.0
