season,player_name,college,draft_year,down,distance,yards_gained,play_type,epa,scoring,yards_to_goal
2015,Clayton Thorson,Northwestern,2019,,,0,pass,-1.115665078163147,False,32.0
2015,Clayton Thorson,Northwestern,2019,,,1,pass,-0.6345765590667725,False,36.0
2015,Clayton Thorson,Northwestern,2019,,,25,pass,2.763594388961792,False,73.0
2015,Clayton Thorson,Northwestern,2019,,,0,pass,-1.6715939044952393,False,2.0
2015,Clayton Thorson,Northwestern,2019,,,6,pass,1.2480723857879639,False,57.0
2015,Clayton Thorson,Northwestern,2019,,,17,pass,2.702697992324829,False,84.0
2015,Clayton Thorson,Northwestern,2019,,,8,pass,1.6290472745895386,False,74.0
2015,Clayton Thorson,Northwestern,2019,,,0,pass,-1.2754713296890259,False,71.0
2015,Clayton Thorson,Northwestern,2019,,,6,pass,-0.41993480920791626,False,77.0
2015,Clayton Thorson,Northwestern,2019,,,0,pass,-0.12464773654937744,False,70.0
2015,Clayton Thorson,Northwestern,2019,,,0,pass,-0.5768458247184753,False,31.0
2015,Clayton Thorson,Northwestern,2019,,,9,pass,3.087279796600342,False,35.0
2015,Clayton Thorson,Northwestern,2019,,,5,pass,1.4651613235473633,False,50.0
2015,Clayton Thorson,Northwestern,2019,,,9,pass,1.8524563312530518,False,64.0
2015,Clayton Thorson,Northwestern,2019,,,0,pass,-1.0520718097686768,False,72.0
2015,Clayton Thorson,Northwestern,2019,,,0,pass,-1.3439793586730957,False,14.0
2015,Clayton Thorson,Northwestern,2019,,,0,pass,-0.8031585216522217,False,14.0
2015,Clayton Thorson,Northwestern,2019,,,11,pass,2.2048211097717285,False,55.0
2015,Clayton Thorson,Northwestern,2019,,,0,pass,-0.9054424166679382,False,55.0
2015,Clayton Thorson,Northwestern,2019,,,6,pass,0.33615148067474365,False,80.0
2015,Clayton Thorson,Northwestern,2019,,,0,pass,-1.5305004119873047,False,71.0
2015,Clayton Thorson,Northwestern,2019,,,2,pass,-0.5228397846221924,False,73.0
2015,Clayton Thorson,Northwestern,2019,,,5,pass,0.4997197389602661,False,69.0
2015,Clayton Thorson,Northwestern,2019,,,0,pass,-4.64272403717041,False,46.0
2015,Clayton Thorson,Northwestern,2019,,,9,pass,1.8098196983337402,False,55.0
2015,Clayton Thorson,Northwestern,2019,,,-3,pass,-1.1552796363830566,False,26.0
2015,Clayton Thorson,Northwestern,2019,,,21,pass,1.355039119720459,False,80.0
2015,Clayton Thorson,Northwestern,2019,,,21,pass,1.2958037853240967,False,40.0
2015,Clayton Thorson,Northwestern,2019,,,0,pass,-1.1480880975723267,False,65.0
2015,Clayton Thorson,Northwestern,2019,,,0,pass,-1.1176340579986572,False,79.0
2015,Clayton Thorson,Northwestern,2019,,,0,pass,-0.8486870527267456,False,79.0
2015,Clayton Thorson,Northwestern,2019,,,0,pass,-0.941010594367981,False,78.0
2015,Clayton Thorson,Northwestern,2019,,,0,pass,-1.1811633110046387,False,74.0
2015,Clayton Thorson,Northwestern,2019,,,-13,pass,-3.215512752532959,False,48.0
2015,Clayton Thorson,Northwestern,2019,,,6,pass,0.09147036075592041,False,54.0
2015,Clayton Thorson,Northwestern,2019,,,4,pass,-0.6227298974990845,False,61.0
2015,Clayton Thorson,Northwestern,2019,,,3,pass,-0.15816408395767212,False,64.0
2015,Clayton Thorson,Northwestern,2019,,,0,pass,-1.1388071775436401,False,77.0
2015,Clayton Thorson,Northwestern,2019,,,0,pass,-1.1321351528167725,False,77.0
2015,Clayton Thorson,Northwestern,2019,,,4,pass,-0.20721253752708435,False,79.0
2015,Clayton Thorson,Northwestern,2019,,,24,pass,-4.711551189422607,False,71.0
2015,Clayton Thorson,Northwestern,2019,,,0,pass,-1.006286859512329,False,71.0
2015,Clayton Thorson,Northwestern,2019,,,0,pass,-1.5141276121139526,False,90.0
2015,Clayton Thorson,Northwestern,2019,,,44,pass,2.3746938705444336,True,44.0
2015,Clayton Thorson,Northwestern,2019,,,17,pass,0.6385624408721924,False,89.0
2015,Clayton Thorson,Northwestern,2019,,,15,pass,1.028280258178711,False,70.0
2015,Clayton Thorson,Northwestern,2019,,,0,pass,-0.3079257011413574,False,31.0
2015,Clayton Thorson,Northwestern,2019,,,2,pass,-0.21337604522705078,False,31.0
2015,Clayton Thorson,Northwestern,2019,,,24,pass,3.600621223449707,False,29.0
2015,Clayton Thorson,Northwestern,2019,,,17,pass,2.207267999649048,False,61.0
2015,Clayton Thorson,Northwestern,2019,,,0,pass,-1.2028241157531738,False,16.0
2015,Clayton Thorson,Northwestern,2019,,,12,pass,0.6041853427886963,False,59.0
2015,Clayton Thorson,Northwestern,2019,,,7,pass,1.7963560819625854,False,47.0
2015,Clayton Thorson,Northwestern,2019,,,11,pass,2.5425355434417725,False,41.0
2015,Clayton Thorson,Northwestern,2019,,,0,pass,-0.9214253425598145,False,92.0
2015,Clayton Thorson,Northwestern,2019,,,0,pass,-0.9348739385604858,False,92.0
2015,Clayton Thorson,Northwestern,2019,,,-1,pass,-1.623525619506836,False,4.0
2015,Clayton Thorson,Northwestern,2019,,,5,pass,0.35103273391723633,False,61.0
2015,Clayton Thorson,Northwestern,2019,,,-2,pass,-1.272607445716858,False,56.0
2015,Clayton Thorson,Northwestern,2019,,,9,pass,0.37563377618789673,False,66.0
2015,Clayton Thorson,Northwestern,2019,,,0,pass,-1.373049259185791,False,92.0
2015,Clayton Thorson,Northwestern,2019,,,0,pass,-0.560202956199646,False,62.0
2015,Clayton Thorson,Northwestern,2019,,,-7,pass,-1.5457957983016968,False,66.0
2015,Clayton Thorson,Northwestern,2019,,,0,pass,-0.7360692024230957,False,28.0
2015,Clayton Thorson,Northwestern,2019,,,17,pass,1.6823334693908691,False,28.0
2015,Clayton Thorson,Northwestern,2019,,,0,pass,-1.0105866193771362,False,72.0
2015,Clayton Thorson,Northwestern,2019,,,11,pass,2.28222393989563,False,72.0
2015,Clayton Thorson,Northwestern,2019,,,0,pass,-0.5946271419525146,False,61.0
2015,Clayton Thorson,Northwestern,2019,,,7,pass,1.3875669240951538,False,55.0
2015,Clayton Thorson,Northwestern,2019,,,5,pass,0.16097021102905273,False,9.0
2015,Clayton Thorson,Northwestern,2019,,,0,pass,-0.8854918479919434,False,9.0
2015,Clayton Thorson,Northwestern,2019,,,25,pass,3.641616106033325,True,25.0
2015,Clayton Thorson,Northwestern,2019,,,0,pass,-1.399406909942627,False,80.0
2015,Clayton Thorson,Northwestern,2019,,,21,pass,2.2312560081481934,False,72.0
2015,Clayton Thorson,Northwestern,2019,,,14,pass,1.3135082721710205,False,42.0
2015,Clayton Thorson,Northwestern,2019,,,0,pass,-0.5545179843902588,False,28.0
2015,Clayton Thorson,Northwestern,2019,,,3,pass,-0.6582493782043457,False,28.0
2015,Clayton Thorson,Northwestern,2019,,,21,pass,2.202090263366699,True,21.0
2015,Clayton Thorson,Northwestern,2019,,,10,pass,1.2095582485198975,False,75.0
2015,Clayton Thorson,Northwestern,2019,,,20,pass,1.2879774570465088,False,65.0
2015,Clayton Thorson,Northwestern,2019,,,5,pass,0.2531442642211914,False,45.0
2015,Clayton Thorson,Northwestern,2019,,,66,pass,5.452730178833008,True,66.0
2015,Clayton Thorson,Northwestern,2019,,,0,pass,-0.841305136680603,False,69.0
2015,Clayton Thorson,Northwestern,2019,,,0,pass,-3.314814329147339,False,85.0
2015,Clayton Thorson,Northwestern,2019,,,2,pass,-0.44730424880981445,False,71.0
2015,Clayton Thorson,Northwestern,2019,,,0,pass,-0.9960371851921082,False,74.0
2015,Clayton Thorson,Northwestern,2019,,,14,pass,2.7182652950286865,False,74.0
2015,Clayton Thorson,Northwestern,2019,,,0,pass,-0.6502058506011963,False,49.0
2015,Clayton Thorson,Northwestern,2019,,,6,pass,0.215440571308136,False,78.0
2015,Clayton Thorson,Northwestern,2019,,,0,pass,-1.0764033794403076,False,71.0
2015,Clayton Thorson,Northwestern,2019,,,0,pass,-1.3692201375961304,False,42.0
2015,Clayton Thorson,Northwestern,2019,,,14,pass,0.5015783309936523,False,60.0
2015,Clayton Thorson,Northwestern,2019,,,16,pass,0.9776628017425537,False,38.0
2015,Clayton Thorson,Northwestern,2019,,,-2,pass,-1.7644476890563965,False,4.0
2015,Clayton Thorson,Northwestern,2019,,,0,pass,-1.0462108850479126,False,73.0
2015,Clayton Thorson,Northwestern,2019,,,9,pass,1.5304999351501465,False,68.0
2015,Clayton Thorson,Northwestern,2019,,,9,pass,1.4720547199249268,False,52.0
2015,Clayton Thorson,Northwestern,2019,,,0,pass,-0.6208662986755371,False,32.0
2015,Clayton Thorson,Northwestern,2019,,,-3,pass,-2.3789329528808594,False,26.0
2015,Clayton Thorson,Northwestern,2019,,,11,pass,3.6251955032348633,False,29.0
2015,Clayton Thorson,Northwestern,2019,,,6,pass,1.2248457670211792,False,61.0
2015,Clayton Thorson,Northwestern,2019,,,4,pass,-0.9304324388504028,False,60.0
2015,Clayton Thorson,Northwestern,2019,,,10,pass,0.327462375164032,False,70.0
2015,Clayton Thorson,Northwestern,2019,,,0,pass,-1.0560662746429443,False,81.0
2015,Clayton Thorson,Northwestern,2019,,,16,pass,2.938443422317505,False,81.0
2015,Clayton Thorson,Northwestern,2019,,,3,pass,-0.48313605785369873,False,65.0
2015,Clayton Thorson,Northwestern,2019,,,0,pass,-0.9738781452178955,False,48.0
2015,Clayton Thorson,Northwestern,2019,,,9,pass,1.998633623123169,False,48.0
2015,Clayton Thorson,Northwestern,2019,,,19,pass,1.301917314529419,False,34.0
2015,Clayton Thorson,Northwestern,2019,,,4,pass,-0.7583827972412109,False,12.0
2015,Clayton Thorson,Northwestern,2019,,,0,pass,-0.8537623882293701,False,53.0
2015,Clayton Thorson,Northwestern,2019,,,0,pass,-0.6103716492652893,False,53.0
2015,Clayton Thorson,Northwestern,2019,,,11,pass,0.7515605092048645,False,64.0
2015,Clayton Thorson,Northwestern,2019,,,12,pass,0.9694030284881592,False,87.0
2015,Clayton Thorson,Northwestern,2019,,,0,pass,-0.5306985378265381,False,87.0
2015,Clayton Thorson,Northwestern,2019,,,0,pass,-1.080517292022705,False,51.0
2015,Clayton Thorson,Northwestern,2019,,,0,pass,-0.648693323135376,False,48.0
2015,Clayton Thorson,Northwestern,2019,,,25,pass,0.648693323135376,False,73.0
2015,Clayton Thorson,Northwestern,2019,,,0,pass,-1.2643898725509644,False,58.0
2015,Clayton Thorson,Northwestern,2019,,,0,pass,-0.8492740392684937,False,58.0
2015,Clayton Thorson,Northwestern,2019,,,2,pass,-0.4993974566459656,False,60.0
2015,Clayton Thorson,Northwestern,2019,,,-5,pass,-1.0548250675201416,False,73.0
2015,Clayton Thorson,Northwestern,2019,,,0,pass,-0.4802549481391907,False,73.0
2015,Clayton Thorson,Northwestern,2019,,,0,pass,-0.5952980518341064,False,91.0
2015,Clayton Thorson,Northwestern,2019,,,-2,pass,0.43183261156082153,False,89.0
2015,Clayton Thorson,Northwestern,2019,,,-2,pass,-1.1038979291915894,False,58.0
2015,Clayton Thorson,Northwestern,2019,,,9,pass,1.1946783065795898,False,62.0
2015,Clayton Thorson,Northwestern,2019,,,20,pass,3.182215690612793,False,85.0
2015,Clayton Thorson,Northwestern,2019,,,0,pass,-0.5781819820404053,False,80.0
2015,Clayton Thorson,Northwestern,2019,,,0,pass,-1.50892972946167,False,64.0
2015,Clayton Thorson,Northwestern,2019,,,3,pass,0.14574766159057617,False,67.0
2015,Clayton Thorson,Northwestern,2019,,,10,pass,1.514714002609253,False,36.0
2015,Clayton Thorson,Northwestern,2019,,,-2,pass,-1.5037329196929932,False,34.0
2015,Clayton Thorson,Northwestern,2019,,,5,pass,0.6557806730270386,False,54.0
2015,Clayton Thorson,Northwestern,2019,,,19,pass,3.458113193511963,False,79.0
2015,Clayton Thorson,Northwestern,2019,,,0,pass,-0.8933166265487671,False,79.0
2015,Clayton Thorson,Northwestern,2019,,,0,pass,-1.0388410091400146,False,80.0
2015,Clayton Thorson,Northwestern,2019,,,0,pass,-0.8779224157333374,False,80.0
2015,Clayton Thorson,Northwestern,2019,,,0,pass,-0.627111554145813,False,76.0
2015,Clayton Thorson,Northwestern,2019,,,6,pass,0.14367890357971191,False,74.0
2015,Clayton Thorson,Northwestern,2019,,,-10,pass,-5.666351318359375,False,50.0
2015,Clayton Thorson,Northwestern,2019,,,11,pass,0.8968809843063354,False,61.0
2015,Clayton Thorson,Northwestern,2019,,,0,pass,-0.6175052523612976,False,76.0
2015,Clayton Thorson,Northwestern,2019,,,9,pass,0.8928756713867188,False,80.0
2015,Clayton Thorson,Northwestern,2019,,,0,pass,-1.985422968864441,False,44.0
2015,Clayton Thorson,Northwestern,2019,,,0,pass,-1.094569444656372,False,44.0
2015,Clayton Thorson,Northwestern,2019,,,9,pass,1.4356575012207031,False,56.0
2015,Clayton Thorson,Northwestern,2019,,,2,pass,-0.3908764123916626,False,58.0
2015,Clayton Thorson,Northwestern,2019,,,6,pass,-1.607533574104309,False,64.0
2015,Clayton Thorson,Northwestern,2019,,,-10,pass,-0.6638754606246948,False,75.0
2015,Clayton Thorson,Northwestern,2019,,,5,pass,0.09330558776855469,False,16.0
2015,Clayton Thorson,Northwestern,2019,,,21,pass,-0.09330558776855469,False,37.0
2015,Clayton Thorson,Northwestern,2019,,,-12,pass,-1.83884859085083,False,25.0
2015,Clayton Thorson,Northwestern,2019,,,4,pass,2.6304893493652344,True,4.0
2015,Clayton Thorson,Northwestern,2019,,,34,pass,4.962986469268799,False,43.0
2015,Clayton Thorson,Northwestern,2019,,,5,pass,-0.700881838798523,False,48.0
2015,Clayton Thorson,Northwestern,2019,,,5,pass,0.2783071994781494,False,38.0
2015,Clayton Thorson,Northwestern,2019,,,11,pass,0.5611245632171631,False,49.0
2015,Clayton Thorson,Northwestern,2019,,,0,pass,-0.7686218619346619,False,62.0
2015,Clayton Thorson,Northwestern,2019,,,0,pass,-0.6013570427894592,False,62.0
2015,Clayton Thorson,Northwestern,2019,,,0,pass,-0.6114312410354614,False,76.0
2015,Clayton Thorson,Northwestern,2019,,,0,pass,-1.0518062114715576,False,87.0
2015,Clayton Thorson,Northwestern,2019,,,0,pass,-0.8257016539573669,False,87.0
2015,Clayton Thorson,Northwestern,2019,,,0,pass,-0.7288590669631958,False,87.0
2015,Clayton Thorson,Northwestern,2019,,,0,pass,-1.2675038576126099,False,75.0
2015,Clayton Thorson,Northwestern,2019,,,0,pass,-0.9276831150054932,False,75.0
2015,Clayton Thorson,Northwestern,2019,,,0,pass,-0.5592992305755615,False,75.0
2015,Clayton Thorson,Northwestern,2019,,,0,pass,-0.7749825119972229,False,91.0
2015,Clayton Thorson,Northwestern,2019,,,0,pass,-1.6626027822494507,False,67.0
2015,Clayton Thorson,Northwestern,2019,,,3,pass,-0.2782924473285675,False,70.0
2015,Clayton Thorson,Northwestern,2019,,,5,pass,1.6222302913665771,False,78.0
2015,Clayton Thorson,Northwestern,2019,,,4,pass,-0.4375389516353607,False,82.0
2015,Clayton Thorson,Northwestern,2019,,,4,pass,-3.6109519004821777,False,85.0
2015,Clayton Thorson,Northwestern,2019,,,0,pass,-0.9311986565589905,False,85.0
2015,Clayton Thorson,Northwestern,2019,,,28,pass,1.899322509765625,False,68.0
2015,Clayton Thorson,Northwestern,2019,,,0,pass,-1.1402902603149414,False,9.0
2015,Clayton Thorson,Northwestern,2019,,,27,pass,1.5997719764709473,False,40.0
2015,Clayton Thorson,Northwestern,2019,,,37,pass,3.569861650466919,True,37.0
2015,Clayton Thorson,Northwestern,2019,,,5,pass,-0.21493220329284668,False,62.0
2015,Clayton Thorson,Northwestern,2019,,,9,pass,1.5551037788391113,False,57.0
2015,Clayton Thorson,Northwestern,2019,,,15,pass,2.608430862426758,False,77.0
2015,Clayton Thorson,Northwestern,2019,,,0,pass,-0.9007340669631958,False,77.0
2015,Clayton Thorson,Northwestern,2019,,,22,pass,2.0419111251831055,False,29.0
2015,Clayton Thorson,Northwestern,2019,,,0,pass,-0.4835653305053711,False,29.0
2015,Clayton Thorson,Northwestern,2019,,,4,pass,-0.4962489604949951,False,48.0
2015,Clayton Thorson,Northwestern,2019,,,0,pass,-0.6152644157409668,False,48.0
2015,Clayton Thorson,Northwestern,2019,,,14,pass,0.9106225967407227,False,62.0
2015,Clayton Thorson,Northwestern,2019,,,0,pass,1.4205164909362793,False,11.0
2015,Clayton Thorson,Northwestern,2019,,,0,pass,-0.1577882170677185,False,60.0
2015,Clayton Thorson,Northwestern,2019,,,4,pass,-0.14542901515960693,False,64.0
2015,Clayton Thorson,Northwestern,2019,,,8,pass,0.04707598686218262,False,72.0
2015,Clayton Thorson,Northwestern,2019,,,-9,pass,-2.328251600265503,False,72.0
2015,Clayton Thorson,Northwestern,2019,,,0,pass,-0.8488040566444397,False,77.0
2015,Clayton Thorson,Northwestern,2019,,,3,pass,-0.8762500286102295,False,81.0
2015,Clayton Thorson,Northwestern,2019,,,0,pass,-0.6554403901100159,False,80.0
2015,Clayton Thorson,Northwestern,2019,,,0,pass,-1.422311782836914,False,77.0
2015,Clayton Thorson,Northwestern,2019,,,1,pass,-0.8731522560119629,False,78.0
2015,Clayton Thorson,Northwestern,2019,,,-4,pass,-1.7800291776657104,True,96.0
2015,Clayton Thorson,Northwestern,2019,,,0,pass,-1.2243746519088745,False,84.0
2015,Clayton Thorson,Northwestern,2019,,,13,pass,2.52590012550354,False,57.0
2015,Clayton Thorson,Northwestern,2019,,,-1,pass,-1.0966062545776367,False,56.0
2015,Clayton Thorson,Northwestern,2019,,,0,pass,-0.9079997539520264,False,64.0
2015,Clayton Thorson,Northwestern,2019,,,-1,pass,-1.2472116947174072,False,64.0
2015,Clayton Thorson,Northwestern,2019,,,-9,pass,-1.7576513290405273,False,61.0
2015,Clayton Thorson,Northwestern,2019,,,0,pass,-1.2769203186035156,False,21.0
2015,Clayton Thorson,Northwestern,2019,,,0,pass,-0.5858087539672852,False,25.0
2015,Clayton Thorson,Northwestern,2019,,,26,pass,3.2475428581237793,False,51.0
2015,Clayton Thorson,Northwestern,2019,,,2,pass,-0.6115553379058838,False,53.0
2015,Clayton Thorson,Northwestern,2019,,,18,pass,1.0991020202636719,False,71.0
2015,Clayton Thorson,Northwestern,2019,,,-6,pass,-1.4435656070709229,False,19.0
2015,Clayton Thorson,Northwestern,2019,,,5,pass,0.024975061416625977,False,55.0
2015,Clayton Thorson,Northwestern,2019,,,8,pass,1.6867825984954834,False,41.0
2015,Clayton Thorson,Northwestern,2019,,,0,pass,-0.6143908500671387,False,2.0
2015,Clayton Thorson,Northwestern,2019,,,16,pass,0.9143959283828735,False,74.0
2015,Clayton Thorson,Northwestern,2019,,,0,pass,-1.0038268566131592,False,59.0
2015,Clayton Thorson,Northwestern,2019,,,4,pass,-3.772036075592041,False,59.0
2015,Clayton Thorson,Northwestern,2019,,,0,pass,-0.6402196884155273,False,75.0
2015,Clayton Thorson,Northwestern,2019,,,16,pass,2.1682753562927246,False,69.0
2015,Clayton Thorson,Northwestern,2019,,,15,pass,1.0066418647766113,False,53.0
2015,Clayton Thorson,Northwestern,2019,,,3,pass,-0.34101343154907227,False,37.0
2015,Clayton Thorson,Northwestern,2019,,,0,pass,-4.558942794799805,False,29.0
2015,Clayton Thorson,Northwestern,2019,,,0,pass,-1.0558816194534302,False,75.0
2015,Clayton Thorson,Northwestern,2019,,,0,pass,-1.2838263511657715,False,87.0
2015,Clayton Thorson,Northwestern,2019,,,10,pass,1.9128867387771606,False,55.0
2015,Clayton Thorson,Northwestern,2019,,,0,pass,-1.1356120109558105,False,47.0
2015,Clayton Thorson,Northwestern,2019,,,0,pass,-1.395845651626587,False,47.0
2015,Clayton Thorson,Northwestern,2019,,,5,pass,0.23594993352890015,False,75.0
2015,Clayton Thorson,Northwestern,2019,,,4,pass,-0.08547759056091309,False,43.0
2015,Clayton Thorson,Northwestern,2019,,,-2,pass,-1.3465002775,False,
2015,Clayton Thorson,Northwestern,2019,,,0,pass,-1.8995211124,False,
2015,Clayton Thorson,Northwestern,2019,,,20,pass,1.5697953701,False,
2015,Clayton Thorson,Northwestern,2019,,,4,pass,-0.0090337992,False,
2015,Clayton Thorson,Northwestern,2019,,,4,pass,0.2398765087,False,
2015,Clayton Thorson,Northwestern,2019,,,0,pass,-0.0815868378,False,
2015,Clayton Thorson,Northwestern,2019,,,0,pass,-0.4535804987,False,
2015,Clayton Thorson,Northwestern,2019,,,6,pass,1.273329258,False,
2015,Clayton Thorson,Northwestern,2019,,,0,pass,-1.1885983944,False,
2015,Clayton Thorson,Northwestern,2019,,,0,pass,-0.4095833302,False,
2015,Clayton Thorson,Northwestern,2019,,,6,pass,0.3466243744,False,
2015,Clayton Thorson,Northwestern,2019,,,0,pass,-0.6020293236,False,
2015,Clayton Thorson,Northwestern,2019,,,4,pass,1.2707548141,False,
2015,Clayton Thorson,Northwestern,2019,,,4,pass,1.3892505169,False,
2015,Clayton Thorson,Northwestern,2019,,,0,pass,-0.9521359801,False,
2015,Clayton Thorson,Northwestern,2019,,,-10,pass,-2.3010387421,False,
2015,Clayton Thorson,Northwestern,2019,,,0,pass,-1.4378538132,False,
2015,Clayton Thorson,Northwestern,2019,,,0,pass,-1.8215799332,False,
2015,Clayton Thorson,Northwestern,2019,,,0,pass,-1.4656097889,False,
2015,Clayton Thorson,Northwestern,2019,,,14,pass,2.544577837,False,
2015,Clayton Thorson,Northwestern,2019,,,0,pass,-0.6062824726,False,
2015,Clayton Thorson,Northwestern,2019,,,0,pass,-0.6650197505950928,False,69.0
2015,Clayton Thorson,Northwestern,2019,,,0,pass,-0.5819571018218994,False,22.0
2015,Clayton Thorson,Northwestern,2019,,,1,pass,-0.7954490184783936,False,16.0
2015,Clayton Thorson,Northwestern,2019,,,0,pass,-0.8501732349395752,False,34.0
2015,Clayton Thorson,Northwestern,2019,,,58,pass,-9.888483047485352,True,46.0
2015,Clayton Thorson,Northwestern,2019,,,15,pass,0.5909960269927979,False,68.0
2015,Clayton Thorson,Northwestern,2019,,,-3,pass,-3.613363742828369,False,52.0
2015,Clayton Thorson,Northwestern,2019,,,0,pass,-0.5535776615142822,False,50.0
2015,Clayton Thorson,Northwestern,2019,,,8,pass,0.5535777807235718,False,61.0
2015,Clayton Thorson,Northwestern,2019,,,0,pass,-0.950874924659729,False,61.0
2015,Clayton Thorson,Northwestern,2019,,,0,pass,-2.075711250305176,False,72.0
2015,Clayton Thorson,Northwestern,2019,,,0,pass,-0.4712691009044647,False,46.0
2015,Clayton Thorson,Northwestern,2019,,,-2,pass,-0.9696031808853149,False,44.0
2015,Clayton Thorson,Northwestern,2019,,,0,pass,-0.5189427137374878,False,44.0
2015,Clayton Thorson,Northwestern,2019,,,7,pass,0.683538556098938,False,51.0
2015,Clayton Thorson,Northwestern,2019,,,0,pass,-1.6532810926437378,False,62.0
2015,Clayton Thorson,Northwestern,2019,,,-7,pass,-1.7187244892120361,False,78.0
2015,Clayton Thorson,Northwestern,2019,,,0,pass,-0.9268542528152466,False,82.0
2015,Clayton Thorson,Northwestern,2019,,,9,pass,1.0936393737792969,False,17.0
2015,Clayton Thorson,Northwestern,2019,,,39,pass,2.809877395629883,False,63.0
2015,Clayton Thorson,Northwestern,2019,,,7,pass,0.5184922218322754,False,13.0
2015,Clayton Thorson,Northwestern,2019,,,0,pass,-1.4997353553771973,False,48.0
2015,Clayton Thorson,Northwestern,2019,,,0,pass,-1.0708694458007812,False,48.0
2015,Clayton Thorson,Northwestern,2019,,,19,pass,3.3534791469573975,True,19.0
2015,Clayton Thorson,Northwestern,2019,,,48,pass,4.052305698394775,False,71.0
2015,Clayton Thorson,Northwestern,2019,,,6,pass,0.22222621738910675,False,81.0
2015,Clayton Thorson,Northwestern,2019,,,0,pass,-1.311631441116333,False,67.0
2015,Clayton Thorson,Northwestern,2019,,,8,pass,0.7339438796043396,False,75.0
2015,Clayton Thorson,Northwestern,2019,,,0,pass,-0.35700005292892456,False,75.0
2015,Clayton Thorson,Northwestern,2019,,,0,pass,-3.9328529834747314,False,62.0
2015,Clayton Thorson,Northwestern,2019,,,-9,pass,-1.5817410945892334,False,54.0
2015,Clayton Thorson,Northwestern,2019,,,-7,pass,-2.2722582817077637,False,47.0
2015,Clayton Thorson,Northwestern,2019,,,3,pass,-0.17150425910949707,False,50.0
2015,Clayton Thorson,Northwestern,2019,,,0,pass,-0.20558728277683258,False,67.0
2015,Clayton Thorson,Northwestern,2019,,,-7,pass,-0.7107714414596558,False,60.0
2015,Clayton Thorson,Northwestern,2019,,,4,pass,-0.20692741870880127,False,64.0
2015,Clayton Thorson,Northwestern,2019,,,11,pass,0.5097500681877136,False,75.0
2015,Clayton Thorson,Northwestern,2019,,,6,pass,0.019722163677215576,False,86.0
2015,Clayton Thorson,Northwestern,2019,,,11,pass,0.718623161315918,False,19.0
2015,Clayton Thorson,Northwestern,2019,,,7,pass,0.12932175397872925,False,73.0
2015,Clayton Thorson,Northwestern,2019,,,0,pass,-0.8727884888648987,False,73.0
2015,Clayton Thorson,Northwestern,2019,,,0,pass,-0.9939280152320862,False,77.0
2015,Clayton Thorson,Northwestern,2019,,,0,pass,-1.0487462282180786,False,24.0
2015,Clayton Thorson,Northwestern,2019,,,0,pass,-5.420198917388916,False,80.0
2015,Clayton Thorson,Northwestern,2019,,,7,pass,-0.28604137897491455,False,78.0
2015,Clayton Thorson,Northwestern,2019,,,-8,pass,-2.2041096687316895,False,70.0
2015,Clayton Thorson,Northwestern,2019,,,0,pass,-1.0268223285675049,False,82.0
2015,Clayton Thorson,Northwestern,2019,,,0,pass,-1.4437087774276733,False,72.0
2015,Clayton Thorson,Northwestern,2019,,,0,pass,-0.5204383730888367,False,75.0
2016,Clayton Thorson,Northwestern,2019,,,14,pass,0.7641341686248779,False,32.0
2016,Clayton Thorson,Northwestern,2019,,,29,pass,2.488524913787842,False,61.0
2016,Clayton Thorson,Northwestern,2019,,,2,pass,-0.4092063903808594,False,65.0
2016,Clayton Thorson,Northwestern,2019,,,37,pass,3.7473690509796143,False,38.0
2016,Clayton Thorson,Northwestern,2019,,,13,pass,1.7988767623901367,False,50.0
2016,Clayton Thorson,Northwestern,2019,,,8,pass,0.6054012775421143,False,53.0
2016,Clayton Thorson,Northwestern,2019,,,10,pass,0.6889498233795166,False,63.0
2016,Clayton Thorson,Northwestern,2019,,,14,pass,1.1582190990447998,False,80.0
2016,Clayton Thorson,Northwestern,2019,,,-10,pass,-2.5962908267974854,False,70.0
2016,Clayton Thorson,Northwestern,2019,,,0,pass,-1.8800842761993408,False,41.0
2016,Clayton Thorson,Northwestern,2019,,,-1,pass,-0.9379262924194336,False,40.0
2016,Clayton Thorson,Northwestern,2019,,,6,pass,0.2514007091522217,False,46.0
2016,Clayton Thorson,Northwestern,2019,,,9,pass,0.5560468435287476,False,59.0
2016,Clayton Thorson,Northwestern,2019,,,0,pass,-1.681833267211914,False,53.0
2016,Clayton Thorson,Northwestern,2019,,,-5,pass,-1.5404636859893799,False,94.0
2016,Clayton Thorson,Northwestern,2019,,,7,pass,1.147221565246582,False,8.0
2016,Clayton Thorson,Northwestern,2019,,,14,pass,3.602860927581787,False,31.0
2016,Clayton Thorson,Northwestern,2019,,,0,pass,-1.629023790359497,False,31.0
2016,Clayton Thorson,Northwestern,2019,,,12,pass,1.8990031480789185,False,48.0
2016,Clayton Thorson,Northwestern,2019,,,6,pass,0.035088539123535156,False,54.0
2016,Clayton Thorson,Northwestern,2019,,,0,pass,-0.7497893571853638,False,54.0
2016,Clayton Thorson,Northwestern,2019,,,15,pass,1.153355360031128,False,69.0
2016,Clayton Thorson,Northwestern,2019,,,0,pass,-0.6720067263,False,
2016,Clayton Thorson,Northwestern,2019,,,0,pass,-0.6766798496,False,
2016,Clayton Thorson,Northwestern,2019,,,11,pass,1.1235010624,False,
2016,Clayton Thorson,Northwestern,2019,,,9,pass,0.8031394482,False,
2016,Clayton Thorson,Northwestern,2019,,,-4,pass,-1.2420558929,False,
2016,Clayton Thorson,Northwestern,2019,,,-9,pass,-1.8686606884,False,
2016,Clayton Thorson,Northwestern,2019,,,0,pass,-0.5842850208,False,
2016,Clayton Thorson,Northwestern,2019,,,-2,pass,-1.9143902063,False,
2016,Clayton Thorson,Northwestern,2019,,,29,pass,3.0344524384,False,
2016,Clayton Thorson,Northwestern,2019,,,0,pass,-1.3620809317,False,
2016,Clayton Thorson,Northwestern,2019,,,8,pass,0.6293153763,False,
2016,Clayton Thorson,Northwestern,2019,,,0,pass,-0.7859246731,False,
2016,Clayton Thorson,Northwestern,2019,,,10,pass,1.4722745419,False,
2016,Clayton Thorson,Northwestern,2019,,,0,pass,-3.620926857,False,
2016,Clayton Thorson,Northwestern,2019,,,20,pass,2.6476624012,False,
2016,Clayton Thorson,Northwestern,2019,,,0,pass,-0.6136374474,False,
2016,Clayton Thorson,Northwestern,2019,,,0,pass,-0.6795499921,False,
2016,Clayton Thorson,Northwestern,2019,,,0,pass,-0.6588426828,False,
2016,Clayton Thorson,Northwestern,2019,,,33,pass,2.87514925,False,
2016,Clayton Thorson,Northwestern,2019,,,0,pass,-0.4220223427,False,
2016,Clayton Thorson,Northwestern,2019,,,0,pass,-0.3416239023,False,
2016,Clayton Thorson,Northwestern,2019,,,0,pass,-1.0163606405,False,
2016,Clayton Thorson,Northwestern,2019,,,-9,pass,-2.1275348663,False,
2016,Clayton Thorson,Northwestern,2019,,,4,pass,-0.0976230502,False,
2016,Clayton Thorson,Northwestern,2019,,,0,pass,-1.0348396301,False,
2016,Clayton Thorson,Northwestern,2019,,,11,pass,2.3583722115,False,
2016,Clayton Thorson,Northwestern,2019,,,0,pass,-0.7767893076,False,
2016,Clayton Thorson,Northwestern,2019,,,0,pass,-2.7166109085,False,
2016,Clayton Thorson,Northwestern,2019,,,-4,pass,-1.7333140373,False,
2016,Clayton Thorson,Northwestern,2019,,,35,pass,1.5818169117,False,
2016,Clayton Thorson,Northwestern,2019,,,9,pass,0.622713089,False,
2016,Clayton Thorson,Northwestern,2019,,,0,pass,-0.5641021729,False,
2016,Clayton Thorson,Northwestern,2019,,,0,pass,-0.7616643906,False,
2016,Clayton Thorson,Northwestern,2019,,,0,pass,-1.1399672031,False,
2016,Clayton Thorson,Northwestern,2019,,,3,pass,-0.3721064329,False,
2016,Clayton Thorson,Northwestern,2019,,,0,pass,-1.2691636086,False,
2016,Clayton Thorson,Northwestern,2019,,,8,pass,0.8228526115,False,
2016,Clayton Thorson,Northwestern,2019,,,-3,pass,-1.2313396931,False,
2016,Clayton Thorson,Northwestern,2019,,,0,pass,-0.8245434761,False,
2016,Clayton Thorson,Northwestern,2019,,,0,pass,-1.5290341377,False,
2016,Clayton Thorson,Northwestern,2019,,,5,pass,-0.2955110073,False,
2016,Clayton Thorson,Northwestern,2019,,,27,pass,4.017029762268066,False,30.0
2016,Clayton Thorson,Northwestern,2019,,,0,pass,-0.7937911748886108,False,30.0
2016,Clayton Thorson,Northwestern,2019,,,13,pass,1.8762407302856445,False,60.0
2016,Clayton Thorson,Northwestern,2019,,,2,pass,0.9603739976882935,False,67.0
2016,Clayton Thorson,Northwestern,2019,,,0,pass,-0.7861508131027222,False,67.0
2016,Clayton Thorson,Northwestern,2019,,,8,pass,0.6497817635536194,False,75.0
2016,Clayton Thorson,Northwestern,2019,,,2,pass,1.576423168182373,True,2.0
2016,Clayton Thorson,Northwestern,2019,,,0,pass,-0.7731208801269531,False,2.0
2016,Clayton Thorson,Northwestern,2019,,,35,pass,3.624237060546875,False,40.0
2016,Clayton Thorson,Northwestern,2019,,,0,pass,-0.642451286315918,False,40.0
2016,Clayton Thorson,Northwestern,2019,,,6,pass,3.050309658050537,False,46.0
2016,Clayton Thorson,Northwestern,2019,,,16,pass,0.6060996651649475,False,62.0
2016,Clayton Thorson,Northwestern,2019,,,0,pass,-0.8693051934242249,False,62.0
2016,Clayton Thorson,Northwestern,2019,,,30,pass,2.172830104827881,False,84.0
2016,Clayton Thorson,Northwestern,2019,,,0,pass,-1.441523790359497,False,59.0
2016,Clayton Thorson,Northwestern,2019,,,3,pass,-0.4231288433074951,False,59.0
2016,Clayton Thorson,Northwestern,2019,,,11,pass,0.8097485303878784,False,94.0
2016,Clayton Thorson,Northwestern,2019,,,0,pass,-0.12477792054414749,False,58.0
2016,Clayton Thorson,Northwestern,2019,,,-8,pass,-1.0191181898117065,False,60.0
2016,Clayton Thorson,Northwestern,2019,,,0,pass,-1.2110474109649658,False,6.0
2016,Clayton Thorson,Northwestern,2019,,,9,pass,0.5570883750915527,False,64.0
2016,Clayton Thorson,Northwestern,2019,,,7,pass,0.8726234436035156,False,71.0
2016,Clayton Thorson,Northwestern,2019,,,17,pass,1.2709290981292725,False,88.0
2016,Clayton Thorson,Northwestern,2019,,,0,pass,-0.4371976852416992,False,88.0
2016,Clayton Thorson,Northwestern,2019,,,3,pass,3.144441604614258,False,4.0
2016,Clayton Thorson,Northwestern,2019,,,4,pass,-0.6377322673797607,False,8.0
2016,Clayton Thorson,Northwestern,2019,,,4,pass,-0.07955408096313477,False,12.0
2016,Clayton Thorson,Northwestern,2019,,,11,pass,1.9747631549835205,False,23.0
2016,Clayton Thorson,Northwestern,2019,,,0,pass,-0.5262353420257568,False,25.0
2016,Clayton Thorson,Northwestern,2019,,,8,pass,2.052391290664673,False,55.0
2016,Clayton Thorson,Northwestern,2019,,,0,pass,-0.5533524751663208,False,57.0
2016,Clayton Thorson,Northwestern,2019,,,10,pass,1.5174856185913086,False,67.0
2016,Clayton Thorson,Northwestern,2019,,,0,pass,-4.7560834884643555,False,59.0
2016,Clayton Thorson,Northwestern,2019,,,0,pass,-1.9122809171676636,False,44.0
2016,Clayton Thorson,Northwestern,2019,,,0,pass,-0.6413223743438721,False,45.0
2016,Clayton Thorson,Northwestern,2019,,,13,pass,0.8970868587493896,False,58.0
2016,Clayton Thorson,Northwestern,2019,,,17,pass,1.3501176834106445,False,75.0
2016,Clayton Thorson,Northwestern,2019,,,0,pass,-2.331643581390381,False,71.0
2016,Clayton Thorson,Northwestern,2019,,,0,pass,-2.102017641067505,False,73.0
2016,Clayton Thorson,Northwestern,2019,,,10,pass,4.3250932693481445,True,10.0
2016,Clayton Thorson,Northwestern,2019,,,17,pass,-3.134688138961792,False,55.0
2016,Clayton Thorson,Northwestern,2019,,,-5,pass,-5.798355579376221,False,35.0
2016,Clayton Thorson,Northwestern,2019,,,12,pass,-1.9004149436950684,False,40.0
2016,Clayton Thorson,Northwestern,2019,,,0,pass,-7.014452934265137,False,10.0
2016,Clayton Thorson,Northwestern,2019,,,0,pass,-4.149619102478027,False,53.0
2016,Clayton Thorson,Northwestern,2019,,,0,pass,-2.1711549758911133,False,85.0
2016,Clayton Thorson,Northwestern,2019,,,0,pass,-2.847079277038574,False,70.0
2016,Clayton Thorson,Northwestern,2019,,,7,pass,-2.205589532852173,False,70.0
2016,Clayton Thorson,Northwestern,2019,,,34,pass,-1.6904551982879639,False,63.0
2016,Clayton Thorson,Northwestern,2019,,,0,pass,-2.2022533416748047,False,22.0
2016,Clayton Thorson,Northwestern,2019,,,16,pass,-1.2454586029052734,False,80.0
2016,Clayton Thorson,Northwestern,2019,,,7,pass,-1.948758602142334,False,63.0
2016,Clayton Thorson,Northwestern,2019,,,0,pass,-3.9635419845581055,False,56.0
2016,Clayton Thorson,Northwestern,2019,,,0,pass,-4.312114715576172,False,54.0
2016,Clayton Thorson,Northwestern,2019,,,5,pass,-0.26027268171310425,False,75.0
2016,Clayton Thorson,Northwestern,2019,,,0,pass,-5.08277702331543,False,32.0
2016,Clayton Thorson,Northwestern,2019,,,0,pass,-5.613105773925781,False,32.0
2016,Clayton Thorson,Northwestern,2019,,,14,pass,-1.8521373271942139,False,30.0
2016,Clayton Thorson,Northwestern,2019,,,0,pass,-5.917916774749756,False,16.0
2016,Clayton Thorson,Northwestern,2019,,,0,pass,-6.3705549240112305,False,16.0
2016,Clayton Thorson,Northwestern,2019,,,0,pass,-6.512523651123047,False,16.0
2016,Clayton Thorson,Northwestern,2019,,,5,pass,-1.5531415939331055,False,74.0
2016,Clayton Thorson,Northwestern,2019,,,11,pass,-2.2319040298461914,False,69.0
2016,Clayton Thorson,Northwestern,2019,,,0,pass,-3.5156424045562744,False,58.0
2016,Clayton Thorson,Northwestern,2019,,,0,pass,-3.8218226432800293,False,58.0
2016,Clayton Thorson,Northwestern,2019,,,12,pass,-1.274144172668457,False,58.0
2016,Clayton Thorson,Northwestern,2019,,,7,pass,-0.740838885307312,False,92.0
2016,Clayton Thorson,Northwestern,2019,,,0,pass,-2.4081716537475586,False,85.0
2016,Clayton Thorson,Northwestern,2019,,,6,pass,-2.49749755859375,False,66.0
2016,Clayton Thorson,Northwestern,2019,,,5,pass,-4.152069091796875,False,45.0
2016,Clayton Thorson,Northwestern,2019,,,14,pass,-4.042006015777588,False,40.0
2016,Clayton Thorson,Northwestern,2019,,,-3,pass,-5.592443943023682,False,32.0
2016,Clayton Thorson,Northwestern,2019,,,-5,pass,-4.724186897277832,False,35.0
2016,Clayton Thorson,Northwestern,2019,,,9,pass,-0.40326666831970215,False,90.0
2016,Clayton Thorson,Northwestern,2019,,,0,pass,-2.2308011054992676,False,78.0
2016,Clayton Thorson,Northwestern,2019,,,0,pass,-1.9216439723968506,False,82.0
2016,Clayton Thorson,Northwestern,2019,,,4,pass,-0.18659591674804688,False,80.0
2016,Clayton Thorson,Northwestern,2019,,,5,pass,0.030561476945877075,False,76.0
2016,Clayton Thorson,Northwestern,2019,,,-2,pass,-0.8872763514518738,False,69.0
2016,Clayton Thorson,Northwestern,2019,,,23,pass,2.2711029052734375,False,71.0
2016,Clayton Thorson,Northwestern,2019,,,0,pass,-0.49323272705078125,False,48.0
2016,Clayton Thorson,Northwestern,2019,,,14,pass,1.2639470100402832,False,48.0
2016,Clayton Thorson,Northwestern,2019,,,7,pass,0.5436205863952637,False,34.0
2016,Clayton Thorson,Northwestern,2019,,,0,pass,-0.5906980037689209,False,27.0
2016,Clayton Thorson,Northwestern,2019,,,-3,pass,-1.9966784715652466,False,27.0
2016,Clayton Thorson,Northwestern,2019,,,0,pass,-2.538966178894043,False,30.0
2016,Clayton Thorson,Northwestern,2019,,,0,pass,-0.40664729475975037,False,80.0
2016,Clayton Thorson,Northwestern,2019,,,13,pass,2.4702510833740234,False,76.0
2016,Clayton Thorson,Northwestern,2019,,,8,pass,0.6612179279327393,False,63.0
2016,Clayton Thorson,Northwestern,2019,,,1,pass,-0.35397613048553467,False,55.0
2016,Clayton Thorson,Northwestern,2019,,,0,pass,-1.7163290977478027,False,50.0
2016,Clayton Thorson,Northwestern,2019,,,9,pass,0.8814833760261536,False,62.0
2016,Clayton Thorson,Northwestern,2019,,,0,pass,-0.9053025245666504,False,50.0
2016,Clayton Thorson,Northwestern,2019,,,24,pass,1.8463687896728516,True,24.0
2016,Clayton Thorson,Northwestern,2019,,,15,pass,0.4003434181213379,False,52.0
2016,Clayton Thorson,Northwestern,2019,,,0,pass,-0.6143984794616699,False,37.0
2016,Clayton Thorson,Northwestern,2019,,,8,pass,1.4391639232635498,False,32.0
2016,Clayton Thorson,Northwestern,2019,,,0,pass,-4.224596977233887,False,24.0
2016,Clayton Thorson,Northwestern,2019,,,-6,pass,-0.8156237602233887,False,32.0
2016,Clayton Thorson,Northwestern,2019,,,15,pass,0.8753910064697266,False,38.0
2016,Clayton Thorson,Northwestern,2019,,,12,pass,0.22945517301559448,False,78.0
2016,Clayton Thorson,Northwestern,2019,,,8,pass,0.36216843128204346,False,66.0
2016,Clayton Thorson,Northwestern,2019,,,32,pass,2.0366063117980957,False,58.0
2016,Clayton Thorson,Northwestern,2019,,,-6,pass,-1.633787751197815,False,26.0
2016,Clayton Thorson,Northwestern,2019,,,0,pass,-0.35621118545532227,False,80.0
2016,Clayton Thorson,Northwestern,2019,,,0,pass,-0.989747166633606,False,79.0
2016,Clayton Thorson,Northwestern,2019,,,0,pass,-1.0688235759735107,False,89.0
2016,Clayton Thorson,Northwestern,2019,,,12,pass,0.980396568775177,False,75.0
2016,Clayton Thorson,Northwestern,2019,,,10,pass,1.4046111106872559,False,50.0
2016,Clayton Thorson,Northwestern,2019,,,11,pass,0.8039429187774658,False,52.0
2016,Clayton Thorson,Northwestern,2019,,,8,pass,0.9102315902709961,False,37.0
2016,Clayton Thorson,Northwestern,2019,,,9,pass,0.6937761306762695,False,18.0
2016,Clayton Thorson,Northwestern,2019,,,-1,pass,-0.8805098533630371,False,9.0
2016,Clayton Thorson,Northwestern,2019,,,0,pass,-1.404503583908081,False,10.0
2016,Clayton Thorson,Northwestern,2019,,,12,pass,2.0447356700897217,False,73.0
2016,Clayton Thorson,Northwestern,2019,,,5,pass,0.2315894365310669,False,57.0
2016,Clayton Thorson,Northwestern,2019,,,0,pass,-1.0869883298873901,False,73.0
2016,Clayton Thorson,Northwestern,2019,,,0,pass,-1.592400312423706,False,68.0
2016,Clayton Thorson,Northwestern,2019,,,25,pass,2.30905818939209,True,25.0
2016,Clayton Thorson,Northwestern,2019,,,4,pass,0.9472012519836426,False,41.0
2016,Clayton Thorson,Northwestern,2019,,,8,pass,0.5861363410949707,False,37.0
2016,Clayton Thorson,Northwestern,2019,,,6,pass,0.2942765951156616,False,75.0
2016,Clayton Thorson,Northwestern,2019,,,5,pass,1.2387330532073975,False,69.0
2016,Clayton Thorson,Northwestern,2019,,,6,pass,0.1824326515197754,False,64.0
2016,Clayton Thorson,Northwestern,2019,,,16,pass,3.261539936065674,True,16.0
2016,Clayton Thorson,Northwestern,2019,,,4,pass,-0.6545587778091431,False,56.0
2016,Clayton Thorson,Northwestern,2019,,,15,pass,1.9706799983978271,False,48.0
2016,Clayton Thorson,Northwestern,2019,,,0,pass,-0.676978349685669,False,18.0
2016,Clayton Thorson,Northwestern,2019,,,0,pass,-1.0214122533798218,False,73.0
2016,Clayton Thorson,Northwestern,2019,,,0,pass,-0.9893162250518799,False,78.0
2016,Clayton Thorson,Northwestern,2019,,,0,pass,-0.14017006754875183,False,78.0
2016,Clayton Thorson,Northwestern,2019,,,0,pass,-0.49245181679725647,False,75.0
2016,Clayton Thorson,Northwestern,2019,,,0,pass,-0.8942255973815918,False,71.0
2016,Clayton Thorson,Northwestern,2019,,,15,pass,2.2875523567199707,False,71.0
2016,Clayton Thorson,Northwestern,2019,,,0,pass,-0.5232820510864258,False,56.0
2016,Clayton Thorson,Northwestern,2019,,,-8,pass,-2.122192859649658,False,52.0
2016,Clayton Thorson,Northwestern,2019,,,11,pass,2.9300904273986816,True,11.0
2016,Clayton Thorson,Northwestern,2019,,,18,pass,0.6195230484008789,False,54.0
2016,Clayton Thorson,Northwestern,2019,,,6,pass,0.3627958297729492,False,33.0
2016,Clayton Thorson,Northwestern,2019,,,8,pass,0.7424335479736328,False,25.0
2016,Clayton Thorson,Northwestern,2019,,,0,pass,-0.5655851364135742,False,15.0
2016,Clayton Thorson,Northwestern,2019,,,5,pass,0.06640267372131348,False,40.0
2016,Clayton Thorson,Northwestern,2019,,,0,pass,-0.5782513618469238,False,30.0
2016,Clayton Thorson,Northwestern,2019,,,7,pass,2.6895105838775635,False,23.0
2016,Clayton Thorson,Northwestern,2019,,,5,pass,-0.030016422271728516,False,16.0
2016,Clayton Thorson,Northwestern,2019,,,0,pass,-1.1171343326568604,False,98.0
2016,Clayton Thorson,Northwestern,2019,,,0,pass,-0.9817255735397339,False,98.0
2016,Clayton Thorson,Northwestern,2019,,,29,pass,5.428218364715576,True,29.0
2016,Clayton Thorson,Northwestern,2019,,,7,pass,0.2622513771057129,False,40.0
2016,Clayton Thorson,Northwestern,2019,,,16,pass,2.303027391433716,False,43.0
2016,Clayton Thorson,Northwestern,2019,,,5,pass,-0.061538174748420715,False,91.0
2016,Clayton Thorson,Northwestern,2019,,,0,pass,-0.2800729274749756,False,41.0
2016,Clayton Thorson,Northwestern,2019,,,1,pass,-0.5138994455337524,False,75.0
2016,Clayton Thorson,Northwestern,2019,,,7,pass,-0.6236448287963867,False,86.0
2016,Clayton Thorson,Northwestern,2019,,,11,pass,1.4398860931396484,False,78.0
2016,Clayton Thorson,Northwestern,2019,,,8,pass,0.6027665138244629,False,67.0
2016,Clayton Thorson,Northwestern,2019,,,14,pass,0.5502634048461914,False,59.0
2016,Clayton Thorson,Northwestern,2019,,,20,pass,1.0819299221038818,False,45.0
2016,Clayton Thorson,Northwestern,2019,,,0,pass,-0.5840249061584473,False,25.0
2016,Clayton Thorson,Northwestern,2019,,,57,pass,4.29066276550293,True,57.0
2016,Clayton Thorson,Northwestern,2019,,,6,pass,0.4300624132156372,False,75.0
2016,Clayton Thorson,Northwestern,2019,,,12,pass,-0.5729120969772339,False,69.0
2016,Clayton Thorson,Northwestern,2019,,,-1,pass,-0.6641429662704468,False,67.0
2016,Clayton Thorson,Northwestern,2019,,,10,pass,1.7512016296386719,False,68.0
2016,Clayton Thorson,Northwestern,2019,,,-8,pass,-1.7131261825561523,False,56.0
2016,Clayton Thorson,Northwestern,2019,,,8,pass,0.6837363243103027,False,49.0
2016,Clayton Thorson,Northwestern,2019,,,-3,pass,-1.2255809307098389,False,16.0
2016,Clayton Thorson,Northwestern,2019,,,0,pass,-0.9457952976226807,False,16.0
2016,Clayton Thorson,Northwestern,2019,,,9,pass,2.9508771896362305,True,9.0
2016,Clayton Thorson,Northwestern,2019,,,9,pass,0.9885844588279724,False,75.0
2016,Clayton Thorson,Northwestern,2019,,,7,pass,0.5948063135147095,False,53.0
2016,Clayton Thorson,Northwestern,2019,,,2,pass,-0.31482505798339844,False,46.0
2016,Clayton Thorson,Northwestern,2019,,,15,pass,0.885486364364624,False,40.0
2016,Clayton Thorson,Northwestern,2019,,,11,pass,1.5308544635772705,False,59.0
2016,Clayton Thorson,Northwestern,2019,,,6,pass,0.8528237342834473,False,45.0
2016,Clayton Thorson,Northwestern,2019,,,6,pass,0.4132814407348633,False,35.0
2016,Clayton Thorson,Northwestern,2019,,,43,pass,-6.418866157531738,True,61.0
2016,Clayton Thorson,Northwestern,2019,,,0,pass,-0.9421660900115967,False,72.0
2016,Clayton Thorson,Northwestern,2019,,,0,pass,-1.0736111402511597,False,72.0
2016,Clayton Thorson,Northwestern,2019,,,8,pass,0.6367217302322388,False,65.0
2016,Clayton Thorson,Northwestern,2019,,,1,pass,-0.43622684478759766,False,57.0
2016,Clayton Thorson,Northwestern,2019,,,0,pass,-1.2391791343688965,False,95.0
2016,Clayton Thorson,Northwestern,2019,,,9,pass,0.49873441457748413,False,84.0
2016,Clayton Thorson,Northwestern,2019,,,2,pass,0.9409222602844238,False,75.0
2016,Clayton Thorson,Northwestern,2019,,,4,pass,-0.19005894660949707,False,73.0
2016,Clayton Thorson,Northwestern,2019,,,7,pass,0.7445192337036133,False,69.0
2016,Clayton Thorson,Northwestern,2019,,,0,pass,-0.4939150810241699,False,62.0
2016,Clayton Thorson,Northwestern,2019,,,0,pass,-1.3913285732269287,False,61.0
2016,Clayton Thorson,Northwestern,2019,,,-5,pass,-2.3548014163970947,False,41.0
2016,Clayton Thorson,Northwestern,2019,,,-2,pass,-0.9746615886688232,False,56.0
2016,Clayton Thorson,Northwestern,2019,,,0,pass,-1.0963847637176514,False,58.0
2016,Clayton Thorson,Northwestern,2019,,,0,pass,-0.607142448425293,False,45.0
2016,Clayton Thorson,Northwestern,2019,,,-7,pass,-2.271888256072998,False,45.0
2016,Clayton Thorson,Northwestern,2019,,,13,pass,0.9763967990875244,False,69.0
2016,Clayton Thorson,Northwestern,2019,,,0,pass,-1.5493600368499756,False,54.0
2016,Clayton Thorson,Northwestern,2019,,,7,pass,-0.7336152791976929,False,60.0
2016,Clayton Thorson,Northwestern,2019,,,16,pass,0.9673656225204468,False,53.0
2016,Clayton Thorson,Northwestern,2019,,,0,pass,-0.2281172275543213,False,37.0
2016,Clayton Thorson,Northwestern,2019,,,14,pass,1.259023904800415,False,26.0
2016,Clayton Thorson,Northwestern,2019,,,0,pass,-0.44065093994140625,False,12.0
2016,Clayton Thorson,Northwestern,2019,,,11,pass,2.247049331665039,False,12.0
2016,Clayton Thorson,Northwestern,2019,,,36,pass,2.143895149230957,False,70.0
2016,Clayton Thorson,Northwestern,2019,,,11,pass,1.1831409931182861,False,34.0
2016,Clayton Thorson,Northwestern,2019,,,0,pass,-0.4533665180206299,False,23.0
2016,Clayton Thorson,Northwestern,2019,,,0,pass,-1.4374730587005615,False,16.0
2016,Clayton Thorson,Northwestern,2019,,,0,pass,-0.5939040184020996,False,74.0
2016,Clayton Thorson,Northwestern,2019,,,3,pass,-0.6675447821617126,False,74.0
2016,Clayton Thorson,Northwestern,2019,,,0,pass,-1.1825389862060547,False,71.0
2016,Clayton Thorson,Northwestern,2019,,,0,pass,-0.8757717609405518,False,34.0
2016,Clayton Thorson,Northwestern,2019,,,0,pass,-1.4707109928131104,False,34.0
2016,Clayton Thorson,Northwestern,2019,,,32,pass,2.9483237266540527,True,32.0
2016,Clayton Thorson,Northwestern,2019,,,9,pass,0.16446828842163086,False,79.0
2016,Clayton Thorson,Northwestern,2019,,,3,pass,-0.17806243896484375,False,70.0
2016,Clayton Thorson,Northwestern,2019,,,16,pass,1.770151138305664,False,61.0
2016,Clayton Thorson,Northwestern,2019,,,0,pass,-1.2670670747756958,False,90.0
2016,Clayton Thorson,Northwestern,2019,,,34,pass,2.5184478759765625,True,34.0
2016,Clayton Thorson,Northwestern,2019,,,0,pass,-1.0022705793380737,False,71.0
2016,Clayton Thorson,Northwestern,2019,,,10,pass,1.9170340299606323,False,71.0
2016,Clayton Thorson,Northwestern,2019,,,17,pass,1.7081613540649414,True,17.0
2016,Clayton Thorson,Northwestern,2019,,,0,pass,-0.9940793514251709,False,65.0
2016,Clayton Thorson,Northwestern,2019,,,12,pass,1.877228021621704,False,65.0
2016,Clayton Thorson,Northwestern,2019,,,0,pass,-0.6744294166564941,False,53.0
2016,Clayton Thorson,Northwestern,2019,,,8,pass,0.6585423946380615,False,43.0
2016,Clayton Thorson,Northwestern,2019,,,4,pass,-0.06587529182434082,False,30.0
2016,Clayton Thorson,Northwestern,2019,,,9,pass,-3.846435546875,False,26.0
2016,Clayton Thorson,Northwestern,2019,,,12,pass,0.4002555310726166,False,59.0
2016,Clayton Thorson,Northwestern,2019,,,4,pass,-0.7125484347343445,False,60.0
2016,Clayton Thorson,Northwestern,2019,,,0,pass,-0.34726768732070923,False,60.0
2016,Clayton Thorson,Northwestern,2019,,,5,pass,0.03222298622131348,False,65.0
2016,Clayton Thorson,Northwestern,2019,,,9,pass,1.3286972045898438,False,74.0
2016,Clayton Thorson,Northwestern,2019,,,7,pass,0.38753271102905273,False,81.0
2016,Clayton Thorson,Northwestern,2019,,,4,pass,-0.1222982406616211,False,98.0
2016,Clayton Thorson,Northwestern,2019,,,0,pass,-1.2764017581939697,False,65.0
2016,Clayton Thorson,Northwestern,2019,,,0,pass,-0.5130698680877686,False,65.0
2016,Clayton Thorson,Northwestern,2019,,,22,pass,3.249069929122925,False,87.0
2016,Clayton Thorson,Northwestern,2019,,,-8,pass,-1.6470668315887451,False,79.0
2016,Clayton Thorson,Northwestern,2019,,,0,pass,-0.4132066071033478,False,79.0
2016,Clayton Thorson,Northwestern,2019,,,11,pass,0.5469706058502197,False,90.0
2016,Clayton Thorson,Northwestern,2019,,,22,pass,-5.1441450119018555,False,30.0
2016,Clayton Thorson,Northwestern,2019,,,0,pass,-0.7193465232849121,False,29.0
2016,Clayton Thorson,Northwestern,2019,,,8,pass,0.659029483795166,False,30.0
2016,Clayton Thorson,Northwestern,2019,,,32,pass,3.128418445587158,False,62.0
2016,Clayton Thorson,Northwestern,2019,,,0,pass,-1.5854378938674927,False,60.0
2016,Clayton Thorson,Northwestern,2019,,,4,pass,-0.15754055976867676,False,62.0
2016,Clayton Thorson,Northwestern,2019,,,13,pass,1.0844652652740479,False,75.0
2016,Clayton Thorson,Northwestern,2019,,,0,pass,-1.5971916913986206,False,71.0
2016,Clayton Thorson,Northwestern,2019,,,0,pass,-1.0263575315475464,False,71.0
2016,Clayton Thorson,Northwestern,2019,,,4,pass,-0.6329927444458008,False,75.0
2016,Clayton Thorson,Northwestern,2019,,,13,pass,2.6020164489746094,True,13.0
2016,Clayton Thorson,Northwestern,2019,,,28,pass,3.2476420402526855,False,41.0
2016,Clayton Thorson,Northwestern,2019,,,9,pass,-0.043166518211364746,False,50.0
2016,Clayton Thorson,Northwestern,2019,,,0,pass,-0.21722495555877686,False,50.0
2016,Clayton Thorson,Northwestern,2019,,,0,pass,-0.3809298276901245,False,78.0
2016,Clayton Thorson,Northwestern,2019,,,9,pass,0.39664116501808167,False,87.0
2016,Clayton Thorson,Northwestern,2019,,,0,pass,-0.7535899877548218,False,57.0
2016,Clayton Thorson,Northwestern,2019,,,1,pass,-0.36885809898376465,False,58.0
2016,Clayton Thorson,Northwestern,2019,,,15,pass,1.7840609550476074,False,73.0
2016,Clayton Thorson,Northwestern,2019,,,2,pass,-0.4466671347618103,False,75.0
2016,Clayton Thorson,Northwestern,2019,,,0,pass,-1.360952615737915,False,72.0
2016,Clayton Thorson,Northwestern,2019,,,4,pass,-0.3487580418586731,False,76.0
2016,Clayton Thorson,Northwestern,2019,,,4,pass,-0.8628613948822021,False,83.0
2016,Clayton Thorson,Northwestern,2019,,,0,pass,-0.9443295001983643,False,83.0
2016,Clayton Thorson,Northwestern,2019,,,3,pass,-0.14433741569519043,False,37.0
2016,Clayton Thorson,Northwestern,2019,,,19,pass,2.811732053756714,False,62.0
2016,Clayton Thorson,Northwestern,2019,,,0,pass,-0.6686441898345947,False,62.0
2016,Clayton Thorson,Northwestern,2019,,,17,pass,1.9183084964752197,False,79.0
2016,Clayton Thorson,Northwestern,2019,,,0,pass,-1.6768438816070557,False,68.0
2016,Clayton Thorson,Northwestern,2019,,,0,pass,-1.099271297454834,False,68.0
2016,Clayton Thorson,Northwestern,2019,,,7,pass,0.5636183023452759,False,75.0
2016,Clayton Thorson,Northwestern,2019,,,7,pass,0.7510532140731812,False,82.0
2016,Clayton Thorson,Northwestern,2019,,,4,pass,-0.22205975651741028,False,86.0
2016,Clayton Thorson,Northwestern,2019,,,16,pass,1.2484095096588135,False,87.0
2016,Clayton Thorson,Northwestern,2019,,,0,pass,-0.96696937084198,False,70.0
2016,Clayton Thorson,Northwestern,2019,,,14,pass,2.126786708831787,False,70.0
2016,Clayton Thorson,Northwestern,2019,,,14,pass,0.6965374946594238,False,74.0
2016,Clayton Thorson,Northwestern,2019,,,0,pass,-0.5549614429473877,False,60.0
2016,Clayton Thorson,Northwestern,2019,,,16,pass,1.3265845775604248,False,60.0
2016,Clayton Thorson,Northwestern,2019,,,37,pass,1.9180865287780762,False,44.0
2016,Clayton Thorson,Northwestern,2019,,,42,pass,3.1239089965820312,True,42.0
2016,Clayton Thorson,Northwestern,2019,,,2,pass,-0.5333406925201416,False,71.0
2016,Clayton Thorson,Northwestern,2019,,,3,pass,-0.33255577087402344,False,58.0
2016,Clayton Thorson,Northwestern,2019,,,29,pass,2.2721476554870605,False,41.0
2016,Clayton Thorson,Northwestern,2019,,,0,pass,-0.03778785467147827,False,55.0
2016,Clayton Thorson,Northwestern,2019,,,0,pass,-0.1529754400253296,False,55.0
2016,Clayton Thorson,Northwestern,2019,,,14,pass,0.6598479151725769,False,55.0
2016,Clayton Thorson,Northwestern,2019,,,0,pass,-0.18740606307983398,False,41.0
2016,Clayton Thorson,Northwestern,2019,,,8,pass,0.0570339560508728,False,87.0
2016,Clayton Thorson,Northwestern,2019,,,0,pass,-0.3567360043525696,False,79.0
2016,Clayton Thorson,Northwestern,2019,,,12,pass,0.34907758235931396,False,67.0
2016,Clayton Thorson,Northwestern,2019,,,0,pass,-3.5580387115478516,False,10.0
2016,Clayton Thorson,Northwestern,2019,,,0,pass,-0.5346667766571045,False,48.0
2016,Clayton Thorson,Northwestern,2019,,,8,pass,0.4679572582244873,False,48.0
2016,Clayton Thorson,Northwestern,2019,,,20,pass,1.407334804534912,False,33.0
2016,Clayton Thorson,Northwestern,2019,,,33,pass,3.212143659591675,True,33.0
2016,Clayton Thorson,Northwestern,2019,,,0,pass,-1.3942418098449707,False,74.0
2016,Clayton Thorson,Northwestern,2019,,,8,pass,0.64154052734375,False,74.0
2016,Clayton Thorson,Northwestern,2019,,,5,pass,0.9499006867408752,False,66.0
2016,Clayton Thorson,Northwestern,2019,,,8,pass,0.4299499988555908,False,45.0
2016,Clayton Thorson,Northwestern,2019,,,0,pass,-1.2822179794311523,False,87.0
2016,Clayton Thorson,Northwestern,2019,,,2,pass,1.6577773094177246,True,2.0
2016,Clayton Thorson,Northwestern,2019,,,20,pass,1.2692317962646484,False,26.0
2016,Clayton Thorson,Northwestern,2019,,,6,pass,0.23537294566631317,False,77.0
2016,Clayton Thorson,Northwestern,2019,,,4,pass,-0.214863121509552,False,66.0
2016,Clayton Thorson,Northwestern,2019,,,0,pass,-1.5387709140777588,False,57.0
2016,Clayton Thorson,Northwestern,2019,,,31,pass,2.617680072784424,False,65.0
2016,Clayton Thorson,Northwestern,2019,,,0,pass,-0.42795705795288086,False,29.0
2016,Clayton Thorson,Northwestern,2019,,,50,pass,-6.10108757019043,False,26.0
2016,Clayton Thorson,Northwestern,2019,,,25,pass,1.0499509572982788,False,70.0
2016,Clayton Thorson,Northwestern,2019,,,12,pass,0.9646308422088623,False,45.0
2016,Clayton Thorson,Northwestern,2019,,,0,pass,-0.43303632736206055,False,33.0
2016,Clayton Thorson,Northwestern,2019,,,-2,pass,-1.5558634996414185,False,33.0
2016,Clayton Thorson,Northwestern,2019,,,0,pass,-2.101357936859131,False,35.0
2016,Clayton Thorson,Northwestern,2019,,,9,pass,1.0769715309143066,True,9.0
2016,Clayton Thorson,Northwestern,2019,,,0,pass,-0.5112395882606506,False,78.0
2016,Clayton Thorson,Northwestern,2019,,,12,pass,1.4916903972625732,False,78.0
2016,Clayton Thorson,Northwestern,2019,,,10,pass,0.7031824588775635,False,66.0
2016,Clayton Thorson,Northwestern,2019,,,6,pass,0.2903681993484497,False,56.0
2016,Clayton Thorson,Northwestern,2019,,,10,pass,0.9320387840270996,False,50.0
2016,Clayton Thorson,Northwestern,2019,,,-4,pass,-1.4860963821411133,False,40.0
2016,Clayton Thorson,Northwestern,2019,,,2,pass,-0.8151623010635376,False,44.0
2016,Clayton Thorson,Northwestern,2019,,,0,pass,-1.1209176778793335,False,42.0
2016,Clayton Thorson,Northwestern,2019,,,9,pass,0.715991735458374,False,32.0
2016,Clayton Thorson,Northwestern,2019,,,14,pass,0.8525524139404297,False,23.0
2016,Clayton Thorson,Northwestern,2019,,,7,pass,0.4333822727203369,False,50.0
2016,Clayton Thorson,Northwestern,2019,,,0,pass,-1.9007219076156616,False,43.0
2016,Clayton Thorson,Northwestern,2019,,,8,pass,0.4924752712249756,False,21.0
2016,Clayton Thorson,Northwestern,2019,,,0,pass,-4.77755069732666,False,13.0
2016,Clayton Thorson,Northwestern,2019,,,12,pass,1.7044110298156738,False,74.0
2016,Clayton Thorson,Northwestern,2019,,,3,pass,-0.3279212415218353,False,62.0
2016,Clayton Thorson,Northwestern,2019,,,0,pass,-1.0402966737747192,False,44.0
2016,Clayton Thorson,Northwestern,2019,,,5,pass,3.7560203075408936,False,39.0
2016,Clayton Thorson,Northwestern,2019,,,14,pass,2.173198699951172,False,28.0
2016,Clayton Thorson,Northwestern,2019,,,4,pass,-0.14002138376235962,False,77.0
2016,Clayton Thorson,Northwestern,2019,,,-5,pass,-2.1741132736206055,False,73.0
2016,Clayton Thorson,Northwestern,2019,,,3,pass,-0.39692917466163635,False,75.0
2016,Clayton Thorson,Northwestern,2019,,,5,pass,0.4717610478401184,False,72.0
2016,Clayton Thorson,Northwestern,2019,,,0,pass,-0.021529823541641235,False,65.0
2016,Clayton Thorson,Northwestern,2019,,,9,pass,0.27492719888687134,False,75.0
2016,Clayton Thorson,Northwestern,2019,,,-4,pass,-3.9026565551757812,False,66.0
2016,Clayton Thorson,Northwestern,2019,,,18,pass,1.1396831274032593,False,63.0
2016,Clayton Thorson,Northwestern,2019,,,21,pass,2.072756290435791,False,46.0
2016,Clayton Thorson,Northwestern,2019,,,-10,pass,-2.472055435180664,False,58.0
2016,Clayton Thorson,Northwestern,2019,,,4,pass,-0.10542476177215576,False,63.0
2016,Clayton Thorson,Northwestern,2019,,,0,pass,-0.8502035737037659,False,59.0
2016,Clayton Thorson,Northwestern,2019,,,0,pass,-1.6834707260131836,False,59.0
2016,Clayton Thorson,Northwestern,2019,,,0,pass,-0.9671076536178589,False,82.0
2016,Clayton Thorson,Northwestern,2019,,,19,pass,3.183990955352783,False,82.0
2016,Clayton Thorson,Northwestern,2019,,,20,pass,1.3817241191864014,False,63.0
2016,Clayton Thorson,Northwestern,2019,,,14,pass,1.050851821899414,False,63.0
2016,Clayton Thorson,Northwestern,2019,,,0,pass,-0.6452844142913818,False,49.0
2016,Clayton Thorson,Northwestern,2019,,,-1,pass,-4.380295753479004,False,49.0
2016,Clayton Thorson,Northwestern,2019,,,0,pass,-0.7312335968017578,False,85.0
2016,Clayton Thorson,Northwestern,2019,,,1,pass,-0.8971689343452454,False,85.0
2016,Clayton Thorson,Northwestern,2019,,,-11,pass,-1.987960696220398,False,84.0
2016,Clayton Thorson,Northwestern,2019,,,0,pass,-1.0649219751358032,False,74.0
2016,Clayton Thorson,Northwestern,2019,,,0,pass,-1.9759142398834229,False,75.0
2016,Clayton Thorson,Northwestern,2019,,,9,pass,2.5381226539611816,True,9.0
2016,Clayton Thorson,Northwestern,2019,,,0,pass,-0.8491146564483643,False,49.0
2016,Clayton Thorson,Northwestern,2019,,,13,pass,0.8123946189880371,False,75.0
2016,Clayton Thorson,Northwestern,2019,,,0,pass,-0.5581774711608887,False,62.0
2016,Clayton Thorson,Northwestern,2019,,,0,pass,-1.0099101066589355,False,72.0
2016,Clayton Thorson,Northwestern,2019,,,-11,pass,-5.161427021026611,False,65.0
2016,Clayton Thorson,Northwestern,2019,,,5,pass,-0.6126136779785156,False,84.0
2016,Clayton Thorson,Northwestern,2019,,,25,pass,1.6252026557922363,False,79.0
2016,Clayton Thorson,Northwestern,2019,,,0,pass,-1.0766751766204834,False,76.0
2016,Clayton Thorson,Northwestern,2019,,,-5,pass,-1.1775261163711548,False,76.0
2016,Clayton Thorson,Northwestern,2019,,,5,pass,1.2613811492919922,False,50.0
2016,Clayton Thorson,Northwestern,2019,,,2,pass,-0.39173054695129395,False,45.0
2016,Clayton Thorson,Northwestern,2019,,,15,pass,1.1354193687438965,False,18.0
2016,Clayton Thorson,Northwestern,2019,,,13,pass,-0.047576069831848145,False,52.0
2016,Clayton Thorson,Northwestern,2019,,,-1,pass,-2.3083508014678955,False,39.0
2016,Clayton Thorson,Northwestern,2019,,,6,pass,0.731034517288208,False,52.0
2016,Clayton Thorson,Northwestern,2019,,,-8,pass,-1.9205013513565063,False,44.0
2016,Clayton Thorson,Northwestern,2019,,,12,pass,1.9519217014312744,False,52.0
2016,Clayton Thorson,Northwestern,2019,,,-8,pass,-1.9833086729049683,False,40.0
2016,Clayton Thorson,Northwestern,2019,,,14,pass,2.3851330280303955,False,39.0
2016,Clayton Thorson,Northwestern,2019,,,16,pass,0.9617247581481934,False,25.0
2016,Clayton Thorson,Northwestern,2019,,,0,pass,-0.9474515318870544,False,89.0
2016,Clayton Thorson,Northwestern,2019,,,5,pass,-0.6648215055465698,False,89.0
2016,Clayton Thorson,Northwestern,2019,,,0,pass,-0.7366482615470886,False,96.0
2016,Clayton Thorson,Northwestern,2019,,,0,pass,-0.7871801853179932,False,18.0
2016,Clayton Thorson,Northwestern,2019,,,21,pass,3.6400997638702393,True,21.0
2016,Clayton Thorson,Northwestern,2019,,,4,pass,-0.24009108543395996,False,25.0
2016,Clayton Thorson,Northwestern,2019,,,5,pass,0.09545278549194336,False,30.0
2016,Clayton Thorson,Northwestern,2019,,,11,pass,1.997120976448059,False,41.0
2016,Clayton Thorson,Northwestern,2019,,,0,pass,-0.8419967889785767,False,41.0
2016,Clayton Thorson,Northwestern,2019,,,0,pass,-0.5443854331970215,False,41.0
2016,Clayton Thorson,Northwestern,2019,,,5,pass,2.988190174102783,False,46.0
2016,Clayton Thorson,Northwestern,2019,,,4,pass,-0.26695501804351807,False,56.0
2016,Clayton Thorson,Northwestern,2019,,,-3,pass,-1.065120816230774,False,53.0
2016,Clayton Thorson,Northwestern,2019,,,12,pass,0.6680853366851807,False,65.0
2016,Clayton Thorson,Northwestern,2019,,,5,pass,0.7891379594802856,False,70.0
2016,Clayton Thorson,Northwestern,2019,,,4,pass,-0.6484782695770264,False,44.0
2016,Clayton Thorson,Northwestern,2019,,,-1,pass,-1.1965230703353882,False,43.0
2016,Clayton Thorson,Northwestern,2019,,,0,pass,-0.6044676303863525,False,54.0
2016,Clayton Thorson,Northwestern,2019,,,1,pass,0.8086609840393066,False,67.0
2016,Clayton Thorson,Northwestern,2019,,,10,pass,1.8972837924957275,False,86.0
2016,Clayton Thorson,Northwestern,2019,,,0,pass,-0.9175945520401001,False,86.0
2016,Clayton Thorson,Northwestern,2019,,,3,pass,-0.37595102190971375,False,89.0
2016,Clayton Thorson,Northwestern,2019,,,8,pass,0.7184220552444458,False,39.0
2016,Clayton Thorson,Northwestern,2019,,,32,pass,1.5007578134536743,False,65.0
2016,Clayton Thorson,Northwestern,2019,,,0,pass,-0.2478940486907959,False,65.0
2016,Clayton Thorson,Northwestern,2019,,,12,pass,0.8180506229400635,False,28.0
2016,Clayton Thorson,Northwestern,2019,,,32,pass,2.8845419883728027,False,60.0
2016,Clayton Thorson,Northwestern,2019,,,0,pass,-0.6916955709457397,False,60.0
2016,Clayton Thorson,Northwestern,2019,,,4,pass,1.137852668762207,False,67.0
2016,Clayton Thorson,Northwestern,2019,,,7,pass,0.14868569374084473,False,74.0
2016,Clayton Thorson,Northwestern,2019,,,0,pass,-4.259955406188965,False,19.0
2016,Clayton Thorson,Northwestern,2019,,,10,pass,0.9797885417938232,False,27.0
2016,Clayton Thorson,Northwestern,2019,,,7,pass,1.1788268089294434,False,47.0
2016,Clayton Thorson,Northwestern,2019,,,21,pass,3.193248987197876,False,76.0
2016,Clayton Thorson,Northwestern,2019,,,-10,pass,-2.1162617206573486,False,66.0
2016,Clayton Thorson,Northwestern,2019,,,0,pass,-0.714123010635376,False,85.0
2016,Clayton Thorson,Northwestern,2019,,,0,pass,-0.8796114921569824,False,29.0
2016,Clayton Thorson,Northwestern,2019,,,0,pass,-1.7008311748504639,False,58.0
2016,Clayton Thorson,Northwestern,2019,,,6,pass,0.1044318675994873,False,66.0
2016,Clayton Thorson,Northwestern,2019,,,-6,pass,-2.778287172317505,False,67.0
2016,Clayton Thorson,Northwestern,2019,,,5,pass,0.3068103790283203,False,72.0
2017,Clayton Thorson,Northwestern,2019,,,41,pass,4.5921196937561035,False,44.0
2017,Clayton Thorson,Northwestern,2019,,,6,pass,0.07341697812080383,False,75.0
2017,Clayton Thorson,Northwestern,2019,,,9,pass,1.5731037855148315,False,69.0
2017,Clayton Thorson,Northwestern,2019,,,12,pass,1.3608628511428833,False,58.0
2017,Clayton Thorson,Northwestern,2019,,,15,pass,0.910346508026123,False,46.0
2017,Clayton Thorson,Northwestern,2019,,,26,pass,1.8586301803588867,False,31.0
2017,Clayton Thorson,Northwestern,2019,,,3,pass,0.33345746994018555,False,4.0
2017,Clayton Thorson,Northwestern,2019,,,3,pass,-3.509181499481201,False,94.0
2017,Clayton Thorson,Northwestern,2019,,,7,pass,-0.007433176040649414,False,34.0
2017,Clayton Thorson,Northwestern,2019,,,0,pass,-3.121725082397461,False,27.0
2017,Clayton Thorson,Northwestern,2019,,,63,pass,5.98234748840332,False,93.0
2017,Clayton Thorson,Northwestern,2019,,,19,pass,2.2142691612243652,True,19.0
2017,Clayton Thorson,Northwestern,2019,,,1,pass,-0.6377573013305664,False,65.0
2017,Clayton Thorson,Northwestern,2019,,,5,pass,1.2440623044967651,False,64.0
2017,Clayton Thorson,Northwestern,2019,,,0,pass,-0.33035337924957275,False,55.0
2017,Clayton Thorson,Northwestern,2019,,,10,pass,1.3053985834121704,False,55.0
2017,Clayton Thorson,Northwestern,2019,,,9,pass,0.7365007400512695,False,34.0
2017,Clayton Thorson,Northwestern,2019,,,16,pass,1.0980291366577148,False,22.0
2017,Clayton Thorson,Northwestern,2019,,,0,pass,-0.9016566276550293,False,6.0
2017,Clayton Thorson,Northwestern,2019,,,0,pass,-0.9866950511932373,False,6.0
2017,Clayton Thorson,Northwestern,2019,,,0,pass,-0.07685451209545135,False,75.0
2017,Clayton Thorson,Northwestern,2019,,,5,pass,0.30156436562538147,False,83.0
2017,Clayton Thorson,Northwestern,2019,,,10,pass,0.8172703981399536,False,66.0
2017,Clayton Thorson,Northwestern,2019,,,6,pass,0.19807171821594238,False,56.0
2017,Clayton Thorson,Northwestern,2019,,,6,pass,3.0677881240844727,False,39.0
2017,Clayton Thorson,Northwestern,2019,,,6,pass,0.25286364555358887,False,33.0
2017,Clayton Thorson,Northwestern,2019,,,15,pass,-3.159731388092041,False,25.0
2017,Clayton Thorson,Northwestern,2019,,,0,pass,-1.2011349201202393,False,93.0
2017,Clayton Thorson,Northwestern,2019,,,7,pass,0.5400815010070801,False,61.0
2017,Clayton Thorson,Northwestern,2019,,,15,pass,3.782038688659668,False,38.0
2017,Clayton Thorson,Northwestern,2019,,,33,pass,3.9066505432128906,True,33.0
2017,Clayton Thorson,Northwestern,2019,,,0,pass,-1.2221324443817139,False,43.0
2017,Clayton Thorson,Northwestern,2019,,,8,pass,0.5572695732116699,False,43.0
2017,Clayton Thorson,Northwestern,2019,,,5,pass,-0.1649358868598938,False,79.0
2017,Clayton Thorson,Northwestern,2019,,,-9,pass,-2.318983316421509,False,74.0
2017,Clayton Thorson,Northwestern,2019,,,1,pass,-0.8164708614349365,False,73.0
2017,Clayton Thorson,Northwestern,2019,,,1,pass,-0.6836121082305908,False,87.0
2017,Clayton Thorson,Northwestern,2019,,,0,pass,-4.178219795227051,False,75.0
2017,Clayton Thorson,Northwestern,2019,,,-6,pass,-1.2102530002593994,False,76.0
2017,Clayton Thorson,Northwestern,2019,,,12,pass,1.1673321723937988,False,86.0
2017,Clayton Thorson,Northwestern,2019,,,0,pass,-4.498688697814941,False,42.0
2017,Clayton Thorson,Northwestern,2019,,,9,pass,1.0630970001220703,False,53.0
2017,Clayton Thorson,Northwestern,2019,,,13,pass,1.752044916152954,False,18.0
2017,Clayton Thorson,Northwestern,2019,,,14,pass,1.0638833045959473,False,32.0
2017,Clayton Thorson,Northwestern,2019,,,7,pass,0.3637925386428833,False,54.0
2017,Clayton Thorson,Northwestern,2019,,,2,pass,-0.5122228860855103,False,80.0
2017,Clayton Thorson,Northwestern,2019,,,-14,pass,-2.785487413406372,False,62.0
2017,Clayton Thorson,Northwestern,2019,,,8,pass,-3.3370532989501953,False,71.0
2017,Clayton Thorson,Northwestern,2019,,,-10,pass,-2.4999940395355225,False,62.0
2017,Clayton Thorson,Northwestern,2019,,,24,pass,1.5801514387130737,False,87.0
2017,Clayton Thorson,Northwestern,2019,,,0,pass,-1.06658935546875,False,23.0
2017,Clayton Thorson,Northwestern,2019,,,11,pass,0.5297081470489502,False,35.0
2017,Clayton Thorson,Northwestern,2019,,,11,pass,2.2241482734680176,False,46.0
2017,Clayton Thorson,Northwestern,2019,,,0,pass,-0.9247337579727173,False,46.0
2017,Clayton Thorson,Northwestern,2019,,,9,pass,1.229538083076477,False,57.0
2017,Clayton Thorson,Northwestern,2019,,,-10,pass,-2.2230961322784424,False,60.0
2017,Clayton Thorson,Northwestern,2019,,,0,pass,-0.6959366798400879,False,60.0
2017,Clayton Thorson,Northwestern,2019,,,28,pass,3.171180009841919,False,29.0
2017,Clayton Thorson,Northwestern,2019,,,3,pass,-0.7128567695617676,False,80.0
2017,Clayton Thorson,Northwestern,2019,,,14,pass,0.3945119380950928,False,68.0
2017,Clayton Thorson,Northwestern,2019,,,7,pass,0.14471149444580078,False,54.0
2017,Clayton Thorson,Northwestern,2019,,,0,pass,-0.5368442535400391,False,43.0
2017,Clayton Thorson,Northwestern,2019,,,10,pass,1.5338038206100464,False,98.0
2017,Clayton Thorson,Northwestern,2019,,,39,pass,-3.0664961338043213,False,41.0
2017,Clayton Thorson,Northwestern,2019,,,11,pass,0.9214498996734619,False,85.0
2017,Clayton Thorson,Northwestern,2019,,,14,pass,0.4102671146392822,False,74.0
2017,Clayton Thorson,Northwestern,2019,,,20,pass,1.8125567436218262,False,90.0
2017,Clayton Thorson,Northwestern,2019,,,0,pass,-0.46864748001098633,False,59.0
2017,Clayton Thorson,Northwestern,2019,,,7,pass,-0.15515685081481934,False,59.0
2017,Clayton Thorson,Northwestern,2019,,,-5,pass,-2.0008363723754883,False,52.0
2017,Clayton Thorson,Northwestern,2019,,,0,pass,-0.14345133304595947,False,61.0
2017,Clayton Thorson,Northwestern,2019,,,18,pass,0.7279055118560791,False,61.0
2017,Clayton Thorson,Northwestern,2019,,,-11,pass,-0.9449250102043152,False,43.0
2017,Clayton Thorson,Northwestern,2019,,,8,pass,0.10734999179840088,False,75.0
2017,Clayton Thorson,Northwestern,2019,,,11,pass,1.6636121273040771,False,86.0
2017,Clayton Thorson,Northwestern,2019,,,7,pass,0.07480359077453613,False,75.0
2017,Clayton Thorson,Northwestern,2019,,,0,pass,-0.5215458869934082,False,49.0
2017,Clayton Thorson,Northwestern,2019,,,9,pass,0.5262308120727539,False,49.0
2017,Clayton Thorson,Northwestern,2019,,,18,pass,1.9393072128295898,False,32.0
2017,Clayton Thorson,Northwestern,2019,,,28,pass,1.1999685764312744,False,64.0
2017,Clayton Thorson,Northwestern,2019,,,27,pass,1.2484302520751953,False,36.0
2017,Clayton Thorson,Northwestern,2019,,,18,pass,1.8331055641174316,True,18.0
2017,Clayton Thorson,Northwestern,2019,,,58,pass,3.872159957885742,True,58.0
2017,Clayton Thorson,Northwestern,2019,,,5,pass,-0.02199721336364746,False,63.0
2017,Clayton Thorson,Northwestern,2019,,,0,pass,-0.5766806602478027,False,25.0
2017,Clayton Thorson,Northwestern,2019,,,5,pass,0.3709568977355957,False,71.0
2017,Clayton Thorson,Northwestern,2019,,,3,pass,0.5951240062713623,False,66.0
2017,Clayton Thorson,Northwestern,2019,,,0,pass,-0.8341226577758789,False,54.0
2017,Clayton Thorson,Northwestern,2019,,,-9,pass,-2.0149476528167725,True,91.0
2017,Clayton Thorson,Northwestern,2019,,,7,pass,0.281413733959198,False,98.0
2017,Clayton Thorson,Northwestern,2019,,,5,pass,1.4257402420043945,True,5.0
2017,Clayton Thorson,Northwestern,2019,,,12,pass,1.1420221328735352,False,17.0
2017,Clayton Thorson,Northwestern,2019,,,24,pass,2.903879165649414,False,41.0
2017,Clayton Thorson,Northwestern,2019,,,0,pass,-0.6405097246170044,False,41.0
2017,Clayton Thorson,Northwestern,2019,,,8,pass,0.6334261894226074,False,49.0
2017,Clayton Thorson,Northwestern,2019,,,6,pass,0.4203881025314331,False,55.0
2017,Clayton Thorson,Northwestern,2019,,,2,pass,0.9228205680847168,True,2.0
2017,Clayton Thorson,Northwestern,2019,,,0,pass,-0.5764918327331543,False,13.0
2017,Clayton Thorson,Northwestern,2019,,,16,pass,1.1339726448059082,False,29.0
2017,Clayton Thorson,Northwestern,2019,,,4,pass,0.017309904098510742,False,33.0
2017,Clayton Thorson,Northwestern,2019,,,9,pass,1.0106282234191895,False,42.0
2017,Clayton Thorson,Northwestern,2019,,,10,pass,3.3809099197387695,False,52.0
2017,Clayton Thorson,Northwestern,2019,,,0,pass,-1.327345609664917,False,52.0
2017,Clayton Thorson,Northwestern,2019,,,-5,pass,-1.2262600660324097,False,65.0
2017,Clayton Thorson,Northwestern,2019,,,9,pass,1.4168744087219238,False,73.0
2017,Clayton Thorson,Northwestern,2019,,,-3,pass,-1.0905554294586182,False,75.0
2017,Clayton Thorson,Northwestern,2019,,,-7,pass,-1.4684940576553345,False,81.0
2017,Clayton Thorson,Northwestern,2019,,,0,pass,-0.9138853549957275,False,81.0
2017,Clayton Thorson,Northwestern,2019,,,3,pass,-0.526046097278595,False,84.0
2017,Clayton Thorson,Northwestern,2019,,,0,pass,-1.5061795711517334,False,69.0
2017,Clayton Thorson,Northwestern,2019,,,0,pass,-0.8056932091712952,False,69.0
2017,Clayton Thorson,Northwestern,2019,,,6,pass,0.4331760108470917,False,75.0
2017,Clayton Thorson,Northwestern,2019,,,-8,pass,-2.3059401512145996,False,63.0
2017,Clayton Thorson,Northwestern,2019,,,0,pass,-0.6159671545028687,False,63.0
2017,Clayton Thorson,Northwestern,2019,,,4,pass,-0.06037890911102295,False,75.0
2017,Clayton Thorson,Northwestern,2019,,,-11,pass,-1.8646706342697144,False,62.0
2017,Clayton Thorson,Northwestern,2019,,,0,pass,-0.624718427658081,False,50.0
2017,Clayton Thorson,Northwestern,2019,,,5,pass,1.483360767364502,False,55.0
2017,Clayton Thorson,Northwestern,2019,,,0,pass,-1.040132999420166,False,55.0
2017,Clayton Thorson,Northwestern,2019,,,9,pass,0.7169482707977295,False,69.0
2017,Clayton Thorson,Northwestern,2019,,,6,pass,-1.3969085216522217,False,75.0
2017,Clayton Thorson,Northwestern,2019,,,0,pass,-0.5303544998168945,False,69.0
2017,Clayton Thorson,Northwestern,2019,,,0,pass,-0.5802373290061951,False,69.0
2017,Clayton Thorson,Northwestern,2019,,,0,pass,-0.376293420791626,False,69.0
2017,Clayton Thorson,Northwestern,2019,,,1,pass,0.7417020797729492,True,1.0
2017,Clayton Thorson,Northwestern,2019,,,9,pass,1.7972779273986816,False,10.0
2017,Clayton Thorson,Northwestern,2019,,,3,pass,0.7525577545166016,False,16.0
2017,Clayton Thorson,Northwestern,2019,,,12,pass,1.2947824001312256,False,28.0
2017,Clayton Thorson,Northwestern,2019,,,9,pass,0.6740138530731201,False,38.0
2017,Clayton Thorson,Northwestern,2019,,,0,pass,-0.5164798498153687,False,56.0
2017,Clayton Thorson,Northwestern,2019,,,4,pass,-2.078845739364624,False,32.0
2017,Clayton Thorson,Northwestern,2019,,,2,pass,-0.9228999018669128,False,34.0
2017,Clayton Thorson,Northwestern,2019,,,-2,pass,-1.374290943145752,False,33.0
2017,Clayton Thorson,Northwestern,2019,,,4,pass,0.29140162467956543,False,37.0
2017,Clayton Thorson,Northwestern,2019,,,15,pass,1.1903955936431885,False,75.0
2017,Clayton Thorson,Northwestern,2019,,,-10,pass,-1.9531729221343994,False,79.0
2017,Clayton Thorson,Northwestern,2019,,,13,pass,1.1616082191467285,False,93.0
2017,Clayton Thorson,Northwestern,2019,,,6,pass,0.4789719581604004,False,21.0
2017,Clayton Thorson,Northwestern,2019,,,0,pass,-0.3509829044342041,False,96.0
2017,Clayton Thorson,Northwestern,2019,,,-5,pass,-1.371595859527588,False,91.0
2017,Clayton Thorson,Northwestern,2019,,,4,pass,-0.43363118171691895,False,81.0
2017,Clayton Thorson,Northwestern,2019,,,3,pass,-0.5000842809677124,False,79.0
2017,Clayton Thorson,Northwestern,2019,,,1,pass,-0.5139390230178833,False,80.0
2017,Clayton Thorson,Northwestern,2019,,,0,pass,-1.1795036792755127,False,69.0
2017,Clayton Thorson,Northwestern,2019,,,0,pass,-0.836998701095581,False,69.0
2017,Clayton Thorson,Northwestern,2019,,,0,pass,-0.8286545872688293,False,69.0
2017,Clayton Thorson,Northwestern,2019,,,11,pass,0.9702053666114807,False,80.0
2017,Clayton Thorson,Northwestern,2019,,,0,pass,-0.844214916229248,False,94.0
2017,Clayton Thorson,Northwestern,2019,,,0,pass,-0.9784965515136719,False,94.0
2017,Clayton Thorson,Northwestern,2019,,,0,pass,-1.4650027751922607,False,68.0
2017,Clayton Thorson,Northwestern,2019,,,3,pass,-0.19021357595920563,False,71.0
2017,Clayton Thorson,Northwestern,2019,,,0,pass,-1.5956039428710938,False,68.0
2017,Clayton Thorson,Northwestern,2019,,,7,pass,-0.06950104236602783,False,44.0
2017,Clayton Thorson,Northwestern,2019,,,0,pass,-1.031379222869873,False,37.0
2017,Clayton Thorson,Northwestern,2019,,,0,pass,-0.24250531196594238,False,36.0
2017,Clayton Thorson,Northwestern,2019,,,0,pass,-0.209794282913208,False,36.0
2017,Clayton Thorson,Northwestern,2019,,,-8,pass,-1.3695358037948608,False,36.0
2017,Clayton Thorson,Northwestern,2019,,,32,pass,2.649113893508911,False,92.0
2017,Clayton Thorson,Northwestern,2019,,,7,pass,0.08677947521209717,False,60.0
2017,Clayton Thorson,Northwestern,2019,,,5,pass,0.3435802459716797,False,53.0
2017,Clayton Thorson,Northwestern,2019,,,3,pass,-0.2952437400817871,False,48.0
2017,Clayton Thorson,Northwestern,2019,,,6,pass,0.6383841037750244,False,45.0
2017,Clayton Thorson,Northwestern,2019,,,2,pass,-0.4082390069961548,False,54.0
2017,Clayton Thorson,Northwestern,2019,,,4,pass,-0.09920883178710938,False,52.0
2017,Clayton Thorson,Northwestern,2019,,,7,pass,1.4278744459152222,False,48.0
2017,Clayton Thorson,Northwestern,2019,,,3,pass,-0.40201783180236816,False,74.0
2017,Clayton Thorson,Northwestern,2019,,,0,pass,-1.5867925882339478,False,71.0
2017,Clayton Thorson,Northwestern,2019,,,2,pass,-0.42601582407951355,False,76.0
2017,Clayton Thorson,Northwestern,2019,,,-7,pass,-4.622870922088623,False,41.0
2017,Clayton Thorson,Northwestern,2019,,,0,pass,-0.9172308444976807,False,41.0
2017,Clayton Thorson,Northwestern,2019,,,-9,pass,-4.652720928192139,False,41.0
2017,Clayton Thorson,Northwestern,2019,,,13,pass,1.597475528717041,False,60.0
2017,Clayton Thorson,Northwestern,2019,,,5,pass,0.010098695755004883,False,47.0
2017,Clayton Thorson,Northwestern,2019,,,0,pass,-1.057661533355713,False,42.0
2017,Clayton Thorson,Northwestern,2019,,,0,pass,-1.650101661682129,False,34.0
2017,Clayton Thorson,Northwestern,2019,,,24,pass,4.442822456359863,False,34.0
2017,Clayton Thorson,Northwestern,2019,,,-8,pass,-1.60841965675354,False,20.0
2017,Clayton Thorson,Northwestern,2019,,,0,pass,-2.022510051727295,False,28.0
2017,Clayton Thorson,Northwestern,2019,,,0,pass,-0.7762374877929688,False,28.0
2017,Clayton Thorson,Northwestern,2019,,,6,pass,0.2187330722808838,False,53.0
2017,Clayton Thorson,Northwestern,2019,,,11,pass,0.7255458831787109,False,47.0
2017,Clayton Thorson,Northwestern,2019,,,6,pass,0.3280179500579834,False,36.0
2017,Clayton Thorson,Northwestern,2019,,,17,pass,1.7900011539459229,False,56.0
2017,Clayton Thorson,Northwestern,2019,,,4,pass,-0.13614439964294434,False,39.0
2017,Clayton Thorson,Northwestern,2019,,,13,pass,1.1652560234069824,False,35.0
2017,Clayton Thorson,Northwestern,2019,,,0,pass,-5.058657169342041,False,22.0
2017,Clayton Thorson,Northwestern,2019,,,8,pass,0.4328629970550537,False,64.0
2017,Clayton Thorson,Northwestern,2019,,,20,pass,0.8879654407501221,False,59.0
2017,Clayton Thorson,Northwestern,2019,,,6,pass,0.2812466621398926,False,39.0
2017,Clayton Thorson,Northwestern,2019,,,0,pass,-0.5721187591552734,False,15.0
2017,Clayton Thorson,Northwestern,2019,,,0,pass,-0.8663268089294434,False,16.0
2017,Clayton Thorson,Northwestern,2019,,,0,pass,-1.3556228876113892,False,47.0
2017,Clayton Thorson,Northwestern,2019,,,14,pass,3.3701682090759277,True,14.0
2017,Clayton Thorson,Northwestern,2019,,,11,pass,0.5458381175994873,False,49.0
2017,Clayton Thorson,Northwestern,2019,,,0,pass,-0.36459994316101074,False,38.0
2017,Clayton Thorson,Northwestern,2019,,,20,pass,1.8816196918487549,False,38.0
2017,Clayton Thorson,Northwestern,2019,,,8,pass,3.0783820152282715,False,26.0
2017,Clayton Thorson,Northwestern,2019,,,17,pass,1.1287174224853516,False,46.0
2017,Clayton Thorson,Northwestern,2019,,,0,pass,-1.4755302667617798,False,26.0
2017,Clayton Thorson,Northwestern,2019,,,8,pass,0.4491720199584961,False,76.0
2017,Clayton Thorson,Northwestern,2019,,,10,pass,1.6758602857589722,False,68.0
2017,Clayton Thorson,Northwestern,2019,,,5,pass,0.08603858947753906,False,58.0
2017,Clayton Thorson,Northwestern,2019,,,0,pass,-0.8812252283096313,False,53.0
2017,Clayton Thorson,Northwestern,2019,,,4,pass,-0.4140847325325012,False,53.0
2017,Clayton Thorson,Northwestern,2019,,,30,pass,1.987060785293579,False,57.0
2017,Clayton Thorson,Northwestern,2019,,,14,pass,0.7908272743225098,False,27.0
2017,Clayton Thorson,Northwestern,2019,,,0,pass,-0.9147783517837524,False,70.0
2017,Clayton Thorson,Northwestern,2019,,,3,pass,-0.2739028334617615,False,78.0
2017,Clayton Thorson,Northwestern,2019,,,5,pass,1.5434846878051758,False,75.0
2017,Clayton Thorson,Northwestern,2019,,,8,pass,0.7473971843719482,False,47.0
2017,Clayton Thorson,Northwestern,2019,,,0,pass,-0.8480525016784668,False,39.0
2017,Clayton Thorson,Northwestern,2019,,,0,pass,-0.6529738903045654,False,35.0
2017,Clayton Thorson,Northwestern,2019,,,11,pass,2.46713924407959,False,34.0
2017,Clayton Thorson,Northwestern,2019,,,0,pass,-0.6040737628936768,False,23.0
2017,Clayton Thorson,Northwestern,2019,,,0,pass,-0.934831976890564,False,23.0
2017,Clayton Thorson,Northwestern,2019,,,-5,pass,-1.6529450416564941,False,77.0
2017,Clayton Thorson,Northwestern,2019,,,0,pass,-2.232976198196411,False,82.0
2017,Clayton Thorson,Northwestern,2019,,,7,pass,0.5053128004074097,False,63.0
2017,Clayton Thorson,Northwestern,2019,,,0,pass,-1.0632679462432861,False,56.0
2017,Clayton Thorson,Northwestern,2019,,,-4,pass,-2.432791233062744,False,56.0
2017,Clayton Thorson,Northwestern,2019,,,0,pass,-0.7774871587753296,False,83.0
2017,Clayton Thorson,Northwestern,2019,,,32,pass,3.1977875232696533,False,75.0
2017,Clayton Thorson,Northwestern,2019,,,0,pass,-0.6766829490661621,False,43.0
2017,Clayton Thorson,Northwestern,2019,,,0,pass,-1.0075035095214844,False,43.0
2017,Clayton Thorson,Northwestern,2019,,,0,pass,-2.1120858192443848,False,43.0
2017,Clayton Thorson,Northwestern,2019,,,0,pass,0.03845071792602539,False,24.0
2017,Clayton Thorson,Northwestern,2019,,,23,pass,2.2018823623657227,False,24.0
2017,Clayton Thorson,Northwestern,2019,,,0,pass,-0.6528687477111816,False,35.0
2017,Clayton Thorson,Northwestern,2019,,,0,pass,-2.9527475833892822,False,30.0
2017,Clayton Thorson,Northwestern,2019,,,-4,pass,-1.6650571823120117,False,9.0
2017,Clayton Thorson,Northwestern,2019,,,9,pass,0.8813720941543579,False,70.0
2017,Clayton Thorson,Northwestern,2019,,,18,pass,0.999047040939331,False,43.0
2017,Clayton Thorson,Northwestern,2019,,,0,pass,-0.5748634338378906,False,25.0
2017,Clayton Thorson,Northwestern,2019,,,12,pass,1.6443289518356323,False,81.0
2017,Clayton Thorson,Northwestern,2019,,,6,pass,0.3117244243621826,False,50.0
2017,Clayton Thorson,Northwestern,2019,,,9,pass,0.055673420429229736,False,51.0
2017,Clayton Thorson,Northwestern,2019,,,7,pass,3.0960018634796143,False,42.0
2017,Clayton Thorson,Northwestern,2019,,,0,pass,-1.5075217485427856,False,32.0
2017,Clayton Thorson,Northwestern,2019,,,0,pass,-2.922567844390869,False,32.0
2017,Clayton Thorson,Northwestern,2019,,,6,pass,-0.8453723192214966,False,66.0
2017,Clayton Thorson,Northwestern,2019,,,9,pass,1.07962965965271,False,55.0
2017,Clayton Thorson,Northwestern,2019,,,0,pass,-0.6598725318908691,False,44.0
2017,Clayton Thorson,Northwestern,2019,,,5,pass,-0.7891402244567871,False,54.0
2017,Clayton Thorson,Northwestern,2019,,,9,pass,0.9627606868743896,False,28.0
2017,Clayton Thorson,Northwestern,2019,,,-5,pass,-1.5936359167099,False,78.0
2017,Clayton Thorson,Northwestern,2019,,,0,pass,-0.8481659889221191,False,83.0
2017,Clayton Thorson,Northwestern,2019,,,10,pass,0.6181334257125854,False,80.0
2017,Clayton Thorson,Northwestern,2019,,,0,pass,-0.6679357290267944,False,70.0
2017,Clayton Thorson,Northwestern,2019,,,0,pass,-0.7399792075157166,False,70.0
2017,Clayton Thorson,Northwestern,2019,,,2,pass,-0.39113736152648926,False,36.0
2017,Clayton Thorson,Northwestern,2019,,,17,pass,0.960128664970398,False,80.0
2017,Clayton Thorson,Northwestern,2019,,,11,pass,0.08682256937026978,False,78.0
2017,Clayton Thorson,Northwestern,2019,,,19,pass,2.311539649963379,False,67.0
2017,Clayton Thorson,Northwestern,2019,,,0,pass,-0.6151502132415771,False,48.0
2017,Clayton Thorson,Northwestern,2019,,,0,pass,-0.6406934261322021,False,47.0
2017,Clayton Thorson,Northwestern,2019,,,0,pass,-0.574742317199707,False,32.0
2017,Clayton Thorson,Northwestern,2019,,,0,pass,-3.187356948852539,False,29.0
2017,Clayton Thorson,Northwestern,2019,,,10,pass,1.586378574371338,False,79.0
2017,Clayton Thorson,Northwestern,2019,,,8,pass,0.5860899090766907,False,71.0
2017,Clayton Thorson,Northwestern,2019,,,-6,pass,-2.3325116634368896,False,63.0
2017,Clayton Thorson,Northwestern,2019,,,11,pass,0.6570882797241211,False,72.0
2017,Clayton Thorson,Northwestern,2019,,,6,pass,0.024243474006652832,False,60.0
2017,Clayton Thorson,Northwestern,2019,,,0,pass,-1.9425369501113892,False,54.0
2017,Clayton Thorson,Northwestern,2019,,,11,pass,0.22429180145263672,False,25.0
2017,Clayton Thorson,Northwestern,2019,,,14,pass,4.596088409423828,True,14.0
2017,Clayton Thorson,Northwestern,2019,,,4,pass,0.333355188369751,False,25.0
2017,Clayton Thorson,Northwestern,2019,,,18,pass,1.194353461265564,False,21.0
2017,Clayton Thorson,Northwestern,2019,,,0,pass,0.08180975914001465,False,25.0
2017,Clayton Thorson,Northwestern,2019,,,22,pass,5.554349899291992,True,22.0
2017,Clayton Thorson,Northwestern,2019,,,13,pass,0.5872020721435547,False,80.0
2017,Clayton Thorson,Northwestern,2019,,,25,pass,1.5928804874420166,False,58.0
2017,Clayton Thorson,Northwestern,2019,,,-1,pass,-1.7679076194763184,False,55.0
2017,Clayton Thorson,Northwestern,2019,,,0,pass,-0.6507222652435303,False,58.0
2017,Clayton Thorson,Northwestern,2019,,,11,pass,0.5223853588104248,False,69.0
2017,Clayton Thorson,Northwestern,2019,,,4,pass,-0.808443546295166,False,62.0
2017,Clayton Thorson,Northwestern,2019,,,3,pass,-0.41394704580307007,False,65.0
2017,Clayton Thorson,Northwestern,2019,,,0,pass,-0.9236323833465576,False,34.0
2017,Clayton Thorson,Northwestern,2019,,,0,pass,-0.5794773101806641,False,34.0
2017,Clayton Thorson,Northwestern,2019,,,10,pass,0.5787606239318848,False,44.0
2017,Clayton Thorson,Northwestern,2019,,,7,pass,1.6872942447662354,False,51.0
2017,Clayton Thorson,Northwestern,2019,,,0,pass,-2.3363656997680664,False,57.0
2017,Clayton Thorson,Northwestern,2019,,,18,pass,-0.8602007031440735,False,75.0
2017,Clayton Thorson,Northwestern,2019,,,0,pass,-0.8496181964874268,False,18.0
2017,Clayton Thorson,Northwestern,2019,,,0,pass,-0.6219167709350586,False,18.0
2017,Clayton Thorson,Northwestern,2019,,,17,pass,1.504451036453247,False,35.0
2017,Clayton Thorson,Northwestern,2019,,,11,pass,0.9609295129776001,False,46.0
2017,Clayton Thorson,Northwestern,2019,,,5,pass,0.39860594272613525,False,51.0
2017,Clayton Thorson,Northwestern,2019,,,5,pass,-0.16018390655517578,False,56.0
2017,Clayton Thorson,Northwestern,2019,,,15,pass,0.9366415739059448,False,74.0
2017,Clayton Thorson,Northwestern,2019,,,4,pass,0.5190715789794922,False,5.0
2017,Clayton Thorson,Northwestern,2019,,,21,pass,2.3771207332611084,False,24.0
2017,Clayton Thorson,Northwestern,2019,,,0,pass,-0.465228796005249,False,24.0
2017,Clayton Thorson,Northwestern,2019,,,10,pass,0.595527172088623,False,34.0
2017,Clayton Thorson,Northwestern,2019,,,5,pass,0.1291804313659668,False,39.0
2017,Clayton Thorson,Northwestern,2019,,,10,pass,1.964935541152954,False,49.0
2017,Clayton Thorson,Northwestern,2019,,,0,pass,-0.82676100730896,False,49.0
2017,Clayton Thorson,Northwestern,2019,,,0,pass,-0.5215508937835693,False,49.0
2017,Clayton Thorson,Northwestern,2019,,,25,pass,1.9800465106964111,False,74.0
2017,Clayton Thorson,Northwestern,2019,,,2,pass,-0.2776576280593872,False,76.0
2017,Clayton Thorson,Northwestern,2019,,,0,pass,-1.9248095750808716,False,52.0
2017,Clayton Thorson,Northwestern,2019,,,9,pass,1.0057083368301392,False,60.0
2017,Clayton Thorson,Northwestern,2019,,,8,pass,0.6895813941955566,False,71.0
2017,Clayton Thorson,Northwestern,2019,,,21,pass,-0.6895813941955566,False,92.0
2017,Clayton Thorson,Northwestern,2019,,,14,pass,-4.935522079467773,False,42.0
2017,Clayton Thorson,Northwestern,2019,,,9,pass,1.1155954599380493,False,53.0
2017,Clayton Thorson,Northwestern,2019,,,4,pass,1.129732608795166,False,57.0
2017,Clayton Thorson,Northwestern,2019,,,5,pass,0.11470246315002441,False,64.0
2017,Clayton Thorson,Northwestern,2019,,,11,pass,1.0571660995483398,False,75.0
2017,Clayton Thorson,Northwestern,2019,,,10,pass,0.4676886796951294,False,52.0
2017,Clayton Thorson,Northwestern,2019,,,0,pass,-0.04575216770172119,False,42.0
2017,Clayton Thorson,Northwestern,2019,,,0,pass,-0.16971111297607422,False,67.0
2017,Clayton Thorson,Northwestern,2019,,,5,pass,0.11898183822631836,False,67.0
2017,Clayton Thorson,Northwestern,2019,,,15,pass,1.2022080421447754,False,84.0
2017,Clayton Thorson,Northwestern,2019,,,0,pass,-0.7008212804794312,False,69.0
2017,Clayton Thorson,Northwestern,2019,,,0,pass,-0.5378363132476807,False,49.0
2017,Clayton Thorson,Northwestern,2019,,,20,pass,2.6195271015167236,False,48.0
2017,Clayton Thorson,Northwestern,2019,,,10,pass,1.3013319969177246,False,19.0
2017,Clayton Thorson,Northwestern,2019,,,0,pass,-0.9752088189125061,False,78.0
2017,Clayton Thorson,Northwestern,2019,,,8,pass,-0.45829129219055176,False,83.0
2017,Clayton Thorson,Northwestern,2019,,,0,pass,-1.3405559062957764,False,71.0
2017,Clayton Thorson,Northwestern,2019,,,49,pass,-8.661088943481445,True,61.0
2017,Clayton Thorson,Northwestern,2019,,,9,pass,1.1677818298339844,False,75.0
2017,Clayton Thorson,Northwestern,2019,,,13,pass,0.4023299217224121,False,66.0
2017,Clayton Thorson,Northwestern,2019,,,0,pass,-0.6511179208755493,False,53.0
2017,Clayton Thorson,Northwestern,2019,,,0,pass,-2.213862180709839,False,49.0
2017,Clayton Thorson,Northwestern,2019,,,0,pass,-1.103973388671875,False,7.0
2017,Clayton Thorson,Northwestern,2019,,,5,pass,0.02751537412405014,False,86.0
2017,Clayton Thorson,Northwestern,2019,,,17,pass,1.0156633853912354,False,71.0
2017,Clayton Thorson,Northwestern,2019,,,42,pass,2.299213409423828,False,54.0
2017,Clayton Thorson,Northwestern,2019,,,21,pass,1.3860249519348145,False,75.0
2017,Clayton Thorson,Northwestern,2019,,,0,pass,-0.8632400035858154,False,53.0
2017,Clayton Thorson,Northwestern,2019,,,0,pass,-2.8850595951080322,False,46.0
2017,Clayton Thorson,Northwestern,2019,,,28,pass,0.9944663047790527,False,63.0
2017,Clayton Thorson,Northwestern,2019,,,4,pass,0.021778106689453125,False,28.0
2017,Clayton Thorson,Northwestern,2019,,,0,pass,-1.032888412475586,False,55.0
2017,Clayton Thorson,Northwestern,2019,,,14,pass,-0.2568616271018982,False,60.0
2017,Clayton Thorson,Northwestern,2019,,,32,pass,-5.532929420471191,False,22.0
2017,Clayton Thorson,Northwestern,2019,,,6,pass,-0.40340113639831543,False,59.0
2017,Clayton Thorson,Northwestern,2019,,,5,pass,0.09844660758972168,False,46.0
2017,Clayton Thorson,Northwestern,2019,,,7,pass,0.10862159729003906,False,33.0
2017,Clayton Thorson,Northwestern,2019,,,4,pass,-0.04289436340332031,False,21.0
2017,Clayton Thorson,Northwestern,2019,,,3,pass,-0.4896395206451416,False,43.0
2017,Clayton Thorson,Northwestern,2019,,,0,pass,-1.2096421718597412,False,87.0
2017,Clayton Thorson,Northwestern,2019,,,25,pass,0.7274899482727051,False,45.0
2017,Clayton Thorson,Northwestern,2019,,,0,pass,-1.207817554473877,False,19.0
2017,Clayton Thorson,Northwestern,2019,,,0,pass,-0.9688085913658142,False,73.0
2017,Clayton Thorson,Northwestern,2019,,,13,pass,2.3265957832336426,False,73.0
2017,Clayton Thorson,Northwestern,2019,,,0,pass,-0.5418598651885986,False,60.0
2017,Clayton Thorson,Northwestern,2019,,,0,pass,-1.5917936563491821,False,57.0
2017,Clayton Thorson,Northwestern,2019,,,0,pass,-1.4815704822540283,False,6.0
2017,Clayton Thorson,Northwestern,2019,,,10,pass,0.55149245262146,False,56.0
2017,Clayton Thorson,Northwestern,2019,,,0,pass,-1.385195016860962,False,19.0
2017,Clayton Thorson,Northwestern,2019,,,12,pass,2.5713369846343994,False,19.0
2017,Clayton Thorson,Northwestern,2019,,,0,pass,-0.9404854774475098,False,6.0
2017,Clayton Thorson,Northwestern,2019,,,10,pass,0.644183874130249,False,75.0
2017,Clayton Thorson,Northwestern,2019,,,0,pass,-0.9247548580169678,False,61.0
2017,Clayton Thorson,Northwestern,2019,,,19,pass,2.175191640853882,False,61.0
2017,Clayton Thorson,Northwestern,2019,,,0,pass,-0.5541787147521973,False,42.0
2017,Clayton Thorson,Northwestern,2019,,,9,pass,1.7159135341644287,False,39.0
2017,Clayton Thorson,Northwestern,2019,,,0,pass,-0.5887055397033691,False,30.0
2017,Clayton Thorson,Northwestern,2019,,,18,pass,1.1184782981872559,False,20.0
2017,Clayton Thorson,Northwestern,2019,,,4,pass,-3.8718974590301514,False,6.0
2017,Clayton Thorson,Northwestern,2019,,,11,pass,3.3227076530456543,True,11.0
2017,Clayton Thorson,Northwestern,2019,,,20,pass,1.5868117809295654,False,38.0
2017,Clayton Thorson,Northwestern,2019,,,0,pass,-0.43645787239074707,False,18.0
2017,Clayton Thorson,Northwestern,2019,,,7,pass,0.1237657368183136,False,96.0
2017,Clayton Thorson,Northwestern,2019,,,27,pass,1.1034204959869385,False,89.0
2017,Clayton Thorson,Northwestern,2019,,,24,pass,0.8636153936386108,False,62.0
2017,Clayton Thorson,Northwestern,2019,,,0,pass,-0.8267599940299988,False,69.0
2017,Clayton Thorson,Northwestern,2019,,,5,pass,1.367727518081665,False,69.0
2017,Clayton Thorson,Northwestern,2019,,,0,pass,-0.8064364194869995,False,62.0
2017,Clayton Thorson,Northwestern,2019,,,19,pass,0.5705859661102295,False,54.0
2017,Clayton Thorson,Northwestern,2019,,,7,pass,0.7043113708496094,False,18.0
2017,Clayton Thorson,Northwestern,2019,,,0,pass,-0.8532662391662598,False,24.0
2017,Clayton Thorson,Northwestern,2019,,,4,pass,-0.6635317802429199,False,24.0
2017,Clayton Thorson,Northwestern,2019,,,0,pass,-3.304436206817627,False,20.0
2017,Clayton Thorson,Northwestern,2019,,,18,pass,1.1356165409088135,False,56.0
2017,Clayton Thorson,Northwestern,2019,,,0,pass,-0.9798660278320312,False,35.0
2017,Clayton Thorson,Northwestern,2019,,,5,pass,-0.21135270595550537,False,96.0
2017,Clayton Thorson,Northwestern,2019,,,7,pass,2.322035789489746,False,91.0
2017,Clayton Thorson,Northwestern,2019,,,-5,pass,-1.6460089683532715,False,84.0
2017,Clayton Thorson,Northwestern,2019,,,12,pass,0.8170260190963745,False,68.0
2017,Clayton Thorson,Northwestern,2019,,,0,pass,-0.9526143074035645,False,54.0
2017,Clayton Thorson,Northwestern,2019,,,7,pass,0.15215587615966797,False,54.0
2017,Clayton Thorson,Northwestern,2019,,,0,pass,-1.6297006607055664,False,57.0
2017,Clayton Thorson,Northwestern,2019,,,13,pass,2.0933074951171875,True,13.0
2017,Clayton Thorson,Northwestern,2019,,,3,pass,-1.5469913482666016,False,78.0
2017,Clayton Thorson,Northwestern,2019,,,18,pass,3.019827365875244,True,18.0
2017,Clayton Thorson,Northwestern,2019,,,8,pass,0.7434656620025635,False,33.0
2017,Clayton Thorson,Northwestern,2019,,,0,pass,-0.879483699798584,False,48.0
2017,Clayton Thorson,Northwestern,2019,,,-4,pass,-1.9801549911499023,False,48.0
2017,Clayton Thorson,Northwestern,2019,,,8,pass,2.619391441345215,True,8.0
2017,Clayton Thorson,Northwestern,2019,,,10,pass,0.989025354385376,False,34.0
2017,Clayton Thorson,Northwestern,2019,,,0,pass,-0.5550222396850586,False,24.0
2017,Clayton Thorson,Northwestern,2019,,,11,pass,1.580162763595581,False,79.0
2017,Clayton Thorson,Northwestern,2019,,,10,pass,0.7127749919891357,False,53.0
2017,Clayton Thorson,Northwestern,2019,,,0,pass,-0.6578807830810547,False,45.0
2017,Clayton Thorson,Northwestern,2019,,,5,pass,-2.4475340843200684,False,30.0
2017,Clayton Thorson,Northwestern,2019,,,0,pass,-0.6441683769226074,False,75.0
2017,Clayton Thorson,Northwestern,2019,,,-8,pass,-2.755622625350952,False,68.0
2017,Clayton Thorson,Northwestern,2019,,,11,pass,0.5884766578674316,False,24.0
2017,Clayton Thorson,Northwestern,2019,,,5,pass,1.2379107475280762,False,13.0
2017,Clayton Thorson,Northwestern,2019,,,10,pass,3.3679444789886475,False,28.0
2017,Clayton Thorson,Northwestern,2019,,,0,pass,-0.9007995128631592,False,47.0
2017,Clayton Thorson,Northwestern,2019,,,-9,pass,-2.2401833534240723,False,47.0
2017,Clayton Thorson,Northwestern,2019,,,0,pass,-0.554328203201294,False,65.0
2017,Clayton Thorson,Northwestern,2019,,,0,pass,-1.6503863334655762,False,57.0
2017,Clayton Thorson,Northwestern,2019,,,18,pass,1.5656079053878784,False,76.0
2017,Clayton Thorson,Northwestern,2019,,,0,pass,-0.4305458068847656,False,58.0
2017,Clayton Thorson,Northwestern,2019,,,0,pass,-1.211463212966919,False,54.0
2017,Clayton Thorson,Northwestern,2019,,,-6,pass,-2.19511079788208,False,81.0
2017,Clayton Thorson,Northwestern,2019,,,52,pass,3.1580660343170166,False,57.0
2017,Clayton Thorson,Northwestern,2019,,,11,pass,1.9121227264404297,True,11.0
2017,Clayton Thorson,Northwestern,2019,,,12,pass,0.38532090187072754,False,51.0
2017,Clayton Thorson,Northwestern,2019,,,9,pass,0.8042902946472168,False,22.0
2017,Clayton Thorson,Northwestern,2019,,,8,pass,-0.14901304244995117,False,68.0
2017,Clayton Thorson,Northwestern,2019,,,-1,pass,-1.1083898544311523,False,67.0
2017,Clayton Thorson,Northwestern,2019,,,0,pass,-0.6487058401107788,False,43.0
2017,Clayton Thorson,Northwestern,2019,,,12,pass,2.728839874267578,False,42.0
2017,Clayton Thorson,Northwestern,2019,,,2,pass,-0.40479612350463867,False,30.0
2017,Clayton Thorson,Northwestern,2019,,,15,pass,-6.184835433959961,False,4.0
2017,Clayton Thorson,Northwestern,2019,,,6,pass,0.024725407361984253,False,75.0
2017,Clayton Thorson,Northwestern,2019,,,0,pass,-1.7705662250518799,False,69.0
2017,Clayton Thorson,Northwestern,2019,,,24,pass,-0.44281911849975586,False,76.0
2017,Clayton Thorson,Northwestern,2019,,,0,pass,-1.311582326889038,False,15.0
2017,Clayton Thorson,Northwestern,2019,,,0,pass,-0.6288526058197021,False,30.0
2017,Clayton Thorson,Northwestern,2019,,,6,pass,0.32400989532470703,False,42.0
2017,Clayton Thorson,Northwestern,2019,,,-9,pass,-2.6699230670928955,False,65.0
2017,Clayton Thorson,Northwestern,2019,,,0,pass,-0.785653293132782,False,65.0
2017,Clayton Thorson,Northwestern,2019,,,10,pass,0.322479248046875,False,78.0
2017,Clayton Thorson,Northwestern,2019,,,10,pass,-0.3695169687271118,False,88.0
2018,Clayton Thorson,Northwestern,2019,,,0,pass,-1.317083716392517,False,71.0
2018,Clayton Thorson,Northwestern,2019,,,4,pass,-0.23253285884857178,False,76.0
2018,Clayton Thorson,Northwestern,2019,,,15,pass,1.276827335357666,False,69.0
2018,Clayton Thorson,Northwestern,2019,,,0,pass,-1.3323092460632324,False,55.0
2018,Clayton Thorson,Northwestern,2019,,,9,pass,0.3339962959289551,False,67.0
2018,Clayton Thorson,Northwestern,2019,,,0,pass,-0.9282369613647461,False,9.0
2018,Clayton Thorson,Northwestern,2019,,,5,pass,3.139572858810425,True,5.0
2018,Clayton Thorson,Northwestern,2019,,,9,pass,-0.7636778950691223,False,80.0
2018,Clayton Thorson,Northwestern,2019,,,25,pass,1.2045965194702148,False,57.0
2018,Clayton Thorson,Northwestern,2019,,,8,pass,0.7129874229431152,False,32.0
2018,Clayton Thorson,Northwestern,2019,,,11,pass,1.1983764171600342,False,17.0
2018,Clayton Thorson,Northwestern,2019,,,0,pass,-0.9400911331176758,False,5.0
2018,Clayton Thorson,Northwestern,2019,,,14,pass,1.769524097442627,False,69.0
2018,Clayton Thorson,Northwestern,2019,,,9,pass,0.769047737121582,False,36.0
2018,Clayton Thorson,Northwestern,2019,,,-11,pass,-1.5638188123703003,False,76.0
2018,Clayton Thorson,Northwestern,2019,,,-7,pass,-1.2974512577056885,False,75.0
2018,Clayton Thorson,Northwestern,2019,,,8,pass,1.931894302368164,True,8.0
2018,Clayton Thorson,Northwestern,2019,,,0,pass,-0.5771961212158203,False,21.0
2018,Clayton Thorson,Northwestern,2019,,,6,pass,-0.30081450939178467,False,60.0
2018,Clayton Thorson,Northwestern,2019,,,0,pass,-0.5875411033630371,False,50.0
2018,Clayton Thorson,Northwestern,2019,,,29,pass,2.5375850200653076,False,50.0
2018,Clayton Thorson,Northwestern,2019,,,0,pass,-0.5546894073486328,False,21.0
2018,Clayton Thorson,Northwestern,2019,,,10,pass,3.4024124145507812,False,15.0
2018,Clayton Thorson,Northwestern,2019,,,8,pass,1.870609998703003,False,85.0
2018,Clayton Thorson,Northwestern,2019,,,0,pass,-0.6211919188499451,False,77.0
2018,Clayton Thorson,Northwestern,2019,,,0,pass,-1.025558590888977,False,77.0
2018,Clayton Thorson,Northwestern,2019,,,6,pass,-0.746317982673645,False,77.0
2018,Clayton Thorson,Northwestern,2019,,,0,pass,-1.1013171672821045,False,49.0
2018,Clayton Thorson,Northwestern,2019,,,9,pass,-0.27810654044151306,False,49.0
2018,Clayton Thorson,Northwestern,2019,,,0,pass,-2.766021966934204,False,40.0
2018,Clayton Thorson,Northwestern,2019,,,0,pass,-0.8607967495918274,False,59.0
2018,Clayton Thorson,Northwestern,2019,,,14,pass,2.0050110816955566,False,59.0
2018,Clayton Thorson,Northwestern,2019,,,4,pass,1.2397511005401611,False,58.0
2018,Clayton Thorson,Northwestern,2019,,,0,pass,-0.6297920942306519,False,54.0
2018,Clayton Thorson,Northwestern,2019,,,0,pass,-1.6950539350509644,False,54.0
2018,Clayton Thorson,Northwestern,2019,,,0,pass,-1.9082123041152954,False,58.0
2018,Clayton Thorson,Northwestern,2019,,,-11,pass,-1.5491836071014404,True,89.0
2018,Clayton Thorson,Northwestern,2019,,,0,pass,-0.6087465286254883,False,78.0
2018,Clayton Thorson,Northwestern,2019,,,0,pass,-0.7909702062606812,False,83.0
2018,Clayton Thorson,Northwestern,2019,,,-7,pass,-1.4612841606140137,False,83.0
2018,Clayton Thorson,Northwestern,2019,,,14,pass,0.0489659309387207,False,90.0
2018,Clayton Thorson,Northwestern,2019,,,0,pass,-0.6505268812179565,False,75.0
2018,Clayton Thorson,Northwestern,2019,,,9,pass,2.1744422912597656,False,72.0
2018,Clayton Thorson,Northwestern,2019,,,0,pass,-0.5987011194229126,False,63.0
2018,Clayton Thorson,Northwestern,2019,,,4,pass,-0.473410964012146,False,63.0
2018,Clayton Thorson,Northwestern,2019,,,0,pass,-1.509379506111145,False,59.0
2018,Clayton Thorson,Northwestern,2019,,,0,pass,-1.7964847087860107,False,43.0
2018,Clayton Thorson,Northwestern,2019,,,11,pass,1.4690051078796387,False,56.0
2018,Clayton Thorson,Northwestern,2019,,,1,pass,-0.6690174341201782,False,88.0
2018,Clayton Thorson,Northwestern,2019,,,3,pass,-0.8114933371543884,False,87.0
2018,Clayton Thorson,Northwestern,2019,,,9,pass,0.7549004554748535,False,37.0
2018,Clayton Thorson,Northwestern,2019,,,7,pass,0.4349794387817383,False,28.0
2018,Clayton Thorson,Northwestern,2019,,,6,pass,0.17758893966674805,False,20.0
2018,Clayton Thorson,Northwestern,2019,,,0,pass,-1.423399567604065,False,66.0
2018,Clayton Thorson,Northwestern,2019,,,32,pass,3.004068613052368,True,32.0
2018,Clayton Thorson,Northwestern,2019,,,0,pass,-0.835097074508667,False,45.0
2018,Clayton Thorson,Northwestern,2019,,,0,pass,-0.5556015968322754,False,28.0
2018,Clayton Thorson,Northwestern,2019,,,2,pass,-0.45321035385131836,False,12.0
2018,Clayton Thorson,Northwestern,2019,,,0,pass,-0.6648929119110107,False,20.0
2018,Clayton Thorson,Northwestern,2019,,,9,pass,0.9382646083831787,False,61.0
2018,Clayton Thorson,Northwestern,2019,,,0,pass,-0.6174449920654297,False,50.0
2018,Clayton Thorson,Northwestern,2019,,,0,pass,-0.5946683883666992,False,39.0
2018,Clayton Thorson,Northwestern,2019,,,4,pass,-0.4501309394836426,False,39.0
2018,Clayton Thorson,Northwestern,2019,,,0,pass,-0.9874587059020996,False,75.0
2018,Clayton Thorson,Northwestern,2019,,,4,pass,-0.0462421178817749,False,68.0
2018,Clayton Thorson,Northwestern,2019,,,3,pass,-4.4778618812561035,False,64.0
2018,Clayton Thorson,Northwestern,2019,,,7,pass,0.525041937828064,False,78.0
2018,Clayton Thorson,Northwestern,2019,,,10,pass,0.633062481880188,False,63.0
2018,Clayton Thorson,Northwestern,2019,,,4,pass,-0.01682257652282715,False,38.0
2018,Clayton Thorson,Northwestern,2019,,,0,pass,-0.6013184785842896,False,75.0
2018,Clayton Thorson,Northwestern,2019,,,9,pass,1.0654492378234863,False,75.0
2018,Clayton Thorson,Northwestern,2019,,,0,pass,-0.6390671730041504,False,64.0
2018,Clayton Thorson,Northwestern,2019,,,0,pass,-0.8429334163665771,False,64.0
2018,Clayton Thorson,Northwestern,2019,,,-7,pass,-1.9357292652130127,False,76.0
2018,Clayton Thorson,Northwestern,2019,,,-6,pass,-1.879416584968567,False,75.0
2018,Clayton Thorson,Northwestern,2019,,,5,pass,-0.5796536207199097,False,81.0
2018,Clayton Thorson,Northwestern,2019,,,0,pass,-1.0085477828979492,False,50.0
2018,Clayton Thorson,Northwestern,2019,,,0,pass,-1.9174022674560547,False,50.0
2018,Clayton Thorson,Northwestern,2019,,,12,pass,0.7259180545806885,False,63.0
2018,Clayton Thorson,Northwestern,2019,,,5,pass,0.4372478723526001,False,80.0
2018,Clayton Thorson,Northwestern,2019,,,11,pass,2.086228847503662,False,76.0
2018,Clayton Thorson,Northwestern,2019,,,8,pass,0.7324711084365845,False,60.0
2018,Clayton Thorson,Northwestern,2019,,,0,pass,-0.9382476806640625,False,50.0
2018,Clayton Thorson,Northwestern,2019,,,0,pass,-1.785384178161621,False,50.0
2018,Clayton Thorson,Northwestern,2019,,,0,pass,-0.790123462677002,False,83.0
2018,Clayton Thorson,Northwestern,2019,,,21,pass,1.8968281745910645,False,83.0
2018,Clayton Thorson,Northwestern,2019,,,0,pass,-0.584818959236145,False,62.0
2018,Clayton Thorson,Northwestern,2019,,,9,pass,0.5837494134902954,False,62.0
2018,Clayton Thorson,Northwestern,2019,,,29,pass,2.836017608642578,False,58.0
2018,Clayton Thorson,Northwestern,2019,,,0,pass,-0.7887866497039795,False,29.0
2018,Clayton Thorson,Northwestern,2019,,,4,pass,-0.8933824300765991,False,29.0
2018,Clayton Thorson,Northwestern,2019,,,9,pass,3.034381866455078,False,25.0
2018,Clayton Thorson,Northwestern,2019,,,0,pass,-0.7995262145996094,False,12.0
2018,Clayton Thorson,Northwestern,2019,,,-3,pass,-1.337409257888794,False,12.0
2018,Clayton Thorson,Northwestern,2019,,,21,pass,3.2897567749023438,True,21.0
2018,Clayton Thorson,Northwestern,2019,,,0,pass,-0.5669750571250916,False,75.0
2018,Clayton Thorson,Northwestern,2019,,,19,pass,2.0627782344818115,False,75.0
2018,Clayton Thorson,Northwestern,2019,,,9,pass,0.9446923732757568,False,56.0
2018,Clayton Thorson,Northwestern,2019,,,5,pass,0.2823021411895752,False,45.0
2018,Clayton Thorson,Northwestern,2019,,,1,pass,-0.8006546497344971,False,40.0
2018,Clayton Thorson,Northwestern,2019,,,18,pass,2.178154230117798,False,39.0
2018,Clayton Thorson,Northwestern,2019,,,0,pass,-4.666188716888428,False,67.0
2018,Clayton Thorson,Northwestern,2019,,,5,pass,0.04251587390899658,False,70.0
2018,Clayton Thorson,Northwestern,2019,,,9,pass,0.618402361869812,False,65.0
2018,Clayton Thorson,Northwestern,2019,,,9,pass,1.1499035358428955,False,55.0
2018,Clayton Thorson,Northwestern,2019,,,0,pass,-0.6696124076843262,False,46.0
2018,Clayton Thorson,Northwestern,2019,,,0,pass,-1.0194156169891357,False,46.0
2018,Clayton Thorson,Northwestern,2019,,,4,pass,-1.6895729303359985,False,46.0
2018,Clayton Thorson,Northwestern,2019,,,3,pass,1.1104736328125,False,52.0
2018,Clayton Thorson,Northwestern,2019,,,5,pass,-0.08456438779830933,False,75.0
2018,Clayton Thorson,Northwestern,2019,,,0,pass,-0.5391899347305298,False,70.0
2018,Clayton Thorson,Northwestern,2019,,,0,pass,-1.147440791130066,False,70.0
2018,Clayton Thorson,Northwestern,2019,,,17,pass,0.8253096342086792,False,87.0
2018,Clayton Thorson,Northwestern,2019,,,-12,pass,-1.6188116073608398,False,70.0
2018,Clayton Thorson,Northwestern,2019,,,4,pass,-0.8387089371681213,False,83.0
2018,Clayton Thorson,Northwestern,2019,,,34,pass,2.864206314086914,True,34.0
2018,Clayton Thorson,Northwestern,2019,,,7,pass,0.11785173416137695,False,51.0
2018,Clayton Thorson,Northwestern,2019,,,77,pass,6.422673225402832,True,77.0
2018,Clayton Thorson,Northwestern,2019,,,14,pass,0.8909390568733215,False,89.0
2018,Clayton Thorson,Northwestern,2019,,,11,pass,0.9139634370803833,False,75.0
2018,Clayton Thorson,Northwestern,2019,,,8,pass,0.6926476955413818,False,64.0
2018,Clayton Thorson,Northwestern,2019,,,10,pass,-5.517187118530273,False,55.0
2018,Clayton Thorson,Northwestern,2019,,,16,pass,2.4126458168029785,False,87.0
2018,Clayton Thorson,Northwestern,2019,,,6,pass,-0.10043606162071228,False,77.0
2018,Clayton Thorson,Northwestern,2019,,,15,pass,2.795445203781128,False,71.0
2018,Clayton Thorson,Northwestern,2019,,,3,pass,-0.45075130462646484,False,56.0
2018,Clayton Thorson,Northwestern,2019,,,0,pass,-2.0972275733947754,False,49.0
2018,Clayton Thorson,Northwestern,2019,,,0,pass,-0.6441683769226074,False,75.0
2018,Clayton Thorson,Northwestern,2019,,,0,pass,-1.0267753601074219,False,75.0
2018,Clayton Thorson,Northwestern,2019,,,-1,pass,-1.6145397424697876,False,75.0
2018,Clayton Thorson,Northwestern,2019,,,10,pass,-0.5258874297142029,False,85.0
2018,Clayton Thorson,Northwestern,2019,,,15,pass,0.6749714612960815,False,66.0
2018,Clayton Thorson,Northwestern,2019,,,-5,pass,-0.5227007865905762,False,51.0
2018,Clayton Thorson,Northwestern,2019,,,0,pass,-0.5246838927268982,False,75.0
2018,Clayton Thorson,Northwestern,2019,,,-10,pass,-1.5070894956588745,False,75.0
2018,Clayton Thorson,Northwestern,2019,,,0,pass,-0.8666585683822632,False,69.0
2018,Clayton Thorson,Northwestern,2019,,,-1,pass,-1.533190369606018,False,69.0
2018,Clayton Thorson,Northwestern,2019,,,9,pass,0.9783464670181274,False,75.0
2018,Clayton Thorson,Northwestern,2019,,,0,pass,-0.6189172267913818,False,64.0
2018,Clayton Thorson,Northwestern,2019,,,0,pass,-0.9180419445037842,False,64.0
2018,Clayton Thorson,Northwestern,2019,,,0,pass,-1.4412891864776611,False,64.0
2018,Clayton Thorson,Northwestern,2019,,,8,pass,0.5267646312713623,False,75.0
2018,Clayton Thorson,Northwestern,2019,,,-7,pass,-2.04091215133667,False,60.0
2018,Clayton Thorson,Northwestern,2019,,,14,pass,1.427630066871643,False,72.0
2018,Clayton Thorson,Northwestern,2019,,,-8,pass,-2.4653995037078857,False,51.0
2018,Clayton Thorson,Northwestern,2019,,,6,pass,1.3344193696975708,False,80.0
2018,Clayton Thorson,Northwestern,2019,,,0,pass,-0.5641236305236816,False,55.0
2018,Clayton Thorson,Northwestern,2019,,,-12,pass,-2.267138957977295,False,52.0
2018,Clayton Thorson,Northwestern,2019,,,9,pass,0.25647783279418945,False,40.0
2018,Clayton Thorson,Northwestern,2019,,,0,pass,-0.7651000022888184,False,22.0
2018,Clayton Thorson,Northwestern,2019,,,0,pass,-0.6405117511749268,False,52.0
2018,Clayton Thorson,Northwestern,2019,,,8,pass,1.7796671390533447,False,48.0
2018,Clayton Thorson,Northwestern,2019,,,15,pass,1.32613205909729,False,62.0
2018,Clayton Thorson,Northwestern,2019,,,24,pass,1.1404564380645752,False,47.0
2018,Clayton Thorson,Northwestern,2019,,,7,pass,0.5656285285949707,False,21.0
2018,Clayton Thorson,Northwestern,2019,,,3,pass,-0.3236440420150757,False,30.0
2018,Clayton Thorson,Northwestern,2019,,,7,pass,-0.23736143112182617,False,56.0
2018,Clayton Thorson,Northwestern,2019,,,9,pass,1.8097401857376099,False,50.0
2018,Clayton Thorson,Northwestern,2019,,,36,pass,3.219489097595215,False,37.0
2018,Clayton Thorson,Northwestern,2019,,,0,pass,-0.41101276874542236,False,63.0
2018,Clayton Thorson,Northwestern,2019,,,5,pass,-0.09590205550193787,False,63.0
2018,Clayton Thorson,Northwestern,2019,,,8,pass,1.6181658506393433,False,58.0
2018,Clayton Thorson,Northwestern,2019,,,0,pass,-0.6016002893447876,False,50.0
2018,Clayton Thorson,Northwestern,2019,,,0,pass,-0.8447393178939819,False,50.0
2018,Clayton Thorson,Northwestern,2019,,,0,pass,-1.5121088027954102,False,50.0
2018,Clayton Thorson,Northwestern,2019,,,6,pass,0.1960608959197998,False,48.0
2018,Clayton Thorson,Northwestern,2019,,,8,pass,0.8944787979125977,False,42.0
2018,Clayton Thorson,Northwestern,2019,,,-8,pass,-2.203719139099121,False,34.0
2018,Clayton Thorson,Northwestern,2019,,,2,pass,-0.8607791662216187,False,42.0
2018,Clayton Thorson,Northwestern,2019,,,0,pass,-1.3798420429229736,False,40.0
2018,Clayton Thorson,Northwestern,2019,,,12,pass,0.6888898611068726,False,87.0
2018,Clayton Thorson,Northwestern,2019,,,32,pass,2.8057291507720947,False,75.0
2018,Clayton Thorson,Northwestern,2019,,,0,pass,-0.7239677906036377,False,43.0
2018,Clayton Thorson,Northwestern,2019,,,7,pass,3.497931957244873,False,36.0
2018,Clayton Thorson,Northwestern,2019,,,-7,pass,-4.376682758331299,False,4.0
2018,Clayton Thorson,Northwestern,2019,,,3,pass,-0.3153306841850281,False,62.0
2018,Clayton Thorson,Northwestern,2019,,,17,pass,0.7421543002128601,False,59.0
2018,Clayton Thorson,Northwestern,2019,,,22,pass,2.9661803245544434,False,75.0
2018,Clayton Thorson,Northwestern,2019,,,0,pass,-0.5498225688934326,False,41.0
2018,Clayton Thorson,Northwestern,2019,,,1,pass,-0.7843427658081055,False,41.0
2018,Clayton Thorson,Northwestern,2019,,,0,pass,-1.7032818794250488,False,40.0
2018,Clayton Thorson,Northwestern,2019,,,0,pass,-2.314671516418457,False,40.0
2018,Clayton Thorson,Northwestern,2019,,,11,pass,1.4303762912750244,False,67.0
2018,Clayton Thorson,Northwestern,2019,,,-4,pass,-1.332411289215088,False,56.0
2018,Clayton Thorson,Northwestern,2019,,,6,pass,-0.04668891429901123,False,60.0
2018,Clayton Thorson,Northwestern,2019,,,25,pass,-3.9857254028320312,False,54.0
2018,Clayton Thorson,Northwestern,2019,,,16,pass,0.9650156497955322,False,80.0
2018,Clayton Thorson,Northwestern,2019,,,9,pass,0.7225074768066406,False,64.0
2018,Clayton Thorson,Northwestern,2019,,,0,pass,-0.7772848606109619,False,55.0
2018,Clayton Thorson,Northwestern,2019,,,2,pass,-0.4673781394958496,False,51.0
2018,Clayton Thorson,Northwestern,2019,,,0,pass,-1.7865842580795288,False,49.0
2018,Clayton Thorson,Northwestern,2019,,,6,pass,-0.09956175088882446,False,79.0
2018,Clayton Thorson,Northwestern,2019,,,8,pass,2.001084089279175,False,73.0
2018,Clayton Thorson,Northwestern,2019,,,5,pass,-0.32506734132766724,False,65.0
2018,Clayton Thorson,Northwestern,2019,,,12,pass,2.097266435623169,False,60.0
2018,Clayton Thorson,Northwestern,2019,,,0,pass,-1.0475175380706787,False,44.0
2018,Clayton Thorson,Northwestern,2019,,,17,pass,2.8025684356689453,False,90.0
2018,Clayton Thorson,Northwestern,2019,,,0,pass,-0.7574016451835632,False,73.0
2018,Clayton Thorson,Northwestern,2019,,,68,pass,5.980222225189209,False,70.0
2018,Clayton Thorson,Northwestern,2019,,,8,pass,0.7316393852233887,False,75.0
2018,Clayton Thorson,Northwestern,2019,,,-9,pass,-1.6658047437667847,False,67.0
2018,Clayton Thorson,Northwestern,2019,,,21,pass,2.0499448776245117,False,73.0
2018,Clayton Thorson,Northwestern,2019,,,11,pass,1.8803212642669678,False,47.0
2018,Clayton Thorson,Northwestern,2019,,,0,pass,-0.6381142139434814,False,36.0
2018,Clayton Thorson,Northwestern,2019,,,1,pass,-1.6469011306762695,False,35.0
2018,Clayton Thorson,Northwestern,2019,,,0,pass,-0.4877643287181854,False,34.0
2018,Clayton Thorson,Northwestern,2019,,,23,pass,1.1588232517242432,False,55.0
2018,Clayton Thorson,Northwestern,2019,,,19,pass,0.9758188724517822,False,32.0
2018,Clayton Thorson,Northwestern,2019,,,-14,pass,-3.6437342166900635,False,24.0
2018,Clayton Thorson,Northwestern,2019,,,11,pass,0.5169363021850586,False,53.0
2018,Clayton Thorson,Northwestern,2019,,,12,pass,1.1888155937194824,False,40.0
2018,Clayton Thorson,Northwestern,2019,,,4,pass,-0.5150561332702637,False,28.0
2018,Clayton Thorson,Northwestern,2019,,,0,pass,-1.2387003898620605,False,24.0
2018,Clayton Thorson,Northwestern,2019,,,0,pass,-1.2334561347961426,False,93.0
2018,Clayton Thorson,Northwestern,2019,,,22,pass,1.136627197265625,False,33.0
2018,Clayton Thorson,Northwestern,2019,,,2,pass,-0.6365684270858765,False,65.0
2018,Clayton Thorson,Northwestern,2019,,,9,pass,1.2651264667510986,False,63.0
2018,Clayton Thorson,Northwestern,2019,,,0,pass,-0.5609728097915649,False,75.0
2018,Clayton Thorson,Northwestern,2019,,,2,pass,-0.8375058174133301,False,68.0
2018,Clayton Thorson,Northwestern,2019,,,3,pass,0.10440182685852051,False,23.0
2018,Clayton Thorson,Northwestern,2019,,,5,pass,2.5422730445861816,True,5.0
2018,Clayton Thorson,Northwestern,2019,,,27,pass,2.9098141193389893,False,32.0
2018,Clayton Thorson,Northwestern,2019,,,32,pass,1.6597011089324951,False,64.0
2018,Clayton Thorson,Northwestern,2019,,,9,pass,0.18494084477424622,False,73.0
2018,Clayton Thorson,Northwestern,2019,,,11,pass,0.9215418696403503,False,79.0
2018,Clayton Thorson,Northwestern,2019,,,5,pass,-0.08895109593868256,False,84.0
2018,Clayton Thorson,Northwestern,2019,,,0,pass,-0.673820972442627,False,13.0
2018,Clayton Thorson,Northwestern,2019,,,-10,pass,-2.5588371753692627,False,3.0
2018,Clayton Thorson,Northwestern,2019,,,3,pass,-0.12106513977050781,False,10.0
2018,Clayton Thorson,Northwestern,2019,,,16,pass,3.1065726280212402,False,26.0
2018,Clayton Thorson,Northwestern,2019,,,14,pass,0.9239411354064941,False,40.0
2018,Clayton Thorson,Northwestern,2019,,,4,pass,-0.22063112258911133,False,59.0
2018,Clayton Thorson,Northwestern,2019,,,16,pass,3.4967427253723145,False,75.0
2018,Clayton Thorson,Northwestern,2019,,,14,pass,-6.121965408325195,False,55.0
2018,Clayton Thorson,Northwestern,2019,,,4,pass,0.2545541524887085,False,59.0
2018,Clayton Thorson,Northwestern,2019,,,6,pass,0.20698440074920654,False,65.0
2018,Clayton Thorson,Northwestern,2019,,,27,pass,2.7552924156188965,False,92.0
2018,Clayton Thorson,Northwestern,2019,,,0,pass,-0.5460816621780396,False,92.0
2018,Clayton Thorson,Northwestern,2019,,,61,pass,6.3964362144470215,True,61.0
2018,Clayton Thorson,Northwestern,2019,,,0,pass,-1.346295714378357,False,61.0
2018,Clayton Thorson,Northwestern,2019,,,7,pass,0.5741603970527649,False,68.0
2018,Clayton Thorson,Northwestern,2019,,,7,pass,0.5735904574394226,False,75.0
2018,Clayton Thorson,Northwestern,2019,,,0,pass,-1.0505393743515015,False,24.0
2018,Clayton Thorson,Northwestern,2019,,,0,pass,-0.7740805149078369,False,24.0
2018,Clayton Thorson,Northwestern,2019,,,15,pass,2.288828134536743,False,65.0
2018,Clayton Thorson,Northwestern,2019,,,0,pass,-0.6086635589599609,False,65.0
2018,Clayton Thorson,Northwestern,2019,,,15,pass,1.2147014141082764,False,80.0
2018,Clayton Thorson,Northwestern,2019,,,0,pass,-1.1710923910140991,False,87.0
2018,Clayton Thorson,Northwestern,2019,,,-3,pass,-1.4756349325180054,False,84.0
2018,Clayton Thorson,Northwestern,2019,,,0,pass,-2.949854850769043,False,41.0
2018,Clayton Thorson,Northwestern,2019,,,18,pass,2.6938815116882324,False,59.0
2018,Clayton Thorson,Northwestern,2019,,,0,pass,-0.9548289179801941,False,59.0
2018,Clayton Thorson,Northwestern,2019,,,0,pass,-0.6329915523529053,False,59.0
2018,Clayton Thorson,Northwestern,2019,,,14,pass,1.9323506355285645,False,73.0
2018,Clayton Thorson,Northwestern,2019,,,2,pass,-0.6169840097427368,False,75.0
2018,Clayton Thorson,Northwestern,2019,,,4,pass,-0.06796115636825562,False,67.0
2018,Clayton Thorson,Northwestern,2019,,,8,pass,1.7119896411895752,False,75.0
2018,Clayton Thorson,Northwestern,2019,,,9,pass,0.8543558120727539,False,70.0
2018,Clayton Thorson,Northwestern,2019,,,8,pass,0.3290599584579468,False,80.0
2018,Clayton Thorson,Northwestern,2019,,,21,pass,3.73500657081604,True,21.0
2018,Clayton Thorson,Northwestern,2019,,,8,pass,0.6441965103149414,False,34.0
2018,Clayton Thorson,Northwestern,2019,,,17,pass,1.5265045166015625,False,51.0
2018,Clayton Thorson,Northwestern,2019,,,0,pass,-0.5524523258209229,False,51.0
2018,Clayton Thorson,Northwestern,2019,,,17,pass,1.6851434707641602,False,68.0
2018,Clayton Thorson,Northwestern,2019,,,-7,pass,-1.9232286214828491,False,34.0
2018,Clayton Thorson,Northwestern,2019,,,8,pass,2.0584166049957275,False,53.0
2018,Clayton Thorson,Northwestern,2019,,,1,pass,-0.8095340728759766,False,54.0
2018,Clayton Thorson,Northwestern,2019,,,2,pass,-0.4330960512161255,False,56.0
2018,Clayton Thorson,Northwestern,2019,,,11,pass,1.3925164937973022,False,67.0
2018,Clayton Thorson,Northwestern,2019,,,3,pass,-0.40088480710983276,False,70.0
2018,Clayton Thorson,Northwestern,2019,,,1,pass,-1.3666311502456665,False,64.0
2018,Clayton Thorson,Northwestern,2019,,,4,pass,0.13239555060863495,False,68.0
2018,Clayton Thorson,Northwestern,2019,,,0,pass,-1.806740403175354,False,46.0
2018,Clayton Thorson,Northwestern,2019,,,19,pass,1.3565212488174438,False,65.0
2018,Clayton Thorson,Northwestern,2019,,,0,pass,-2.8128201961517334,False,34.0
2018,Clayton Thorson,Northwestern,2019,,,2,pass,-1.1756319999694824,False,36.0
2018,Clayton Thorson,Northwestern,2019,,,22,pass,2.526728868484497,False,60.0
2018,Clayton Thorson,Northwestern,2019,,,7,pass,0.5307142734527588,False,67.0
2018,Clayton Thorson,Northwestern,2019,,,7,pass,0.24506330490112305,False,74.0
2018,Clayton Thorson,Northwestern,2019,,,4,pass,-0.8574091792106628,False,75.0
2018,Clayton Thorson,Northwestern,2019,,,9,pass,0.603844404220581,False,69.0
2018,Clayton Thorson,Northwestern,2019,,,12,pass,-2.392787218093872,False,81.0
2018,Clayton Thorson,Northwestern,2019,,,0,pass,-0.8952071070671082,False,76.0
2018,Clayton Thorson,Northwestern,2019,,,0,pass,-0.5208225846290588,False,76.0
2018,Clayton Thorson,Northwestern,2019,,,14,pass,1.4922175407409668,False,15.0
2018,Clayton Thorson,Northwestern,2019,,,40,pass,2.332155466079712,False,55.0
2018,Clayton Thorson,Northwestern,2019,,,4,pass,-0.028939247131347656,False,59.0
2018,Clayton Thorson,Northwestern,2019,,,11,pass,1.6419577598571777,False,13.0
2018,Clayton Thorson,Northwestern,2019,,,0,pass,-0.5584902763366699,False,13.0
2018,Clayton Thorson,Northwestern,2019,,,6,pass,0.12069010734558105,False,65.0
2018,Clayton Thorson,Northwestern,2019,,,3,pass,0.7577695846557617,False,11.0
2018,Clayton Thorson,Northwestern,2019,,,8,pass,0.5685024261474609,False,19.0
2018,Clayton Thorson,Northwestern,2019,,,16,pass,1.002173900604248,False,35.0
2018,Clayton Thorson,Northwestern,2019,,,7,pass,0.11814498901367188,False,45.0
2018,Clayton Thorson,Northwestern,2019,,,0,pass,-2.221295118331909,False,30.0
2018,Clayton Thorson,Northwestern,2019,,,24,pass,4.186366558074951,True,24.0
2018,Clayton Thorson,Northwestern,2019,,,16,pass,0.9753292798995972,False,69.0
2018,Clayton Thorson,Northwestern,2019,,,18,pass,1.1944334506988525,False,53.0
2018,Clayton Thorson,Northwestern,2019,,,-4,pass,-1.1702466011047363,False,35.0
2018,Clayton Thorson,Northwestern,2019,,,15,pass,1.9036283493041992,False,39.0
2018,Clayton Thorson,Northwestern,2019,,,0,pass,-0.46669435501098633,False,24.0
2018,Clayton Thorson,Northwestern,2019,,,0,pass,-0.5816590785980225,False,24.0
2018,Clayton Thorson,Northwestern,2019,,,0,pass,-1.0432130098342896,False,24.0
2018,Clayton Thorson,Northwestern,2019,,,50,pass,-8.060567855834961,True,68.0
2018,Clayton Thorson,Northwestern,2019,,,3,pass,-0.4043336808681488,False,75.0
2018,Clayton Thorson,Northwestern,2019,,,9,pass,1.4199836254119873,False,72.0
2018,Clayton Thorson,Northwestern,2019,,,0,pass,-0.5436432957649231,False,63.0
2018,Clayton Thorson,Northwestern,2019,,,0,pass,-0.7238049507141113,False,63.0
2018,Clayton Thorson,Northwestern,2019,,,9,pass,0.08205479383468628,False,63.0
2018,Clayton Thorson,Northwestern,2019,,,4,pass,0.3673948347568512,False,79.0
2018,Clayton Thorson,Northwestern,2019,,,7,pass,0.9307653903961182,False,75.0
2018,Clayton Thorson,Northwestern,2019,,,13,pass,2.536101818084717,True,13.0
2018,Clayton Thorson,Northwestern,2019,,,11,pass,0.0344233512878418,False,74.0
2018,Clayton Thorson,Northwestern,2019,,,0,pass,-0.9410257339477539,False,67.0
2018,Clayton Thorson,Northwestern,2019,,,15,pass,2.935504913330078,False,67.0
2018,Clayton Thorson,Northwestern,2019,,,0,pass,-0.6370799541473389,False,52.0
2018,Clayton Thorson,Northwestern,2019,,,0,pass,-0.9286881685256958,False,52.0
2018,Clayton Thorson,Northwestern,2019,,,23,pass,3.9372200965881348,False,52.0
2018,Clayton Thorson,Northwestern,2019,,,97,pass,-10.769311904907227,True,16.0
2018,Clayton Thorson,Northwestern,2019,,,7,pass,0.536054253578186,False,72.0
2018,Clayton Thorson,Northwestern,2019,,,8,pass,0.5999147891998291,False,57.0
2018,Clayton Thorson,Northwestern,2019,,,22,pass,1.3373768329620361,False,45.0
2018,Clayton Thorson,Northwestern,2019,,,0,pass,-0.5989491939544678,False,23.0
2018,Clayton Thorson,Northwestern,2019,,,10,pass,0.6426308155059814,False,75.0
2018,Clayton Thorson,Northwestern,2019,,,9,pass,0.4522531032562256,False,65.0
2018,Clayton Thorson,Northwestern,2019,,,0,pass,-1.7624382972717285,False,56.0
2018,Clayton Thorson,Northwestern,2019,,,21,pass,5.179816722869873,True,21.0
2018,Clayton Thorson,Northwestern,2019,,,4,pass,-0.47514796257019043,False,56.0
2018,Clayton Thorson,Northwestern,2019,,,16,pass,1.231824278831482,False,52.0
2018,Clayton Thorson,Northwestern,2019,,,6,pass,0.5402615070343018,False,36.0
2018,Clayton Thorson,Northwestern,2019,,,0,pass,-0.41208600997924805,False,30.0
2018,Clayton Thorson,Northwestern,2019,,,9,pass,0.907085657119751,False,30.0
2018,Clayton Thorson,Northwestern,2019,,,16,pass,2.7409801483154297,False,79.0
2018,Clayton Thorson,Northwestern,2019,,,43,pass,2.099364995956421,False,63.0
2018,Clayton Thorson,Northwestern,2019,,,14,pass,1.557203769683838,False,19.0
2018,Clayton Thorson,Northwestern,2019,,,0,pass,-0.5937469005584717,False,37.0
2018,Clayton Thorson,Northwestern,2019,,,9,pass,0.7206587791442871,False,48.0
2018,Clayton Thorson,Northwestern,2019,,,7,pass,0.3788743019104004,False,64.0
2018,Clayton Thorson,Northwestern,2019,,,0,pass,-1.7373578548431396,False,57.0
2018,Clayton Thorson,Northwestern,2019,,,0,pass,-0.7739427089691162,False,31.0
2018,Clayton Thorson,Northwestern,2019,,,0,pass,-0.821861743927002,False,19.0
2018,Clayton Thorson,Northwestern,2019,,,2,pass,-0.917186975479126,False,19.0
2018,Clayton Thorson,Northwestern,2019,,,5,pass,0.23594993352890015,False,75.0
2018,Clayton Thorson,Northwestern,2019,,,18,pass,1.4851884841918945,False,70.0
2018,Clayton Thorson,Northwestern,2019,,,0,pass,-0.686830997467041,False,52.0
2018,Clayton Thorson,Northwestern,2019,,,5,pass,-1.0506010055541992,False,53.0
2018,Clayton Thorson,Northwestern,2019,,,5,pass,-0.7415355443954468,False,72.0
2018,Clayton Thorson,Northwestern,2019,,,7,pass,-6.115774154663086,False,68.0
2018,Clayton Thorson,Northwestern,2019,,,3,pass,-0.7520627975463867,False,13.0
2018,Clayton Thorson,Northwestern,2019,,,0,pass,-0.9006057977676392,False,63.0
2018,Clayton Thorson,Northwestern,2019,,,0,pass,-1.9133787155151367,False,3.0
2018,Clayton Thorson,Northwestern,2019,,,24,pass,2.868147373199463,True,24.0
2018,Clayton Thorson,Northwestern,2019,,,6,pass,0.03454780578613281,False,70.0
2018,Clayton Thorson,Northwestern,2019,,,0,pass,-1.7529652118682861,False,64.0
2018,Clayton Thorson,Northwestern,2019,,,8,pass,1.9127333164215088,False,46.0
2018,Clayton Thorson,Northwestern,2019,,,10,pass,1.4509669542312622,False,72.0
2018,Clayton Thorson,Northwestern,2019,,,27,pass,2.1103925704956055,False,62.0
2018,Clayton Thorson,Northwestern,2019,,,0,pass,-2.0317771434783936,False,27.0
2018,Clayton Thorson,Northwestern,2019,,,2,pass,-0.043103814125061035,False,75.0
2018,Clayton Thorson,Northwestern,2019,,,0,pass,-1.0681941509246826,False,73.0
2018,Clayton Thorson,Northwestern,2019,,,3,pass,-0.36362504959106445,False,8.0
2018,Clayton Thorson,Northwestern,2019,,,3,pass,-0.34018754959106445,False,15.0
2018,Clayton Thorson,Northwestern,2019,,,5,pass,0.28935670852661133,False,12.0
2018,Clayton Thorson,Northwestern,2019,,,32,pass,2.5157318115234375,False,59.0
2018,Clayton Thorson,Northwestern,2019,,,-6,pass,-1.475862741470337,False,57.0
2018,Clayton Thorson,Northwestern,2019,,,0,pass,-1.256080150604248,False,58.0
2018,Clayton Thorson,Northwestern,2019,,,11,pass,1.0443774461746216,False,75.0
2018,Clayton Thorson,Northwestern,2019,,,5,pass,0.11335968971252441,False,56.0
2018,Clayton Thorson,Northwestern,2019,,,0,pass,-0.9364984035491943,False,45.0
2018,Clayton Thorson,Northwestern,2019,,,12,pass,0.9794740676879883,False,37.0
2018,Clayton Thorson,Northwestern,2019,,,7,pass,0.4833855628967285,False,25.0
2018,Clayton Thorson,Northwestern,2019,,,4,pass,-0.05017900466918945,False,12.0
2018,Clayton Thorson,Northwestern,2019,,,0,pass,-0.5456854701042175,False,85.0
2018,Clayton Thorson,Northwestern,2019,,,0,pass,-3.3491370677948,False,81.0
2018,Clayton Thorson,Northwestern,2019,,,2,pass,-2.351900100708008,False,68.0
2018,Clayton Thorson,Northwestern,2019,,,-8,pass,-1.1505932807922363,False,70.0
2018,Clayton Thorson,Northwestern,2019,,,5,pass,-0.118868887424469,False,75.0
2018,Clayton Thorson,Northwestern,2019,,,13,pass,1.101384162902832,False,17.0
2018,Clayton Thorson,Northwestern,2019,,,27,pass,3.4369282722473145,True,27.0
2018,Clayton Thorson,Northwestern,2019,,,9,pass,0.6139817237854004,False,36.0
2018,Clayton Thorson,Northwestern,2019,,,11,pass,1.578608512878418,False,67.0
2018,Clayton Thorson,Northwestern,2019,,,-1,pass,-1.396592378616333,False,75.0
2018,Clayton Thorson,Northwestern,2019,,,-1,pass,-1.6907758712768555,False,51.0
2018,Clayton Thorson,Northwestern,2019,,,0,pass,-0.5857361555099487,False,52.0
2018,Clayton Thorson,Northwestern,2019,,,-9,pass,-2.761146306991577,False,46.0
2018,Clayton Thorson,Northwestern,2019,,,0,pass,-0.9766479730606079,False,46.0
2018,Clayton Thorson,Northwestern,2019,,,15,pass,1.7264103889465332,False,63.0
2018,Clayton Thorson,Northwestern,2019,,,0,pass,-0.6628667116165161,False,63.0
2018,Clayton Thorson,Northwestern,2019,,,6,pass,1.5419080257415771,False,69.0
2018,Clayton Thorson,Northwestern,2019,,,-6,pass,-0.9110279083251953,False,40.0
2018,Clayton Thorson,Northwestern,2019,,,1,pass,-0.9751757383346558,False,41.0
2018,Clayton Thorson,Northwestern,2019,,,0,pass,-0.31722331047058105,False,46.0
2018,Clayton Thorson,Northwestern,2019,,,2,pass,-1.1135755777359009,False,46.0
2018,Clayton Thorson,Northwestern,2019,,,0,pass,-0.6067037582397461,False,48.0
2018,Clayton Thorson,Northwestern,2019,,,11,pass,1.5701484680175781,False,59.0
2018,Clayton Thorson,Northwestern,2019,,,4,pass,-0.1767268180847168,False,14.0
2018,Clayton Thorson,Northwestern,2019,,,7,pass,2.785975456237793,False,21.0
2018,Clayton Thorson,Northwestern,2019,,,0,pass,-0.7559249401092529,False,24.0
2018,Clayton Thorson,Northwestern,2019,,,9,pass,1.169205665588379,False,47.0
2018,Clayton Thorson,Northwestern,2019,,,10,pass,2.0235519409179688,False,69.0
2018,Clayton Thorson,Northwestern,2019,,,0,pass,-0.8442228436470032,False,69.0
2018,Clayton Thorson,Northwestern,2019,,,0,pass,-0.5619773268699646,False,75.0
2018,Clayton Thorson,Northwestern,2019,,,0,pass,-1.1052188873291016,False,21.0
2018,Clayton Thorson,Northwestern,2019,,,0,pass,-0.7455806732177734,False,21.0
2018,Clayton Thorson,Northwestern,2019,,,9,pass,0.7053079605102539,False,30.0
2018,Clayton Thorson,Northwestern,2019,,,12,pass,2.4005091190338135,False,91.0
2018,Clayton Thorson,Northwestern,2019,,,5,pass,-1.0697548389434814,False,47.0
2018,Clayton Thorson,Northwestern,2019,,,12,pass,0.7029173374176025,False,56.0
2018,Clayton Thorson,Northwestern,2019,,,7,pass,0.8241620063781738,False,30.0
2018,Clayton Thorson,Northwestern,2019,,,20,pass,2.2168703079223633,True,20.0
2018,Clayton Thorson,Northwestern,2019,,,0,pass,-0.8113019466400146,False,72.0
2018,Clayton Thorson,Northwestern,2019,,,-3,pass,-1.8289146423339844,False,69.0
2018,Clayton Thorson,Northwestern,2019,,,0,pass,-0.8617753982543945,False,69.0
2018,Clayton Thorson,Northwestern,2019,,,4,pass,1.3349957466125488,True,4.0
2018,Clayton Thorson,Northwestern,2019,,,52,pass,4.355399131774902,False,56.0
2018,Clayton Thorson,Northwestern,2019,,,5,pass,-3.918501377105713,False,67.0
2018,Clayton Thorson,Northwestern,2019,,,7,pass,0.11237365007400513,False,74.0
2018,Clayton Thorson,Northwestern,2019,,,0,pass,-0.44926655292510986,False,84.0
2018,Clayton Thorson,Northwestern,2019,,,0,pass,-2.01615571975708,False,3.0
2018,Clayton Thorson,Northwestern,2019,,,32,pass,2.8701562881469727,False,35.0
2018,Clayton Thorson,Northwestern,2019,,,24,pass,2.6034440994262695,False,59.0
2018,Clayton Thorson,Northwestern,2019,,,4,pass,0.2251242846250534,False,63.0
2018,Clayton Thorson,Northwestern,2019,,,-8,pass,-2.6265478134155273,False,42.0
2018,Clayton Thorson,Northwestern,2019,,,0,pass,-1.0682183504104614,False,42.0
2018,Clayton Thorson,Northwestern,2019,,,5,pass,-0.74015212059021,False,85.0
2018,Clayton Thorson,Northwestern,2019,,,5,pass,-0.4937868118286133,False,90.0
2018,Clayton Thorson,Northwestern,2019,,,-10,pass,-1.4592145681381226,False,75.0
2018,Clayton Thorson,Northwestern,2019,,,6,pass,-0.165263831615448,False,61.0
2018,Clayton Thorson,Northwestern,2019,,,3,pass,-0.6604928970336914,False,64.0
2018,Clayton Thorson,Northwestern,2019,,,0,pass,-0.6006500720977783,False,64.0
2018,Clayton Thorson,Northwestern,2019,,,7,pass,1.0830248594284058,False,71.0
2018,Clayton Thorson,Northwestern,2019,,,0,pass,-1.7918442487716675,False,75.0
2018,Clayton Thorson,Northwestern,2019,,,0,pass,-1.0323278903961182,False,75.0
2018,Clayton Thorson,Northwestern,2019,,,6,pass,0.19980305433273315,False,81.0
2018,Clayton Thorson,Northwestern,2019,,,11,pass,0.7911512851715088,False,52.0
2018,Clayton Thorson,Northwestern,2019,,,18,pass,2.521848440170288,False,70.0
2018,Clayton Thorson,Northwestern,2019,,,4,pass,-0.8602007031440735,False,75.0
2018,Clayton Thorson,Northwestern,2019,,,9,pass,-0.09296143054962158,False,82.0
2018,Clayton Thorson,Northwestern,2019,,,-10,pass,-0.8027303218841553,False,72.0
2018,Clayton Thorson,Northwestern,2019,,,-8,pass,-1.2634923458099365,False,64.0
2018,Clayton Thorson,Northwestern,2019,,,11,pass,0.8659255504608154,False,75.0
2018,Clayton Thorson,Northwestern,2019,,,0,pass,-2.797791004180908,False,46.0
2018,Clayton Thorson,Northwestern,2019,,,15,pass,1.1702697277069092,False,64.0
2018,Clayton Thorson,Northwestern,2019,,,5,pass,0.1656181812286377,False,80.0
2018,Clayton Thorson,Northwestern,2019,,,0,pass,-1.693669080734253,False,4.0
2018,Clayton Thorson,Northwestern,2019,,,15,pass,1.0130949020385742,False,47.0
2018,Clayton Thorson,Northwestern,2019,,,33,pass,2.5166842937469482,False,80.0
2018,Clayton Thorson,Northwestern,2019,,,-2,pass,-0.9531450271606445,False,80.0
2018,Clayton Thorson,Northwestern,2019,,,0,pass,-0.5645326375961304,False,75.0
2018,Clayton Thorson,Northwestern,2019,,,10,pass,-0.4770129919052124,False,65.0
2018,Clayton Thorson,Northwestern,2019,,,-4,pass,-1.439072847366333,False,61.0
2018,Clayton Thorson,Northwestern,2019,,,1,pass,-4.593271255493164,False,68.0
2018,Clayton Thorson,Northwestern,2019,,,2,pass,1.10764741897583,True,2.0
2018,Clayton Thorson,Northwestern,2019,,,17,pass,1.674830436706543,False,20.0
2018,Clayton Thorson,Northwestern,2019,,,9,pass,1.4675452709197998,False,29.0
2018,Clayton Thorson,Northwestern,2019,,,6,pass,0.23463153839111328,False,35.0
2018,Clayton Thorson,Northwestern,2019,,,0,pass,-0.6446864604949951,False,35.0
2018,Clayton Thorson,Northwestern,2019,,,5,pass,0.06268692016601562,False,60.0
2018,Clayton Thorson,Northwestern,2019,,,16,pass,2.0706775188446045,False,76.0
2018,Clayton Thorson,Northwestern,2019,,,8,pass,0.4123653769493103,False,84.0
2018,Clayton Thorson,Northwestern,2019,,,15,pass,0.7536740303039551,False,33.0
2018,Clayton Thorson,Northwestern,2019,,,17,pass,1.555483102798462,False,50.0
2018,Clayton Thorson,Northwestern,2019,,,16,pass,0.8166595101356506,False,66.0
2018,Clayton Thorson,Northwestern,2019,,,0,pass,-0.5781053304672241,False,62.0
2018,Clayton Thorson,Northwestern,2019,,,0,pass,-0.1895589828491211,False,62.0
2018,Clayton Thorson,Northwestern,2019,,,3,pass,-0.3082488775253296,False,65.0
2018,Clayton Thorson,Northwestern,2019,,,0,pass,-1.106759786605835,False,72.0
2018,Clayton Thorson,Northwestern,2019,,,0,pass,-0.44011905789375305,False,75.0
2018,Clayton Thorson,Northwestern,2019,,,0,pass,-0.7597500085830688,False,61.0
2018,Clayton Thorson,Northwestern,2019,,,0,pass,-0.51450514793396,False,61.0
2018,Clayton Thorson,Northwestern,2019,,,10,pass,0.6392332315444946,False,71.0
2018,Clayton Thorson,Northwestern,2019,,,9,pass,0.7120627760887146,False,84.0
2018,Clayton Thorson,Northwestern,2019,,,0,pass,-0.6607856154441833,False,84.0
2018,Clayton Thorson,Northwestern,2019,,,0,pass,-5.038954734802246,False,36.0
2018,Clayton Thorson,Northwestern,2019,,,15,pass,1.9720993041992188,False,84.0
2018,Clayton Thorson,Northwestern,2019,,,3,pass,-0.28055280447006226,False,87.0
2018,Clayton Thorson,Northwestern,2019,,,4,pass,-0.29254353046417236,False,91.0
2018,Clayton Thorson,Northwestern,2019,,,5,pass,-0.16810119152069092,False,70.0
2018,Clayton Thorson,Northwestern,2019,,,-6,pass,-1.7092193365097046,False,65.0
2018,Clayton Thorson,Northwestern,2019,,,9,pass,1.1477679014205933,False,75.0
2018,Clayton Thorson,Northwestern,2019,,,0,pass,-0.48590490221977234,False,75.0
