season,player_name,college,draft_year,down,distance,yards_gained,play_type,epa,scoring,yards_to_goal
2006,Colt McCoy,Texas,2010,,,14,pass,0.7016482353210449,False,50.0
2006,Colt McCoy,Texas,2010,,,29,pass,1.867121696472168,True,29.0
2006,Colt McCoy,Texas,2010,,,5,pass,-0.6669597625732422,False,52.0
2006,Colt McCoy,Texas,2010,,,5,pass,3.1416125297546387,True,5.0
2006,Colt McCoy,Texas,2010,,,0,pass,-1.083150863647461,False,5.0
2006,Colt McCoy,Texas,2010,,,0,pass,-0.657779335975647,False,45.0
2006,Colt McCoy,Texas,2010,,,7,pass,-0.5610697269439697,False,63.0
2006,Colt McCoy,Texas,2010,,,0,pass,-0.580284595489502,False,56.0
2006,Colt McCoy,Texas,2010,,,7,pass,1.0919513702392578,False,56.0
2006,Colt McCoy,Texas,2010,,,6,pass,0.22501039505004883,False,41.0
2006,Colt McCoy,Texas,2010,,,13,pass,1.2351961135864258,False,14.0
2006,Colt McCoy,Texas,2010,,,0,pass,-0.5714645385742188,False,24.0
2006,Colt McCoy,Texas,2010,,,0,pass,-0.5535459518432617,False,12.0
2006,Colt McCoy,Texas,2010,,,7,pass,-0.5616613626480103,False,75.0
2006,Colt McCoy,Texas,2010,,,9,pass,0.7472751140594482,False,69.0
2006,Colt McCoy,Texas,2010,,,60,pass,4.457989692687988,True,60.0
2006,Colt McCoy,Texas,2010,,,13,pass,-1.0361824035644531,False,75.0
2006,Colt McCoy,Texas,2010,,,-2,pass,-0.5198900699615479,False,49.0
2006,Colt McCoy,Texas,2010,,,16,pass,0.6189199686050415,False,77.0
2006,Colt McCoy,Texas,2010,,,0,pass,-0.1748073548078537,False,77.0
2006,Colt McCoy,Texas,2010,,,12,pass,0.48587557673454285,False,89.0
2006,Colt McCoy,Texas,2010,,,0,pass,-0.22016143798828125,False,89.0
2006,Colt McCoy,Texas,2010,,,5,pass,0.12823474407196045,False,94.0
2006,Colt McCoy,Texas,2010,,,0,pass,-0.9057759046554565,False,80.0
2006,Colt McCoy,Texas,2010,,,0,pass,-0.6922450065612793,False,80.0
2006,Colt McCoy,Texas,2010,,,0,pass,-1.199448823928833,False,28.0
2006,Colt McCoy,Texas,2010,,,4,pass,-0.05757737159729004,False,43.0
2006,Colt McCoy,Texas,2010,,,18,pass,1.3398009538650513,False,61.0
2006,Colt McCoy,Texas,2010,,,11,pass,0.43729281425476074,False,75.0
2006,Colt McCoy,Texas,2010,,,0,pass,-0.7594693303108215,False,70.0
2006,Colt McCoy,Texas,2010,,,9,pass,0.6470500230789185,False,85.0
2006,Colt McCoy,Texas,2010,,,-6,pass,-2.352097749710083,False,53.0
2006,Colt McCoy,Texas,2010,,,7,pass,0.4665446877479553,False,60.0
2006,Colt McCoy,Texas,2010,,,4,pass,-0.03618869185447693,False,80.0
2006,Colt McCoy,Texas,2010,,,2,pass,1.1423392295837402,True,2.0
2006,Colt McCoy,Texas,2010,,,14,pass,1.7324373722076416,False,27.0
2006,Colt McCoy,Texas,2010,,,30,pass,1.9697327613830566,False,67.0
2006,Colt McCoy,Texas,2010,,,5,pass,0.011182248592376709,False,78.0
2006,Colt McCoy,Texas,2010,,,0,pass,-1.326590657234192,False,70.0
2006,Colt McCoy,Texas,2010,,,7,pass,0.3676912486553192,False,77.0
2006,Colt McCoy,Texas,2010,,,0,pass,-0.5779895186424255,False,77.0
2006,Colt McCoy,Texas,2010,,,0,pass,-0.6055769324302673,False,80.0
2006,Colt McCoy,Texas,2010,,,5,pass,-7.819206237792969,False,7.0
2006,Colt McCoy,Texas,2010,,,0,pass,-1.1561012268066406,False,7.0
2006,Colt McCoy,Texas,2010,,,3,pass,-0.10978412628173828,False,25.0
2006,Colt McCoy,Texas,2010,,,10,pass,0.29431676864624023,False,46.0
2006,Colt McCoy,Texas,2010,,,0,pass,-1.6108354330062866,False,66.0
2006,Colt McCoy,Texas,2010,,,0,pass,-0.9088014364242554,False,66.0
2006,Colt McCoy,Texas,2010,,,2,pass,-0.7544989585876465,False,65.0
2006,Colt McCoy,Texas,2010,,,38,pass,2.326568126678467,True,38.0
2006,Colt McCoy,Texas,2010,,,0,pass,-1.230107069015503,False,50.0
2006,Colt McCoy,Texas,2010,,,7,pass,-0.30518341064453125,False,57.0
2006,Colt McCoy,Texas,2010,,,0,pass,-0.9529438018798828,False,77.0
2006,Colt McCoy,Texas,2010,,,16,pass,3.4571235179901123,True,16.0
2006,Colt McCoy,Texas,2010,,,0,pass,2.7499570846557617,False,31.0
2006,Colt McCoy,Texas,2010,,,0,pass,-0.4729797840118408,False,29.0
2006,Colt McCoy,Texas,2010,,,9,pass,0.6781353950500488,False,33.0
2006,Colt McCoy,Texas,2010,,,21,pass,0.6433343887329102,False,60.0
2006,Colt McCoy,Texas,2010,,,12,pass,2.236133575439453,False,32.0
2006,Colt McCoy,Texas,2010,,,21,pass,1.0925300121307373,False,54.0
2006,Colt McCoy,Texas,2010,,,0,pass,-1.203802227973938,False,50.0
2006,Colt McCoy,Texas,2010,,,7,pass,1.042570948600769,False,53.0
2006,Colt McCoy,Texas,2010,,,0,pass,-1.9754754304885864,False,78.0
2006,Colt McCoy,Texas,2010,,,11,pass,2.4516406059265137,True,11.0
2006,Colt McCoy,Texas,2010,,,35,pass,0.11054849624633789,False,63.0
2006,Colt McCoy,Texas,2010,,,8,pass,0.4291696548461914,False,17.0
2006,Colt McCoy,Texas,2010,,,5,pass,-0.02995443344116211,False,22.0
2006,Colt McCoy,Texas,2010,,,21,pass,1.859847068786621,False,81.0
2006,Colt McCoy,Texas,2010,,,4,pass,0.08496356010437012,False,30.0
2006,Colt McCoy,Texas,2010,,,22,pass,0.8103344440460205,False,63.0
2006,Colt McCoy,Texas,2010,,,0,pass,-0.7900985479354858,False,78.0
2006,Colt McCoy,Texas,2010,,,-3,pass,-0.7682610750198364,False,75.0
2006,Colt McCoy,Texas,2010,,,16,pass,2.529181957244873,True,16.0
2006,Colt McCoy,Texas,2010,,,4,pass,0.04744672775268555,False,42.0
2006,Colt McCoy,Texas,2010,,,0,pass,-0.9316329956054688,False,43.0
2006,Colt McCoy,Texas,2010,,,14,pass,1.0191833972930908,False,57.0
2006,Colt McCoy,Texas,2010,,,6,pass,1.411123275756836,False,68.0
2006,Colt McCoy,Texas,2010,,,6,pass,-0.1350768804550171,False,74.0
2006,Colt McCoy,Texas,2010,,,0,pass,-0.7282353639602661,False,74.0
2006,Colt McCoy,Texas,2010,,,2,pass,-1.7081276178359985,False,52.0
2006,Colt McCoy,Texas,2010,,,8,pass,0.5723869800567627,False,53.0
2006,Colt McCoy,Texas,2010,,,16,pass,1.0595488548278809,False,20.0
2006,Colt McCoy,Texas,2010,,,18,pass,1.4281244277954102,False,23.0
2006,Colt McCoy,Texas,2010,,,17,pass,1.007556676864624,False,43.0
2006,Colt McCoy,Texas,2010,,,42,pass,6.195102691650391,True,42.0
2006,Colt McCoy,Texas,2010,,,0,pass,-0.2123923897743225,False,42.0
2006,Colt McCoy,Texas,2010,,,13,pass,0.40031421184539795,False,55.0
2006,Colt McCoy,Texas,2010,,,0,pass,-0.7705448865890503,False,37.0
2006,Colt McCoy,Texas,2010,,,12,pass,0.26426172256469727,False,58.0
2006,Colt McCoy,Texas,2010,,,15,pass,0.730705201625824,False,73.0
2006,Colt McCoy,Texas,2010,,,0,pass,-0.3492594361305237,False,73.0
2006,Colt McCoy,Texas,2010,,,16,pass,1.7303404808044434,False,17.0
2006,Colt McCoy,Texas,2010,,,26,pass,1.490105152130127,False,43.0
2006,Colt McCoy,Texas,2010,,,6,pass,0.31464314460754395,False,51.0
2006,Colt McCoy,Texas,2010,,,3,pass,-0.598691463470459,False,54.0
2006,Colt McCoy,Texas,2010,,,0,pass,-0.5675039291381836,False,66.0
2006,Colt McCoy,Texas,2010,,,6,pass,1.2545804977416992,True,6.0
2006,Colt McCoy,Texas,2010,,,5,pass,0.20020294189453125,False,16.0
2006,Colt McCoy,Texas,2010,,,12,pass,1.2256054878234863,False,34.0
2006,Colt McCoy,Texas,2010,,,16,pass,0.8314774036407471,False,51.0
2006,Colt McCoy,Texas,2010,,,7,pass,0.26337289810180664,False,70.0
2006,Colt McCoy,Texas,2010,,,7,pass,2.577348232269287,True,7.0
2006,Colt McCoy,Texas,2010,,,-1,pass,-1.221883773803711,False,6.0
2006,Colt McCoy,Texas,2010,,,10,pass,1.1251424551010132,False,66.0
2006,Colt McCoy,Texas,2010,,,33,pass,3.325509548187256,True,33.0
2006,Colt McCoy,Texas,2010,,,17,pass,1.1572003364562988,False,52.0
2006,Colt McCoy,Texas,2010,,,2,pass,-0.9813870191574097,False,73.0
2006,Colt McCoy,Texas,2010,,,8,pass,0.39254868030548096,False,80.0
2006,Colt McCoy,Texas,2010,,,0,pass,-1.657454252243042,False,50.0
2006,Colt McCoy,Texas,2010,,,8,pass,-0.4510708153247833,False,70.0
2006,Colt McCoy,Texas,2010,,,0,pass,-1.0255663394927979,False,70.0
2006,Colt McCoy,Texas,2010,,,0,pass,-1.6942007541656494,False,83.0
2006,Colt McCoy,Texas,2010,,,16,pass,2.6838879585266113,False,37.0
2006,Colt McCoy,Texas,2010,,,2,pass,-0.5966356992721558,False,39.0
2006,Colt McCoy,Texas,2010,,,5,pass,0.044564247131347656,False,62.0
2006,Colt McCoy,Texas,2010,,,0,pass,-2.0238449573516846,False,49.0
2006,Colt McCoy,Texas,2010,,,0,pass,-2.5145649909973145,False,55.0
2006,Colt McCoy,Texas,2010,,,50,pass,5.071079254150391,True,50.0
2006,Colt McCoy,Texas,2010,,,2,pass,-1.6411030292510986,False,45.0
2006,Colt McCoy,Texas,2010,,,13,pass,1.188401699066162,False,85.0
2006,Colt McCoy,Texas,2010,,,62,pass,3.9771077632904053,True,62.0
2006,Colt McCoy,Texas,2010,,,0,pass,-0.6531503200531006,False,69.0
2006,Colt McCoy,Texas,2010,,,9,pass,1.0142743587493896,False,78.0
2006,Colt McCoy,Texas,2010,,,19,pass,1.687504768371582,True,19.0
2006,Colt McCoy,Texas,2010,,,19,pass,2.12966251373291,False,38.0
2006,Colt McCoy,Texas,2010,,,0,pass,-0.5967733860015869,False,42.0
2006,Colt McCoy,Texas,2010,,,2,pass,-0.469470739364624,False,53.0
2006,Colt McCoy,Texas,2010,,,21,pass,3.1093509197235107,False,74.0
2006,Colt McCoy,Texas,2010,,,-3,pass,-1.2908180952072144,False,71.0
2006,Colt McCoy,Texas,2010,,,0,pass,-1.3581739664077759,False,66.0
2006,Colt McCoy,Texas,2010,,,2,pass,1.191493034362793,True,2.0
2006,Colt McCoy,Texas,2010,,,6,pass,0.700960636138916,False,28.0
2006,Colt McCoy,Texas,2010,,,-4,pass,-1.416142225265503,False,24.0
2006,Colt McCoy,Texas,2010,,,1,pass,-0.4358820915222168,False,35.0
2006,Colt McCoy,Texas,2010,,,21,pass,1.3916816711425781,False,56.0
2006,Colt McCoy,Texas,2010,,,2,pass,-0.4982895851135254,False,58.0
2006,Colt McCoy,Texas,2010,,,18,pass,3.79191517829895,True,18.0
2006,Colt McCoy,Texas,2010,,,0,pass,-1.6007285118103027,False,3.0
2006,Colt McCoy,Texas,2010,,,5,pass,0.14951658248901367,False,33.0
2006,Colt McCoy,Texas,2010,,,24,pass,3.71150803565979,True,24.0
2006,Colt McCoy,Texas,2010,,,0,pass,-0.9204821586608887,False,29.0
2006,Colt McCoy,Texas,2010,,,0,pass,-1.1550018787384033,False,79.0
2006,Colt McCoy,Texas,2010,,,0,pass,-0.5926851630210876,False,80.0
2006,Colt McCoy,Texas,2010,,,0,pass,-1.1157453060150146,False,79.0
2006,Colt McCoy,Texas,2010,,,-2,pass,-0.882610559463501,False,77.0
2006,Colt McCoy,Texas,2010,,,9,pass,-0.09781086444854736,False,80.0
2006,Colt McCoy,Texas,2010,,,0,pass,-1.0855298042297363,False,80.0
2006,Colt McCoy,Texas,2010,,,0,pass,-1.209519863128662,False,5.0
2006,Colt McCoy,Texas,2010,,,15,pass,1.3114447593688965,False,37.0
2006,Colt McCoy,Texas,2010,,,0,pass,-0.4372246265411377,False,37.0
2006,Colt McCoy,Texas,2010,,,8,pass,0.5964202880859375,False,45.0
2006,Colt McCoy,Texas,2010,,,0,pass,-0.9534168243408203,False,67.0
2006,Colt McCoy,Texas,2010,,,0,pass,-1.1932244300842285,False,62.0
2006,Colt McCoy,Texas,2010,,,2,pass,-1.8361742496490479,False,6.0
2006,Colt McCoy,Texas,2010,,,-1,pass,-0.742487907409668,False,14.0
2006,Colt McCoy,Texas,2010,,,19,pass,1.8924765586853027,False,35.0
2006,Colt McCoy,Texas,2010,,,4,pass,-0.604967474937439,False,48.0
2006,Colt McCoy,Texas,2010,,,0,pass,-0.5432014465332031,False,48.0
2006,Colt McCoy,Texas,2010,,,16,pass,1.455640435218811,False,64.0
2006,Colt McCoy,Texas,2010,,,0,pass,-0.5852954387664795,False,64.0
2006,Colt McCoy,Texas,2010,,,12,pass,1.246475338935852,False,76.0
2006,Colt McCoy,Texas,2010,,,0,pass,-0.8937017917633057,False,14.0
2006,Colt McCoy,Texas,2010,,,9,pass,1.9008113145828247,False,65.0
2006,Colt McCoy,Texas,2010,,,0,pass,-0.6651773452758789,False,67.0
2006,Colt McCoy,Texas,2010,,,14,pass,0.7087583541870117,False,81.0
2006,Colt McCoy,Texas,2010,,,0,pass,-1.6735678911209106,False,57.0
2006,Colt McCoy,Texas,2010,,,0,pass,-0.9769480228424072,False,57.0
2006,Colt McCoy,Texas,2010,,,9,pass,1.6486830711364746,False,68.0
2006,Colt McCoy,Texas,2010,,,4,pass,0.17464303970336914,False,27.0
2006,Colt McCoy,Texas,2010,,,0,pass,-0.16733646392822266,False,27.0
2006,Colt McCoy,Texas,2010,,,0,pass,-0.27829182147979736,False,27.0
2006,Colt McCoy,Texas,2010,,,11,pass,0.726527214050293,False,38.0
2006,Colt McCoy,Texas,2010,,,0,pass,-3.3051624298095703,False,35.0
2006,Colt McCoy,Texas,2010,,,3,pass,-0.12251061201095581,False,55.0
2006,Colt McCoy,Texas,2010,,,2,pass,1.767552137374878,False,52.0
2006,Colt McCoy,Texas,2010,,,0,pass,-0.8924371600151062,False,51.0
2006,Colt McCoy,Texas,2010,,,55,pass,4.858727931976318,True,55.0
2006,Colt McCoy,Texas,2010,,,6,pass,2.946641683578491,True,6.0
2006,Colt McCoy,Texas,2010,,,0,pass,-0.9899313449859619,False,6.0
2006,Colt McCoy,Texas,2010,,,3,pass,-0.6993625164031982,False,62.0
2006,Colt McCoy,Texas,2010,,,0,pass,-0.567169189453125,False,62.0
2006,Colt McCoy,Texas,2010,,,17,pass,2.6263105869293213,False,79.0
2006,Colt McCoy,Texas,2010,,,2,pass,-0.532267689704895,False,81.0
2006,Colt McCoy,Texas,2010,,,0,pass,-1.300386905670166,False,68.0
2006,Colt McCoy,Texas,2010,,,0,pass,-1.2968943119049072,False,66.0
2006,Colt McCoy,Texas,2010,,,3,pass,-0.3649747371673584,False,69.0
2006,Colt McCoy,Texas,2010,,,7,pass,2.1822469234466553,False,76.0
2006,Colt McCoy,Texas,2010,,,1,pass,-0.5587758421897888,False,80.0
2006,Colt McCoy,Texas,2010,,,0,pass,-1.3502726554870605,False,82.0
2006,Colt McCoy,Texas,2010,,,0,pass,-0.9290271997451782,False,82.0
2006,Colt McCoy,Texas,2010,,,0,pass,-1.1953226327896118,False,59.0
2006,Colt McCoy,Texas,2010,,,28,pass,3.342069387435913,True,28.0
2006,Colt McCoy,Texas,2010,,,4,pass,-0.13548576831817627,False,63.0
2006,Colt McCoy,Texas,2010,,,0,pass,-0.9642422199249268,False,32.0
2006,Colt McCoy,Texas,2010,,,-1,pass,-1.0635902881622314,False,17.0
2006,Colt McCoy,Texas,2010,,,0,pass,-0.5584237575531006,False,40.0
2006,Colt McCoy,Texas,2010,,,18,pass,1.5807292461395264,False,75.0
2006,Colt McCoy,Texas,2010,,,2,pass,-0.6103922724723816,False,78.0
2006,Colt McCoy,Texas,2010,,,9,pass,1.431832194328308,False,70.0
2006,Colt McCoy,Texas,2010,,,10,pass,-0.08945751190185547,False,80.0
2006,Colt McCoy,Texas,2010,,,45,pass,4.731871604919434,True,45.0
2006,Colt McCoy,Texas,2010,,,29,pass,3.23885440826416,True,29.0
2006,Colt McCoy,Texas,2010,,,25,pass,2.055271863937378,False,54.0
2006,Colt McCoy,Texas,2010,,,0,pass,-0.6035287380218506,False,54.0
2006,Colt McCoy,Texas,2010,,,4,pass,-0.13941854238510132,False,76.0
2006,Colt McCoy,Texas,2010,,,16,pass,3.7623291015625,True,16.0
2006,Colt McCoy,Texas,2010,,,0,pass,-1.2639951705932617,False,16.0
2006,Colt McCoy,Texas,2010,,,3,pass,-0.38536500930786133,False,34.0
2006,Colt McCoy,Texas,2010,,,0,pass,-0.734439492225647,False,46.0
2006,Colt McCoy,Texas,2010,,,4,pass,-0.17600667476654053,False,69.0
2006,Colt McCoy,Texas,2010,,,8,pass,2.015170097351074,False,77.0
2006,Colt McCoy,Texas,2010,,,0,pass,-1.3572583198547363,False,80.0
2006,Colt McCoy,Texas,2010,,,0,pass,-1.4974247217178345,False,72.0
2006,Colt McCoy,Texas,2010,,,3,pass,-0.5286549925804138,False,80.0
2006,Colt McCoy,Texas,2010,,,9,pass,1.4793477058410645,False,39.0
2006,Colt McCoy,Texas,2010,,,6,pass,0.560232400894165,False,46.0
2006,Colt McCoy,Texas,2010,,,7,pass,0.7148491144180298,False,53.0
2006,Colt McCoy,Texas,2010,,,17,pass,1.2076729536056519,False,70.0
2006,Colt McCoy,Texas,2010,,,10,pass,0.8608241081237793,False,80.0
2006,Colt McCoy,Texas,2010,,,2,pass,-0.822401762008667,False,77.0
2006,Colt McCoy,Texas,2010,,,28,pass,3.815460443496704,False,33.0
2006,Colt McCoy,Texas,2010,,,27,pass,2.11456298828125,True,27.0
2006,Colt McCoy,Texas,2010,,,5,pass,-0.004546403884887695,False,37.0
2006,Colt McCoy,Texas,2010,,,0,pass,-1.4101618528366089,False,54.0
2006,Colt McCoy,Texas,2010,,,16,pass,2.397148370742798,False,79.0
2006,Colt McCoy,Texas,2010,,,0,pass,-1.0103790760040283,False,79.0
2006,Colt McCoy,Texas,2010,,,9,pass,-0.07480764389038086,False,11.0
2006,Colt McCoy,Texas,2010,,,40,pass,1.890915870666504,False,59.0
2006,Colt McCoy,Texas,2010,,,23,pass,2.8738789558410645,False,82.0
2006,Colt McCoy,Texas,2010,,,2,pass,-1.0779094696044922,False,79.0
2006,Colt McCoy,Texas,2010,,,51,pass,-0.6371855735778809,False,77.0
2006,Colt McCoy,Texas,2010,,,5,pass,-0.17296111583709717,False,82.0
2006,Colt McCoy,Texas,2010,,,12,pass,-4.1590962409973145,False,72.0
2006,Colt McCoy,Texas,2010,,,28,pass,2.2525343894958496,True,28.0
2006,Colt McCoy,Texas,2010,,,13,pass,1.7737927436828613,True,13.0
2006,Colt McCoy,Texas,2010,,,0,pass,-0.5719754695892334,False,23.0
2006,Colt McCoy,Texas,2010,,,15,pass,1.4807014465332031,False,38.0
2006,Colt McCoy,Texas,2010,,,9,pass,-0.004632484167814255,False,75.0
2006,Colt McCoy,Texas,2010,,,4,pass,-0.09548509120941162,False,75.0
2006,Colt McCoy,Texas,2010,,,13,pass,0.7978487014770508,False,88.0
2006,Colt McCoy,Texas,2010,,,0,pass,-2.301776170730591,False,4.0
2006,Colt McCoy,Texas,2010,,,10,pass,1.0027446746826172,False,20.0
2006,Colt McCoy,Texas,2010,,,2,pass,-0.5160336494445801,False,22.0
2006,Colt McCoy,Texas,2010,,,9,pass,0.982022762298584,False,42.0
2006,Colt McCoy,Texas,2010,,,17,pass,1.0997533798217773,False,59.0
2006,Colt McCoy,Texas,2010,,,4,pass,-0.14371156692504883,False,70.0
2006,Colt McCoy,Texas,2010,,,0,pass,-1.0408397912979126,False,76.0
2006,Colt McCoy,Texas,2010,,,7,pass,1.383223056793213,False,8.0
2006,Colt McCoy,Texas,2010,,,25,pass,1.454728126525879,False,38.0
2006,Colt McCoy,Texas,2010,,,9,pass,0.952247142791748,False,53.0
2006,Colt McCoy,Texas,2010,,,9,pass,-0.7460767030715942,False,80.0
2006,Colt McCoy,Texas,2010,,,0,pass,-0.06792653352022171,False,80.0
2006,Colt McCoy,Texas,2010,,,0,pass,-0.05495256930589676,False,80.0
2006,Colt McCoy,Texas,2010,,,-1,pass,-0.467070996761322,False,64.0
2006,Colt McCoy,Texas,2010,,,11,pass,0.9585127830505371,False,75.0
2006,Colt McCoy,Texas,2010,,,0,pass,-0.5685263872146606,False,75.0
2006,Colt McCoy,Texas,2010,,,5,pass,-0.2097899317741394,False,80.0
2006,Colt McCoy,Texas,2010,,,0,pass,-0.6617922782897949,False,55.0
2006,Colt McCoy,Texas,2010,,,14,pass,0.8025903701782227,False,38.0
2006,Colt McCoy,Texas,2010,,,0,pass,-1.7675827741622925,False,72.0
2006,Colt McCoy,Texas,2010,,,0,pass,-0.9749345779418945,False,79.0
2006,Colt McCoy,Texas,2010,,,5,pass,0.21759319305419922,False,10.0
2006,Colt McCoy,Texas,2010,,,16,pass,0.910369873046875,False,28.0
2006,Colt McCoy,Texas,2010,,,9,pass,0.019756317138671875,False,44.0
2006,Colt McCoy,Texas,2010,,,0,pass,-2.3322501182556152,False,54.0
2006,Colt McCoy,Texas,2010,,,6,pass,0.2389538288116455,False,60.0
2006,Colt McCoy,Texas,2010,,,7,pass,0.4271000623703003,False,73.0
2006,Colt McCoy,Texas,2010,,,9,pass,0.7479466199874878,False,87.0
2006,Colt McCoy,Texas,2010,,,0,pass,-0.8800559043884277,False,61.0
2006,Colt McCoy,Texas,2010,,,0,pass,-1.2145202159881592,False,61.0
2006,Colt McCoy,Texas,2010,,,11,pass,0.559924840927124,False,69.0
2006,Colt McCoy,Texas,2010,,,4,pass,1.565694808959961,False,73.0
2006,Colt McCoy,Texas,2010,,,10,pass,0.8913676738739014,False,18.0
2006,Colt McCoy,Texas,2010,,,11,pass,1.2428858280181885,False,28.0
2006,Colt McCoy,Texas,2010,,,19,pass,1.798940896987915,False,49.0
2006,Colt McCoy,Texas,2010,,,19,pass,1.092496395111084,False,69.0
2006,Colt McCoy,Texas,2010,,,7,pass,1.2023431062698364,False,76.0
2006,Colt McCoy,Texas,2010,,,3,pass,-0.8026764392852783,False,73.0
2006,Colt McCoy,Texas,2010,,,5,pass,-0.2653924822807312,False,78.0
2006,Colt McCoy,Texas,2010,,,4,pass,-0.13057541847229004,False,14.0
2006,Colt McCoy,Texas,2010,,,5,pass,-0.13815689086914062,False,19.0
2006,Colt McCoy,Texas,2010,,,5,pass,0.10373067855834961,False,29.0
2006,Colt McCoy,Texas,2010,,,8,pass,1.1234424114227295,False,64.0
2006,Colt McCoy,Texas,2010,,,4,pass,0.12652766704559326,False,68.0
2006,Colt McCoy,Texas,2010,,,4,pass,-0.18288064002990723,False,72.0
2006,Colt McCoy,Texas,2010,,,0,pass,-1.8941895961761475,False,40.0
2006,Colt McCoy,Texas,2010,,,72,pass,5.148228645324707,True,72.0
2006,Colt McCoy,Texas,2010,,,0,pass,-1.8174750804901123,False,26.0
2006,Colt McCoy,Texas,2010,,,10,pass,0.823667049407959,False,36.0
2006,Colt McCoy,Texas,2010,,,25,pass,1.7255761623382568,False,56.0
2006,Colt McCoy,Texas,2010,,,9,pass,1.002766489982605,False,65.0
2006,Colt McCoy,Texas,2010,,,4,pass,0.1723586916923523,False,69.0
2006,Colt McCoy,Texas,2010,,,5,pass,0.06672018766403198,False,74.0
2006,Colt McCoy,Texas,2010,,,20,pass,3.259643793106079,True,20.0
2006,Colt McCoy,Texas,2010,,,6,pass,0.5978572368621826,False,26.0
2006,Colt McCoy,Texas,2010,,,11,pass,1.3108116388320923,False,37.0
2006,Colt McCoy,Texas,2010,,,12,pass,1.4262182712554932,False,44.0
2006,Colt McCoy,Texas,2010,,,6,pass,0.025174379348754883,False,49.0
2006,Colt McCoy,Texas,2010,,,14,pass,1.7100214958190918,False,63.0
2006,Colt McCoy,Texas,2010,,,0,pass,-0.43812817335128784,False,63.0
2006,Colt McCoy,Texas,2010,,,0,pass,-0.4526488780975342,False,63.0
2006,Colt McCoy,Texas,2010,,,17,pass,2.0276906490325928,False,80.0
2006,Colt McCoy,Texas,2010,,,0,pass,-0.642931342124939,False,80.0
2006,Colt McCoy,Texas,2010,,,0,pass,-1.5665473937988281,False,44.0
2006,Colt McCoy,Texas,2010,,,2,pass,-0.897858202457428,False,46.0
2006,Colt McCoy,Texas,2010,,,0,pass,-0.6002024412155151,False,46.0
2006,Colt McCoy,Texas,2010,,,39,pass,3.418134927749634,False,85.0
2006,Colt McCoy,Texas,2010,,,0,pass,-0.6502946615219116,False,85.0
2006,Colt McCoy,Texas,2010,,,0,pass,-1.6259146928787231,False,65.0
2006,Colt McCoy,Texas,2010,,,0,pass,-0.720039963722229,False,70.0
2006,Colt McCoy,Texas,2010,,,0,pass,-1.6373308897018433,False,9.0
2006,Colt McCoy,Texas,2010,,,0,pass,-0.7609200477600098,False,9.0
2006,Colt McCoy,Texas,2010,,,11,pass,0.9570796489715576,False,42.0
2006,Colt McCoy,Texas,2010,,,3,pass,-1.0074025392532349,False,69.0
2006,Colt McCoy,Texas,2010,,,6,pass,0.33438700437545776,False,75.0
2007,Colt McCoy,Texas,2010,,,2,pass,-1.1492114067077637,False,39.0
2007,Colt McCoy,Texas,2010,,,0,pass,-3.605509042739868,False,45.0
2007,Colt McCoy,Texas,2010,,,8,pass,1.368389368057251,False,48.0
2007,Colt McCoy,Texas,2010,,,5,pass,-0.04564404487609863,False,53.0
2007,Colt McCoy,Texas,2010,,,12,pass,1.5841041803359985,False,66.0
2007,Colt McCoy,Texas,2010,,,0,pass,-2.1334962844848633,False,70.0
2007,Colt McCoy,Texas,2010,,,0,pass,-1.0517895221710205,False,70.0
2007,Colt McCoy,Texas,2010,,,0,pass,-0.6620872020721436,False,70.0
2007,Colt McCoy,Texas,2010,,,11,pass,1.1924216747283936,False,81.0
2007,Colt McCoy,Texas,2010,,,6,pass,1.3198542594909668,False,20.0
2007,Colt McCoy,Texas,2010,,,7,pass,0.40758180618286133,False,27.0
2007,Colt McCoy,Texas,2010,,,9,pass,1.2581377029418945,False,34.0
2007,Colt McCoy,Texas,2010,,,4,pass,-0.2520637512207031,False,40.0
2007,Colt McCoy,Texas,2010,,,18,pass,1.031355381011963,False,58.0
2007,Colt McCoy,Texas,2010,,,22,pass,2.201259136199951,False,25.0
2007,Colt McCoy,Texas,2010,,,0,pass,-0.1881915181875229,False,72.0
2007,Colt McCoy,Texas,2010,,,9,pass,2.7813284397125244,False,34.0
2007,Colt McCoy,Texas,2010,,,0,pass,-1.3640549182891846,False,34.0
2007,Colt McCoy,Texas,2010,,,5,pass,-0.08621382713317871,False,39.0
2007,Colt McCoy,Texas,2010,,,8,pass,0.7213191986083984,False,37.0
2007,Colt McCoy,Texas,2010,,,0,pass,-0.8176848888397217,False,69.0
2007,Colt McCoy,Texas,2010,,,0,pass,-1.316218376159668,False,42.0
2007,Colt McCoy,Texas,2010,,,0,pass,-0.5929019451141357,False,36.0
2007,Colt McCoy,Texas,2010,,,18,pass,0.906670331954956,False,54.0
2007,Colt McCoy,Texas,2010,,,16,pass,1.5526366233825684,True,16.0
2007,Colt McCoy,Texas,2010,,,5,pass,0.25387024879455566,False,38.0
2007,Colt McCoy,Texas,2010,,,2,pass,-0.6115365028381348,False,40.0
2007,Colt McCoy,Texas,2010,,,0,pass,-0.7255035638809204,False,67.0
2007,Colt McCoy,Texas,2010,,,35,pass,2.6113696098327637,True,35.0
2007,Colt McCoy,Texas,2010,,,7,pass,0.8969342708587646,False,42.0
2007,Colt McCoy,Texas,2010,,,5,pass,-3.2907931804656982,False,56.0
2007,Colt McCoy,Texas,2010,,,0,pass,-0.7860703468322754,False,10.0
2007,Colt McCoy,Texas,2010,,,6,pass,1.2770767211914062,False,50.0
2007,Colt McCoy,Texas,2010,,,6,pass,-0.23838114738464355,False,56.0
2007,Colt McCoy,Texas,2010,,,5,pass,0.1269090175628662,False,20.0
2007,Colt McCoy,Texas,2010,,,6,pass,0.4527556896209717,False,37.0
2007,Colt McCoy,Texas,2010,,,9,pass,0.9367973804473877,False,49.0
2007,Colt McCoy,Texas,2010,,,21,pass,2.229156255722046,False,70.0
2007,Colt McCoy,Texas,2010,,,22,pass,1.6752711534500122,False,92.0
2007,Colt McCoy,Texas,2010,,,4,pass,-0.09784650802612305,False,75.0
2007,Colt McCoy,Texas,2010,,,4,pass,0.09784650802612305,False,94.0
2007,Colt McCoy,Texas,2010,,,33,pass,5.1042680740356445,True,33.0
2007,Colt McCoy,Texas,2010,,,0,pass,-0.9749860763549805,False,33.0
2007,Colt McCoy,Texas,2010,,,7,pass,0.8615274429321289,False,39.0
2007,Colt McCoy,Texas,2010,,,21,pass,2.6183526515960693,False,64.0
2007,Colt McCoy,Texas,2010,,,0,pass,-0.33879554271698,False,70.0
2007,Colt McCoy,Texas,2010,,,8,pass,-0.07554233074188232,False,80.0
2007,Colt McCoy,Texas,2010,,,4,pass,-0.03729844093322754,False,59.0
2007,Colt McCoy,Texas,2010,,,7,pass,1.4942289590835571,False,66.0
2007,Colt McCoy,Texas,2010,,,0,pass,-0.78435218334198,False,66.0
2007,Colt McCoy,Texas,2010,,,4,pass,-0.09363949298858643,False,70.0
2007,Colt McCoy,Texas,2010,,,17,pass,2.2790844440460205,False,87.0
2007,Colt McCoy,Texas,2010,,,6,pass,0.819985568523407,False,91.0
2007,Colt McCoy,Texas,2010,,,0,pass,-1.282611608505249,False,54.0
2007,Colt McCoy,Texas,2010,,,0,pass,-0.6455440521240234,False,51.0
2007,Colt McCoy,Texas,2010,,,6,pass,0.2926621437072754,False,62.0
2007,Colt McCoy,Texas,2010,,,9,pass,0.3946404457092285,False,34.0
2007,Colt McCoy,Texas,2010,,,9,pass,-0.9119037389755249,False,43.0
2007,Colt McCoy,Texas,2010,,,0,pass,-0.5637660026550293,False,13.0
2007,Colt McCoy,Texas,2010,,,9,pass,0.9166576862335205,False,48.0
2007,Colt McCoy,Texas,2010,,,7,pass,0.13875222206115723,False,39.0
2007,Colt McCoy,Texas,2010,,,9,pass,0.7174906730651855,False,32.0
2007,Colt McCoy,Texas,2010,,,5,pass,-0.8251646757125854,False,68.0
2007,Colt McCoy,Texas,2010,,,0,pass,-0.9798588156700134,False,68.0
2007,Colt McCoy,Texas,2010,,,0,pass,-1.6336233615875244,False,76.0
2007,Colt McCoy,Texas,2010,,,0,pass,-1.1900684833526611,False,20.0
2007,Colt McCoy,Texas,2010,,,38,pass,2.1100239753723145,False,62.0
2007,Colt McCoy,Texas,2010,,,5,pass,-0.04592257738113403,False,81.0
2007,Colt McCoy,Texas,2010,,,3,pass,-0.6492915153503418,False,26.0
2007,Colt McCoy,Texas,2010,,,0,pass,-0.711085319519043,False,26.0
2007,Colt McCoy,Texas,2010,,,3,pass,-0.07904934883117676,False,30.0
2007,Colt McCoy,Texas,2010,,,6,pass,0.22514009475708008,False,36.0
2007,Colt McCoy,Texas,2010,,,9,pass,0.8668832778930664,False,50.0
2007,Colt McCoy,Texas,2010,,,18,pass,1.0303062200546265,False,68.0
2007,Colt McCoy,Texas,2010,,,0,pass,-1.786901831626892,False,59.0
2007,Colt McCoy,Texas,2010,,,6,pass,-0.07579481601715088,False,65.0
2007,Colt McCoy,Texas,2010,,,0,pass,-1.6312482357025146,False,63.0
2007,Colt McCoy,Texas,2010,,,0,pass,-1.3522086143493652,False,25.0
2007,Colt McCoy,Texas,2010,,,1,pass,-0.5659451484680176,False,26.0
2007,Colt McCoy,Texas,2010,,,8,pass,1.6154447793960571,False,70.0
2007,Colt McCoy,Texas,2010,,,5,pass,-0.22966432571411133,False,75.0
2007,Colt McCoy,Texas,2010,,,0,pass,-1.9272971153259277,False,75.0
2007,Colt McCoy,Texas,2010,,,7,pass,0.2976253032684326,False,21.0
2007,Colt McCoy,Texas,2010,,,0,pass,-0.5448825359344482,False,21.0
2007,Colt McCoy,Texas,2010,,,9,pass,1.1548680067062378,False,40.0
2007,Colt McCoy,Texas,2010,,,12,pass,0.5032305717468262,False,52.0
2007,Colt McCoy,Texas,2010,,,9,pass,0.467001736164093,False,66.0
2007,Colt McCoy,Texas,2010,,,4,pass,-0.32519757747650146,False,70.0
2007,Colt McCoy,Texas,2010,,,0,pass,-0.26062315702438354,False,70.0
2007,Colt McCoy,Texas,2010,,,0,pass,-1.7066700458526611,False,64.0
2007,Colt McCoy,Texas,2010,,,6,pass,0.1677248477935791,False,70.0
2007,Colt McCoy,Texas,2010,,,0,pass,-1.0059430599212646,False,12.0
2007,Colt McCoy,Texas,2010,,,0,pass,-0.7527163028717041,False,12.0
2007,Colt McCoy,Texas,2010,,,8,pass,0.5184450149536133,False,14.0
2007,Colt McCoy,Texas,2010,,,13,pass,0.6510467529296875,False,27.0
2007,Colt McCoy,Texas,2010,,,14,pass,0.8714349269866943,False,52.0
2007,Colt McCoy,Texas,2010,,,6,pass,1.3059453964233398,False,58.0
2007,Colt McCoy,Texas,2010,,,1,pass,-0.8184351921081543,False,59.0
2007,Colt McCoy,Texas,2010,,,0,pass,-1.195480465888977,False,61.0
2007,Colt McCoy,Texas,2010,,,0,pass,-1.4066742658615112,False,60.0
2007,Colt McCoy,Texas,2010,,,0,pass,-0.6663095951080322,False,60.0
2007,Colt McCoy,Texas,2010,,,6,pass,1.8239455223083496,True,6.0
2007,Colt McCoy,Texas,2010,,,8,pass,0.565497636795044,False,31.0
2007,Colt McCoy,Texas,2010,,,11,pass,1.7412962913513184,False,42.0
2007,Colt McCoy,Texas,2010,,,5,pass,0.12761187553405762,False,60.0
2007,Colt McCoy,Texas,2010,,,4,pass,-0.04893457889556885,False,64.0
2007,Colt McCoy,Texas,2010,,,9,pass,0.8928866386413574,False,73.0
2007,Colt McCoy,Texas,2010,,,0,pass,-1.160980224609375,False,6.0
2007,Colt McCoy,Texas,2010,,,7,pass,0.4832878112792969,False,18.0
2007,Colt McCoy,Texas,2010,,,4,pass,-0.052481651306152344,False,50.0
2007,Colt McCoy,Texas,2010,,,14,pass,2.4075491428375244,False,64.0
2007,Colt McCoy,Texas,2010,,,2,pass,-0.8177957534790039,False,66.0
2007,Colt McCoy,Texas,2010,,,22,pass,3.120535135269165,False,24.0
2007,Colt McCoy,Texas,2010,,,0,pass,-0.558438777923584,False,22.0
2007,Colt McCoy,Texas,2010,,,10,pass,1.6528606414794922,False,32.0
2007,Colt McCoy,Texas,2010,,,0,pass,-0.793668270111084,False,32.0
2007,Colt McCoy,Texas,2010,,,0,pass,-0.534977912902832,False,32.0
2007,Colt McCoy,Texas,2010,,,6,pass,0.00015211105346679688,False,54.0
2007,Colt McCoy,Texas,2010,,,24,pass,4.3685455322265625,True,24.0
2007,Colt McCoy,Texas,2010,,,19,pass,2.8253657817840576,False,24.0
2007,Colt McCoy,Texas,2010,,,0,pass,-0.2769961357116699,False,24.0
2007,Colt McCoy,Texas,2010,,,12,pass,0.27135956287384033,False,65.0
2007,Colt McCoy,Texas,2010,,,19,pass,0.8880897760391235,False,53.0
2007,Colt McCoy,Texas,2010,,,52,pass,4.710224628448486,True,52.0
2007,Colt McCoy,Texas,2010,,,10,pass,-0.33109354972839355,False,45.0
2007,Colt McCoy,Texas,2010,,,0,pass,-2.168820858001709,False,36.0
2007,Colt McCoy,Texas,2010,,,35,pass,1.5143790245056152,False,71.0
2007,Colt McCoy,Texas,2010,,,48,pass,2.667282819747925,False,50.0
2007,Colt McCoy,Texas,2010,,,0,pass,-1.6873040199279785,False,70.0
2007,Colt McCoy,Texas,2010,,,5,pass,-0.2711564302444458,False,75.0
2007,Colt McCoy,Texas,2010,,,10,pass,0.8297704458236694,False,85.0
2007,Colt McCoy,Texas,2010,,,0,pass,-0.5558693408966064,False,75.0
2007,Colt McCoy,Texas,2010,,,0,pass,-1.2346144914627075,False,27.0
2007,Colt McCoy,Texas,2010,,,0,pass,-0.8030385971069336,False,27.0
2007,Colt McCoy,Texas,2010,,,17,pass,3.4339399337768555,True,17.0
2007,Colt McCoy,Texas,2010,,,12,pass,0.25582361221313477,False,27.0
2007,Colt McCoy,Texas,2010,,,5,pass,0.0739436149597168,False,13.0
2007,Colt McCoy,Texas,2010,,,7,pass,0.5145585536956787,False,39.0
2007,Colt McCoy,Texas,2010,,,6,pass,-0.6890936493873596,False,48.0
2007,Colt McCoy,Texas,2010,,,5,pass,0.1074211597442627,False,50.0
2007,Colt McCoy,Texas,2010,,,9,pass,0.8602858781814575,False,67.0
2007,Colt McCoy,Texas,2010,,,0,pass,-0.5983405709266663,False,80.0
2007,Colt McCoy,Texas,2010,,,1,pass,-1.8675026893615723,False,46.0
2007,Colt McCoy,Texas,2010,,,0,pass,-1.5483226776123047,False,46.0
2007,Colt McCoy,Texas,2010,,,0,pass,-0.9080828428268433,False,46.0
2007,Colt McCoy,Texas,2010,,,3,pass,-0.988074779510498,False,62.0
2007,Colt McCoy,Texas,2010,,,0,pass,-0.5466724038124084,False,62.0
2007,Colt McCoy,Texas,2010,,,9,pass,1.2509349584579468,False,71.0
2007,Colt McCoy,Texas,2010,,,6,pass,0.08116313815116882,False,77.0
2007,Colt McCoy,Texas,2010,,,0,pass,-1.475250244140625,False,52.0
2007,Colt McCoy,Texas,2010,,,0,pass,-0.5750035047531128,False,57.0
2007,Colt McCoy,Texas,2010,,,29,pass,4.08887243270874,False,35.0
2007,Colt McCoy,Texas,2010,,,0,pass,-1.0911612510681152,False,35.0
2007,Colt McCoy,Texas,2010,,,0,pass,-1.686484932899475,False,31.0
2007,Colt McCoy,Texas,2010,,,0,pass,-0.7197756767272949,False,48.0
2007,Colt McCoy,Texas,2010,,,32,pass,3.9356906414031982,False,80.0
2007,Colt McCoy,Texas,2010,,,0,pass,-0.7577913999557495,False,80.0
2007,Colt McCoy,Texas,2010,,,26,pass,3.3499677181243896,True,26.0
2007,Colt McCoy,Texas,2010,,,13,pass,1.7274450063705444,False,52.0
2007,Colt McCoy,Texas,2010,,,0,pass,-0.5164438486099243,False,52.0
2007,Colt McCoy,Texas,2010,,,0,pass,-0.4330761432647705,False,52.0
2007,Colt McCoy,Texas,2010,,,16,pass,1.4346623420715332,False,68.0
2007,Colt McCoy,Texas,2010,,,0,pass,-0.6039142608642578,False,68.0
2007,Colt McCoy,Texas,2010,,,16,pass,0.8704862594604492,False,84.0
2007,Colt McCoy,Texas,2010,,,3,pass,-0.42398810386657715,False,60.0
2007,Colt McCoy,Texas,2010,,,0,pass,-0.6859334707260132,False,60.0
2007,Colt McCoy,Texas,2010,,,5,pass,0.04878044128417969,False,73.0
2007,Colt McCoy,Texas,2010,,,0,pass,-1.6367504596710205,False,58.0
2007,Colt McCoy,Texas,2010,,,0,pass,-0.53499436378479,False,63.0
2007,Colt McCoy,Texas,2010,,,1,pass,-0.619147777557373,False,49.0
2007,Colt McCoy,Texas,2010,,,8,pass,1.9337410926818848,False,10.0
2007,Colt McCoy,Texas,2010,,,9,pass,1.108572244644165,False,30.0
2007,Colt McCoy,Texas,2010,,,11,pass,0.7992732524871826,False,62.0
2007,Colt McCoy,Texas,2010,,,7,pass,0.5820525884628296,False,51.0
2007,Colt McCoy,Texas,2010,,,5,pass,0.08324359357357025,False,67.0
2007,Colt McCoy,Texas,2010,,,17,pass,0.5575748682022095,False,79.0
2007,Colt McCoy,Texas,2010,,,0,pass,-2.4455177783966064,False,76.0
2007,Colt McCoy,Texas,2010,,,8,pass,-0.4468044638633728,False,84.0
2007,Colt McCoy,Texas,2010,,,0,pass,-0.4100082218647003,False,80.0
2007,Colt McCoy,Texas,2010,,,0,pass,-0.9000201225280762,False,80.0
2007,Colt McCoy,Texas,2010,,,0,pass,-1.322434902191162,False,52.0
2007,Colt McCoy,Texas,2010,,,0,pass,-1.0082517862319946,False,51.0
2007,Colt McCoy,Texas,2010,,,14,pass,1.615067958831787,False,76.0
2007,Colt McCoy,Texas,2010,,,15,pass,0.896716833114624,False,59.0
2007,Colt McCoy,Texas,2010,,,29,pass,2.6992993354797363,False,35.0
2007,Colt McCoy,Texas,2010,,,9,pass,0.9630746841430664,False,44.0
2007,Colt McCoy,Texas,2010,,,3,pass,-0.3349802494049072,False,54.0
2007,Colt McCoy,Texas,2010,,,16,pass,1.1199623346328735,False,70.0
2007,Colt McCoy,Texas,2010,,,26,pass,1.6132001876831055,False,45.0
2007,Colt McCoy,Texas,2010,,,14,pass,0.9363203048706055,False,72.0
2007,Colt McCoy,Texas,2010,,,0,pass,-0.6628140211105347,False,58.0
2007,Colt McCoy,Texas,2010,,,7,pass,-1.4305353164672852,False,52.0
2007,Colt McCoy,Texas,2010,,,0,pass,-1.0746164321899414,False,67.0
2007,Colt McCoy,Texas,2010,,,2,pass,-0.39854156970977783,False,59.0
2007,Colt McCoy,Texas,2010,,,22,pass,3.1807076930999756,True,22.0
2007,Colt McCoy,Texas,2010,,,58,pass,3.8144659996032715,False,85.0
2007,Colt McCoy,Texas,2010,,,6,pass,1.2544221878051758,True,6.0
2007,Colt McCoy,Texas,2010,,,55,pass,3.28932785987854,False,61.0
2007,Colt McCoy,Texas,2010,,,11,pass,1.0248699188232422,False,65.0
2007,Colt McCoy,Texas,2010,,,0,pass,-1.9466664791107178,False,47.0
2007,Colt McCoy,Texas,2010,,,0,pass,-0.6642782688140869,False,46.0
2007,Colt McCoy,Texas,2010,,,5,pass,1.1976356506347656,False,65.0
2007,Colt McCoy,Texas,2010,,,7,pass,-0.2952648401260376,False,81.0
2007,Colt McCoy,Texas,2010,,,0,pass,-1.0613590478897095,False,81.0
2007,Colt McCoy,Texas,2010,,,10,pass,0.5652947425842285,False,70.0
2007,Colt McCoy,Texas,2010,,,6,pass,-0.016976118087768555,False,76.0
2007,Colt McCoy,Texas,2010,,,0,pass,-1.0308419466018677,False,67.0
2007,Colt McCoy,Texas,2010,,,0,pass,-0.8684194087982178,False,67.0
2007,Colt McCoy,Texas,2010,,,8,pass,0.0051882266998291016,False,70.0
2007,Colt McCoy,Texas,2010,,,20,pass,2.4948525428771973,True,20.0
2007,Colt McCoy,Texas,2010,,,0,pass,-1.2172918319702148,False,15.0
2007,Colt McCoy,Texas,2010,,,7,pass,1.1660516262054443,False,44.0
2007,Colt McCoy,Texas,2010,,,7,pass,0.23230838775634766,False,26.0
2007,Colt McCoy,Texas,2010,,,0,pass,-0.5032272338867188,False,50.0
2007,Colt McCoy,Texas,2010,,,6,pass,-0.18207979202270508,False,50.0
2007,Colt McCoy,Texas,2010,,,20,pass,0.5697753429412842,False,70.0
2007,Colt McCoy,Texas,2010,,,5,pass,1.6053142547607422,True,5.0
2007,Colt McCoy,Texas,2010,,,7,pass,0.5088803768157959,False,27.0
2007,Colt McCoy,Texas,2010,,,3,pass,-0.6764727234840393,False,50.0
2007,Colt McCoy,Texas,2010,,,14,pass,1.71068274974823,False,47.0
2007,Colt McCoy,Texas,2010,,,0,pass,-0.33708012104034424,False,50.0
2007,Colt McCoy,Texas,2010,,,9,pass,-0.16643643379211426,False,61.0
2007,Colt McCoy,Texas,2010,,,0,pass,-0.42934274673461914,False,61.0
2007,Colt McCoy,Texas,2010,,,6,pass,0.2486128807067871,False,33.0
2007,Colt McCoy,Texas,2010,,,13,pass,0.6562573909759521,False,46.0
2007,Colt McCoy,Texas,2010,,,19,pass,1.0209259986877441,False,65.0
2007,Colt McCoy,Texas,2010,,,6,pass,2.4794259071350098,True,6.0
2007,Colt McCoy,Texas,2010,,,7,pass,0.3050203323364258,False,18.0
2007,Colt McCoy,Texas,2010,,,30,pass,2.469677686691284,False,85.0
2007,Colt McCoy,Texas,2010,,,6,pass,0.1492776870727539,False,55.0
2007,Colt McCoy,Texas,2010,,,11,pass,0.6864356994628906,False,49.0
2007,Colt McCoy,Texas,2010,,,20,pass,1.054464340209961,False,38.0
2007,Colt McCoy,Texas,2010,,,0,pass,-0.5973280668258667,False,80.0
2007,Colt McCoy,Texas,2010,,,58,pass,3.8002877235412598,True,58.0
2007,Colt McCoy,Texas,2010,,,31,pass,2.6583619117736816,False,35.0
2007,Colt McCoy,Texas,2010,,,4,pass,-0.1922309398651123,False,43.0
2007,Colt McCoy,Texas,2010,,,3,pass,-1.2886054515838623,False,75.0
2007,Colt McCoy,Texas,2010,,,0,pass,-1.7270748615264893,False,38.0
2007,Colt McCoy,Texas,2010,,,0,pass,-0.5566451549530029,False,33.0
2007,Colt McCoy,Texas,2010,,,31,pass,1.5996243953704834,False,64.0
2007,Colt McCoy,Texas,2010,,,11,pass,1.8643126487731934,False,14.0
2007,Colt McCoy,Texas,2010,,,6,pass,0.30489110946655273,False,21.0
2007,Colt McCoy,Texas,2010,,,14,pass,1.8198087215423584,False,35.0
2007,Colt McCoy,Texas,2010,,,14,pass,0.8298740386962891,False,60.0
2007,Colt McCoy,Texas,2010,,,15,pass,0.2666926383972168,False,83.0
2007,Colt McCoy,Texas,2010,,,0,pass,-2.344336748123169,False,35.0
2007,Colt McCoy,Texas,2010,,,6,pass,-0.13102030754089355,False,49.0
2007,Colt McCoy,Texas,2010,,,9,pass,1.6897046566009521,False,44.0
2007,Colt McCoy,Texas,2010,,,0,pass,-0.7141168117523193,False,48.0
2007,Colt McCoy,Texas,2010,,,11,pass,0.3741544485092163,False,40.0
2007,Colt McCoy,Texas,2010,,,8,pass,0.402967631816864,False,48.0
2007,Colt McCoy,Texas,2010,,,17,pass,0.2429777979850769,False,65.0
2007,Colt McCoy,Texas,2010,,,5,pass,-0.14185351133346558,False,70.0
2007,Colt McCoy,Texas,2010,,,12,pass,0.8764746189117432,False,52.0
2007,Colt McCoy,Texas,2010,,,0,pass,-3.2965245246887207,False,1.0
2007,Colt McCoy,Texas,2010,,,8,pass,0.7238941192626953,False,36.0
2007,Colt McCoy,Texas,2010,,,4,pass,-0.08502817153930664,False,50.0
2007,Colt McCoy,Texas,2010,,,0,pass,-2.034385919570923,False,49.0
2007,Colt McCoy,Texas,2010,,,5,pass,-0.2919267416000366,False,54.0
2007,Colt McCoy,Texas,2010,,,0,pass,-0.5963678359985352,False,54.0
2007,Colt McCoy,Texas,2010,,,7,pass,0.5523736476898193,False,67.0
2007,Colt McCoy,Texas,2010,,,6,pass,0.021587133407592773,False,33.0
2007,Colt McCoy,Texas,2010,,,0,pass,-3.0450387001037598,False,27.0
2007,Colt McCoy,Texas,2010,,,0,pass,-1.6929670572280884,False,27.0
2007,Colt McCoy,Texas,2010,,,0,pass,-0.6203799247741699,False,33.0
2007,Colt McCoy,Texas,2010,,,11,pass,-1.741716980934143,False,68.0
2007,Colt McCoy,Texas,2010,,,13,pass,2.1241464614868164,False,60.0
2007,Colt McCoy,Texas,2010,,,31,pass,2.1918296813964844,False,65.0
2007,Colt McCoy,Texas,2010,,,0,pass,-0.6767213344573975,False,44.0
2007,Colt McCoy,Texas,2010,,,0,pass,-2.182816982269287,False,53.0
2007,Colt McCoy,Texas,2010,,,10,pass,2.2743921279907227,False,70.0
2007,Colt McCoy,Texas,2010,,,12,pass,0.2309686243534088,False,66.0
2007,Colt McCoy,Texas,2010,,,0,pass,-0.11782608926296234,False,70.0
2007,Colt McCoy,Texas,2010,,,0,pass,-0.8936011791229248,False,17.0
2007,Colt McCoy,Texas,2010,,,0,pass,-0.4834878444671631,False,42.0
2007,Colt McCoy,Texas,2010,,,36,pass,3.1151885986328125,False,78.0
2007,Colt McCoy,Texas,2010,,,0,pass,-0.4321751594543457,False,32.0
2007,Colt McCoy,Texas,2010,,,11,pass,1.4906549453735352,False,31.0
2007,Colt McCoy,Texas,2010,,,0,pass,-1.0102109909057617,False,83.0
2007,Colt McCoy,Texas,2010,,,4,pass,-0.21418499946594238,False,25.0
2007,Colt McCoy,Texas,2010,,,0,pass,-1.3084990978240967,False,21.0
2007,Colt McCoy,Texas,2010,,,0,pass,-0.5681002140045166,False,25.0
2007,Colt McCoy,Texas,2010,,,14,pass,0.8847434520721436,False,51.0
2007,Colt McCoy,Texas,2010,,,5,pass,0.17620325088500977,False,30.0
2007,Colt McCoy,Texas,2010,,,30,pass,1.9634499549865723,False,81.0
2007,Colt McCoy,Texas,2010,,,0,pass,-1.8358571529388428,False,56.0
2007,Colt McCoy,Texas,2010,,,4,pass,-1.2499823570251465,False,56.0
2007,Colt McCoy,Texas,2010,,,11,pass,0.9052209854125977,False,71.0
2007,Colt McCoy,Texas,2010,,,0,pass,-1.9540296792984009,False,56.0
2007,Colt McCoy,Texas,2010,,,0,pass,-0.4180750846862793,False,36.0
2007,Colt McCoy,Texas,2010,,,31,pass,1.7231683731079102,False,71.0
2007,Colt McCoy,Texas,2010,,,0,pass,-0.4446963667869568,False,68.0
2007,Colt McCoy,Texas,2010,,,8,pass,0.3692748546600342,False,80.0
2007,Colt McCoy,Texas,2010,,,60,pass,4.526790142059326,False,61.0
2007,Colt McCoy,Texas,2010,,,15,pass,1.441046953201294,False,96.0
2007,Colt McCoy,Texas,2010,,,3,pass,-0.19818902015686035,False,99.0
2007,Colt McCoy,Texas,2010,,,9,pass,0.5237250328063965,False,27.0
2007,Colt McCoy,Texas,2010,,,8,pass,0.9481713771820068,False,37.0
2007,Colt McCoy,Texas,2010,,,12,pass,1.1292107105255127,False,59.0
2007,Colt McCoy,Texas,2010,,,0,pass,-2.5106804370880127,False,47.0
2007,Colt McCoy,Texas,2010,,,3,pass,-0.5621242523193359,False,99.0
2007,Colt McCoy,Texas,2010,,,0,pass,-2.833651065826416,False,44.0
2007,Colt McCoy,Texas,2010,,,0,pass,-0.7524269819259644,False,47.0
2007,Colt McCoy,Texas,2010,,,16,pass,1.3668553829193115,False,78.0
2007,Colt McCoy,Texas,2010,,,21,pass,-1.2794150114059448,False,54.0
2007,Colt McCoy,Texas,2010,,,10,pass,0.7505103945732117,False,78.0
2007,Colt McCoy,Texas,2010,,,0,pass,-1.3250318765640259,False,72.0
2007,Colt McCoy,Texas,2010,,,20,pass,3.6687071323394775,True,20.0
2007,Colt McCoy,Texas,2010,,,15,pass,2.5453972816467285,False,61.0
2007,Colt McCoy,Texas,2010,,,0,pass,-0.6608061194419861,False,63.0
2007,Colt McCoy,Texas,2010,,,14,pass,2.0506391525268555,False,44.0
2007,Colt McCoy,Texas,2010,,,4,pass,-0.8146984577178955,False,84.0
2007,Colt McCoy,Texas,2010,,,13,pass,0.7917477488517761,False,87.0
2007,Colt McCoy,Texas,2010,,,10,pass,2.275782823562622,False,65.0
2007,Colt McCoy,Texas,2010,,,1,pass,-0.766635537147522,False,68.0
2007,Colt McCoy,Texas,2010,,,10,pass,2.602362871170044,False,78.0
2007,Colt McCoy,Texas,2010,,,0,pass,-0.8986532688140869,False,78.0
2007,Colt McCoy,Texas,2010,,,14,pass,4.8668413162231445,True,14.0
2007,Colt McCoy,Texas,2010,,,34,pass,4.602387428283691,True,34.0
2007,Colt McCoy,Texas,2010,,,16,pass,2.254330635070801,False,35.0
2007,Colt McCoy,Texas,2010,,,0,pass,-0.650792121887207,False,38.0
2007,Colt McCoy,Texas,2010,,,22,pass,2.077277660369873,False,60.0
2007,Colt McCoy,Texas,2010,,,7,pass,0.7375824451446533,False,66.0
2007,Colt McCoy,Texas,2010,,,0,pass,-1.8428764343261719,False,8.0
2007,Colt McCoy,Texas,2010,,,0,pass,-1.146012544631958,False,8.0
2007,Colt McCoy,Texas,2010,,,11,pass,1.3961639404296875,False,27.0
2007,Colt McCoy,Texas,2010,,,6,pass,0.22410297393798828,False,39.0
2007,Colt McCoy,Texas,2010,,,7,pass,1.039987325668335,False,46.0
2007,Colt McCoy,Texas,2010,,,19,pass,2.3125033378601074,False,73.0
2007,Colt McCoy,Texas,2010,,,20,pass,3.0945093631744385,True,20.0
2007,Colt McCoy,Texas,2010,,,0,pass,-0.5791478157043457,False,23.0
2007,Colt McCoy,Texas,2010,,,14,pass,0.7531037330627441,False,51.0
2007,Colt McCoy,Texas,2010,,,0,pass,-1.2868051528930664,False,70.0
2007,Colt McCoy,Texas,2010,,,8,pass,1.6864476203918457,False,80.0
2007,Colt McCoy,Texas,2010,,,0,pass,-0.18072259426116943,False,28.0
2007,Colt McCoy,Texas,2010,,,11,pass,0.37861180305480957,False,39.0
2007,Colt McCoy,Texas,2010,,,11,pass,0.05367463827133179,False,54.0
2007,Colt McCoy,Texas,2010,,,18,pass,0.4677155613899231,False,72.0
2007,Colt McCoy,Texas,2010,,,0,pass,-1.8998727798461914,False,66.0
2007,Colt McCoy,Texas,2010,,,0,pass,-0.5450317859649658,False,32.0
2007,Colt McCoy,Texas,2010,,,6,pass,2.2246813774108887,False,7.0
2007,Colt McCoy,Texas,2010,,,11,pass,2.194227695465088,False,37.0
2007,Colt McCoy,Texas,2010,,,0,pass,-1.0237720012664795,False,37.0
2007,Colt McCoy,Texas,2010,,,6,pass,0.549262523651123,False,59.0
2007,Colt McCoy,Texas,2010,,,18,pass,1.723766803741455,True,18.0
2007,Colt McCoy,Texas,2010,,,9,pass,0.941735029220581,False,74.0
2007,Colt McCoy,Texas,2010,,,6,pass,0.2239818572998047,False,21.0
2007,Colt McCoy,Texas,2010,,,12,pass,1.3022856712341309,False,15.0
2007,Colt McCoy,Texas,2010,,,2,pass,-0.46388673782348633,False,32.0
2007,Colt McCoy,Texas,2010,,,0,pass,-0.5161552429199219,False,32.0
2007,Colt McCoy,Texas,2010,,,0,pass,-1.3751089572906494,False,58.0
2007,Colt McCoy,Texas,2010,,,0,pass,-0.5863402485847473,False,58.0
2007,Colt McCoy,Texas,2010,,,28,pass,3.40578293800354,True,28.0
2007,Colt McCoy,Texas,2010,,,5,pass,2.856455087661743,False,33.0
2007,Colt McCoy,Texas,2010,,,25,pass,1.8294062614440918,False,63.0
2007,Colt McCoy,Texas,2010,,,12,pass,1.8824418783187866,False,75.0
2007,Colt McCoy,Texas,2010,,,0,pass,-5.47968864440918,False,54.0
2007,Colt McCoy,Texas,2010,,,13,pass,0.9933273792266846,False,67.0
2007,Colt McCoy,Texas,2010,,,0,pass,-1.3380122184753418,False,64.0
2007,Colt McCoy,Texas,2010,,,0,pass,-5.6108479499816895,False,51.0
2007,Colt McCoy,Texas,2010,,,5,pass,0.18872880935668945,False,56.0
2007,Colt McCoy,Texas,2010,,,12,pass,1.7340008020401,False,64.0
2007,Colt McCoy,Texas,2010,,,7,pass,0.9599289894104004,False,71.0
2007,Colt McCoy,Texas,2010,,,0,pass,0.15725597739219666,False,71.0
2007,Colt McCoy,Texas,2010,,,62,pass,3.4932775497436523,False,80.0
2007,Colt McCoy,Texas,2010,,,0,pass,-1.8152203559875488,False,44.0
2007,Colt McCoy,Texas,2010,,,5,pass,0.07625126838684082,False,60.0
2007,Colt McCoy,Texas,2010,,,15,pass,1.2998157739639282,False,75.0
2007,Colt McCoy,Texas,2010,,,0,pass,-1.6134084463119507,False,63.0
2007,Colt McCoy,Texas,2010,,,10,pass,0.9485430717468262,False,73.0
2007,Colt McCoy,Texas,2010,,,0,pass,-2.215644598007202,False,36.0
2007,Colt McCoy,Texas,2010,,,0,pass,-1.808423399925232,False,52.0
2007,Colt McCoy,Texas,2010,,,6,pass,0.5895436406135559,False,66.0
2007,Colt McCoy,Texas,2010,,,4,pass,1.4989558458328247,False,73.0
2007,Colt McCoy,Texas,2010,,,0,pass,-0.610943078994751,False,80.0
2007,Colt McCoy,Texas,2010,,,0,pass,-2.323141574859619,False,34.0
2007,Colt McCoy,Texas,2010,,,6,pass,-0.5990209579467773,False,40.0
2007,Colt McCoy,Texas,2010,,,10,pass,1.9287680387496948,False,48.0
2007,Colt McCoy,Texas,2010,,,0,pass,-2.9712119102478027,False,4.0
2007,Colt McCoy,Texas,2010,,,5,pass,0.727236270904541,False,15.0
2007,Colt McCoy,Texas,2010,,,6,pass,0.17906427383422852,False,21.0
2007,Colt McCoy,Texas,2010,,,1,pass,-0.5575790405273438,False,22.0
2007,Colt McCoy,Texas,2010,,,10,pass,1.128213882446289,False,78.0
2007,Colt McCoy,Texas,2010,,,3,pass,-1.233195424079895,False,61.0
2007,Colt McCoy,Texas,2010,,,0,pass,-0.5737974643707275,False,66.0
2007,Colt McCoy,Texas,2010,,,18,pass,3.199627637863159,False,96.0
2007,Colt McCoy,Texas,2010,,,0,pass,-1.9507168531417847,False,76.0
2007,Colt McCoy,Texas,2010,,,3,pass,-1.0056712627410889,False,79.0
2007,Colt McCoy,Texas,2010,,,5,pass,-0.08261947333812714,False,61.0
2007,Colt McCoy,Texas,2010,,,0,pass,-0.953548789024353,False,81.0
2007,Colt McCoy,Texas,2010,,,0,pass,-0.5239675641059875,False,76.0
2007,Colt McCoy,Texas,2010,,,0,pass,-0.8815813064575195,False,28.0
2007,Colt McCoy,Texas,2010,,,15,pass,0.8386240005493164,False,57.0
2007,Colt McCoy,Texas,2010,,,-5,pass,-1.3751020431518555,False,90.0
2007,Colt McCoy,Texas,2010,,,2,pass,-0.9192726612091064,False,92.0
2007,Colt McCoy,Texas,2010,,,55,pass,1.8780348300933838,False,70.0
2007,Colt McCoy,Texas,2010,,,0,pass,-0.5893121957778931,False,77.0
2007,Colt McCoy,Texas,2010,,,15,pass,1.8392975330352783,False,92.0
2007,Colt McCoy,Texas,2010,,,0,pass,-1.3142058849334717,False,78.0
2007,Colt McCoy,Texas,2010,,,1,pass,-0.5450811386108398,False,79.0
2007,Colt McCoy,Texas,2010,,,2,pass,1.33189058303833,True,2.0
2007,Colt McCoy,Texas,2010,,,9,pass,0.9185733795166016,False,11.0
2007,Colt McCoy,Texas,2010,,,0,pass,-0.6157584190368652,False,11.0
2007,Colt McCoy,Texas,2010,,,6,pass,-0.1596527099609375,False,17.0
2007,Colt McCoy,Texas,2010,,,9,pass,0.4776177406311035,False,26.0
2007,Colt McCoy,Texas,2010,,,-2,pass,-3.0168867111206055,False,49.0
2008,Colt McCoy,Texas,2010,,,14,pass,0.5993466377258301,False,35.0
2008,Colt McCoy,Texas,2010,,,6,pass,0.001102447509765625,False,46.0
2008,Colt McCoy,Texas,2010,,,0,pass,-1.0609776973724365,False,80.0
2008,Colt McCoy,Texas,2010,,,5,pass,2.142050266265869,True,5.0
2008,Colt McCoy,Texas,2010,,,5,pass,-0.5877923965454102,False,13.0
2008,Colt McCoy,Texas,2010,,,0,pass,-1.3652430772781372,False,46.0
2008,Colt McCoy,Texas,2010,,,-1,pass,-1.340477466583252,False,45.0
2008,Colt McCoy,Texas,2010,,,0,pass,-0.5215978622436523,False,45.0
2008,Colt McCoy,Texas,2010,,,31,pass,0.6840596199035645,False,42.0
2008,Colt McCoy,Texas,2010,,,2,pass,-0.08942130208015442,False,74.0
2008,Colt McCoy,Texas,2010,,,5,pass,-0.09806948900222778,False,79.0
2008,Colt McCoy,Texas,2010,,,3,pass,-0.22901320457458496,False,14.0
2008,Colt McCoy,Texas,2010,,,6,pass,-0.19172072410583496,False,20.0
2008,Colt McCoy,Texas,2010,,,7,pass,-0.24135994911193848,False,21.0
2008,Colt McCoy,Texas,2010,,,0,pass,-0.5354790687561035,False,22.0
2008,Colt McCoy,Texas,2010,,,30,pass,1.619480848312378,False,52.0
2008,Colt McCoy,Texas,2010,,,9,pass,2.925971269607544,True,9.0
2008,Colt McCoy,Texas,2010,,,2,pass,-1.3184747695922852,False,7.0
2008,Colt McCoy,Texas,2010,,,13,pass,1.2557706832885742,False,52.0
2008,Colt McCoy,Texas,2010,,,4,pass,0.9459075927734375,False,56.0
2008,Colt McCoy,Texas,2010,,,17,pass,0.9237991571426392,False,80.0
2008,Colt McCoy,Texas,2010,,,2,pass,0.4621849060058594,True,2.0
2008,Colt McCoy,Texas,2010,,,5,pass,0.02927255630493164,False,39.0
2008,Colt McCoy,Texas,2010,,,21,pass,1.0505053997039795,False,60.0
2008,Colt McCoy,Texas,2010,,,14,pass,0.9397275447845459,False,74.0
2008,Colt McCoy,Texas,2010,,,6,pass,0.2111293077468872,False,80.0
2008,Colt McCoy,Texas,2010,,,7,pass,0.2883918285369873,False,43.0
2008,Colt McCoy,Texas,2010,,,8,pass,0.713433027267456,False,51.0
2008,Colt McCoy,Texas,2010,,,15,pass,2.387360095977783,True,15.0
2008,Colt McCoy,Texas,2010,,,4,pass,-0.2773168087005615,False,37.0
2008,Colt McCoy,Texas,2010,,,0,pass,-0.6112103462219238,False,37.0
2008,Colt McCoy,Texas,2010,,,12,pass,0.3868551254272461,False,49.0
2008,Colt McCoy,Texas,2010,,,0,pass,-0.5493316650390625,False,64.0
2008,Colt McCoy,Texas,2010,,,16,pass,1.3769346475601196,False,80.0
2008,Colt McCoy,Texas,2010,,,0,pass,-1.9762619733810425,False,64.0
2008,Colt McCoy,Texas,2010,,,0,pass,-0.8388433456420898,False,14.0
2008,Colt McCoy,Texas,2010,,,39,pass,2.37217116355896,False,70.0
2008,Colt McCoy,Texas,2010,,,0,pass,-0.662677526473999,False,70.0
2008,Colt McCoy,Texas,2010,,,7,pass,-2.395688772201538,False,84.0
2008,Colt McCoy,Texas,2010,,,15,pass,3.034801483154297,False,80.0
2008,Colt McCoy,Texas,2010,,,22,pass,3.133946418762207,True,22.0
2008,Colt McCoy,Texas,2010,,,4,pass,-0.31464457511901855,False,47.0
2008,Colt McCoy,Texas,2010,,,39,pass,2.7281932830810547,False,86.0
2008,Colt McCoy,Texas,2010,,,0,pass,-0.7091895341873169,False,86.0
2008,Colt McCoy,Texas,2010,,,12,pass,2.4240293502807617,True,12.0
2008,Colt McCoy,Texas,2010,,,6,pass,0.10883140563964844,False,32.0
2008,Colt McCoy,Texas,2010,,,8,pass,0.6696867942810059,False,40.0
2008,Colt McCoy,Texas,2010,,,18,pass,1.1705753803253174,False,58.0
2008,Colt McCoy,Texas,2010,,,16,pass,1.8412418365478516,True,16.0
2008,Colt McCoy,Texas,2010,,,7,pass,0.5056147575378418,False,23.0
2008,Colt McCoy,Texas,2010,,,8,pass,0.6734447479248047,False,35.0
2008,Colt McCoy,Texas,2010,,,31,pass,2.5344557762145996,False,66.0
2008,Colt McCoy,Texas,2010,,,6,pass,0.30165255069732666,False,75.0
2008,Colt McCoy,Texas,2010,,,0,pass,-0.9129410982131958,False,81.0
2008,Colt McCoy,Texas,2010,,,-1,pass,-1.1592028141021729,False,80.0
2008,Colt McCoy,Texas,2010,,,46,pass,2.987154722213745,True,46.0
2008,Colt McCoy,Texas,2010,,,5,pass,0.6902546882629395,True,5.0
2008,Colt McCoy,Texas,2010,,,0,pass,-1.1833431720733643,False,30.0
2008,Colt McCoy,Texas,2010,,,7,pass,1.349513292312622,False,72.0
2008,Colt McCoy,Texas,2010,,,2,pass,-3.2968714237213135,False,79.0
2008,Colt McCoy,Texas,2010,,,3,pass,-0.536603569984436,False,26.0
2008,Colt McCoy,Texas,2010,,,0,pass,-0.4842942953109741,False,26.0
2008,Colt McCoy,Texas,2010,,,30,pass,1.4921575784683228,False,60.0
2008,Colt McCoy,Texas,2010,,,0,pass,-0.09355270862579346,False,60.0
2008,Colt McCoy,Texas,2010,,,5,pass,0.2645226716995239,False,65.0
2008,Colt McCoy,Texas,2010,,,12,pass,0.24582728743553162,False,77.0
2008,Colt McCoy,Texas,2010,,,0,pass,-0.5975842475891113,False,73.0
2008,Colt McCoy,Texas,2010,,,5,pass,-0.19038987159729004,False,85.0
2008,Colt McCoy,Texas,2010,,,60,pass,4.267208099365234,True,60.0
2008,Colt McCoy,Texas,2010,,,30,pass,2.327432632446289,True,30.0
2008,Colt McCoy,Texas,2010,,,7,pass,0.7490205764770508,False,52.0
2008,Colt McCoy,Texas,2010,,,11,pass,0.11961627006530762,False,69.0
2008,Colt McCoy,Texas,2010,,,8,pass,1.7946587800979614,False,82.0
2008,Colt McCoy,Texas,2010,,,4,pass,-0.4275059401988983,False,86.0
2008,Colt McCoy,Texas,2010,,,10,pass,2.4035511016845703,False,96.0
2008,Colt McCoy,Texas,2010,,,30,pass,6.8331451416015625,False,46.0
2008,Colt McCoy,Texas,2010,,,14,pass,0.41132354736328125,False,60.0
2008,Colt McCoy,Texas,2010,,,35,pass,-2.3045568466186523,False,40.0
2008,Colt McCoy,Texas,2010,,,0,pass,-1.0697487592697144,False,40.0
2008,Colt McCoy,Texas,2010,,,6,pass,2.1143832206726074,True,6.0
2008,Colt McCoy,Texas,2010,,,11,pass,0.366396427154541,False,22.0
2008,Colt McCoy,Texas,2010,,,14,pass,0.5989727973937988,False,36.0
2008,Colt McCoy,Texas,2010,,,-2,pass,-1.027397871017456,False,57.0
2008,Colt McCoy,Texas,2010,,,13,pass,1.8288073539733887,True,13.0
2008,Colt McCoy,Texas,2010,,,20,pass,1.2375946044921875,False,35.0
2008,Colt McCoy,Texas,2010,,,23,pass,0.6790590286254883,False,60.0
2008,Colt McCoy,Texas,2010,,,4,pass,-0.8561350703239441,False,84.0
2008,Colt McCoy,Texas,2010,,,0,pass,-0.517918586730957,False,84.0
2008,Colt McCoy,Texas,2010,,,13,pass,0.6179945468902588,False,48.0
2008,Colt McCoy,Texas,2010,,,17,pass,1.3681979179382324,False,54.0
2008,Colt McCoy,Texas,2010,,,27,pass,2.057802200317383,False,34.0
2008,Colt McCoy,Texas,2010,,,0,pass,-0.6095919609069824,False,54.0
2008,Colt McCoy,Texas,2010,,,8,pass,1.9086127281188965,True,8.0
2008,Colt McCoy,Texas,2010,,,5,pass,1.192258358001709,False,13.0
2008,Colt McCoy,Texas,2010,,,0,pass,-0.42377567291259766,False,32.0
2008,Colt McCoy,Texas,2010,,,6,pass,0.19404077529907227,False,60.0
2008,Colt McCoy,Texas,2010,,,16,pass,0.7838680744171143,False,40.0
2008,Colt McCoy,Texas,2010,,,4,pass,0.03597736358642578,False,24.0
2008,Colt McCoy,Texas,2010,,,4,pass,-0.2545957565307617,False,33.0
2008,Colt McCoy,Texas,2010,,,3,pass,1.576662540435791,False,36.0
2008,Colt McCoy,Texas,2010,,,3,pass,-0.6422860622406006,False,45.0
2008,Colt McCoy,Texas,2010,,,10,pass,0.42830371856689453,False,18.0
2008,Colt McCoy,Texas,2010,,,10,pass,-1.2110211849212646,False,52.0
2008,Colt McCoy,Texas,2010,,,-5,pass,-0.6748273372650146,False,47.0
2008,Colt McCoy,Texas,2010,,,0,pass,-1.2142689228057861,False,40.0
2008,Colt McCoy,Texas,2010,,,7,pass,0.5643033981323242,False,52.0
2008,Colt McCoy,Texas,2010,,,5,pass,0.05763101577758789,False,64.0
2008,Colt McCoy,Texas,2010,,,11,pass,2.013467788696289,False,79.0
2008,Colt McCoy,Texas,2010,,,0,pass,-0.9626823663711548,False,79.0
2008,Colt McCoy,Texas,2010,,,6,pass,0.3565671443939209,False,19.0
2008,Colt McCoy,Texas,2010,,,4,pass,-0.14111971855163574,False,23.0
2008,Colt McCoy,Texas,2010,,,7,pass,0.3415381908416748,False,30.0
2008,Colt McCoy,Texas,2010,,,14,pass,0.6831924915313721,False,44.0
2008,Colt McCoy,Texas,2010,,,16,pass,1.2760698795318604,False,68.0
2008,Colt McCoy,Texas,2010,,,0,pass,-1.885451316833496,False,58.0
2008,Colt McCoy,Texas,2010,,,0,pass,-0.4445831775665283,False,61.0
2008,Colt McCoy,Texas,2010,,,9,pass,0.5510778427124023,False,73.0
2008,Colt McCoy,Texas,2010,,,0,pass,-0.8846075534820557,False,31.0
2008,Colt McCoy,Texas,2010,,,11,pass,0.5568528175354004,False,44.0
2008,Colt McCoy,Texas,2010,,,15,pass,0.6070897579193115,False,73.0
2008,Colt McCoy,Texas,2010,,,16,pass,1.5485520362854004,True,16.0
2008,Colt McCoy,Texas,2010,,,16,pass,0.7167201042175293,False,32.0
2008,Colt McCoy,Texas,2010,,,23,pass,2.220207929611206,False,55.0
2008,Colt McCoy,Texas,2010,,,0,pass,-1.3678395748138428,False,48.0
2008,Colt McCoy,Texas,2010,,,7,pass,0.4433434009552002,False,69.0
2008,Colt McCoy,Texas,2010,,,65,pass,5.395242691040039,True,65.0
2008,Colt McCoy,Texas,2010,,,4,pass,-1.2633442878723145,False,69.0
2008,Colt McCoy,Texas,2010,,,0,pass,-0.8679540753364563,False,69.0
2008,Colt McCoy,Texas,2010,,,10,pass,1.4426997900009155,False,74.0
2008,Colt McCoy,Texas,2010,,,3,pass,0.05677810311317444,False,77.0
2008,Colt McCoy,Texas,2010,,,37,pass,4.3385515213012695,False,38.0
2008,Colt McCoy,Texas,2010,,,-4,pass,-1.642543077468872,False,34.0
2008,Colt McCoy,Texas,2010,,,6,pass,0.11070799827575684,False,40.0
2008,Colt McCoy,Texas,2010,,,10,pass,0.7433724403381348,False,50.0
2008,Colt McCoy,Texas,2010,,,2,pass,1.5969839096069336,True,2.0
2008,Colt McCoy,Texas,2010,,,6,pass,-0.28192853927612305,False,10.0
2008,Colt McCoy,Texas,2010,,,9,pass,1.1946585178375244,False,26.0
2008,Colt McCoy,Texas,2010,,,6,pass,0.785035252571106,False,70.0
2008,Colt McCoy,Texas,2010,,,5,pass,0.2267429232597351,False,75.0
2008,Colt McCoy,Texas,2010,,,10,pass,1.6312336921691895,False,85.0
2008,Colt McCoy,Texas,2010,,,6,pass,-0.35777705907821655,False,82.0
2008,Colt McCoy,Texas,2010,,,0,pass,-0.787392258644104,False,76.0
2008,Colt McCoy,Texas,2010,,,0,pass,-1.3414602279663086,False,17.0
2008,Colt McCoy,Texas,2010,,,1,pass,-1.0062236785888672,False,17.0
2008,Colt McCoy,Texas,2010,,,0,pass,-1.2440319061279297,False,31.0
2008,Colt McCoy,Texas,2010,,,36,pass,1.6637701988220215,False,67.0
2008,Colt McCoy,Texas,2010,,,2,pass,-0.9525222778320312,False,3.0
2008,Colt McCoy,Texas,2010,,,5,pass,-0.3836183547973633,False,8.0
2008,Colt McCoy,Texas,2010,,,19,pass,1.8244853019714355,False,27.0
2008,Colt McCoy,Texas,2010,,,11,pass,1.0236320495605469,False,46.0
2008,Colt McCoy,Texas,2010,,,14,pass,1.0980454683303833,False,60.0
2008,Colt McCoy,Texas,2010,,,11,pass,1.8281883001327515,False,71.0
2008,Colt McCoy,Texas,2010,,,10,pass,-0.08428645133972168,False,72.0
2008,Colt McCoy,Texas,2010,,,0,pass,-3.143617868423462,False,59.0
2008,Colt McCoy,Texas,2010,,,0,pass,-2.0683987140655518,False,43.0
2008,Colt McCoy,Texas,2010,,,4,pass,-0.22034800052642822,False,52.0
2008,Colt McCoy,Texas,2010,,,12,pass,1.590343952178955,False,61.0
2008,Colt McCoy,Texas,2010,,,0,pass,-0.6283466815948486,False,61.0
2008,Colt McCoy,Texas,2010,,,0,pass,-1.7262868881225586,False,7.0
2008,Colt McCoy,Texas,2010,,,0,pass,-0.8617830276489258,False,7.0
2008,Colt McCoy,Texas,2010,,,25,pass,2.320244073867798,False,35.0
2008,Colt McCoy,Texas,2010,,,16,pass,1.6552042961120605,False,54.0
2008,Colt McCoy,Texas,2010,,,5,pass,-0.052503883838653564,False,66.0
2008,Colt McCoy,Texas,2010,,,4,pass,1.2909893989562988,False,9.0
2008,Colt McCoy,Texas,2010,,,6,pass,-0.6723664999008179,False,63.0
2008,Colt McCoy,Texas,2010,,,16,pass,0.1362447738647461,False,79.0
2008,Colt McCoy,Texas,2010,,,16,pass,6.072815895080566,False,21.0
2008,Colt McCoy,Texas,2010,,,0,pass,-0.7793145179748535,False,21.0
2008,Colt McCoy,Texas,2010,,,4,pass,0.08373403549194336,False,28.0
2008,Colt McCoy,Texas,2010,,,12,pass,0.8255519866943359,False,40.0
2008,Colt McCoy,Texas,2010,,,17,pass,0.6083722114562988,False,52.0
2008,Colt McCoy,Texas,2010,,,14,pass,0.40210676193237305,False,66.0
2008,Colt McCoy,Texas,2010,,,9,pass,0.7377488613128662,False,77.0
2008,Colt McCoy,Texas,2010,,,10,pass,-0.5323188304901123,False,84.0
2008,Colt McCoy,Texas,2010,,,-2,pass,-3.568049192428589,False,77.0
2008,Colt McCoy,Texas,2010,,,13,pass,2.86647891998291,True,13.0
2008,Colt McCoy,Texas,2010,,,23,pass,1.5761079788208008,False,36.0
2008,Colt McCoy,Texas,2010,,,23,pass,1.0851354598999023,False,59.0
2008,Colt McCoy,Texas,2010,,,7,pass,0.2673330307006836,False,66.0
2008,Colt McCoy,Texas,2010,,,12,pass,0.5832021236419678,False,81.0
2008,Colt McCoy,Texas,2010,,,4,pass,0.6456385850906372,False,85.0
2008,Colt McCoy,Texas,2010,,,32,pass,4.053528785705566,True,32.0
2008,Colt McCoy,Texas,2010,,,8,pass,-1.0127878189086914,False,40.0
2008,Colt McCoy,Texas,2010,,,0,pass,-1.5938332080841064,False,30.0
2008,Colt McCoy,Texas,2010,,,9,pass,0.46853160858154297,False,43.0
2008,Colt McCoy,Texas,2010,,,13,pass,1.867105484008789,False,22.0
2008,Colt McCoy,Texas,2010,,,0,pass,-0.8177392482757568,False,22.0
2008,Colt McCoy,Texas,2010,,,6,pass,0.008961677551269531,False,31.0
2008,Colt McCoy,Texas,2010,,,38,pass,3.4037063121795654,False,78.0
2008,Colt McCoy,Texas,2010,,,0,pass,-1.01192045211792,False,78.0
2008,Colt McCoy,Texas,2010,,,4,pass,-0.1798560619354248,False,82.0
2008,Colt McCoy,Texas,2010,,,5,pass,0.508141040802002,False,34.0
2008,Colt McCoy,Texas,2010,,,7,pass,0.47421717643737793,False,59.0
2008,Colt McCoy,Texas,2010,,,3,pass,0.9419077634811401,False,62.0
2008,Colt McCoy,Texas,2010,,,9,pass,0.8768448829650879,False,83.0
2008,Colt McCoy,Texas,2010,,,11,pass,1.0598835945129395,False,94.0
2008,Colt McCoy,Texas,2010,,,0,pass,-4.382472991943359,False,1.0
2008,Colt McCoy,Texas,2010,,,20,pass,2.6897647380828857,False,26.0
2008,Colt McCoy,Texas,2010,,,5,pass,0.9677219390869141,False,19.0
2008,Colt McCoy,Texas,2010,,,4,pass,-0.01627206802368164,False,23.0
2008,Colt McCoy,Texas,2010,,,12,pass,2.543766736984253,False,52.0
2008,Colt McCoy,Texas,2010,,,0,pass,-1.0857210159301758,False,52.0
2008,Colt McCoy,Texas,2010,,,-1,pass,-0.8512816429138184,False,51.0
2008,Colt McCoy,Texas,2010,,,3,pass,-0.42281460762023926,False,62.0
2008,Colt McCoy,Texas,2010,,,16,pass,1.7177820205688477,False,78.0
2008,Colt McCoy,Texas,2010,,,0,pass,-0.6247693300247192,False,78.0
2008,Colt McCoy,Texas,2010,,,5,pass,0.026994705200195312,False,71.0
2008,Colt McCoy,Texas,2010,,,12,pass,1.1339142322540283,False,33.0
2008,Colt McCoy,Texas,2010,,,29,pass,1.4490454196929932,False,59.0
2008,Colt McCoy,Texas,2010,,,6,pass,1.1734493970870972,False,65.0
2008,Colt McCoy,Texas,2010,,,0,pass,-0.7837423086166382,False,65.0
2008,Colt McCoy,Texas,2010,,,12,pass,1.332911491394043,False,83.0
2008,Colt McCoy,Texas,2010,,,34,pass,-0.06225661188364029,False,69.0
2008,Colt McCoy,Texas,2010,,,4,pass,1.5288852453231812,False,73.0
2008,Colt McCoy,Texas,2010,,,4,pass,-0.15611562132835388,False,77.0
2008,Colt McCoy,Texas,2010,,,6,pass,-0.023012012243270874,False,83.0
2008,Colt McCoy,Texas,2010,,,5,pass,-0.017025649547576904,False,88.0
2008,Colt McCoy,Texas,2010,,,17,pass,3.146801471710205,True,17.0
2008,Colt McCoy,Texas,2010,,,14,pass,0.7638065814971924,False,39.0
2008,Colt McCoy,Texas,2010,,,20,pass,1.2902591228485107,False,59.0
2008,Colt McCoy,Texas,2010,,,6,pass,-0.12018752098083496,False,65.0
2008,Colt McCoy,Texas,2010,,,11,pass,1.9909718036651611,False,76.0
2008,Colt McCoy,Texas,2010,,,0,pass,-0.5486285090446472,False,80.0
2008,Colt McCoy,Texas,2010,,,16,pass,0.7842812538146973,False,35.0
2008,Colt McCoy,Texas,2010,,,13,pass,0.6597263813018799,False,48.0
2008,Colt McCoy,Texas,2010,,,10,pass,1.160240888595581,False,73.0
2008,Colt McCoy,Texas,2010,,,14,pass,1.5759029388427734,True,14.0
2008,Colt McCoy,Texas,2010,,,0,pass,-1.5967137813568115,False,44.0
2008,Colt McCoy,Texas,2010,,,12,pass,2.055635690689087,False,44.0
2008,Colt McCoy,Texas,2010,,,18,pass,1.0015506744384766,False,32.0
2008,Colt McCoy,Texas,2010,,,5,pass,0.03822755813598633,False,49.0
2008,Colt McCoy,Texas,2010,,,8,pass,0.6136636734008789,False,59.0
2008,Colt McCoy,Texas,2010,,,15,pass,2.596104621887207,False,91.0
2008,Colt McCoy,Texas,2010,,,3,pass,-0.3811248540878296,False,94.0
2008,Colt McCoy,Texas,2010,,,0,pass,-2.0594468116760254,False,46.0
2008,Colt McCoy,Texas,2010,,,22,pass,3.670161724090576,False,73.0
2008,Colt McCoy,Texas,2010,,,0,pass,-1.0749081373214722,False,73.0
2008,Colt McCoy,Texas,2010,,,0,pass,-1.6658891439437866,False,69.0
2008,Colt McCoy,Texas,2010,,,3,pass,1.4483239650726318,False,72.0
2008,Colt McCoy,Texas,2010,,,4,pass,-0.25450456142425537,False,76.0
2008,Colt McCoy,Texas,2010,,,4,pass,-0.7567471861839294,False,80.0
2008,Colt McCoy,Texas,2010,,,8,pass,0.9396800994873047,False,19.0
2008,Colt McCoy,Texas,2010,,,10,pass,0.6278400421142578,False,40.0
2008,Colt McCoy,Texas,2010,,,14,pass,1.9250857830047607,False,75.0
2008,Colt McCoy,Texas,2010,,,5,pass,-0.255306601524353,False,80.0
2008,Colt McCoy,Texas,2010,,,91,pass,6.933847427368164,True,91.0
2008,Colt McCoy,Texas,2010,,,37,pass,3.939537525177002,True,37.0
2008,Colt McCoy,Texas,2010,,,3,pass,-0.1069955825805664,False,43.0
2008,Colt McCoy,Texas,2010,,,5,pass,0.18170058727264404,False,48.0
2008,Colt McCoy,Texas,2010,,,0,pass,-2.0059266090393066,False,44.0
2008,Colt McCoy,Texas,2010,,,11,pass,0.9786794185638428,False,55.0
2008,Colt McCoy,Texas,2010,,,7,pass,0.6440118551254272,False,62.0
2008,Colt McCoy,Texas,2010,,,10,pass,2.483687400817871,False,78.0
2008,Colt McCoy,Texas,2010,,,0,pass,-0.6094439029693604,False,80.0
2008,Colt McCoy,Texas,2010,,,0,pass,-1.4019666910171509,False,62.0
2008,Colt McCoy,Texas,2010,,,5,pass,0.15394693613052368,False,67.0
2008,Colt McCoy,Texas,2010,,,10,pass,1.6463489532470703,False,75.0
2008,Colt McCoy,Texas,2010,,,12,pass,1.5602763891220093,False,20.0
2008,Colt McCoy,Texas,2010,,,0,pass,-0.40099358558654785,False,20.0
2008,Colt McCoy,Texas,2010,,,0,pass,-1.4603297710418701,False,17.0
2008,Colt McCoy,Texas,2010,,,44,pass,3.310326099395752,False,61.0
2008,Colt McCoy,Texas,2010,,,0,pass,-0.14913193881511688,False,61.0
2008,Colt McCoy,Texas,2010,,,0,pass,-0.25370967388153076,False,46.0
2008,Colt McCoy,Texas,2010,,,11,pass,0.4048001170158386,False,57.0
2008,Colt McCoy,Texas,2010,,,-4,pass,-0.41786620020866394,False,80.0
2008,Colt McCoy,Texas,2010,,,0,pass,-1.245684266090393,False,22.0
2008,Colt McCoy,Texas,2010,,,0,pass,-1.2248828411102295,False,19.0
2008,Colt McCoy,Texas,2010,,,0,pass,-1.6640706062316895,False,53.0
2008,Colt McCoy,Texas,2010,,,0,pass,-0.6046125888824463,False,60.0
2008,Colt McCoy,Texas,2010,,,6,pass,0.35338008403778076,False,92.0
2008,Colt McCoy,Texas,2010,,,0,pass,-1.2029941082000732,False,64.0
2008,Colt McCoy,Texas,2010,,,0,pass,-0.8658913373947144,False,59.0
2008,Colt McCoy,Texas,2010,,,0,pass,-0.5842013359069824,False,59.0
2008,Colt McCoy,Texas,2010,,,2,pass,-0.3988276720046997,False,62.0
2008,Colt McCoy,Texas,2010,,,7,pass,0.36794495582580566,False,69.0
2008,Colt McCoy,Texas,2010,,,2,pass,-0.4408135414123535,False,11.0
2008,Colt McCoy,Texas,2010,,,28,pass,1.5628376007080078,False,51.0
2008,Colt McCoy,Texas,2010,,,6,pass,0.19493675231933594,False,60.0
2008,Colt McCoy,Texas,2010,,,7,pass,0.11596870422363281,False,67.0
2008,Colt McCoy,Texas,2010,,,15,pass,1.691014289855957,True,15.0
2008,Colt McCoy,Texas,2010,,,13,pass,0.384490966796875,False,50.0
2008,Colt McCoy,Texas,2010,,,7,pass,0.02930736541748047,False,65.0
2008,Colt McCoy,Texas,2010,,,40,pass,2.274217128753662,True,40.0
2008,Colt McCoy,Texas,2010,,,15,pass,1.6588472127914429,False,80.0
2008,Colt McCoy,Texas,2010,,,3,pass,0.10318207740783691,False,60.0
2008,Colt McCoy,Texas,2010,,,26,pass,3.545428991317749,True,26.0
2008,Colt McCoy,Texas,2010,,,17,pass,0.6846767663955688,False,73.0
2008,Colt McCoy,Texas,2010,,,0,pass,-0.8723311424255371,False,30.0
2008,Colt McCoy,Texas,2010,,,2,pass,-0.5931848287582397,False,54.0
2008,Colt McCoy,Texas,2010,,,6,pass,0.16353797912597656,False,60.0
2008,Colt McCoy,Texas,2010,,,0,pass,-1.4952363967895508,False,57.0
2008,Colt McCoy,Texas,2010,,,1,pass,-0.943157434463501,False,68.0
2008,Colt McCoy,Texas,2010,,,1,pass,0.5028729438781738,True,1.0
2008,Colt McCoy,Texas,2010,,,15,pass,1.0708227157592773,False,20.0
2008,Colt McCoy,Texas,2010,,,10,pass,1.6410925388336182,False,30.0
2008,Colt McCoy,Texas,2010,,,3,pass,-0.2538580894470215,False,34.0
2008,Colt McCoy,Texas,2010,,,-1,pass,-1.0129814147949219,False,39.0
2008,Colt McCoy,Texas,2010,,,13,pass,0.6602315902709961,False,58.0
2008,Colt McCoy,Texas,2010,,,12,pass,0.47510433197021484,False,70.0
2008,Colt McCoy,Texas,2010,,,35,pass,4.0351972579956055,True,35.0
2008,Colt McCoy,Texas,2010,,,14,pass,2.5450141429901123,False,52.0
2008,Colt McCoy,Texas,2010,,,0,pass,-0.9472148418426514,False,52.0
2008,Colt McCoy,Texas,2010,,,0,pass,-0.678764820098877,False,52.0
2008,Colt McCoy,Texas,2010,,,6,pass,1.4199168682098389,False,58.0
2008,Colt McCoy,Texas,2010,,,4,pass,-1.9527021646499634,False,65.0
2008,Colt McCoy,Texas,2010,,,16,pass,0.25005030632019043,False,70.0
2008,Colt McCoy,Texas,2010,,,11,pass,1.0307965278625488,False,79.0
2008,Colt McCoy,Texas,2010,,,36,pass,2.8484935760498047,True,36.0
2008,Colt McCoy,Texas,2010,,,9,pass,1.8507938385009766,True,9.0
2008,Colt McCoy,Texas,2010,,,6,pass,0.0985875129699707,False,15.0
2008,Colt McCoy,Texas,2010,,,10,pass,0.5761222839355469,False,25.0
2008,Colt McCoy,Texas,2010,,,11,pass,0.45571041107177734,False,36.0
2008,Colt McCoy,Texas,2010,,,22,pass,2.694701910018921,False,32.0
2008,Colt McCoy,Texas,2010,,,0,pass,-0.9278087615966797,False,27.0
2008,Colt McCoy,Texas,2010,,,1,pass,-0.5505406856536865,False,39.0
2008,Colt McCoy,Texas,2010,,,11,pass,0.5748038291931152,False,50.0
2008,Colt McCoy,Texas,2010,,,17,pass,2.677356243133545,False,19.0
2008,Colt McCoy,Texas,2010,,,19,pass,1.5998303890228271,False,39.0
2008,Colt McCoy,Texas,2010,,,0,pass,-2.813816547393799,False,34.0
2008,Colt McCoy,Texas,2010,,,4,pass,-0.02664041519165039,False,38.0
2008,Colt McCoy,Texas,2010,,,0,pass,-2.0171289443969727,False,45.0
2008,Colt McCoy,Texas,2010,,,5,pass,1.2298665046691895,False,57.0
2008,Colt McCoy,Texas,2010,,,8,pass,0.36639976501464844,False,62.0
2008,Colt McCoy,Texas,2010,,,0,pass,-1.3508877754211426,False,62.0
2008,Colt McCoy,Texas,2010,,,0,pass,-1.0269966125488281,False,62.0
2008,Colt McCoy,Texas,2010,,,7,pass,1.4024962186813354,False,68.0
2008,Colt McCoy,Texas,2010,,,6,pass,-0.13890278339385986,False,74.0
2008,Colt McCoy,Texas,2010,,,9,pass,0.6944262981414795,False,66.0
2008,Colt McCoy,Texas,2010,,,6,pass,0.7445151805877686,False,72.0
2008,Colt McCoy,Texas,2010,,,0,pass,-0.8576908111572266,False,14.0
2008,Colt McCoy,Texas,2010,,,14,pass,1.7796411514282227,False,28.0
2008,Colt McCoy,Texas,2010,,,16,pass,1.0048227310180664,False,42.0
2008,Colt McCoy,Texas,2010,,,9,pass,0.9344203472137451,False,53.0
2008,Colt McCoy,Texas,2010,,,2,pass,-0.5649954080581665,False,71.0
2008,Colt McCoy,Texas,2010,,,9,pass,0.683497428894043,False,32.0
2008,Colt McCoy,Texas,2010,,,0,pass,-1.4919376373291016,False,1.0
2008,Colt McCoy,Texas,2010,,,68,pass,4.744282245635986,False,69.0
2008,Colt McCoy,Texas,2010,,,0,pass,-0.6073417663574219,False,68.0
2008,Colt McCoy,Texas,2010,,,36,pass,1.7249424457550049,False,59.0
2008,Colt McCoy,Texas,2010,,,-4,pass,-1.1606714725494385,False,55.0
2008,Colt McCoy,Texas,2010,,,25,pass,1.0480787754058838,False,80.0
2008,Colt McCoy,Texas,2010,,,9,pass,2.9330692291259766,True,9.0
2008,Colt McCoy,Texas,2010,,,18,pass,2.345820665359497,False,27.0
2008,Colt McCoy,Texas,2010,,,2,pass,-0.316237211227417,False,29.0
2008,Colt McCoy,Texas,2010,,,0,pass,-0.37415242195129395,False,29.0
2008,Colt McCoy,Texas,2010,,,13,pass,1.2698099613189697,False,42.0
2008,Colt McCoy,Texas,2010,,,17,pass,0.8039581179618835,False,59.0
2008,Colt McCoy,Texas,2010,,,14,pass,0.43175894021987915,False,78.0
2008,Colt McCoy,Texas,2010,,,0,pass,-0.2743093967437744,False,59.0
2008,Colt McCoy,Texas,2010,,,20,pass,3.5784711837768555,True,20.0
2008,Colt McCoy,Texas,2010,,,8,pass,0.21238422393798828,False,28.0
2008,Colt McCoy,Texas,2010,,,0,pass,-1.5465197563171387,False,22.0
2008,Colt McCoy,Texas,2010,,,0,pass,-0.7862570285797119,False,19.0
2008,Colt McCoy,Texas,2010,,,7,pass,0.48238182067871094,False,27.0
2008,Colt McCoy,Texas,2010,,,13,pass,2.2689709663391113,False,45.0
2008,Colt McCoy,Texas,2010,,,13,pass,2.078463315963745,False,61.0
2008,Colt McCoy,Texas,2010,,,0,pass,-0.8750455379486084,False,61.0
2008,Colt McCoy,Texas,2010,,,1,pass,-0.551377534866333,False,62.0
2008,Colt McCoy,Texas,2010,,,0,pass,-2.0622620582580566,False,52.0
2008,Colt McCoy,Texas,2010,,,9,pass,-0.03564155101776123,False,61.0
2008,Colt McCoy,Texas,2010,,,0,pass,-1.3385612964630127,False,54.0
2008,Colt McCoy,Texas,2010,,,3,pass,-0.3705403804779053,False,65.0
2008,Colt McCoy,Texas,2010,,,5,pass,0.21176552772521973,False,61.0
2008,Colt McCoy,Texas,2010,,,20,pass,3.3734703063964844,False,81.0
2008,Colt McCoy,Texas,2010,,,6,pass,-0.7567471861839294,False,80.0
2008,Colt McCoy,Texas,2010,,,26,pass,4.186371803283691,True,26.0
2008,Colt McCoy,Texas,2010,,,14,pass,1.1646143198013306,False,40.0
2008,Colt McCoy,Texas,2010,,,3,pass,1.1478502750396729,False,43.0
2008,Colt McCoy,Texas,2010,,,0,pass,-0.8798631429672241,False,43.0
2008,Colt McCoy,Texas,2010,,,0,pass,-0.3694213628768921,False,43.0
2008,Colt McCoy,Texas,2010,,,7,pass,0.439721941947937,False,50.0
2008,Colt McCoy,Texas,2010,,,13,pass,0.761339545249939,False,63.0
2008,Colt McCoy,Texas,2010,,,0,pass,-0.2413080930709839,False,65.0
2008,Colt McCoy,Texas,2010,,,7,pass,0.34892910718917847,False,72.0
2008,Colt McCoy,Texas,2010,,,6,pass,0.1986209750175476,False,78.0
2008,Colt McCoy,Texas,2010,,,0,pass,-1.3153886795043945,False,77.0
2008,Colt McCoy,Texas,2010,,,3,pass,-0.6507108211517334,False,80.0
2008,Colt McCoy,Texas,2010,,,0,pass,-0.5821263194084167,False,80.0
2008,Colt McCoy,Texas,2010,,,0,pass,-1.314345359802246,False,42.0
2008,Colt McCoy,Texas,2010,,,0,pass,-0.9618628025054932,False,42.0
2008,Colt McCoy,Texas,2010,,,0,pass,-1.620124340057373,False,34.0
2008,Colt McCoy,Texas,2010,,,13,pass,0.6246664524078369,False,58.0
2008,Colt McCoy,Texas,2010,,,12,pass,1.053937315940857,False,70.0
2008,Colt McCoy,Texas,2010,,,7,pass,1.6565775871276855,True,7.0
2008,Colt McCoy,Texas,2010,,,20,pass,1.0990941524505615,False,55.0
2008,Colt McCoy,Texas,2010,,,7,pass,0.19720196723937988,False,62.0
2008,Colt McCoy,Texas,2010,,,15,pass,0.8689794540405273,False,85.0
2008,Colt McCoy,Texas,2010,,,0,pass,1.3377876281738281,False,43.0
2008,Colt McCoy,Texas,2010,,,0,pass,-0.6327695846557617,False,43.0
2008,Colt McCoy,Texas,2010,,,12,pass,0.706190824508667,False,55.0
2008,Colt McCoy,Texas,2010,,,17,pass,1.0512497425079346,False,72.0
2008,Colt McCoy,Texas,2010,,,10,pass,0.4794501066207886,False,82.0
2008,Colt McCoy,Texas,2010,,,8,pass,6.38430118560791,False,34.0
2008,Colt McCoy,Texas,2010,,,2,pass,-0.4132051467895508,False,38.0
2008,Colt McCoy,Texas,2010,,,5,pass,0.4079093933105469,False,45.0
2008,Colt McCoy,Texas,2010,,,0,pass,-1.0156772136688232,False,70.0
2008,Colt McCoy,Texas,2010,,,9,pass,2.532980442047119,False,78.0
2008,Colt McCoy,Texas,2010,,,0,pass,-0.9943302869796753,False,78.0
2008,Colt McCoy,Texas,2010,,,3,pass,-0.5806975364685059,False,18.0
2008,Colt McCoy,Texas,2010,,,5,pass,0.3964853286743164,False,23.0
2008,Colt McCoy,Texas,2010,,,10,pass,0.6132845878601074,False,33.0
2008,Colt McCoy,Texas,2010,,,37,pass,1.8742510080337524,False,70.0
2008,Colt McCoy,Texas,2010,,,6,pass,-1.8742510080337524,False,91.0
2008,Colt McCoy,Texas,2010,,,0,pass,-2.3843555450439453,False,37.0
2008,Colt McCoy,Texas,2010,,,4,pass,-0.676597535610199,False,41.0
2008,Colt McCoy,Texas,2010,,,0,pass,-0.6975604295730591,False,41.0
2008,Colt McCoy,Texas,2010,,,4,pass,-0.22331809997558594,False,45.0
2008,Colt McCoy,Texas,2010,,,22,pass,1.4344987869262695,False,62.0
2008,Colt McCoy,Texas,2010,,,13,pass,2.1554200649261475,False,75.0
2008,Colt McCoy,Texas,2010,,,0,pass,-0.7102395296096802,False,75.0
2008,Colt McCoy,Texas,2010,,,0,pass,-0.41178667545318604,False,75.0
2008,Colt McCoy,Texas,2010,,,8,pass,-0.8125343322753906,False,18.0
2008,Colt McCoy,Texas,2010,,,0,pass,-1.6993377208709717,False,9.0
2008,Colt McCoy,Texas,2010,,,20,pass,2.6181225776672363,False,29.0
2008,Colt McCoy,Texas,2010,,,0,pass,-0.8431668281555176,False,29.0
2008,Colt McCoy,Texas,2010,,,0,pass,-0.5511736869812012,False,29.0
2008,Colt McCoy,Texas,2010,,,9,pass,0.8162713050842285,False,39.0
2008,Colt McCoy,Texas,2010,,,15,pass,1.0564849376678467,False,54.0
2008,Colt McCoy,Texas,2010,,,13,pass,0.7728898525238037,False,67.0
2008,Colt McCoy,Texas,2010,,,0,pass,-1.9462288618087769,False,47.0
2008,Colt McCoy,Texas,2010,,,6,pass,0.2892097234725952,False,53.0
2008,Colt McCoy,Texas,2010,,,5,pass,1.278731346130371,False,60.0
2008,Colt McCoy,Texas,2010,,,7,pass,0.3576737642288208,False,66.0
2008,Colt McCoy,Texas,2010,,,13,pass,1.117807149887085,False,79.0
2008,Colt McCoy,Texas,2010,,,0,pass,-1.702818512916565,False,82.0
2008,Colt McCoy,Texas,2010,,,-2,pass,-1.5469132661819458,False,80.0
2009,Colt McCoy,Texas,2010,,,11,pass,0.8183913230895996,False,15.0
2009,Colt McCoy,Texas,2010,,,14,pass,0.6487607955932617,False,29.0
2009,Colt McCoy,Texas,2010,,,10,pass,1.5882954597473145,False,53.0
2009,Colt McCoy,Texas,2010,,,7,pass,0.2011275291442871,False,43.0
2009,Colt McCoy,Texas,2010,,,0,pass,-1.732184886932373,False,87.0
2009,Colt McCoy,Texas,2010,,,14,pass,1.2914667129516602,True,14.0
2009,Colt McCoy,Texas,2010,,,0,pass,-1.804814338684082,False,5.0
2009,Colt McCoy,Texas,2010,,,-3,pass,-0.7838845252990723,False,44.0
2009,Colt McCoy,Texas,2010,,,5,pass,0.7671971321105957,False,13.0
2009,Colt McCoy,Texas,2010,,,30,pass,2.8988139629364014,False,47.0
2009,Colt McCoy,Texas,2010,,,22,pass,0.33581697940826416,False,66.0
2009,Colt McCoy,Texas,2010,,,78,pass,5.80053186416626,True,78.0
2009,Colt McCoy,Texas,2010,,,14,pass,1.28597891330719,False,92.0
2009,Colt McCoy,Texas,2010,,,0,pass,-0.38812726736068726,False,91.0
2009,Colt McCoy,Texas,2010,,,0,pass,-0.6574592590332031,False,68.0
2009,Colt McCoy,Texas,2010,,,0,pass,-0.7576366662979126,False,68.0
2009,Colt McCoy,Texas,2010,,,13,pass,0.811089038848877,False,18.0
2009,Colt McCoy,Texas,2010,,,19,pass,1.7151899337768555,False,37.0
2009,Colt McCoy,Texas,2010,,,0,pass,-0.6417679786682129,False,37.0
2009,Colt McCoy,Texas,2010,,,11,pass,1.0507309436798096,False,65.0
2009,Colt McCoy,Texas,2010,,,8,pass,-0.2895829379558563,False,72.0
2009,Colt McCoy,Texas,2010,,,0,pass,-1.0549890995025635,False,72.0
2009,Colt McCoy,Texas,2010,,,7,pass,1.76078462600708,False,64.0
2009,Colt McCoy,Texas,2010,,,0,pass,-0.6739001274108887,False,67.0
2009,Colt McCoy,Texas,2010,,,23,pass,1.3421969413757324,False,28.0
2009,Colt McCoy,Texas,2010,,,11,pass,1.2264010906219482,False,51.0
2009,Colt McCoy,Texas,2010,,,0,pass,-0.5793240070343018,False,51.0
2009,Colt McCoy,Texas,2010,,,7,pass,0.3701488971710205,False,64.0
2009,Colt McCoy,Texas,2010,,,3,pass,-0.351529598236084,False,12.0
2009,Colt McCoy,Texas,2010,,,11,pass,0.525482177734375,False,23.0
2009,Colt McCoy,Texas,2010,,,26,pass,2.645711898803711,True,26.0
2009,Colt McCoy,Texas,2010,,,9,pass,0.6359601020812988,False,40.0
2009,Colt McCoy,Texas,2010,,,18,pass,0.9531903266906738,False,58.0
2009,Colt McCoy,Texas,2010,,,5,pass,-0.04827404022216797,False,70.0
2009,Colt McCoy,Texas,2010,,,4,pass,-0.7500324249267578,False,58.0
2009,Colt McCoy,Texas,2010,,,9,pass,0.44926881790161133,False,22.0
2009,Colt McCoy,Texas,2010,,,11,pass,3.7313740253448486,False,38.0
2009,Colt McCoy,Texas,2010,,,33,pass,3.4961650371551514,True,33.0
2009,Colt McCoy,Texas,2010,,,0,pass,-1.1395046710968018,False,33.0
2009,Colt McCoy,Texas,2010,,,5,pass,-0.0334625244140625,False,60.0
2009,Colt McCoy,Texas,2010,,,17,pass,1.0030726194381714,False,77.0
2009,Colt McCoy,Texas,2010,,,0,pass,-0.7178864479064941,False,88.0
2009,Colt McCoy,Texas,2010,,,15,pass,1.7617193460464478,False,43.0
2009,Colt McCoy,Texas,2010,,,4,pass,-0.14841651916503906,False,17.0
2009,Colt McCoy,Texas,2010,,,15,pass,0.7060823440551758,False,40.0
2009,Colt McCoy,Texas,2010,,,25,pass,3.8729476928710938,True,25.0
2009,Colt McCoy,Texas,2010,,,11,pass,1.0639805793762207,False,36.0
2009,Colt McCoy,Texas,2010,,,0,pass,-0.4304964542388916,False,36.0
2009,Colt McCoy,Texas,2010,,,8,pass,1.0052571296691895,False,44.0
2009,Colt McCoy,Texas,2010,,,14,pass,0.28215837478637695,False,58.0
2009,Colt McCoy,Texas,2010,,,12,pass,0.3631928563117981,False,70.0
2009,Colt McCoy,Texas,2010,,,0,pass,-0.48766177892684937,False,80.0
2009,Colt McCoy,Texas,2010,,,0,pass,-0.3992742896080017,False,80.0
2009,Colt McCoy,Texas,2010,,,4,pass,-0.21511007845401764,False,87.0
2009,Colt McCoy,Texas,2010,,,9,pass,0.6977183818817139,False,59.0
2009,Colt McCoy,Texas,2010,,,0,pass,-0.5863146781921387,False,15.0
2009,Colt McCoy,Texas,2010,,,0,pass,-1.8022801876068115,False,7.0
2009,Colt McCoy,Texas,2010,,,0,pass,-0.8123400211334229,False,25.0
2009,Colt McCoy,Texas,2010,,,42,pass,3.135153293609619,False,63.0
2009,Colt McCoy,Texas,2010,,,3,pass,-0.943036675453186,False,94.0
2009,Colt McCoy,Texas,2010,,,0,pass,-1.8950107097625732,False,75.0
2009,Colt McCoy,Texas,2010,,,3,pass,-0.2399577498435974,False,78.0
2009,Colt McCoy,Texas,2010,,,0,pass,-1.8970861434936523,False,41.0
2009,Colt McCoy,Texas,2010,,,0,pass,-0.6187191009521484,False,44.0
2009,Colt McCoy,Texas,2010,,,6,pass,1.4457647800445557,False,50.0
2009,Colt McCoy,Texas,2010,,,0,pass,-0.6293966770172119,False,56.0
2009,Colt McCoy,Texas,2010,,,9,pass,1.0125713348388672,False,65.0
2009,Colt McCoy,Texas,2010,,,0,pass,-1.2958884239196777,False,83.0
2009,Colt McCoy,Texas,2010,,,2,pass,-0.7847186923027039,False,85.0
2009,Colt McCoy,Texas,2010,,,0,pass,-0.7035565972328186,False,85.0
2009,Colt McCoy,Texas,2010,,,1,pass,-1.4309618473052979,False,13.0
2009,Colt McCoy,Texas,2010,,,7,pass,0.43226194381713867,False,45.0
2009,Colt McCoy,Texas,2010,,,10,pass,0.6813302040100098,False,55.0
2009,Colt McCoy,Texas,2010,,,9,pass,0.7142386436462402,False,33.0
2009,Colt McCoy,Texas,2010,,,13,pass,0.6493442058563232,False,49.0
2009,Colt McCoy,Texas,2010,,,8,pass,0.4175841808319092,False,66.0
2009,Colt McCoy,Texas,2010,,,3,pass,1.9718060493469238,True,3.0
2009,Colt McCoy,Texas,2010,,,5,pass,0.12019681930541992,False,25.0
2009,Colt McCoy,Texas,2010,,,4,pass,-1.253256916999817,False,48.0
2009,Colt McCoy,Texas,2010,,,10,pass,0.43114209175109863,False,60.0
2009,Colt McCoy,Texas,2010,,,20,pass,1.6854186058044434,False,80.0
2009,Colt McCoy,Texas,2010,,,25,pass,2.880017042160034,False,26.0
2009,Colt McCoy,Texas,2010,,,-2,pass,-1.022580623626709,False,24.0
2009,Colt McCoy,Texas,2010,,,11,pass,0.5086658000946045,False,47.0
2009,Colt McCoy,Texas,2010,,,8,pass,1.847618818283081,False,34.0
2009,Colt McCoy,Texas,2010,,,9,pass,1.4353063106536865,False,46.0
2009,Colt McCoy,Texas,2010,,,11,pass,1.9907407760620117,False,63.0
2009,Colt McCoy,Texas,2010,,,3,pass,-2.770285129547119,False,66.0
2009,Colt McCoy,Texas,2010,,,3,pass,-0.6189180612564087,False,51.0
2009,Colt McCoy,Texas,2010,,,0,pass,-0.3936399221420288,False,51.0
2009,Colt McCoy,Texas,2010,,,10,pass,0.588464081287384,False,66.0
2009,Colt McCoy,Texas,2010,,,6,pass,1.1337273120880127,False,75.0
2009,Colt McCoy,Texas,2010,,,10,pass,0.3622995615005493,False,59.0
2009,Colt McCoy,Texas,2010,,,6,pass,0.41423773765563965,False,50.0
2009,Colt McCoy,Texas,2010,,,3,pass,-0.33596134185791016,False,53.0
2009,Colt McCoy,Texas,2010,,,0,pass,-1.853952407836914,False,80.0
2009,Colt McCoy,Texas,2010,,,5,pass,0.1822795867919922,False,87.0
2009,Colt McCoy,Texas,2010,,,0,pass,-2.375408172607422,False,49.0
2009,Colt McCoy,Texas,2010,,,0,pass,-0.7036999464035034,False,51.0
2009,Colt McCoy,Texas,2010,,,19,pass,2.3206939697265625,False,70.0
2009,Colt McCoy,Texas,2010,,,8,pass,0.5935482978820801,False,80.0
2009,Colt McCoy,Texas,2010,,,2,pass,-1.0959324836730957,False,6.0
2009,Colt McCoy,Texas,2010,,,11,pass,1.2145423889160156,False,71.0
2009,Colt McCoy,Texas,2010,,,9,pass,1.490649938583374,False,87.0
2009,Colt McCoy,Texas,2010,,,3,pass,-0.5666146278381348,False,90.0
2009,Colt McCoy,Texas,2010,,,9,pass,4.612626075744629,False,46.0
2009,Colt McCoy,Texas,2010,,,5,pass,-0.030894994735717773,False,51.0
2009,Colt McCoy,Texas,2010,,,15,pass,4.620936393737793,True,15.0
2009,Colt McCoy,Texas,2010,,,-2,pass,-1.0733067989349365,False,13.0
2009,Colt McCoy,Texas,2010,,,9,pass,0.5803239345550537,False,39.0
2009,Colt McCoy,Texas,2010,,,5,pass,0.03160858154296875,False,54.0
2009,Colt McCoy,Texas,2010,,,10,pass,0.9089652299880981,False,49.0
2009,Colt McCoy,Texas,2010,,,16,pass,3.3004143238067627,True,16.0
2009,Colt McCoy,Texas,2010,,,0,pass,-0.575549840927124,False,16.0
2009,Colt McCoy,Texas,2010,,,11,pass,0.6989321708679199,False,20.0
2009,Colt McCoy,Texas,2010,,,9,pass,0.6638107299804688,False,31.0
2009,Colt McCoy,Texas,2010,,,6,pass,0.15786242485046387,False,37.0
2009,Colt McCoy,Texas,2010,,,12,pass,2.8449087142944336,False,43.0
2009,Colt McCoy,Texas,2010,,,5,pass,-0.6190673112869263,False,48.0
2009,Colt McCoy,Texas,2010,,,0,pass,-0.8752498626708984,False,48.0
2009,Colt McCoy,Texas,2010,,,19,pass,0.6972746849060059,False,70.0
2009,Colt McCoy,Texas,2010,,,23,pass,2.060852527618408,False,93.0
2009,Colt McCoy,Texas,2010,,,0,pass,-0.6364859938621521,False,93.0
2009,Colt McCoy,Texas,2010,,,0,pass,-3.0306396484375,False,3.0
2009,Colt McCoy,Texas,2010,,,3,pass,-1.3410377502441406,False,7.0
2009,Colt McCoy,Texas,2010,,,27,pass,1.1920924186706543,False,61.0
2009,Colt McCoy,Texas,2010,,,36,pass,2.4989466667175293,True,36.0
2009,Colt McCoy,Texas,2010,,,9,pass,0.6744651794433594,False,54.0
2009,Colt McCoy,Texas,2010,,,10,pass,0.287506103515625,False,64.0
2009,Colt McCoy,Texas,2010,,,9,pass,0.6799721717834473,False,73.0
2009,Colt McCoy,Texas,2010,,,6,pass,-2.085965156555176,False,9.0
2009,Colt McCoy,Texas,2010,,,0,pass,-0.9667356014251709,False,9.0
2009,Colt McCoy,Texas,2010,,,7,pass,0.7759203910827637,False,14.0
2009,Colt McCoy,Texas,2010,,,2,pass,-0.564633846282959,False,16.0
2009,Colt McCoy,Texas,2010,,,2,pass,-0.36374425888061523,False,14.0
2009,Colt McCoy,Texas,2010,,,10,pass,1.7925665378570557,False,34.0
2009,Colt McCoy,Texas,2010,,,0,pass,-0.7802734375,False,34.0
2009,Colt McCoy,Texas,2010,,,2,pass,-0.3793790340423584,False,36.0
2009,Colt McCoy,Texas,2010,,,14,pass,0.763716459274292,False,50.0
2009,Colt McCoy,Texas,2010,,,5,pass,-1.2314977645874023,False,59.0
2009,Colt McCoy,Texas,2010,,,20,pass,1.8738975524902344,False,77.0
2009,Colt McCoy,Texas,2010,,,-2,pass,-1.014883041381836,False,57.0
2009,Colt McCoy,Texas,2010,,,4,pass,-0.26801133155822754,False,81.0
2009,Colt McCoy,Texas,2010,,,3,pass,-0.4726921319961548,False,93.0
2009,Colt McCoy,Texas,2010,,,8,pass,0.7453519105911255,False,73.0
2009,Colt McCoy,Texas,2010,,,0,pass,-0.8392235040664673,False,73.0
2009,Colt McCoy,Texas,2010,,,0,pass,-1.406367301940918,False,68.0
2009,Colt McCoy,Texas,2010,,,4,pass,-0.1407340168952942,False,72.0
2009,Colt McCoy,Texas,2010,,,39,pass,4.785070419311523,True,39.0
2009,Colt McCoy,Texas,2010,,,7,pass,0.6658209562301636,False,46.0
2009,Colt McCoy,Texas,2010,,,4,pass,-0.20133554935455322,False,65.0
2009,Colt McCoy,Texas,2010,,,11,pass,0.5642549991607666,False,61.0
2009,Colt McCoy,Texas,2010,,,4,pass,-0.0434802770614624,False,50.0
2009,Colt McCoy,Texas,2010,,,5,pass,0.7069140076637268,False,70.0
2009,Colt McCoy,Texas,2010,,,0,pass,-0.5879755020141602,False,70.0
2009,Colt McCoy,Texas,2010,,,8,pass,0.15461045503616333,False,78.0
2009,Colt McCoy,Texas,2010,,,0,pass,-5.802157402038574,False,83.0
2009,Colt McCoy,Texas,2010,,,14,pass,0.7378016114234924,False,86.0
2009,Colt McCoy,Texas,2010,,,12,pass,0.5370017886161804,False,82.0
2009,Colt McCoy,Texas,2010,,,6,pass,0.4361008405685425,False,70.0
2009,Colt McCoy,Texas,2010,,,6,pass,1.889441967010498,False,92.0
2009,Colt McCoy,Texas,2010,,,0,pass,-1.2425365447998047,False,13.0
2009,Colt McCoy,Texas,2010,,,0,pass,-1.69490385055542,False,5.0
2009,Colt McCoy,Texas,2010,,,7,pass,0.47811317443847656,False,20.0
2009,Colt McCoy,Texas,2010,,,3,pass,0.21170902252197266,False,24.0
2009,Colt McCoy,Texas,2010,,,8,pass,0.44867539405822754,False,32.0
2009,Colt McCoy,Texas,2010,,,6,pass,1.4361767768859863,False,52.0
2009,Colt McCoy,Texas,2010,,,5,pass,0.12995612621307373,False,59.0
2009,Colt McCoy,Texas,2010,,,23,pass,4.245553016662598,False,42.0
2009,Colt McCoy,Texas,2010,,,0,pass,-1.1586930751800537,False,42.0
2009,Colt McCoy,Texas,2010,,,-2,pass,-1.4655686616897583,False,40.0
2009,Colt McCoy,Texas,2010,,,5,pass,0.03198647499084473,False,51.0
2009,Colt McCoy,Texas,2010,,,17,pass,1.0864219665527344,False,68.0
2009,Colt McCoy,Texas,2010,,,7,pass,0.737189531326294,False,80.0
2009,Colt McCoy,Texas,2010,,,3,pass,-0.9411154985427856,False,63.0
2009,Colt McCoy,Texas,2010,,,1,pass,-0.6778877973556519,False,64.0
2009,Colt McCoy,Texas,2010,,,3,pass,-0.6560370922088623,False,18.0
2009,Colt McCoy,Texas,2010,,,11,pass,1.0901460647583008,False,28.0
2009,Colt McCoy,Texas,2010,,,9,pass,0.7641080617904663,False,67.0
2009,Colt McCoy,Texas,2010,,,0,pass,-0.7719192504882812,False,67.0
2009,Colt McCoy,Texas,2010,,,14,pass,2.946718215942383,True,14.0
2009,Colt McCoy,Texas,2010,,,0,pass,-0.2775077819824219,False,44.0
2009,Colt McCoy,Texas,2010,,,6,pass,0.06429576873779297,False,64.0
2009,Colt McCoy,Texas,2010,,,11,pass,1.4114956855773926,False,75.0
2009,Colt McCoy,Texas,2010,,,1,pass,-0.610332727432251,False,28.0
2009,Colt McCoy,Texas,2010,,,9,pass,0.9905273914337158,False,44.0
2009,Colt McCoy,Texas,2010,,,0,pass,-0.4477607309818268,False,43.0
2009,Colt McCoy,Texas,2010,,,5,pass,0.1196853518486023,False,48.0
2009,Colt McCoy,Texas,2010,,,12,pass,0.1928805410861969,False,60.0
2009,Colt McCoy,Texas,2010,,,12,pass,1.783251404762268,False,42.0
2009,Colt McCoy,Texas,2010,,,0,pass,-0.6790047883987427,False,42.0
2009,Colt McCoy,Texas,2010,,,0,pass,-0.5027880668640137,False,42.0
2009,Colt McCoy,Texas,2010,,,0,pass,-0.9813992977142334,False,25.0
2009,Colt McCoy,Texas,2010,,,4,pass,-0.07071590423583984,False,18.0
2009,Colt McCoy,Texas,2010,,,4,pass,-1.4157588481903076,False,63.0
2009,Colt McCoy,Texas,2010,,,0,pass,-0.9130275249481201,False,49.0
2009,Colt McCoy,Texas,2010,,,0,pass,-0.5928292274475098,False,49.0
2009,Colt McCoy,Texas,2010,,,0,pass,-2.7341527938842773,False,35.0
2009,Colt McCoy,Texas,2010,,,0,pass,-0.9651520252227783,False,35.0
2009,Colt McCoy,Texas,2010,,,0,pass,-0.542266845703125,False,35.0
2009,Colt McCoy,Texas,2010,,,0,pass,-1.1574064493179321,False,49.0
2009,Colt McCoy,Texas,2010,,,4,pass,-0.11859381198883057,False,61.0
2009,Colt McCoy,Texas,2010,,,0,pass,-0.9748696088790894,False,69.0
2009,Colt McCoy,Texas,2010,,,0,pass,-0.8728201389312744,False,69.0
2009,Colt McCoy,Texas,2010,,,11,pass,0.7763931751251221,False,72.0
2009,Colt McCoy,Texas,2010,,,7,pass,-0.6944653987884521,False,82.0
2009,Colt McCoy,Texas,2010,,,0,pass,-0.9421594142913818,False,82.0
2009,Colt McCoy,Texas,2010,,,0,pass,-0.7076085805892944,False,82.0
2009,Colt McCoy,Texas,2010,,,0,pass,-1.5761520862579346,False,69.0
2009,Colt McCoy,Texas,2010,,,4,pass,-2.2243576049804688,False,56.0
2009,Colt McCoy,Texas,2010,,,0,pass,-2.1530299186706543,False,53.0
2009,Colt McCoy,Texas,2010,,,7,pass,-0.0430150032043457,False,60.0
2009,Colt McCoy,Texas,2010,,,0,pass,-1.6055912971496582,False,22.0
2009,Colt McCoy,Texas,2010,,,1,pass,-0.627918004989624,False,47.0
2009,Colt McCoy,Texas,2010,,,11,pass,0.9705841541290283,False,63.0
2009,Colt McCoy,Texas,2010,,,10,pass,0.33940601348876953,False,52.0
2009,Colt McCoy,Texas,2010,,,-1,pass,-0.9909708499908447,False,66.0
2009,Colt McCoy,Texas,2010,,,24,pass,2.822749137878418,False,90.0
2009,Colt McCoy,Texas,2010,,,0,pass,-0.7397053241729736,False,90.0
2009,Colt McCoy,Texas,2010,,,13,pass,3.140922784805298,True,13.0
2009,Colt McCoy,Texas,2010,,,0,pass,-2.009312629699707,False,8.0
2009,Colt McCoy,Texas,2010,,,14,pass,1.2497477531433105,False,22.0
2009,Colt McCoy,Texas,2010,,,17,pass,1.163686752319336,False,39.0
2009,Colt McCoy,Texas,2010,,,0,pass,-0.4521174430847168,False,39.0
2009,Colt McCoy,Texas,2010,,,0,pass,-0.7507481575012207,False,43.0
2009,Colt McCoy,Texas,2010,,,9,pass,0.7711515426635742,False,52.0
2009,Colt McCoy,Texas,2010,,,6,pass,-0.12995123863220215,False,63.0
2009,Colt McCoy,Texas,2010,,,24,pass,1.4367040395736694,False,87.0
2009,Colt McCoy,Texas,2010,,,5,pass,-0.9919211864471436,False,65.0
2009,Colt McCoy,Texas,2010,,,0,pass,-0.806887149810791,False,65.0
2009,Colt McCoy,Texas,2010,,,9,pass,0.46287012100219727,False,78.0
2009,Colt McCoy,Texas,2010,,,10,pass,0.3553035259246826,False,88.0
2009,Colt McCoy,Texas,2010,,,34,pass,1.9567151069641113,True,34.0
2009,Colt McCoy,Texas,2010,,,0,pass,-0.508995771408081,False,62.0
2009,Colt McCoy,Texas,2010,,,17,pass,1.1407690048217773,False,45.0
2009,Colt McCoy,Texas,2010,,,7,pass,-0.3876999616622925,False,60.0
2009,Colt McCoy,Texas,2010,,,1,pass,-0.883135199546814,False,61.0
2009,Colt McCoy,Texas,2010,,,1,pass,-0.5368654727935791,False,62.0
2009,Colt McCoy,Texas,2010,,,8,pass,1.8782262802124023,True,8.0
2009,Colt McCoy,Texas,2010,,,7,pass,0.37386417388916016,False,20.0
2009,Colt McCoy,Texas,2010,,,31,pass,-2.1025784015655518,False,61.0
2009,Colt McCoy,Texas,2010,,,0,pass,-1.1472772359848022,False,96.0
2009,Colt McCoy,Texas,2010,,,0,pass,-1.767604112625122,False,58.0
2009,Colt McCoy,Texas,2010,,,5,pass,-0.42688751220703125,False,28.0
2009,Colt McCoy,Texas,2010,,,-4,pass,-0.9113917350769043,False,24.0
2009,Colt McCoy,Texas,2010,,,44,pass,1.9931581020355225,False,64.0
2009,Colt McCoy,Texas,2010,,,10,pass,1.5292325019836426,False,74.0
2009,Colt McCoy,Texas,2010,,,11,pass,3.3766586780548096,True,11.0
2009,Colt McCoy,Texas,2010,,,0,pass,-0.47553586959838867,False,40.0
2009,Colt McCoy,Texas,2010,,,16,pass,0.661790668964386,False,58.0
2009,Colt McCoy,Texas,2010,,,16,pass,0.7755788564682007,False,76.0
2009,Colt McCoy,Texas,2010,,,4,pass,-0.08535471558570862,False,80.0
2009,Colt McCoy,Texas,2010,,,0,pass,-0.7336357831954956,False,80.0
2009,Colt McCoy,Texas,2010,,,11,pass,1.443387508392334,False,12.0
2009,Colt McCoy,Texas,2010,,,16,pass,2.757260322570801,False,54.0
2009,Colt McCoy,Texas,2010,,,0,pass,-1.5345385074615479,False,53.0
2009,Colt McCoy,Texas,2010,,,3,pass,-0.45086967945098877,False,70.0
2009,Colt McCoy,Texas,2010,,,12,pass,1.283508539199829,False,27.0
2009,Colt McCoy,Texas,2010,,,0,pass,-0.5702006816864014,False,27.0
2009,Colt McCoy,Texas,2010,,,13,pass,2.3509228229522705,False,55.0
2009,Colt McCoy,Texas,2010,,,-1,pass,-0.9995481967926025,False,58.0
2009,Colt McCoy,Texas,2010,,,11,pass,1.1288273334503174,False,69.0
2009,Colt McCoy,Texas,2010,,,4,pass,-0.22920870780944824,False,73.0
2009,Colt McCoy,Texas,2010,,,18,pass,0.9112849235534668,False,29.0
2009,Colt McCoy,Texas,2010,,,14,pass,1.3974437713623047,False,43.0
2009,Colt McCoy,Texas,2010,,,6,pass,-0.038817405700683594,False,51.0
2009,Colt McCoy,Texas,2010,,,88,pass,4.574799537658691,True,88.0
2009,Colt McCoy,Texas,2010,,,11,pass,2.0820868015289307,False,99.0
2009,Colt McCoy,Texas,2010,,,0,pass,-1.074326515197754,False,99.0
2009,Colt McCoy,Texas,2010,,,14,pass,2.3782296180725098,True,14.0
2009,Colt McCoy,Texas,2010,,,12,pass,0.6493005752563477,False,24.0
2009,Colt McCoy,Texas,2010,,,8,pass,0.7184979915618896,False,37.0
2009,Colt McCoy,Texas,2010,,,5,pass,-0.21320748329162598,False,42.0
2009,Colt McCoy,Texas,2010,,,-4,pass,-1.385167121887207,False,38.0
2009,Colt McCoy,Texas,2010,,,7,pass,0.02173137664794922,False,63.0
2009,Colt McCoy,Texas,2010,,,18,pass,1.8192501068115234,False,56.0
2009,Colt McCoy,Texas,2010,,,0,pass,-0.5780981779098511,False,75.0
2009,Colt McCoy,Texas,2010,,,5,pass,0.18001282215118408,False,80.0
2009,Colt McCoy,Texas,2010,,,7,pass,0.37300217151641846,False,87.0
2009,Colt McCoy,Texas,2010,,,0,pass,-2.129941940307617,False,42.0
2009,Colt McCoy,Texas,2010,,,5,pass,0.07204127311706543,False,45.0
2009,Colt McCoy,Texas,2010,,,19,pass,2.4388673305511475,False,64.0
2009,Colt McCoy,Texas,2010,,,0,pass,-0.9563138484954834,False,64.0
2009,Colt McCoy,Texas,2010,,,9,pass,-2.12437105178833,False,74.0
2009,Colt McCoy,Texas,2010,,,0,pass,-0.29530298709869385,False,52.0
2009,Colt McCoy,Texas,2010,,,6,pass,-1.7261663675308228,False,80.0
2009,Colt McCoy,Texas,2010,,,7,pass,2.9957473278045654,False,59.0
2009,Colt McCoy,Texas,2010,,,53,pass,1.9862184524536133,False,93.0
2009,Colt McCoy,Texas,2010,,,0,pass,-0.8618192672729492,False,41.0
2009,Colt McCoy,Texas,2010,,,19,pass,2.3212716579437256,False,41.0
2009,Colt McCoy,Texas,2010,,,16,pass,1.9180207252502441,False,58.0
2009,Colt McCoy,Texas,2010,,,4,pass,-0.4724922180175781,False,62.0
2009,Colt McCoy,Texas,2010,,,16,pass,2.072420358657837,False,68.0
2009,Colt McCoy,Texas,2010,,,0,pass,-0.7734256982803345,False,72.0
2009,Colt McCoy,Texas,2010,,,0,pass,-0.8457109928131104,False,36.0
2009,Colt McCoy,Texas,2010,,,16,pass,1.54585599899292,False,36.0
2009,Colt McCoy,Texas,2010,,,44,pass,2.9170546531677246,False,80.0
2009,Colt McCoy,Texas,2010,,,7,pass,-0.606573224067688,False,84.0
2009,Colt McCoy,Texas,2010,,,6,pass,-0.3173166513442993,False,90.0
2009,Colt McCoy,Texas,2010,,,9,pass,2.0162851810455322,False,86.0
2009,Colt McCoy,Texas,2010,,,11,pass,1.4415618181228638,False,58.0
2009,Colt McCoy,Texas,2010,,,0,pass,-1.3340368270874023,False,27.0
2009,Colt McCoy,Texas,2010,,,10,pass,1.217447280883789,False,39.0
2009,Colt McCoy,Texas,2010,,,-1,pass,-1.0074820518493652,False,29.0
2009,Colt McCoy,Texas,2010,,,5,pass,0.05228304862976074,False,47.0
2009,Colt McCoy,Texas,2010,,,8,pass,0.0018391609191894531,False,69.0
2009,Colt McCoy,Texas,2010,,,0,pass,-1.3738043308258057,False,61.0
2009,Colt McCoy,Texas,2010,,,3,pass,0.9095151424407959,False,82.0
2009,Colt McCoy,Texas,2010,,,6,pass,0.023350000381469727,False,79.0
2009,Colt McCoy,Texas,2010,,,0,pass,-1.6620882749557495,False,46.0
2009,Colt McCoy,Texas,2010,,,0,pass,-0.7842864990234375,False,46.0
2009,Colt McCoy,Texas,2010,,,0,pass,-0.44008874893188477,False,46.0
2009,Colt McCoy,Texas,2010,,,6,pass,0.5287832617759705,False,45.0
2009,Colt McCoy,Texas,2010,,,15,pass,1.0869144201278687,False,39.0
2009,Colt McCoy,Texas,2010,,,5,pass,-0.1564645767211914,False,58.0
2009,Colt McCoy,Texas,2010,,,7,pass,0.020826637744903564,False,65.0
2009,Colt McCoy,Texas,2010,,,9,pass,2.7256369590759277,False,27.0
2009,Colt McCoy,Texas,2010,,,3,pass,-0.2649393081665039,False,30.0
2009,Colt McCoy,Texas,2010,,,7,pass,2.3770833015441895,True,7.0
2009,Colt McCoy,Texas,2010,,,0,pass,1.1957988739013672,False,15.0
2009,Colt McCoy,Texas,2010,,,8,pass,0.4627242088317871,False,53.0
2009,Colt McCoy,Texas,2010,,,2,pass,-1.5498170852661133,False,47.0
2009,Colt McCoy,Texas,2010,,,12,pass,1.8197628259658813,False,59.0
2009,Colt McCoy,Texas,2010,,,0,pass,-0.5247178077697754,False,63.0
2009,Colt McCoy,Texas,2010,,,10,pass,0.43999147415161133,False,73.0
2009,Colt McCoy,Texas,2010,,,7,pass,0.7829265594482422,False,13.0
2009,Colt McCoy,Texas,2010,,,21,pass,2.204822540283203,False,39.0
2009,Colt McCoy,Texas,2010,,,0,pass,-1.7910023927688599,False,74.0
2009,Colt McCoy,Texas,2010,,,0,pass,-0.8973708152770996,False,74.0
2009,Colt McCoy,Texas,2010,,,6,pass,0.18572843074798584,False,80.0
2009,Colt McCoy,Texas,2010,,,3,pass,1.895155429840088,True,3.0
2009,Colt McCoy,Texas,2010,,,0,pass,-1.6544609069824219,False,3.0
2009,Colt McCoy,Texas,2010,,,22,pass,2.6099045276641846,False,28.0
2009,Colt McCoy,Texas,2010,,,3,pass,-0.392350435256958,False,31.0
2009,Colt McCoy,Texas,2010,,,10,pass,1.6296459436416626,False,79.0
2009,Colt McCoy,Texas,2010,,,5,pass,0.07030725479125977,False,32.0
2009,Colt McCoy,Texas,2010,,,8,pass,0.35543036460876465,False,43.0
2009,Colt McCoy,Texas,2010,,,13,pass,0.9787137508392334,False,56.0
2009,Colt McCoy,Texas,2010,,,2,pass,-0.33327150344848633,False,58.0
2009,Colt McCoy,Texas,2010,,,12,pass,1.5810270309448242,True,12.0
2009,Colt McCoy,Texas,2010,,,5,pass,0.48796701431274414,False,17.0
2009,Colt McCoy,Texas,2010,,,17,pass,1.34086012840271,False,42.0
2009,Colt McCoy,Texas,2010,,,0,pass,-1.500490427017212,False,18.0
2009,Colt McCoy,Texas,2010,,,0,pass,-0.8044085502624512,False,18.0
2009,Colt McCoy,Texas,2010,,,6,pass,1.4304490089416504,False,24.0
2009,Colt McCoy,Texas,2010,,,6,pass,-0.2471752166748047,False,43.0
2009,Colt McCoy,Texas,2010,,,0,pass,-1.1546616554260254,False,40.0
2009,Colt McCoy,Texas,2010,,,0,pass,-0.9213006496429443,False,55.0
2009,Colt McCoy,Texas,2010,,,4,pass,-0.24092555046081543,False,67.0
2009,Colt McCoy,Texas,2010,,,68,pass,3.054447889328003,True,68.0
2009,Colt McCoy,Texas,2010,,,6,pass,0.27684950828552246,False,42.0
2009,Colt McCoy,Texas,2010,,,6,pass,-3.9199373722076416,False,63.0
2009,Colt McCoy,Texas,2010,,,13,pass,0.2539178729057312,False,59.0
2009,Colt McCoy,Texas,2010,,,2,pass,-0.4155774712562561,False,61.0
2009,Colt McCoy,Texas,2010,,,14,pass,1.7022175788879395,False,24.0
2009,Colt McCoy,Texas,2010,,,0,pass,-0.479428768157959,False,24.0
2009,Colt McCoy,Texas,2010,,,2,pass,-0.5212607383728027,False,28.0
2009,Colt McCoy,Texas,2010,,,12,pass,0.6050832271575928,False,46.0
2009,Colt McCoy,Texas,2010,,,13,pass,0.5139458179473877,False,59.0
2009,Colt McCoy,Texas,2010,,,0,pass,-1.7855042219161987,False,32.0
2009,Colt McCoy,Texas,2010,,,3,pass,-0.5620145797729492,False,35.0
2009,Colt McCoy,Texas,2010,,,38,pass,3.0759243965148926,True,38.0
2009,Colt McCoy,Texas,2010,,,9,pass,0.8284852504730225,False,55.0
2009,Colt McCoy,Texas,2010,,,16,pass,1.83291494846344,False,71.0
2009,Colt McCoy,Texas,2010,,,0,pass,-6.090883255004883,False,47.0
2009,Colt McCoy,Texas,2010,,,11,pass,2.0702199935913086,False,58.0
2009,Colt McCoy,Texas,2010,,,0,pass,-0.528423547744751,False,59.0
2009,Colt McCoy,Texas,2010,,,15,pass,1.048926830291748,False,74.0
2009,Colt McCoy,Texas,2010,,,5,pass,0.0035920143127441406,False,79.0
2009,Colt McCoy,Texas,2010,,,41,pass,4.339632034301758,True,41.0
2009,Colt McCoy,Texas,2010,,,2,pass,-0.3812141418457031,False,42.0
2009,Colt McCoy,Texas,2010,,,34,pass,2.5083138942718506,False,76.0
2009,Colt McCoy,Texas,2010,,,0,pass,-1.7411277294158936,False,55.0
2009,Colt McCoy,Texas,2010,,,6,pass,0.14841556549072266,False,63.0
2009,Colt McCoy,Texas,2010,,,2,pass,-0.7146251201629639,False,57.0
2009,Colt McCoy,Texas,2010,,,15,pass,0.5962594151496887,False,80.0
2009,Colt McCoy,Texas,2010,,,47,pass,5.432954788208008,True,47.0
2009,Colt McCoy,Texas,2010,,,0,pass,-1.0695699453353882,False,47.0
2009,Colt McCoy,Texas,2010,,,0,pass,-1.2231872081756592,False,92.0
2009,Colt McCoy,Texas,2010,,,0,pass,-1.032728672027588,False,92.0
2009,Colt McCoy,Texas,2010,,,0,pass,-1.263496994972229,False,78.0
2009,Colt McCoy,Texas,2010,,,0,pass,-0.6326339244842529,False,80.0
2009,Colt McCoy,Texas,2010,,,2,pass,-0.8639867305755615,False,52.0
2009,Colt McCoy,Texas,2010,,,7,pass,0.12665462493896484,False,50.0
2009,Colt McCoy,Texas,2010,,,9,pass,2.0171403884887695,False,61.0
2009,Colt McCoy,Texas,2010,,,2,pass,-0.7927724123001099,False,63.0
2009,Colt McCoy,Texas,2010,,,5,pass,2.7945351600646973,True,5.0
2009,Colt McCoy,Texas,2010,,,0,pass,-0.993128776550293,False,5.0
2009,Colt McCoy,Texas,2010,,,16,pass,1.426072597503662,False,21.0
2009,Colt McCoy,Texas,2010,,,22,pass,2.21793794631958,False,50.0
2009,Colt McCoy,Texas,2010,,,7,pass,0.3200569152832031,False,64.0
2009,Colt McCoy,Texas,2010,,,0,pass,-1.5204486846923828,False,8.0
2009,Colt McCoy,Texas,2010,,,45,pass,3.515477180480957,False,86.0
2009,Colt McCoy,Texas,2010,,,12,pass,0.637183666229248,False,41.0
2009,Colt McCoy,Texas,2010,,,0,pass,-0.49454283714294434,False,29.0
2009,Colt McCoy,Texas,2010,,,0,pass,-0.4833585023880005,False,75.0
2009,Colt McCoy,Texas,2010,,,28,pass,2.10776948928833,False,75.0
2009,Colt McCoy,Texas,2010,,,0,pass,-0.7304825782775879,False,41.0
2009,Colt McCoy,Texas,2010,,,0,pass,-1.8076567649841309,False,41.0
2009,Colt McCoy,Texas,2010,,,7,pass,0.48475003242492676,False,73.0
2009,Colt McCoy,Texas,2010,,,8,pass,0.6594069004058838,False,91.0
2009,Colt McCoy,Texas,2010,,,14,pass,2.6880593299865723,True,14.0
2009,Colt McCoy,Texas,2010,,,0,pass,-0.6242122650146484,False,45.0
2009,Colt McCoy,Texas,2010,,,5,pass,-0.17105484008789062,False,45.0
2009,Colt McCoy,Texas,2010,,,12,pass,2.2112789154052734,False,40.0
2009,Colt McCoy,Texas,2010,,,0,pass,-0.8951476812362671,False,55.0
2009,Colt McCoy,Texas,2010,,,6,pass,0.4647984504699707,False,28.0
2009,Colt McCoy,Texas,2010,,,5,pass,-0.7741280794143677,False,41.0
2009,Colt McCoy,Texas,2010,,,-1,pass,-1.4509364366531372,False,40.0
2009,Colt McCoy,Texas,2010,,,13,pass,0.9136027693748474,False,63.0
2009,Colt McCoy,Texas,2010,,,0,pass,-0.6767740249633789,False,40.0
2009,Colt McCoy,Texas,2010,,,4,pass,-0.2382802963256836,False,81.0
2009,Colt McCoy,Texas,2010,,,0,pass,-1.0939407348632812,False,29.0
2009,Colt McCoy,Texas,2010,,,0,pass,-0.9320676326751709,False,26.0
2009,Colt McCoy,Texas,2010,,,19,pass,0.9320676326751709,False,60.0
2009,Colt McCoy,Texas,2010,,,2,pass,-0.3371708393096924,False,36.0
2009,Colt McCoy,Texas,2010,,,2,pass,-0.16586852073669434,False,38.0
2009,Colt McCoy,Texas,2010,,,6,pass,1.0830777883529663,False,44.0
2009,Colt McCoy,Texas,2010,,,20,pass,2.9799442291259766,False,70.0
2009,Colt McCoy,Texas,2010,,,0,pass,-0.8634220361709595,False,70.0
2009,Colt McCoy,Texas,2010,,,0,pass,-1.3242299556732178,False,64.0
2009,Colt McCoy,Texas,2010,,,16,pass,1.2957422733306885,False,80.0
2009,Colt McCoy,Texas,2010,,,4,pass,-0.3134620189666748,False,84.0
2009,Colt McCoy,Texas,2010,,,15,pass,2.7052321434020996,False,99.0
2009,Colt McCoy,Texas,2010,,,0,pass,-1.061129093170166,False,80.0
2009,Colt McCoy,Texas,2010,,,0,pass,-0.8914206027984619,False,75.0
2009,Colt McCoy,Texas,2010,,,0,pass,-0.5999038815498352,False,75.0
2009,Colt McCoy,Texas,2010,,,3,pass,-0.35089612007141113,False,25.0
2009,Colt McCoy,Texas,2010,,,0,pass,-3.348701000213623,False,28.0
2009,Colt McCoy,Texas,2010,,,0,pass,-1.0616769790649414,False,76.0
2009,Colt McCoy,Texas,2010,,,12,pass,2.4661173820495605,False,57.0
2009,Colt McCoy,Texas,2010,,,14,pass,0.4174596071243286,False,71.0
2009,Colt McCoy,Texas,2010,,,0,pass,-0.4569889008998871,False,68.0
2009,Colt McCoy,Texas,2010,,,0,pass,-1.3770058155059814,False,15.0
2009,Colt McCoy,Texas,2010,,,16,pass,1.4619157314300537,False,31.0
2009,Colt McCoy,Texas,2010,,,13,pass,1.7200554609298706,False,46.0
2009,Colt McCoy,Texas,2010,,,0,pass,-1.808207392692566,False,53.0
2009,Colt McCoy,Texas,2010,,,0,pass,-2.4818150997161865,False,59.0
2009,Colt McCoy,Texas,2010,,,8,pass,0.5917503833770752,False,67.0
2009,Colt McCoy,Texas,2010,,,7,pass,1.7122849225997925,False,74.0
2009,Colt McCoy,Texas,2010,,,0,pass,-0.9026735424995422,False,74.0
2009,Colt McCoy,Texas,2010,,,-4,pass,-2.2869534492492676,False,66.0
2009,Colt McCoy,Texas,2010,,,0,pass,-0.9115563631057739,False,85.0
2009,Colt McCoy,Texas,2010,,,-2,pass,-0.9916393756866455,False,83.0
2009,Colt McCoy,Texas,2010,,,0,pass,-0.7176020741462708,False,83.0
2009,Colt McCoy,Texas,2010,,,0,pass,-0.8188415765762329,False,77.0
2009,Colt McCoy,Texas,2010,,,4,pass,-0.3992418646812439,False,79.0
2009,Colt McCoy,Texas,2010,,,0,pass,-1.645998477935791,False,75.0
2009,Colt McCoy,Texas,2010,,,4,pass,-0.2278841733932495,False,80.0
2009,Colt McCoy,Texas,2010,,,25,pass,2.3542654514312744,False,90.0
2009,Colt McCoy,Texas,2010,,,4,pass,0.011956930160522461,False,32.0
2009,Colt McCoy,Texas,2010,,,5,pass,0.304750919342041,False,37.0
