season,player_name,college,draft_year,down,distance,yards_gained,play_type,epa,scoring,yards_to_goal
2006,Dan LeFevour,Central Michigan,2010,,,0,pass,-3.08436918258667,False,34.0
2006,Dan LeFevour,Central Michigan,2010,,,0,pass,-0.4533463716506958,False,45.0
2006,Dan LeFevour,Central Michigan,2010,,,4,pass,-0.5321030616760254,False,9.0
2006,Dan LeFevour,Central Michigan,2010,,,10,pass,1.9357502460479736,False,19.0
2006,Dan LeFevour,Central Michigan,2010,,,0,pass,-0.7476050853729248,False,19.0
2006,Dan LeFevour,Central Michigan,2010,,,60,pass,5.102911949157715,False,83.0
2006,Dan LeFevour,Central Michigan,2010,,,0,pass,-0.737052321434021,False,73.0
2006,Dan LeFevour,Central Michigan,2010,,,12,pass,1.1101088523864746,False,25.0
2006,Dan LeFevour,Central Michigan,2010,,,11,pass,0.8711049556732178,False,64.0
2006,Dan LeFevour,Central Michigan,2010,,,11,pass,0.47352296113967896,False,87.0
2006,Dan LeFevour,Central Michigan,2010,,,0,pass,-0.797966480255127,False,92.0
2006,Dan LeFevour,Central Michigan,2010,,,0,pass,-0.759023904800415,False,92.0
2006,Dan LeFevour,Central Michigan,2010,,,13,pass,3.469740629196167,True,13.0
2006,Dan LeFevour,Central Michigan,2010,,,0,pass,-1.5094900131225586,False,9.0
2006,Dan LeFevour,Central Michigan,2010,,,4,pass,-0.09470367431640625,False,13.0
2006,Dan LeFevour,Central Michigan,2010,,,8,pass,0.06514239311218262,False,27.0
2006,Dan LeFevour,Central Michigan,2010,,,0,pass,-0.8718194961547852,False,27.0
2006,Dan LeFevour,Central Michigan,2010,,,0,pass,-0.5857737064361572,False,27.0
2006,Dan LeFevour,Central Michigan,2010,,,14,pass,-0.3256213665008545,False,86.0
2006,Dan LeFevour,Central Michigan,2010,,,0,pass,-0.8569989204406738,False,76.0
2006,Dan LeFevour,Central Michigan,2010,,,5,pass,-0.25167226791381836,False,73.0
2006,Dan LeFevour,Central Michigan,2010,,,8,pass,0.6189882755279541,False,76.0
2006,Dan LeFevour,Central Michigan,2010,,,0,pass,-0.6722886562347412,False,76.0
2006,Dan LeFevour,Central Michigan,2010,,,0,pass,-1.1589332818984985,False,61.0
2006,Dan LeFevour,Central Michigan,2010,,,0,pass,-0.36480778455734253,False,61.0
2006,Dan LeFevour,Central Michigan,2010,,,13,pass,0.8797289133071899,False,76.0
2006,Dan LeFevour,Central Michigan,2010,,,0,pass,-2.3427553176879883,False,73.0
2006,Dan LeFevour,Central Michigan,2010,,,0,pass,-1.8767943382263184,False,45.0
2006,Dan LeFevour,Central Michigan,2010,,,2,pass,-0.4899783134460449,False,47.0
2006,Dan LeFevour,Central Michigan,2010,,,10,pass,0.8107526302337646,False,72.0
2006,Dan LeFevour,Central Michigan,2010,,,7,pass,1.500063180923462,False,74.0
2006,Dan LeFevour,Central Michigan,2010,,,17,pass,1.2836577892303467,False,75.0
2006,Dan LeFevour,Central Michigan,2010,,,2,pass,-1.1343516111373901,False,60.0
2006,Dan LeFevour,Central Michigan,2010,,,0,pass,-0.8707265853881836,False,60.0
2006,Dan LeFevour,Central Michigan,2010,,,7,pass,0.40549325942993164,False,67.0
2006,Dan LeFevour,Central Michigan,2010,,,7,pass,1.0299978256225586,False,74.0
2006,Dan LeFevour,Central Michigan,2010,,,1,pass,-0.48165860772132874,False,71.0
2006,Dan LeFevour,Central Michigan,2010,,,0,pass,-0.5289832353591919,False,71.0
2006,Dan LeFevour,Central Michigan,2010,,,3,pass,2.7078652381896973,True,3.0
2006,Dan LeFevour,Central Michigan,2010,,,14,pass,4.682662487030029,False,19.0
2006,Dan LeFevour,Central Michigan,2010,,,0,pass,-1.5003294944763184,False,19.0
2006,Dan LeFevour,Central Michigan,2010,,,0,pass,-1.5152103900909424,False,59.0
2006,Dan LeFevour,Central Michigan,2010,,,8,pass,0.9506271481513977,False,67.0
2006,Dan LeFevour,Central Michigan,2010,,,0,pass,-0.5781710147857666,False,91.0
2006,Dan LeFevour,Central Michigan,2010,,,5,pass,-0.26726412773132324,False,96.0
2006,Dan LeFevour,Central Michigan,2010,,,0,pass,-1.5507999658584595,False,80.0
2006,Dan LeFevour,Central Michigan,2010,,,0,pass,-0.911290168762207,False,79.0
2006,Dan LeFevour,Central Michigan,2010,,,0,pass,-0.5074692964553833,False,79.0
2006,Dan LeFevour,Central Michigan,2010,,,0,pass,1.0833492279052734,False,34.0
2006,Dan LeFevour,Central Michigan,2010,,,0,pass,-1.7053673267364502,False,34.0
2006,Dan LeFevour,Central Michigan,2010,,,3,pass,-0.2268075942993164,False,37.0
2006,Dan LeFevour,Central Michigan,2010,,,1,pass,-0.6064307689666748,False,53.0
2006,Dan LeFevour,Central Michigan,2010,,,0,pass,-3.254504442214966,False,11.0
2006,Dan LeFevour,Central Michigan,2010,,,8,pass,0.20781058073043823,False,44.0
2006,Dan LeFevour,Central Michigan,2010,,,0,pass,-0.46155381202697754,False,55.0
2006,Dan LeFevour,Central Michigan,2010,,,38,pass,6.397218704223633,True,38.0
2006,Dan LeFevour,Central Michigan,2010,,,0,pass,-2.084379196166992,False,37.0
2006,Dan LeFevour,Central Michigan,2010,,,15,pass,2.0763168334960938,False,52.0
2006,Dan LeFevour,Central Michigan,2010,,,0,pass,-0.39519640803337097,False,52.0
2006,Dan LeFevour,Central Michigan,2010,,,13,pass,0.8010927438735962,False,65.0
2006,Dan LeFevour,Central Michigan,2010,,,-1,pass,-1.0743002891540527,False,86.0
2006,Dan LeFevour,Central Michigan,2010,,,0,pass,-0.8188834190368652,False,86.0
2006,Dan LeFevour,Central Michigan,2010,,,0,pass,-8.225467681884766,False,14.0
2006,Dan LeFevour,Central Michigan,2010,,,0,pass,-0.6572649478912354,False,39.0
2006,Dan LeFevour,Central Michigan,2010,,,5,pass,1.3329393863677979,False,44.0
2006,Dan LeFevour,Central Michigan,2010,,,7,pass,0.20397698879241943,False,51.0
2006,Dan LeFevour,Central Michigan,2010,,,0,pass,-0.573212742805481,False,51.0
2006,Dan LeFevour,Central Michigan,2010,,,8,pass,1.028984785079956,False,59.0
2006,Dan LeFevour,Central Michigan,2010,,,9,pass,0.6168510913848877,False,57.0
2006,Dan LeFevour,Central Michigan,2010,,,0,pass,-1.697928786277771,False,92.0
2006,Dan LeFevour,Central Michigan,2010,,,5,pass,-0.4490259885787964,False,81.0
2006,Dan LeFevour,Central Michigan,2010,,,12,pass,0.9376068115234375,False,15.0
2006,Dan LeFevour,Central Michigan,2010,,,15,pass,0.3799271583557129,False,41.0
2006,Dan LeFevour,Central Michigan,2010,,,10,pass,1.810162901878357,False,60.0
2006,Dan LeFevour,Central Michigan,2010,,,20,pass,1.4063739776611328,False,82.0
2006,Dan LeFevour,Central Michigan,2010,,,-4,pass,-1.2381459474563599,False,85.0
2006,Dan LeFevour,Central Michigan,2010,,,6,pass,-0.16657724976539612,False,74.0
2006,Dan LeFevour,Central Michigan,2010,,,2,pass,1.4212713241577148,True,2.0
2006,Dan LeFevour,Central Michigan,2010,,,8,pass,0.1011514663696289,False,10.0
2006,Dan LeFevour,Central Michigan,2010,,,24,pass,1.8367412090301514,False,32.0
2006,Dan LeFevour,Central Michigan,2010,,,23,pass,1.8828845024108887,False,45.0
2006,Dan LeFevour,Central Michigan,2010,,,25,pass,2.5466394424438477,False,65.0
2006,Dan LeFevour,Central Michigan,2010,,,5,pass,0.17838340997695923,False,70.0
2006,Dan LeFevour,Central Michigan,2010,,,2,pass,-0.5674266219139099,False,72.0
2006,Dan LeFevour,Central Michigan,2010,,,0,pass,-1.6642951965332031,False,58.0
2006,Dan LeFevour,Central Michigan,2010,,,3,pass,-0.3690882921218872,False,61.0
2006,Dan LeFevour,Central Michigan,2010,,,0,pass,-1.1314929723739624,False,89.0
2006,Dan LeFevour,Central Michigan,2010,,,0,pass,-2.6917781829833984,False,35.0
2006,Dan LeFevour,Central Michigan,2010,,,0,pass,-1.6324265003204346,False,35.0
2006,Dan LeFevour,Central Michigan,2010,,,9,pass,1.0531998872756958,False,74.0
2006,Dan LeFevour,Central Michigan,2010,,,6,pass,0.07126110792160034,False,80.0
2006,Dan LeFevour,Central Michigan,2010,,,4,pass,-0.255207896232605,False,68.0
2006,Dan LeFevour,Central Michigan,2010,,,0,pass,-0.9163431525230408,False,83.0
2006,Dan LeFevour,Central Michigan,2010,,,7,pass,0.192029669880867,False,90.0
2006,Dan LeFevour,Central Michigan,2010,,,0,pass,-1.7014029026031494,False,54.0
2006,Dan LeFevour,Central Michigan,2010,,,7,pass,0.6885294914245605,False,61.0
2006,Dan LeFevour,Central Michigan,2010,,,0,pass,-0.6849006414413452,False,80.0
2006,Dan LeFevour,Central Michigan,2010,,,18,pass,3.439100742340088,False,84.0
2006,Dan LeFevour,Central Michigan,2010,,,0,pass,-1.3355907201766968,False,78.0
2006,Dan LeFevour,Central Michigan,2010,,,10,pass,0.5195170640945435,False,87.0
2006,Dan LeFevour,Central Michigan,2010,,,1,pass,-1.131925106048584,False,54.0
2006,Dan LeFevour,Central Michigan,2010,,,6,pass,0.6575222015380859,False,9.0
2006,Dan LeFevour,Central Michigan,2010,,,30,pass,2.3847453594207764,False,47.0
2006,Dan LeFevour,Central Michigan,2010,,,19,pass,0.8963735103607178,False,64.0
2006,Dan LeFevour,Central Michigan,2010,,,30,pass,1.8899438381195068,False,68.0
2006,Dan LeFevour,Central Michigan,2010,,,23,pass,3.309652805328369,True,23.0
2006,Dan LeFevour,Central Michigan,2010,,,10,pass,1.4117350578308105,False,33.0
2006,Dan LeFevour,Central Michigan,2010,,,20,pass,3.2519164085388184,True,20.0
2006,Dan LeFevour,Central Michigan,2010,,,6,pass,0.037142276763916016,False,31.0
2006,Dan LeFevour,Central Michigan,2010,,,5,pass,0.9811623096466064,False,25.0
2006,Dan LeFevour,Central Michigan,2010,,,0,pass,-0.6494519710540771,False,31.0
2006,Dan LeFevour,Central Michigan,2010,,,8,pass,0.7057334184646606,False,62.0
2006,Dan LeFevour,Central Michigan,2010,,,4,pass,0.04187062382698059,False,81.0
2006,Dan LeFevour,Central Michigan,2010,,,6,pass,0.49067068099975586,False,46.0
2006,Dan LeFevour,Central Michigan,2010,,,7,pass,1.179943561553955,False,53.0
2006,Dan LeFevour,Central Michigan,2010,,,9,pass,0.8970603346824646,False,62.0
2006,Dan LeFevour,Central Michigan,2010,,,20,pass,3.3500752449035645,False,82.0
2006,Dan LeFevour,Central Michigan,2010,,,0,pass,-1.6665772199630737,False,74.0
2006,Dan LeFevour,Central Michigan,2010,,,0,pass,-0.7964258193969727,False,26.0
2006,Dan LeFevour,Central Michigan,2010,,,48,pass,4.218491077423096,False,76.0
2006,Dan LeFevour,Central Michigan,2010,,,6,pass,-0.6926740407943726,False,53.0
2006,Dan LeFevour,Central Michigan,2010,,,8,pass,0.1439412236213684,False,61.0
2006,Dan LeFevour,Central Michigan,2010,,,4,pass,-0.5059332251548767,False,71.0
2006,Dan LeFevour,Central Michigan,2010,,,1,pass,1.5301421880722046,False,69.0
2006,Dan LeFevour,Central Michigan,2010,,,7,pass,-1.2372441291809082,False,8.0
2006,Dan LeFevour,Central Michigan,2010,,,0,pass,-1.302516222000122,False,48.0
2006,Dan LeFevour,Central Michigan,2010,,,11,pass,1.3871991634368896,False,81.0
2006,Dan LeFevour,Central Michigan,2010,,,13,pass,1.7043285369873047,False,16.0
2006,Dan LeFevour,Central Michigan,2010,,,19,pass,3.448624610900879,False,35.0
2006,Dan LeFevour,Central Michigan,2010,,,1,pass,-1.0805689096450806,False,36.0
2006,Dan LeFevour,Central Michigan,2010,,,11,pass,1.2700600624084473,False,43.0
2006,Dan LeFevour,Central Michigan,2010,,,13,pass,1.6802518367767334,False,68.0
2006,Dan LeFevour,Central Michigan,2010,,,9,pass,0.670099139213562,False,77.0
2006,Dan LeFevour,Central Michigan,2010,,,0,pass,-0.8173477649688721,False,36.0
2006,Dan LeFevour,Central Michigan,2010,,,22,pass,1.1533702611923218,False,59.0
2006,Dan LeFevour,Central Michigan,2010,,,0,pass,-0.28399646282196045,False,59.0
2006,Dan LeFevour,Central Michigan,2010,,,0,pass,-0.7115628719329834,False,17.0
2006,Dan LeFevour,Central Michigan,2010,,,0,pass,-2.9056437015533447,False,2.0
2006,Dan LeFevour,Central Michigan,2010,,,5,pass,0.02699565887451172,False,48.0
2006,Dan LeFevour,Central Michigan,2010,,,9,pass,1.9048675298690796,False,57.0
2006,Dan LeFevour,Central Michigan,2010,,,0,pass,-0.8940862417221069,False,57.0
2006,Dan LeFevour,Central Michigan,2010,,,14,pass,2.4322733879089355,False,49.0
2006,Dan LeFevour,Central Michigan,2010,,,8,pass,-0.09700751304626465,False,60.0
2006,Dan LeFevour,Central Michigan,2010,,,12,pass,1.3846877813339233,False,62.0
2006,Dan LeFevour,Central Michigan,2010,,,0,pass,-0.6706506013870239,False,62.0
2006,Dan LeFevour,Central Michigan,2010,,,0,pass,-1.2911560535430908,False,86.0
2006,Dan LeFevour,Central Michigan,2010,,,0,pass,-0.8393418788909912,False,86.0
2006,Dan LeFevour,Central Michigan,2010,,,2,pass,-0.593672513961792,False,88.0
2006,Dan LeFevour,Central Michigan,2010,,,0,pass,-1.0378905534744263,False,69.0
2006,Dan LeFevour,Central Michigan,2010,,,11,pass,-0.6356064677238464,False,84.0
2006,Dan LeFevour,Central Michigan,2010,,,16,pass,3.2887442111968994,True,16.0
2006,Dan LeFevour,Central Michigan,2010,,,10,pass,1.058030128479004,False,30.0
2006,Dan LeFevour,Central Michigan,2010,,,23,pass,2.2019801139831543,False,60.0
2006,Dan LeFevour,Central Michigan,2010,,,0,pass,-0.6782470941543579,False,60.0
2006,Dan LeFevour,Central Michigan,2010,,,88,pass,6.658814907073975,True,88.0
2006,Dan LeFevour,Central Michigan,2010,,,9,pass,-0.1184844970703125,False,93.0
2006,Dan LeFevour,Central Michigan,2010,,,-4,pass,-1.3158445358276367,False,89.0
2006,Dan LeFevour,Central Michigan,2010,,,0,pass,-0.9635059833526611,False,99.0
2006,Dan LeFevour,Central Michigan,2010,,,0,pass,-1.8105684518814087,False,64.0
2006,Dan LeFevour,Central Michigan,2010,,,0,pass,-0.3501444458961487,False,65.0
2006,Dan LeFevour,Central Michigan,2010,,,8,pass,0.4855685234069824,False,75.0
2006,Dan LeFevour,Central Michigan,2010,,,0,pass,-1.0849626064300537,False,30.0
2006,Dan LeFevour,Central Michigan,2010,,,2,pass,-0.9072380065917969,False,32.0
2006,Dan LeFevour,Central Michigan,2010,,,0,pass,-0.7052953243255615,False,73.0
2006,Dan LeFevour,Central Michigan,2010,,,0,pass,-1.4436464309692383,False,75.0
2006,Dan LeFevour,Central Michigan,2010,,,0,pass,-1.1384875774383545,False,74.0
2006,Dan LeFevour,Central Michigan,2010,,,1,pass,-4.846798419952393,False,33.0
2006,Dan LeFevour,Central Michigan,2010,,,15,pass,1.2992095947265625,False,48.0
2006,Dan LeFevour,Central Michigan,2010,,,2,pass,-0.6505215167999268,False,50.0
2006,Dan LeFevour,Central Michigan,2010,,,25,pass,1.8983335494995117,False,75.0
2006,Dan LeFevour,Central Michigan,2010,,,0,pass,-0.6013140678405762,False,75.0
2006,Dan LeFevour,Central Michigan,2010,,,10,pass,1.1168978214263916,False,85.0
2006,Dan LeFevour,Central Michigan,2010,,,1,pass,-0.7601280212402344,False,86.0
2006,Dan LeFevour,Central Michigan,2010,,,7,pass,0.5934789180755615,False,93.0
2006,Dan LeFevour,Central Michigan,2010,,,5,pass,-0.8519054651260376,False,75.0
2006,Dan LeFevour,Central Michigan,2010,,,0,pass,-0.9008543491363525,False,75.0
2006,Dan LeFevour,Central Michigan,2010,,,3,pass,-0.32410502433776855,False,78.0
2006,Dan LeFevour,Central Michigan,2010,,,7,pass,0.807125449180603,False,85.0
2006,Dan LeFevour,Central Michigan,2010,,,8,pass,0.43969154357910156,False,29.0
2006,Dan LeFevour,Central Michigan,2010,,,28,pass,1.2098581790924072,False,75.0
2006,Dan LeFevour,Central Michigan,2010,,,30,pass,5.331631660461426,True,30.0
2006,Dan LeFevour,Central Michigan,2010,,,0,pass,-0.6035341024398804,False,30.0
2006,Dan LeFevour,Central Michigan,2010,,,15,pass,0.9956032037734985,False,45.0
2006,Dan LeFevour,Central Michigan,2010,,,0,pass,-1.5574034452438354,False,38.0
2006,Dan LeFevour,Central Michigan,2010,,,16,pass,1.6279722452163696,False,54.0
2006,Dan LeFevour,Central Michigan,2010,,,13,pass,0.29095137119293213,False,82.0
2006,Dan LeFevour,Central Michigan,2010,,,0,pass,-1.0402783155441284,False,29.0
2006,Dan LeFevour,Central Michigan,2010,,,13,pass,0.5790548324584961,False,45.0
2006,Dan LeFevour,Central Michigan,2010,,,9,pass,0.19908833503723145,False,59.0
2006,Dan LeFevour,Central Michigan,2010,,,5,pass,0.5178799629211426,False,64.0
2006,Dan LeFevour,Central Michigan,2010,,,30,pass,2.7714176177978516,True,30.0
2006,Dan LeFevour,Central Michigan,2010,,,30,pass,2.261732578277588,True,30.0
2006,Dan LeFevour,Central Michigan,2010,,,26,pass,1.2874784469604492,False,69.0
2006,Dan LeFevour,Central Michigan,2010,,,11,pass,1.5533356666564941,True,11.0
2006,Dan LeFevour,Central Michigan,2010,,,14,pass,0.7170743942260742,False,40.0
2006,Dan LeFevour,Central Michigan,2010,,,6,pass,-2.170417070388794,False,60.0
2006,Dan LeFevour,Central Michigan,2010,,,9,pass,-0.028889894485473633,False,56.0
2006,Dan LeFevour,Central Michigan,2010,,,16,pass,1.8274166584014893,False,39.0
2006,Dan LeFevour,Central Michigan,2010,,,8,pass,0.5276899337768555,False,47.0
2006,Dan LeFevour,Central Michigan,2010,,,-2,pass,-1.1625826358795166,False,45.0
2006,Dan LeFevour,Central Michigan,2010,,,0,pass,-0.3094637989997864,False,56.0
2006,Dan LeFevour,Central Michigan,2010,,,0,pass,-0.2588907480239868,False,56.0
2006,Dan LeFevour,Central Michigan,2010,,,9,pass,0.4307684302330017,False,65.0
2006,Dan LeFevour,Central Michigan,2010,,,2,pass,-0.39136552810668945,False,67.0
2006,Dan LeFevour,Central Michigan,2010,,,1,pass,-0.8596539497375488,False,30.0
2006,Dan LeFevour,Central Michigan,2010,,,6,pass,0.12639617919921875,False,36.0
2006,Dan LeFevour,Central Michigan,2010,,,0,pass,-0.43621253967285156,False,36.0
2006,Dan LeFevour,Central Michigan,2010,,,7,pass,0.3820788860321045,False,62.0
2006,Dan LeFevour,Central Michigan,2010,,,10,pass,1.358668565750122,False,87.0
2006,Dan LeFevour,Central Michigan,2010,,,0,pass,-0.8726300597190857,False,87.0
2006,Dan LeFevour,Central Michigan,2010,,,0,pass,-1.7586085796356201,False,65.0
2006,Dan LeFevour,Central Michigan,2010,,,6,pass,0.03506013751029968,False,71.0
2006,Dan LeFevour,Central Michigan,2010,,,0,pass,-0.9304674863815308,False,83.0
2006,Dan LeFevour,Central Michigan,2010,,,0,pass,-0.9249969720840454,False,83.0
2006,Dan LeFevour,Central Michigan,2010,,,0,pass,-1.0676493644714355,False,40.0
2006,Dan LeFevour,Central Michigan,2010,,,7,pass,2.0091519355773926,False,39.0
2006,Dan LeFevour,Central Michigan,2010,,,7,pass,0.7973754405975342,False,59.0
2006,Dan LeFevour,Central Michigan,2010,,,15,pass,2.8490724563598633,False,78.0
2006,Dan LeFevour,Central Michigan,2010,,,4,pass,-0.5044165253639221,False,82.0
2006,Dan LeFevour,Central Michigan,2010,,,53,pass,3.743685722351074,True,53.0
2006,Dan LeFevour,Central Michigan,2010,,,6,pass,-0.41873645782470703,False,59.0
2006,Dan LeFevour,Central Michigan,2010,,,0,pass,-0.9066019654273987,False,77.0
2006,Dan LeFevour,Central Michigan,2010,,,3,pass,-1.102459192276001,False,11.0
2006,Dan LeFevour,Central Michigan,2010,,,11,pass,0.7397079467773438,False,22.0
2006,Dan LeFevour,Central Michigan,2010,,,38,pass,2.5213279724121094,False,60.0
2006,Dan LeFevour,Central Michigan,2010,,,9,pass,0.8629806637763977,False,69.0
2006,Dan LeFevour,Central Michigan,2010,,,6,pass,1.5975642204284668,False,75.0
2006,Dan LeFevour,Central Michigan,2010,,,5,pass,-0.19035255908966064,False,80.0
2006,Dan LeFevour,Central Michigan,2010,,,1,pass,0.6348152160644531,True,1.0
2006,Dan LeFevour,Central Michigan,2010,,,9,pass,2.2575018405914307,False,21.0
2006,Dan LeFevour,Central Michigan,2010,,,1,pass,-0.6790561676025391,False,24.0
2006,Dan LeFevour,Central Michigan,2010,,,6,pass,0.7837784290313721,False,30.0
2006,Dan LeFevour,Central Michigan,2010,,,10,pass,1.766528844833374,False,40.0
2006,Dan LeFevour,Central Michigan,2010,,,31,pass,2.7653470039367676,False,70.0
2006,Dan LeFevour,Central Michigan,2010,,,5,pass,-0.45598721504211426,False,73.0
2006,Dan LeFevour,Central Michigan,2010,,,0,pass,-0.644227147102356,False,73.0
2006,Dan LeFevour,Central Michigan,2010,,,13,pass,0.7877209186553955,False,86.0
2006,Dan LeFevour,Central Michigan,2010,,,7,pass,0.740053653717041,False,97.0
2006,Dan LeFevour,Central Michigan,2010,,,7,pass,1.1327370405197144,False,71.0
2006,Dan LeFevour,Central Michigan,2010,,,-1,pass,-1.4013168811798096,False,70.0
2006,Dan LeFevour,Central Michigan,2010,,,0,pass,-1.0727248191833496,False,16.0
2006,Dan LeFevour,Central Michigan,2010,,,11,pass,1.430652379989624,False,27.0
2006,Dan LeFevour,Central Michigan,2010,,,12,pass,0.7048461437225342,False,39.0
2006,Dan LeFevour,Central Michigan,2010,,,0,pass,-1.3923277854919434,False,52.0
2006,Dan LeFevour,Central Michigan,2010,,,8,pass,0.35755103826522827,False,60.0
2006,Dan LeFevour,Central Michigan,2010,,,0,pass,-2.2171192169189453,False,37.0
2006,Dan LeFevour,Central Michigan,2010,,,0,pass,-1.1578198671340942,False,37.0
2006,Dan LeFevour,Central Michigan,2010,,,0,pass,-0.8313393592834473,False,27.0
2006,Dan LeFevour,Central Michigan,2010,,,0,pass,-0.675856351852417,False,27.0
2006,Dan LeFevour,Central Michigan,2010,,,5,pass,0.19381271302700043,False,70.0
2006,Dan LeFevour,Central Michigan,2010,,,-4,pass,-6.927640914916992,False,29.0
2006,Dan LeFevour,Central Michigan,2010,,,10,pass,1.430725336074829,False,48.0
2006,Dan LeFevour,Central Michigan,2010,,,0,pass,-1.4623085260391235,False,83.0
2006,Dan LeFevour,Central Michigan,2010,,,8,pass,0.27714526653289795,False,57.0
2006,Dan LeFevour,Central Michigan,2010,,,6,pass,-0.051542460918426514,False,63.0
2006,Dan LeFevour,Central Michigan,2010,,,14,pass,1.316391944885254,False,25.0
2006,Dan LeFevour,Central Michigan,2010,,,35,pass,2.366687536239624,False,60.0
2006,Dan LeFevour,Central Michigan,2010,,,11,pass,1.3909173011779785,True,11.0
2006,Dan LeFevour,Central Michigan,2010,,,68,pass,4.758640766143799,False,79.0
2006,Dan LeFevour,Central Michigan,2010,,,0,pass,-1.52108633518219,False,71.0
2006,Dan LeFevour,Central Michigan,2010,,,11,pass,1.335331916809082,True,11.0
2006,Dan LeFevour,Central Michigan,2010,,,5,pass,-0.2099614143371582,False,16.0
2006,Dan LeFevour,Central Michigan,2010,,,15,pass,2.1602771282196045,False,31.0
2006,Dan LeFevour,Central Michigan,2010,,,3,pass,-0.3070640563964844,False,34.0
2006,Dan LeFevour,Central Michigan,2010,,,24,pass,2.2508885860443115,False,58.0
2006,Dan LeFevour,Central Michigan,2010,,,5,pass,-0.4228191375732422,False,63.0
2006,Dan LeFevour,Central Michigan,2010,,,0,pass,-0.5307226181030273,False,63.0
2006,Dan LeFevour,Central Michigan,2010,,,21,pass,1.226948618888855,False,84.0
2006,Dan LeFevour,Central Michigan,2010,,,73,pass,4.502775192260742,True,73.0
2006,Dan LeFevour,Central Michigan,2010,,,8,pass,0.663383960723877,False,23.0
2006,Dan LeFevour,Central Michigan,2010,,,4,pass,2.123014450073242,True,4.0
2006,Dan LeFevour,Central Michigan,2010,,,24,pass,1.5359063148498535,False,28.0
2006,Dan LeFevour,Central Michigan,2010,,,47,pass,2.8426671028137207,False,50.0
2006,Dan LeFevour,Central Michigan,2010,,,0,pass,-1.4725849628448486,False,41.0
2006,Dan LeFevour,Central Michigan,2010,,,0,pass,-1.603989839553833,False,31.0
2006,Dan LeFevour,Central Michigan,2010,,,8,pass,0.725980281829834,False,53.0
2006,Dan LeFevour,Central Michigan,2010,,,4,pass,-0.2100687026977539,False,57.0
2006,Dan LeFevour,Central Michigan,2010,,,6,pass,0.20308279991149902,False,46.0
2006,Dan LeFevour,Central Michigan,2010,,,22,pass,1.1592376232147217,False,68.0
2006,Dan LeFevour,Central Michigan,2010,,,12,pass,0.6023966073989868,False,80.0
2006,Dan LeFevour,Central Michigan,2010,,,0,pass,-1.027315378189087,False,25.0
2006,Dan LeFevour,Central Michigan,2010,,,0,pass,-1.2004694938659668,False,12.0
2006,Dan LeFevour,Central Michigan,2010,,,36,pass,3.1546096801757812,False,43.0
2006,Dan LeFevour,Central Michigan,2010,,,-2,pass,-1.257904052734375,False,8.0
2006,Dan LeFevour,Central Michigan,2010,,,0,pass,-0.8367323875427246,False,8.0
2006,Dan LeFevour,Central Michigan,2010,,,12,pass,0.2705751657485962,False,61.0
2006,Dan LeFevour,Central Michigan,2010,,,1,pass,-0.4680931568145752,False,47.0
2006,Dan LeFevour,Central Michigan,2010,,,71,pass,4.393615245819092,True,71.0
2006,Dan LeFevour,Central Michigan,2010,,,9,pass,0.7191876173019409,False,80.0
2006,Dan LeFevour,Central Michigan,2010,,,-1,pass,-0.965316891670227,False,92.0
2006,Dan LeFevour,Central Michigan,2010,,,0,pass,-1.5033611059188843,False,63.0
2006,Dan LeFevour,Central Michigan,2010,,,0,pass,-0.9090306758880615,False,63.0
2006,Dan LeFevour,Central Michigan,2010,,,0,pass,-0.5472784042358398,False,63.0
2006,Dan LeFevour,Central Michigan,2010,,,7,pass,0.5195412635803223,False,70.0
2006,Dan LeFevour,Central Michigan,2010,,,6,pass,1.4672298431396484,True,6.0
2006,Dan LeFevour,Central Michigan,2010,,,5,pass,-0.1732468605041504,False,11.0
2006,Dan LeFevour,Central Michigan,2010,,,37,pass,2.119276762008667,False,48.0
2006,Dan LeFevour,Central Michigan,2010,,,7,pass,0.3291163444519043,False,55.0
2006,Dan LeFevour,Central Michigan,2010,,,26,pass,2.5743980407714844,False,89.0
2006,Dan LeFevour,Central Michigan,2010,,,0,pass,-1.8349918127059937,False,73.0
2006,Dan LeFevour,Central Michigan,2010,,,7,pass,0.058824967592954636,False,80.0
2006,Dan LeFevour,Central Michigan,2010,,,0,pass,-0.7594141960144043,False,80.0
2006,Dan LeFevour,Central Michigan,2010,,,0,pass,-0.9371490478515625,False,26.0
2006,Dan LeFevour,Central Michigan,2010,,,0,pass,-0.8416824340820312,False,13.0
2006,Dan LeFevour,Central Michigan,2010,,,0,pass,-0.553351640701294,False,43.0
2006,Dan LeFevour,Central Michigan,2010,,,6,pass,0.5533517599105835,False,64.0
2006,Dan LeFevour,Central Michigan,2010,,,-2,pass,-1.1828869581222534,False,62.0
2006,Dan LeFevour,Central Michigan,2010,,,0,pass,-1.390893578529358,False,96.0
2006,Dan LeFevour,Central Michigan,2010,,,0,pass,-2.209399938583374,False,89.0
2006,Dan LeFevour,Central Michigan,2010,,,5,pass,0.19385337829589844,False,42.0
2006,Dan LeFevour,Central Michigan,2010,,,4,pass,-0.3378629684448242,False,46.0
2006,Dan LeFevour,Central Michigan,2010,,,0,pass,-0.020520031452178955,False,50.0
2006,Dan LeFevour,Central Michigan,2010,,,0,pass,-0.26155439019203186,False,50.0
2006,Dan LeFevour,Central Michigan,2010,,,10,pass,0.1432686448097229,False,62.0
2006,Dan LeFevour,Central Michigan,2010,,,7,pass,-0.2536276578903198,False,48.0
2006,Dan LeFevour,Central Michigan,2010,,,1,pass,-0.724631667137146,False,49.0
2006,Dan LeFevour,Central Michigan,2010,,,0,pass,-0.5510308742523193,False,42.0
2006,Dan LeFevour,Central Michigan,2010,,,6,pass,0.2272787094116211,False,15.0
2006,Dan LeFevour,Central Michigan,2010,,,21,pass,1.1398468017578125,False,51.0
2006,Dan LeFevour,Central Michigan,2010,,,0,pass,-1.3732554912567139,False,55.0
2006,Dan LeFevour,Central Michigan,2010,,,0,pass,-0.5554921627044678,False,53.0
2006,Dan LeFevour,Central Michigan,2010,,,20,pass,0.6475489139556885,False,73.0
2006,Dan LeFevour,Central Michigan,2010,,,6,pass,1.7366855144500732,False,88.0
2006,Dan LeFevour,Central Michigan,2010,,,29,pass,2.857959270477295,True,29.0
2006,Dan LeFevour,Central Michigan,2010,,,0,pass,-0.3335099220275879,False,29.0
2006,Dan LeFevour,Central Michigan,2010,,,7,pass,0.18910884857177734,False,17.0
2006,Dan LeFevour,Central Michigan,2010,,,26,pass,3.2693662643432617,False,53.0
2006,Dan LeFevour,Central Michigan,2010,,,4,pass,-0.32828354835510254,False,57.0
2006,Dan LeFevour,Central Michigan,2010,,,13,pass,-1.7387553453445435,False,69.0
2007,Dan LeFevour,Central Michigan,2010,,,6,pass,0.29441750049591064,False,80.0
2007,Dan LeFevour,Central Michigan,2010,,,5,pass,0.333194375038147,False,74.0
2007,Dan LeFevour,Central Michigan,2010,,,0,pass,-0.4301031827926636,False,43.0
2007,Dan LeFevour,Central Michigan,2010,,,3,pass,-0.5267758965492249,False,43.0
2007,Dan LeFevour,Central Michigan,2010,,,16,pass,2.714742660522461,True,16.0
2007,Dan LeFevour,Central Michigan,2010,,,0,pass,-0.40331733226776123,False,85.0
2007,Dan LeFevour,Central Michigan,2010,,,0,pass,-0.6662459373474121,False,85.0
2007,Dan LeFevour,Central Michigan,2010,,,12,pass,1.8941295146942139,False,85.0
2007,Dan LeFevour,Central Michigan,2010,,,7,pass,0.3308612108230591,False,76.0
2007,Dan LeFevour,Central Michigan,2010,,,2,pass,-0.32499194145202637,False,54.0
2007,Dan LeFevour,Central Michigan,2010,,,0,pass,-0.8473377227783203,False,52.0
2007,Dan LeFevour,Central Michigan,2010,,,0,pass,-0.6270365715026855,False,34.0
2007,Dan LeFevour,Central Michigan,2010,,,7,pass,1.2716472148895264,False,23.0
2007,Dan LeFevour,Central Michigan,2010,,,0,pass,-1.0114755630493164,False,84.0
2007,Dan LeFevour,Central Michigan,2010,,,0,pass,-1.651591420173645,False,50.0
2007,Dan LeFevour,Central Michigan,2010,,,0,pass,-0.7506940364837646,False,60.0
2007,Dan LeFevour,Central Michigan,2010,,,0,pass,-0.7420847415924072,False,60.0
2007,Dan LeFevour,Central Michigan,2010,,,18,pass,1.3309935331344604,False,73.0
2007,Dan LeFevour,Central Michigan,2010,,,0,pass,-0.8216193914413452,False,50.0
2007,Dan LeFevour,Central Michigan,2010,,,2,pass,-0.3777874708175659,False,75.0
2007,Dan LeFevour,Central Michigan,2010,,,13,pass,1.2073719501495361,False,76.0
2007,Dan LeFevour,Central Michigan,2010,,,0,pass,-0.5078166723251343,False,63.0
2007,Dan LeFevour,Central Michigan,2010,,,6,pass,-0.26594430208206177,False,80.0
2007,Dan LeFevour,Central Michigan,2010,,,0,pass,-0.7614474296569824,False,74.0
2007,Dan LeFevour,Central Michigan,2010,,,9,pass,0.9225549101829529,False,69.0
2007,Dan LeFevour,Central Michigan,2010,,,6,pass,0.5317680835723877,False,60.0
2007,Dan LeFevour,Central Michigan,2010,,,7,pass,-0.21952402591705322,False,60.0
2007,Dan LeFevour,Central Michigan,2010,,,0,pass,-1.6467580795288086,False,65.0
2007,Dan LeFevour,Central Michigan,2010,,,45,pass,4.163734436035156,False,80.0
2007,Dan LeFevour,Central Michigan,2010,,,0,pass,-1.0547833442687988,False,35.0
2007,Dan LeFevour,Central Michigan,2010,,,0,pass,-1.9191231727600098,False,35.0
2007,Dan LeFevour,Central Michigan,2010,,,0,pass,-0.6443309783935547,False,66.0
2007,Dan LeFevour,Central Michigan,2010,,,5,pass,-1.0629420280456543,False,66.0
2007,Dan LeFevour,Central Michigan,2010,,,3,pass,-0.4442416727542877,False,78.0
2007,Dan LeFevour,Central Michigan,2010,,,0,pass,-1.066131830215454,False,75.0
2007,Dan LeFevour,Central Michigan,2010,,,0,pass,0.5910230875015259,False,75.0
2007,Dan LeFevour,Central Michigan,2010,,,10,pass,3.00510835647583,True,10.0
2007,Dan LeFevour,Central Michigan,2010,,,18,pass,1.4673078060150146,False,43.0
2007,Dan LeFevour,Central Michigan,2010,,,3,pass,0.10284757614135742,False,19.0
2007,Dan LeFevour,Central Michigan,2010,,,0,pass,-0.7969775199890137,False,10.0
2007,Dan LeFevour,Central Michigan,2010,,,13,pass,2.519331932067871,False,21.0
2007,Dan LeFevour,Central Michigan,2010,,,16,pass,0.7485284805297852,False,37.0
2007,Dan LeFevour,Central Michigan,2010,,,0,pass,-0.6548150777816772,False,63.0
2007,Dan LeFevour,Central Michigan,2010,,,17,pass,1.3739089965820312,False,35.0
2007,Dan LeFevour,Central Michigan,2010,,,6,pass,2.4821066856384277,True,6.0
2007,Dan LeFevour,Central Michigan,2010,,,11,pass,0.17165517807006836,False,34.0
2007,Dan LeFevour,Central Michigan,2010,,,11,pass,0.5706949234008789,False,23.0
2007,Dan LeFevour,Central Michigan,2010,,,0,pass,-0.9171552658081055,False,6.0
2007,Dan LeFevour,Central Michigan,2010,,,0,pass,-1.0527653694152832,False,71.0
2007,Dan LeFevour,Central Michigan,2010,,,13,pass,0.4191138744354248,False,52.0
2007,Dan LeFevour,Central Michigan,2010,,,13,pass,0.8428683280944824,False,39.0
2007,Dan LeFevour,Central Michigan,2010,,,0,pass,-0.5198974609375,False,15.0
2007,Dan LeFevour,Central Michigan,2010,,,0,pass,-0.8811004161834717,False,54.0
2007,Dan LeFevour,Central Michigan,2010,,,6,pass,-0.05249428749084473,False,65.0
2007,Dan LeFevour,Central Michigan,2010,,,6,pass,0.6008758544921875,False,38.0
2007,Dan LeFevour,Central Michigan,2010,,,8,pass,0.6657049655914307,False,32.0
2007,Dan LeFevour,Central Michigan,2010,,,7,pass,0.6341733932495117,False,24.0
2007,Dan LeFevour,Central Michigan,2010,,,0,pass,-0.7310171127319336,False,17.0
2007,Dan LeFevour,Central Michigan,2010,,,0,pass,-1.5325639247894287,False,17.0
2007,Dan LeFevour,Central Michigan,2010,,,10,pass,1.002767562866211,False,44.0
2007,Dan LeFevour,Central Michigan,2010,,,7,pass,0.9496316909790039,False,15.0
2007,Dan LeFevour,Central Michigan,2010,,,23,pass,1.2255687713623047,False,65.0
2007,Dan LeFevour,Central Michigan,2010,,,6,pass,0.2617630958557129,False,42.0
2007,Dan LeFevour,Central Michigan,2010,,,29,pass,2.2470850944519043,False,31.0
2007,Dan LeFevour,Central Michigan,2010,,,11,pass,0.6921319961547852,False,64.0
2007,Dan LeFevour,Central Michigan,2010,,,0,pass,-0.6325359344482422,False,53.0
2007,Dan LeFevour,Central Michigan,2010,,,0,pass,-1.6370823383331299,False,53.0
2007,Dan LeFevour,Central Michigan,2010,,,0,pass,-2.5408272743225098,False,33.0
2007,Dan LeFevour,Central Michigan,2010,,,9,pass,0.6179301738739014,False,39.0
2007,Dan LeFevour,Central Michigan,2010,,,0,pass,-1.7989356517791748,False,30.0
2007,Dan LeFevour,Central Michigan,2010,,,4,pass,-0.5689660310745239,False,37.0
2007,Dan LeFevour,Central Michigan,2010,,,9,pass,0.5808931589126587,False,64.0
2007,Dan LeFevour,Central Michigan,2010,,,12,pass,0.7193104028701782,False,55.0
2007,Dan LeFevour,Central Michigan,2010,,,0,pass,-0.4905526638031006,False,43.0
2007,Dan LeFevour,Central Michigan,2010,,,1,pass,-3.383544445037842,False,7.0
2007,Dan LeFevour,Central Michigan,2010,,,0,pass,-0.5806369781494141,False,35.0
2007,Dan LeFevour,Central Michigan,2010,,,20,pass,2.2851123809814453,False,35.0
2007,Dan LeFevour,Central Michigan,2010,,,7,pass,0.6018304824829102,False,15.0
2007,Dan LeFevour,Central Michigan,2010,,,0,pass,-1.822993516921997,False,7.0
2007,Dan LeFevour,Central Michigan,2010,,,9,pass,0.9686445593833923,False,69.0
2007,Dan LeFevour,Central Michigan,2010,,,0,pass,-1.5872323513031006,False,60.0
2007,Dan LeFevour,Central Michigan,2010,,,9,pass,1.1615403890609741,False,53.0
2007,Dan LeFevour,Central Michigan,2010,,,11,pass,0.888596773147583,False,41.0
2007,Dan LeFevour,Central Michigan,2010,,,17,pass,1.533689022064209,False,30.0
2007,Dan LeFevour,Central Michigan,2010,,,11,pass,1.472031593322754,False,13.0
2007,Dan LeFevour,Central Michigan,2010,,,14,pass,2.2980728149414062,True,14.0
2007,Dan LeFevour,Central Michigan,2010,,,8,pass,0.6009870767593384,False,78.0
2007,Dan LeFevour,Central Michigan,2010,,,31,pass,2.5144312381744385,False,67.0
2007,Dan LeFevour,Central Michigan,2010,,,9,pass,1.3015882968902588,False,36.0
2007,Dan LeFevour,Central Michigan,2010,,,6,pass,0.33417797088623047,False,27.0
2007,Dan LeFevour,Central Michigan,2010,,,0,pass,-0.6129395961761475,False,14.0
2007,Dan LeFevour,Central Michigan,2010,,,0,pass,-0.8655567169189453,False,74.0
2007,Dan LeFevour,Central Michigan,2010,,,8,pass,0.09252715110778809,False,74.0
2007,Dan LeFevour,Central Michigan,2010,,,15,pass,4.496478080749512,True,15.0
2007,Dan LeFevour,Central Michigan,2010,,,10,pass,1.295142650604248,False,72.0
2007,Dan LeFevour,Central Michigan,2010,,,19,pass,3.3833930492401123,False,60.0
2007,Dan LeFevour,Central Michigan,2010,,,0,pass,-0.7499696016311646,False,27.0
2007,Dan LeFevour,Central Michigan,2010,,,5,pass,2.892731189727783,False,18.0
2007,Dan LeFevour,Central Michigan,2010,,,4,pass,-1.5414607524871826,False,13.0
2007,Dan LeFevour,Central Michigan,2010,,,0,pass,-2.032519578933716,False,9.0
2007,Dan LeFevour,Central Michigan,2010,,,0,pass,-0.7738553285598755,False,70.0
2007,Dan LeFevour,Central Michigan,2010,,,0,pass,-3.185519218444824,False,9.0
2007,Dan LeFevour,Central Michigan,2010,,,4,pass,-0.3499864339828491,False,77.0
2007,Dan LeFevour,Central Michigan,2010,,,12,pass,1.4637939929962158,False,73.0
2007,Dan LeFevour,Central Michigan,2010,,,43,pass,2.6442484855651855,False,61.0
2007,Dan LeFevour,Central Michigan,2010,,,0,pass,-0.7832292318344116,False,72.0
2007,Dan LeFevour,Central Michigan,2010,,,0,pass,-0.5647324919700623,False,79.0
2007,Dan LeFevour,Central Michigan,2010,,,0,pass,-0.8199610114097595,False,79.0
2007,Dan LeFevour,Central Michigan,2010,,,2,pass,0.1195378303527832,False,41.0
2007,Dan LeFevour,Central Michigan,2010,,,0,pass,-3.494882106781006,False,32.0
2007,Dan LeFevour,Central Michigan,2010,,,5,pass,0.6824158430099487,False,55.0
2007,Dan LeFevour,Central Michigan,2010,,,5,pass,1.3611903190612793,False,49.0
2007,Dan LeFevour,Central Michigan,2010,,,28,pass,2.7682933807373047,False,44.0
2007,Dan LeFevour,Central Michigan,2010,,,0,pass,-0.6451315879821777,False,16.0
2007,Dan LeFevour,Central Michigan,2010,,,3,pass,-0.409595787525177,False,67.0
2007,Dan LeFevour,Central Michigan,2010,,,8,pass,0.9760371446609497,False,44.0
2007,Dan LeFevour,Central Michigan,2010,,,0,pass,-0.669393002986908,False,52.0
2007,Dan LeFevour,Central Michigan,2010,,,0,pass,-0.9377737045288086,False,52.0
2007,Dan LeFevour,Central Michigan,2010,,,3,pass,-0.33253392577171326,False,69.0
2007,Dan LeFevour,Central Michigan,2010,,,0,pass,-1.7192022800445557,False,61.0
2007,Dan LeFevour,Central Michigan,2010,,,3,pass,-0.6999177932739258,False,98.0
2007,Dan LeFevour,Central Michigan,2010,,,0,pass,-1.068642258644104,False,95.0
2007,Dan LeFevour,Central Michigan,2010,,,12,pass,0.7336292266845703,False,66.0
2007,Dan LeFevour,Central Michigan,2010,,,4,pass,-0.08488953113555908,False,54.0
2007,Dan LeFevour,Central Michigan,2010,,,0,pass,-0.7518025040626526,False,50.0
2007,Dan LeFevour,Central Michigan,2010,,,0,pass,-1.2741268873214722,False,50.0
2007,Dan LeFevour,Central Michigan,2010,,,0,pass,-0.6838302612304688,False,87.0
2007,Dan LeFevour,Central Michigan,2010,,,12,pass,1.167263150215149,False,87.0
2007,Dan LeFevour,Central Michigan,2010,,,4,pass,-0.17003381252288818,False,75.0
2007,Dan LeFevour,Central Michigan,2010,,,11,pass,1.4448308944702148,False,71.0
2007,Dan LeFevour,Central Michigan,2010,,,3,pass,-0.6941346526145935,False,60.0
2007,Dan LeFevour,Central Michigan,2010,,,11,pass,1.736669898033142,False,60.0
2007,Dan LeFevour,Central Michigan,2010,,,0,pass,-0.7014013528823853,False,49.0
2007,Dan LeFevour,Central Michigan,2010,,,2,pass,-0.9349474310874939,False,49.0
2007,Dan LeFevour,Central Michigan,2010,,,6,pass,-0.17687435448169708,False,47.0
2007,Dan LeFevour,Central Michigan,2010,,,0,pass,-3.529667615890503,False,41.0
2007,Dan LeFevour,Central Michigan,2010,,,5,pass,1.6717901229858398,True,5.0
2007,Dan LeFevour,Central Michigan,2010,,,0,pass,-1.8974554538726807,False,57.0
2007,Dan LeFevour,Central Michigan,2010,,,21,pass,2.8653342723846436,False,66.0
2007,Dan LeFevour,Central Michigan,2010,,,1,pass,-0.9327031373977661,False,45.0
2007,Dan LeFevour,Central Michigan,2010,,,0,pass,-1.8147913217544556,False,44.0
2007,Dan LeFevour,Central Michigan,2010,,,3,pass,-0.3299388289451599,False,55.0
2007,Dan LeFevour,Central Michigan,2010,,,8,pass,1.317812204360962,False,52.0
2007,Dan LeFevour,Central Michigan,2010,,,0,pass,-0.682072639465332,False,44.0
2007,Dan LeFevour,Central Michigan,2010,,,16,pass,2.077815532684326,False,44.0
2007,Dan LeFevour,Central Michigan,2010,,,7,pass,0.6128544807434082,False,28.0
2007,Dan LeFevour,Central Michigan,2010,,,0,pass,-2.254396438598633,False,21.0
2007,Dan LeFevour,Central Michigan,2010,,,9,pass,1.056555986404419,False,28.0
2007,Dan LeFevour,Central Michigan,2010,,,9,pass,0.8198719024658203,False,17.0
2007,Dan LeFevour,Central Michigan,2010,,,3,pass,0.1900463104248047,False,8.0
2007,Dan LeFevour,Central Michigan,2010,,,7,pass,-0.023078620433807373,False,90.0
2007,Dan LeFevour,Central Michigan,2010,,,-1,pass,-0.9249242544174194,False,83.0
2007,Dan LeFevour,Central Michigan,2010,,,0,pass,-0.8563687801361084,False,84.0
2007,Dan LeFevour,Central Michigan,2010,,,16,pass,1.0190824270248413,False,65.0
2007,Dan LeFevour,Central Michigan,2010,,,0,pass,-1.4748996496200562,False,52.0
2007,Dan LeFevour,Central Michigan,2010,,,13,pass,0.7328357696533203,False,65.0
2007,Dan LeFevour,Central Michigan,2010,,,0,pass,-0.6087976694107056,False,52.0
2007,Dan LeFevour,Central Michigan,2010,,,0,pass,-0.891722559928894,False,52.0
2007,Dan LeFevour,Central Michigan,2010,,,0,pass,-1.7595018148422241,False,52.0
2007,Dan LeFevour,Central Michigan,2010,,,0,pass,-1.7013124227523804,False,51.0
2007,Dan LeFevour,Central Michigan,2010,,,0,pass,-0.5244748592376709,False,82.0
2007,Dan LeFevour,Central Michigan,2010,,,13,pass,0.07949709892272949,False,82.0
2007,Dan LeFevour,Central Michigan,2010,,,0,pass,-0.9561471939086914,False,79.0
2007,Dan LeFevour,Central Michigan,2010,,,1,pass,-0.7313048243522644,False,79.0
2007,Dan LeFevour,Central Michigan,2010,,,0,pass,-1.1955337524414062,False,88.0
2007,Dan LeFevour,Central Michigan,2010,,,0,pass,-0.5579469203948975,False,68.0
2007,Dan LeFevour,Central Michigan,2010,,,0,pass,-1.0060898065567017,False,73.0
2007,Dan LeFevour,Central Michigan,2010,,,-4,pass,-1.3092994689941406,False,55.0
2007,Dan LeFevour,Central Michigan,2010,,,0,pass,-1.136244773864746,False,59.0
2007,Dan LeFevour,Central Michigan,2010,,,17,pass,2.3958592414855957,False,73.0
2007,Dan LeFevour,Central Michigan,2010,,,4,pass,-1.2808356285095215,False,75.0
2007,Dan LeFevour,Central Michigan,2010,,,20,pass,0.6874995231628418,False,62.0
2007,Dan LeFevour,Central Michigan,2010,,,0,pass,-0.6499767303466797,False,47.0
2007,Dan LeFevour,Central Michigan,2010,,,9,pass,0.14439606666564941,False,47.0
2007,Dan LeFevour,Central Michigan,2010,,,0,pass,-1.6962602138519287,False,38.0
2007,Dan LeFevour,Central Michigan,2010,,,3,pass,-0.3385600447654724,False,76.0
2007,Dan LeFevour,Central Michigan,2010,,,5,pass,-0.1500159502029419,False,80.0
2007,Dan LeFevour,Central Michigan,2010,,,20,pass,1.8475477695465088,False,36.0
2007,Dan LeFevour,Central Michigan,2010,,,0,pass,-1.3306946754455566,False,23.0
2007,Dan LeFevour,Central Michigan,2010,,,9,pass,0.7217206954956055,False,65.0
2007,Dan LeFevour,Central Michigan,2010,,,27,pass,1.8587257862091064,False,99.0
2007,Dan LeFevour,Central Michigan,2010,,,16,pass,0.880497932434082,False,72.0
2007,Dan LeFevour,Central Michigan,2010,,,11,pass,0.5260937213897705,False,56.0
2007,Dan LeFevour,Central Michigan,2010,,,0,pass,-0.7620844841003418,False,37.0
2007,Dan LeFevour,Central Michigan,2010,,,0,pass,-1.6588791608810425,False,37.0
2007,Dan LeFevour,Central Michigan,2010,,,5,pass,2.6792898178100586,False,37.0
2007,Dan LeFevour,Central Michigan,2010,,,0,pass,-0.6879609227180481,False,80.0
2007,Dan LeFevour,Central Michigan,2010,,,16,pass,0.7306537628173828,False,56.0
2007,Dan LeFevour,Central Michigan,2010,,,3,pass,8.063614845275879,False,13.0
2007,Dan LeFevour,Central Michigan,2010,,,9,pass,0.7763848304748535,False,75.0
2007,Dan LeFevour,Central Michigan,2010,,,7,pass,0.9996070861816406,False,60.0
2007,Dan LeFevour,Central Michigan,2010,,,6,pass,0.8106555938720703,True,6.0
2007,Dan LeFevour,Central Michigan,2010,,,0,pass,-0.5817465782165527,False,46.0
2007,Dan LeFevour,Central Michigan,2010,,,43,pass,1.8862524032592773,False,81.0
2007,Dan LeFevour,Central Michigan,2010,,,9,pass,0.5664567947387695,False,38.0
2007,Dan LeFevour,Central Michigan,2010,,,0,pass,-1.008009672164917,False,75.0
2007,Dan LeFevour,Central Michigan,2010,,,0,pass,-1.821389079093933,False,75.0
2007,Dan LeFevour,Central Michigan,2010,,,24,pass,2.1868338584899902,True,24.0
2007,Dan LeFevour,Central Michigan,2010,,,8,pass,1.4948639869689941,False,42.0
2007,Dan LeFevour,Central Michigan,2010,,,39,pass,2.3754000663757324,True,39.0
2007,Dan LeFevour,Central Michigan,2010,,,1,pass,-0.5754585266113281,False,86.0
2007,Dan LeFevour,Central Michigan,2010,,,5,pass,0.33548521995544434,False,80.0
2007,Dan LeFevour,Central Michigan,2010,,,7,pass,0.0684657096862793,False,81.0
2007,Dan LeFevour,Central Michigan,2010,,,20,pass,0.9330090284347534,False,74.0
2007,Dan LeFevour,Central Michigan,2010,,,24,pass,1.1381635665893555,False,54.0
2007,Dan LeFevour,Central Michigan,2010,,,2,pass,1.553969383239746,True,2.0
2007,Dan LeFevour,Central Michigan,2010,,,5,pass,-0.05340540409088135,False,80.0
2007,Dan LeFevour,Central Michigan,2010,,,9,pass,0.8078479766845703,False,24.0
2007,Dan LeFevour,Central Michigan,2010,,,10,pass,0.5232658386230469,False,35.0
2007,Dan LeFevour,Central Michigan,2010,,,21,pass,3.752328872680664,True,21.0
2007,Dan LeFevour,Central Michigan,2010,,,0,pass,-0.5418820381164551,False,56.0
2007,Dan LeFevour,Central Michigan,2010,,,20,pass,1.968004822731018,False,66.0
2007,Dan LeFevour,Central Michigan,2010,,,7,pass,0.3380401134490967,False,46.0
2007,Dan LeFevour,Central Michigan,2010,,,9,pass,-0.0380859375,False,44.0
2007,Dan LeFevour,Central Michigan,2010,,,0,pass,-0.7709574699401855,False,21.0
2007,Dan LeFevour,Central Michigan,2010,,,9,pass,0.7008719444274902,False,69.0
2007,Dan LeFevour,Central Michigan,2010,,,0,pass,-1.842444896697998,False,55.0
2007,Dan LeFevour,Central Michigan,2010,,,6,pass,0.1703733205795288,False,80.0
2007,Dan LeFevour,Central Michigan,2010,,,4,pass,-0.1533801555633545,False,61.0
2007,Dan LeFevour,Central Michigan,2010,,,33,pass,1.8726086616516113,False,45.0
2007,Dan LeFevour,Central Michigan,2010,,,0,pass,-0.5879607200622559,False,12.0
2007,Dan LeFevour,Central Michigan,2010,,,12,pass,1.7308791875839233,False,80.0
2007,Dan LeFevour,Central Michigan,2010,,,6,pass,0.2534538507461548,False,68.0
2007,Dan LeFevour,Central Michigan,2010,,,-3,pass,-1.5561249256134033,False,62.0
2007,Dan LeFevour,Central Michigan,2010,,,5,pass,-1.038115382194519,False,65.0
2007,Dan LeFevour,Central Michigan,2010,,,8,pass,0.14924383163452148,False,54.0
2007,Dan LeFevour,Central Michigan,2010,,,13,pass,1.162078857421875,False,23.0
2007,Dan LeFevour,Central Michigan,2010,,,0,pass,-0.7601280212402344,False,17.0
2007,Dan LeFevour,Central Michigan,2010,,,4,pass,-0.6736185550689697,False,45.0
2007,Dan LeFevour,Central Michigan,2010,,,0,pass,-1.3871246576309204,False,41.0
2007,Dan LeFevour,Central Michigan,2010,,,15,pass,2.81303071975708,True,15.0
2007,Dan LeFevour,Central Michigan,2010,,,-4,pass,-1.4579219818115234,False,17.0
2007,Dan LeFevour,Central Michigan,2010,,,6,pass,0.0958411693572998,False,21.0
2007,Dan LeFevour,Central Michigan,2010,,,8,pass,1.9097328186035156,True,8.0
2007,Dan LeFevour,Central Michigan,2010,,,0,pass,-0.5485763549804688,False,28.0
2007,Dan LeFevour,Central Michigan,2010,,,11,pass,1.2584466934204102,False,28.0
2007,Dan LeFevour,Central Michigan,2010,,,20,pass,1.9659409523010254,False,36.0
2007,Dan LeFevour,Central Michigan,2010,,,8,pass,0.5048975944519043,False,16.0
2007,Dan LeFevour,Central Michigan,2010,,,0,pass,-0.6229934692382812,False,8.0
2007,Dan LeFevour,Central Michigan,2010,,,9,pass,0.9034842252731323,False,65.0
2007,Dan LeFevour,Central Michigan,2010,,,9,pass,0.9847284555435181,False,90.0
2007,Dan LeFevour,Central Michigan,2010,,,0,pass,-0.6164559125900269,False,80.0
2007,Dan LeFevour,Central Michigan,2010,,,6,pass,-0.7887787818908691,False,78.0
2007,Dan LeFevour,Central Michigan,2010,,,12,pass,0.341461181640625,False,35.0
2007,Dan LeFevour,Central Michigan,2010,,,20,pass,-4.320491313934326,False,21.0
2007,Dan LeFevour,Central Michigan,2010,,,0,pass,-0.7419881224632263,False,55.0
2007,Dan LeFevour,Central Michigan,2010,,,5,pass,0.3642531633377075,False,60.0
2007,Dan LeFevour,Central Michigan,2010,,,4,pass,1.2251052856445312,True,4.0
2007,Dan LeFevour,Central Michigan,2010,,,12,pass,2.581713914871216,False,16.0
2007,Dan LeFevour,Central Michigan,2010,,,0,pass,-0.7358405590057373,False,20.0
2007,Dan LeFevour,Central Michigan,2010,,,6,pass,0.4482853412628174,False,27.0
2007,Dan LeFevour,Central Michigan,2010,,,29,pass,4.308670997619629,False,64.0
2007,Dan LeFevour,Central Michigan,2010,,,2,pass,-0.6494386196136475,False,66.0
2007,Dan LeFevour,Central Michigan,2010,,,0,pass,-0.48043107986450195,False,66.0
2007,Dan LeFevour,Central Michigan,2010,,,0,pass,-0.7342235445976257,False,67.0
2007,Dan LeFevour,Central Michigan,2010,,,0,pass,-0.26431649923324585,False,73.0
2007,Dan LeFevour,Central Michigan,2010,,,0,pass,-1.1567788124084473,False,52.0
2007,Dan LeFevour,Central Michigan,2010,,,0,pass,-0.7202832698822021,False,53.0
2007,Dan LeFevour,Central Michigan,2010,,,15,pass,1.006025791168213,False,68.0
2007,Dan LeFevour,Central Michigan,2010,,,12,pass,1.1258971691131592,False,80.0
2007,Dan LeFevour,Central Michigan,2010,,,4,pass,0.07786992192268372,False,73.0
2007,Dan LeFevour,Central Michigan,2010,,,3,pass,-0.4457584023475647,False,76.0
2007,Dan LeFevour,Central Michigan,2010,,,0,pass,-1.0083470344543457,False,71.0
2007,Dan LeFevour,Central Michigan,2010,,,10,pass,0.3566440939903259,False,79.0
2007,Dan LeFevour,Central Michigan,2010,,,14,pass,0.7957242727279663,False,74.0
2007,Dan LeFevour,Central Michigan,2010,,,16,pass,0.5263820290565491,False,78.0
2007,Dan LeFevour,Central Michigan,2010,,,0,pass,-0.6716938018798828,False,70.0
2007,Dan LeFevour,Central Michigan,2010,,,10,pass,0.5773448944091797,False,80.0
2007,Dan LeFevour,Central Michigan,2010,,,9,pass,1.983208179473877,True,9.0
2007,Dan LeFevour,Central Michigan,2010,,,14,pass,1.1034064292907715,False,19.0
2007,Dan LeFevour,Central Michigan,2010,,,15,pass,2.091226816177368,False,34.0
2007,Dan LeFevour,Central Michigan,2010,,,0,pass,-0.6449508666992188,False,43.0
2007,Dan LeFevour,Central Michigan,2010,,,6,pass,1.5901000499725342,False,49.0
2007,Dan LeFevour,Central Michigan,2010,,,4,pass,-0.23302733898162842,False,53.0
2007,Dan LeFevour,Central Michigan,2010,,,14,pass,2.705113649368286,False,68.0
2007,Dan LeFevour,Central Michigan,2010,,,0,pass,-1.0130854845046997,False,68.0
2007,Dan LeFevour,Central Michigan,2010,,,0,pass,-1.7214378118515015,False,68.0
2007,Dan LeFevour,Central Michigan,2010,,,14,pass,1.6747255325317383,False,88.0
2007,Dan LeFevour,Central Michigan,2010,,,2,pass,-1.1300246715545654,False,73.0
2007,Dan LeFevour,Central Michigan,2010,,,11,pass,0.7362816333770752,False,57.0
2007,Dan LeFevour,Central Michigan,2010,,,15,pass,1.9241807460784912,False,24.0
2007,Dan LeFevour,Central Michigan,2010,,,-1,pass,-1.195261001586914,False,9.0
2007,Dan LeFevour,Central Michigan,2010,,,0,pass,-0.39236927032470703,False,10.0
2007,Dan LeFevour,Central Michigan,2010,,,2,pass,-1.390282392501831,False,10.0
2007,Dan LeFevour,Central Michigan,2010,,,0,pass,-0.6197755336761475,False,50.0
2007,Dan LeFevour,Central Michigan,2010,,,0,pass,-0.5704538822174072,False,32.0
2007,Dan LeFevour,Central Michigan,2010,,,17,pass,1.5827276706695557,False,32.0
2007,Dan LeFevour,Central Michigan,2010,,,6,pass,0.26601099967956543,False,71.0
2007,Dan LeFevour,Central Michigan,2010,,,0,pass,-0.7312582731246948,False,65.0
2007,Dan LeFevour,Central Michigan,2010,,,0,pass,-1.8372530937194824,False,64.0
2007,Dan LeFevour,Central Michigan,2010,,,8,pass,0.6129306554794312,False,84.0
2007,Dan LeFevour,Central Michigan,2010,,,15,pass,0.848320484161377,False,76.0
2007,Dan LeFevour,Central Michigan,2010,,,5,pass,-0.06470441818237305,False,19.0
2007,Dan LeFevour,Central Michigan,2010,,,10,pass,-4.891485214233398,False,14.0
2007,Dan LeFevour,Central Michigan,2010,,,9,pass,1.205040693283081,False,62.0
2007,Dan LeFevour,Central Michigan,2010,,,0,pass,-0.7012981176376343,False,53.0
2007,Dan LeFevour,Central Michigan,2010,,,14,pass,2.093813419342041,False,53.0
2007,Dan LeFevour,Central Michigan,2010,,,21,pass,1.3497483730316162,False,39.0
2007,Dan LeFevour,Central Michigan,2010,,,0,pass,-0.9163786172866821,False,25.0
2007,Dan LeFevour,Central Michigan,2010,,,0,pass,-1.5022704601287842,False,7.0
2007,Dan LeFevour,Central Michigan,2010,,,0,pass,-0.6704013347625732,False,70.0
2007,Dan LeFevour,Central Michigan,2010,,,19,pass,1.868910551071167,False,60.0
2007,Dan LeFevour,Central Michigan,2010,,,5,pass,0.006304025650024414,False,41.0
2007,Dan LeFevour,Central Michigan,2010,,,9,pass,0.5617718696594238,False,22.0
2007,Dan LeFevour,Central Michigan,2010,,,23,pass,3.4186887741088867,True,23.0
2007,Dan LeFevour,Central Michigan,2010,,,33,pass,4.1129255294799805,True,33.0
2007,Dan LeFevour,Central Michigan,2010,,,13,pass,1.2861603498458862,False,61.0
2007,Dan LeFevour,Central Michigan,2010,,,9,pass,0.775127649307251,False,48.0
2007,Dan LeFevour,Central Michigan,2010,,,11,pass,1.130624771118164,False,44.0
2007,Dan LeFevour,Central Michigan,2010,,,6,pass,0.6991927623748779,False,29.0
2007,Dan LeFevour,Central Michigan,2010,,,3,pass,-0.28166961669921875,False,23.0
2007,Dan LeFevour,Central Michigan,2010,,,18,pass,-1.4663128852844238,False,20.0
2007,Dan LeFevour,Central Michigan,2010,,,31,pass,2.8623409271240234,True,31.0
2007,Dan LeFevour,Central Michigan,2010,,,0,pass,-0.6397707462310791,False,46.0
2007,Dan LeFevour,Central Michigan,2010,,,15,pass,1.4399333000183105,False,46.0
2007,Dan LeFevour,Central Michigan,2010,,,7,pass,1.0264511108398438,False,14.0
2007,Dan LeFevour,Central Michigan,2010,,,8,pass,0.8319973945617676,False,35.0
2007,Dan LeFevour,Central Michigan,2010,,,0,pass,-0.6004841327667236,False,22.0
2007,Dan LeFevour,Central Michigan,2010,,,39,pass,4.3305463790893555,False,40.0
2007,Dan LeFevour,Central Michigan,2010,,,0,pass,-0.21322166919708252,False,40.0
2007,Dan LeFevour,Central Michigan,2010,,,0,pass,-0.4172874093055725,False,50.0
2007,Dan LeFevour,Central Michigan,2010,,,15,pass,0.5346400737762451,False,65.0
2007,Dan LeFevour,Central Michigan,2010,,,14,pass,1.9386568069458008,True,14.0
2007,Dan LeFevour,Central Michigan,2010,,,27,pass,1.225640058517456,False,41.0
2007,Dan LeFevour,Central Michigan,2010,,,6,pass,0.18678927421569824,False,59.0
2007,Dan LeFevour,Central Michigan,2010,,,7,pass,-0.520147442817688,False,60.0
2007,Dan LeFevour,Central Michigan,2010,,,3,pass,0.6281083822250366,False,76.0
2007,Dan LeFevour,Central Michigan,2010,,,0,pass,-2.038187265396118,False,66.0
2007,Dan LeFevour,Central Michigan,2010,,,14,pass,1.446143388748169,False,36.0
2007,Dan LeFevour,Central Michigan,2010,,,0,pass,-0.601050615310669,False,36.0
2007,Dan LeFevour,Central Michigan,2010,,,9,pass,0.7692699432373047,False,46.0
2007,Dan LeFevour,Central Michigan,2010,,,0,pass,-0.6462163925170898,False,64.0
2007,Dan LeFevour,Central Michigan,2010,,,0,pass,-2.3348782062530518,False,77.0
2007,Dan LeFevour,Central Michigan,2010,,,12,pass,1.2387490272521973,False,15.0
2007,Dan LeFevour,Central Michigan,2010,,,8,pass,0.46384167671203613,False,40.0
2007,Dan LeFevour,Central Michigan,2010,,,0,pass,-0.6230480670928955,False,40.0
2007,Dan LeFevour,Central Michigan,2010,,,0,pass,-0.959793210029602,False,70.0
2007,Dan LeFevour,Central Michigan,2010,,,0,pass,-0.27464425563812256,False,58.0
2007,Dan LeFevour,Central Michigan,2010,,,5,pass,0.07300150394439697,False,63.0
2007,Dan LeFevour,Central Michigan,2010,,,5,pass,-0.0961485505104065,False,72.0
2007,Dan LeFevour,Central Michigan,2010,,,7,pass,0.5089390277862549,False,29.0
2007,Dan LeFevour,Central Michigan,2010,,,20,pass,1.2548130750656128,False,65.0
2007,Dan LeFevour,Central Michigan,2010,,,0,pass,-0.8315346240997314,False,69.0
2007,Dan LeFevour,Central Michigan,2010,,,0,pass,-1.3304654359817505,False,47.0
2007,Dan LeFevour,Central Michigan,2010,,,0,pass,-1.0403586626052856,False,47.0
2007,Dan LeFevour,Central Michigan,2010,,,0,pass,-0.740922212600708,False,47.0
2007,Dan LeFevour,Central Michigan,2010,,,5,pass,0.27114295959472656,False,44.0
2007,Dan LeFevour,Central Michigan,2010,,,11,pass,0.7406508922576904,False,63.0
2007,Dan LeFevour,Central Michigan,2010,,,7,pass,0.47601318359375,False,70.0
2007,Dan LeFevour,Central Michigan,2010,,,7,pass,0.2870504856109619,False,88.0
2007,Dan LeFevour,Central Michigan,2010,,,0,pass,-0.8487251996994019,False,61.0
2007,Dan LeFevour,Central Michigan,2010,,,0,pass,-2.422610282897949,False,61.0
2007,Dan LeFevour,Central Michigan,2010,,,7,pass,0.5525660514831543,False,77.0
2007,Dan LeFevour,Central Michigan,2010,,,0,pass,-2.060591220855713,False,45.0
2007,Dan LeFevour,Central Michigan,2010,,,3,pass,-0.3971221446990967,False,48.0
2007,Dan LeFevour,Central Michigan,2010,,,4,pass,-2.581339120864868,False,52.0
2007,Dan LeFevour,Central Michigan,2010,,,20,pass,2.2924866676330566,True,20.0
2007,Dan LeFevour,Central Michigan,2010,,,2,pass,-0.3844395875930786,False,63.0
2007,Dan LeFevour,Central Michigan,2010,,,0,pass,-0.5686941146850586,False,61.0
2007,Dan LeFevour,Central Michigan,2010,,,11,pass,0.6231703758239746,False,52.0
2007,Dan LeFevour,Central Michigan,2010,,,0,pass,-0.5085544586181641,False,46.0
2007,Dan LeFevour,Central Michigan,2010,,,6,pass,0.3842909336090088,False,41.0
2007,Dan LeFevour,Central Michigan,2010,,,0,pass,-1.4826678037643433,False,35.0
2007,Dan LeFevour,Central Michigan,2010,,,12,pass,1.9775711297988892,False,40.0
2007,Dan LeFevour,Central Michigan,2010,,,8,pass,0.5353214740753174,False,28.0
2007,Dan LeFevour,Central Michigan,2010,,,0,pass,-0.6943953037261963,False,37.0
2007,Dan LeFevour,Central Michigan,2010,,,14,pass,1.7467970848083496,False,80.0
2007,Dan LeFevour,Central Michigan,2010,,,17,pass,0.8941923379898071,False,66.0
2007,Dan LeFevour,Central Michigan,2010,,,9,pass,0.6568021774291992,False,85.0
2007,Dan LeFevour,Central Michigan,2010,,,14,pass,1.859634518623352,False,60.0
2007,Dan LeFevour,Central Michigan,2010,,,-3,pass,-1.503382921218872,False,46.0
2007,Dan LeFevour,Central Michigan,2010,,,6,pass,-0.015597045421600342,False,49.0
2007,Dan LeFevour,Central Michigan,2010,,,12,pass,2.7408573627471924,False,43.0
2007,Dan LeFevour,Central Michigan,2010,,,0,pass,-1.2469573020935059,False,5.0
2007,Dan LeFevour,Central Michigan,2010,,,0,pass,-2.501552104949951,False,4.0
2007,Dan LeFevour,Central Michigan,2010,,,30,pass,3.8905386924743652,True,30.0
2007,Dan LeFevour,Central Michigan,2010,,,0,pass,-0.5278481245040894,False,53.0
2007,Dan LeFevour,Central Michigan,2010,,,45,pass,3.431304454803467,False,53.0
2007,Dan LeFevour,Central Michigan,2010,,,21,pass,1.248478651046753,False,57.0
2007,Dan LeFevour,Central Michigan,2010,,,0,pass,-0.5903244018554688,False,36.0
2007,Dan LeFevour,Central Michigan,2010,,,6,pass,0.16280651092529297,False,36.0
2007,Dan LeFevour,Central Michigan,2010,,,10,pass,0.6653473377227783,False,39.0
2007,Dan LeFevour,Central Michigan,2010,,,0,pass,-0.93965744972229,False,29.0
2007,Dan LeFevour,Central Michigan,2010,,,0,pass,-1.3935041427612305,False,29.0
2007,Dan LeFevour,Central Michigan,2010,,,11,pass,3.4650046825408936,False,29.0
2007,Dan LeFevour,Central Michigan,2010,,,0,pass,-1.1653387546539307,False,17.0
2007,Dan LeFevour,Central Michigan,2010,,,10,pass,0.9726294279098511,False,86.0
2007,Dan LeFevour,Central Michigan,2010,,,0,pass,-0.6109941005706787,False,76.0
2007,Dan LeFevour,Central Michigan,2010,,,9,pass,0.8974840641021729,False,76.0
2007,Dan LeFevour,Central Michigan,2010,,,27,pass,2.8100357055664062,True,27.0
2007,Dan LeFevour,Central Michigan,2010,,,6,pass,0.050187110900878906,False,57.0
2007,Dan LeFevour,Central Michigan,2010,,,14,pass,1.9303312301635742,False,51.0
2007,Dan LeFevour,Central Michigan,2010,,,5,pass,0.5508337020874023,False,32.0
2007,Dan LeFevour,Central Michigan,2010,,,7,pass,-8.932878494262695,True,43.0
2007,Dan LeFevour,Central Michigan,2010,,,0,pass,-0.6266511678695679,False,79.0
2007,Dan LeFevour,Central Michigan,2010,,,0,pass,-0.8629944324493408,False,79.0
2007,Dan LeFevour,Central Michigan,2010,,,5,pass,-0.5381450653076172,False,79.0
2007,Dan LeFevour,Central Michigan,2010,,,9,pass,0.964631974697113,False,80.0
2007,Dan LeFevour,Central Michigan,2010,,,7,pass,2.611443519592285,False,40.0
2007,Dan LeFevour,Central Michigan,2010,,,0,pass,-0.6964111328125,False,38.0
2007,Dan LeFevour,Central Michigan,2010,,,14,pass,0.7322238683700562,False,54.0
2007,Dan LeFevour,Central Michigan,2010,,,17,pass,0.5797991752624512,False,60.0
2007,Dan LeFevour,Central Michigan,2010,,,11,pass,1.3751580715179443,False,57.0
2007,Dan LeFevour,Central Michigan,2010,,,9,pass,1.1567058563232422,False,43.0
2007,Dan LeFevour,Central Michigan,2010,,,13,pass,1.0125956535339355,False,44.0
2007,Dan LeFevour,Central Michigan,2010,,,0,pass,-0.5971541404724121,False,37.0
2007,Dan LeFevour,Central Michigan,2010,,,6,pass,0.347048282623291,False,37.0
2007,Dan LeFevour,Central Michigan,2010,,,10,pass,0.4116819500923157,False,41.0
2007,Dan LeFevour,Central Michigan,2010,,,0,pass,-3.6005425453186035,False,31.0
2007,Dan LeFevour,Central Michigan,2010,,,0,pass,-0.4235692024230957,False,63.0
2007,Dan LeFevour,Central Michigan,2010,,,0,pass,-3.683363914489746,False,28.0
2007,Dan LeFevour,Central Michigan,2010,,,6,pass,0.23802447319030762,False,80.0
2007,Dan LeFevour,Central Michigan,2010,,,21,pass,1.7572412490844727,False,74.0
2007,Dan LeFevour,Central Michigan,2010,,,5,pass,0.1764850616455078,False,34.0
2007,Dan LeFevour,Central Michigan,2010,,,0,pass,-1.5729080438613892,False,28.0
2007,Dan LeFevour,Central Michigan,2010,,,0,pass,-1.1705915927886963,False,61.0
2007,Dan LeFevour,Central Michigan,2010,,,0,pass,-0.9937379956245422,False,64.0
2007,Dan LeFevour,Central Michigan,2010,,,12,pass,0.6205880641937256,False,64.0
2007,Dan LeFevour,Central Michigan,2010,,,8,pass,-0.8991832733154297,False,84.0
2007,Dan LeFevour,Central Michigan,2010,,,0,pass,-1.0139237642288208,False,42.0
2007,Dan LeFevour,Central Michigan,2010,,,13,pass,2.395142078399658,False,42.0
2007,Dan LeFevour,Central Michigan,2010,,,0,pass,-0.9362227916717529,False,26.0
2007,Dan LeFevour,Central Michigan,2010,,,11,pass,2.0330986976623535,False,26.0
2007,Dan LeFevour,Central Michigan,2010,,,4,pass,-0.18433666229248047,False,15.0
2007,Dan LeFevour,Central Michigan,2010,,,10,pass,1.3676321506500244,False,52.0
2007,Dan LeFevour,Central Michigan,2010,,,9,pass,0.8476788997650146,False,42.0
2007,Dan LeFevour,Central Michigan,2010,,,4,pass,1.273652195930481,False,73.0
2007,Dan LeFevour,Central Michigan,2010,,,9,pass,1.101922631263733,False,67.0
2007,Dan LeFevour,Central Michigan,2010,,,9,pass,0.8764405250549316,False,30.0
2007,Dan LeFevour,Central Michigan,2010,,,0,pass,-0.6701730489730835,False,99.0
2007,Dan LeFevour,Central Michigan,2010,,,0,pass,-2.0676255226135254,False,86.0
2007,Dan LeFevour,Central Michigan,2010,,,0,pass,-0.8446820974349976,False,94.0
2007,Dan LeFevour,Central Michigan,2010,,,0,pass,-0.6205800771713257,False,40.0
2007,Dan LeFevour,Central Michigan,2010,,,0,pass,-1.233635425567627,False,49.0
2007,Dan LeFevour,Central Michigan,2010,,,7,pass,0.051033735275268555,False,49.0
2007,Dan LeFevour,Central Michigan,2010,,,2,pass,-0.2338423728942871,False,42.0
2007,Dan LeFevour,Central Michigan,2010,,,3,pass,-0.3019336462020874,False,70.0
2007,Dan LeFevour,Central Michigan,2010,,,1,pass,-0.4564756155014038,False,65.0
2007,Dan LeFevour,Central Michigan,2010,,,13,pass,0.6246656179428101,False,74.0
2007,Dan LeFevour,Central Michigan,2010,,,24,pass,1.3441877365112305,False,61.0
2007,Dan LeFevour,Central Michigan,2010,,,8,pass,0.6822659969329834,False,37.0
2007,Dan LeFevour,Central Michigan,2010,,,8,pass,0.9446220397949219,False,24.0
2007,Dan LeFevour,Central Michigan,2010,,,12,pass,0.978999137878418,False,69.0
2007,Dan LeFevour,Central Michigan,2010,,,7,pass,0.10032987594604492,False,56.0
2007,Dan LeFevour,Central Michigan,2010,,,1,pass,-0.9123413562774658,False,49.0
2007,Dan LeFevour,Central Michigan,2010,,,3,pass,1.7913379669189453,True,3.0
2007,Dan LeFevour,Central Michigan,2010,,,-2,pass,-0.7814669609069824,False,31.0
2007,Dan LeFevour,Central Michigan,2010,,,9,pass,1.2166427373886108,False,62.0
2007,Dan LeFevour,Central Michigan,2010,,,0,pass,-0.9609358310699463,False,33.0
2007,Dan LeFevour,Central Michigan,2010,,,12,pass,2.056560754776001,False,33.0
2007,Dan LeFevour,Central Michigan,2010,,,4,pass,-0.8502602577209473,False,7.0
2007,Dan LeFevour,Central Michigan,2010,,,5,pass,0.18833935260772705,False,64.0
2007,Dan LeFevour,Central Michigan,2010,,,0,pass,-0.939848780632019,False,64.0
2007,Dan LeFevour,Central Michigan,2010,,,18,pass,2.8616764545440674,False,64.0
2007,Dan LeFevour,Central Michigan,2010,,,0,pass,-1.9199798107147217,False,46.0
2007,Dan LeFevour,Central Michigan,2010,,,9,pass,0.22695505619049072,False,55.0
2007,Dan LeFevour,Central Michigan,2010,,,0,pass,-2.056319236755371,False,46.0
2007,Dan LeFevour,Central Michigan,2010,,,19,pass,2.7672181129455566,True,19.0
2007,Dan LeFevour,Central Michigan,2010,,,13,pass,0.9288535118103027,False,48.0
2007,Dan LeFevour,Central Michigan,2010,,,24,pass,1.980135440826416,False,72.0
2007,Dan LeFevour,Central Michigan,2010,,,0,pass,-1.1643681526184082,False,66.0
2007,Dan LeFevour,Central Michigan,2010,,,8,pass,0.6533044576644897,False,75.0
2007,Dan LeFevour,Central Michigan,2010,,,0,pass,-2.1776039600372314,False,50.0
2007,Dan LeFevour,Central Michigan,2010,,,0,pass,-1.3915208578109741,False,51.0
2007,Dan LeFevour,Central Michigan,2010,,,26,pass,3.500607967376709,False,77.0
2007,Dan LeFevour,Central Michigan,2010,,,5,pass,0.4210090637207031,False,27.0
2007,Dan LeFevour,Central Michigan,2010,,,12,pass,1.6307718753814697,False,46.0
2007,Dan LeFevour,Central Michigan,2010,,,0,pass,-1.1651875972747803,False,84.0
2007,Dan LeFevour,Central Michigan,2010,,,4,pass,-0.3137214183807373,False,88.0
2007,Dan LeFevour,Central Michigan,2010,,,10,pass,2.043616771697998,True,10.0
2007,Dan LeFevour,Central Michigan,2010,,,0,pass,-0.7487252950668335,False,35.0
2007,Dan LeFevour,Central Michigan,2010,,,16,pass,2.6117677688598633,False,51.0
2007,Dan LeFevour,Central Michigan,2010,,,0,pass,-0.6902668476104736,False,58.0
2007,Dan LeFevour,Central Michigan,2010,,,76,pass,8.153843879699707,True,76.0
2007,Dan LeFevour,Central Michigan,2010,,,49,pass,4.576800346374512,True,49.0
2007,Dan LeFevour,Central Michigan,2010,,,14,pass,0.9799833297729492,False,77.0
2007,Dan LeFevour,Central Michigan,2010,,,2,pass,-1.0625007152557373,False,83.0
2007,Dan LeFevour,Central Michigan,2010,,,0,pass,6.4028167724609375,False,38.0
2007,Dan LeFevour,Central Michigan,2010,,,0,pass,-0.7931081056594849,False,28.0
2007,Dan LeFevour,Central Michigan,2010,,,0,pass,-1.0608347654342651,False,30.0
2007,Dan LeFevour,Central Michigan,2010,,,0,pass,-0.5828347206115723,False,23.0
2007,Dan LeFevour,Central Michigan,2010,,,5,pass,0.18530821800231934,False,60.0
2007,Dan LeFevour,Central Michigan,2010,,,0,pass,-1.223771333694458,False,73.0
2007,Dan LeFevour,Central Michigan,2010,,,0,pass,-0.2798005938529968,False,73.0
2007,Dan LeFevour,Central Michigan,2010,,,0,pass,-0.8531637191772461,False,73.0
2007,Dan LeFevour,Central Michigan,2010,,,9,pass,2.0961852073669434,False,74.0
2007,Dan LeFevour,Central Michigan,2010,,,0,pass,-1.6166400909423828,False,69.0
2007,Dan LeFevour,Central Michigan,2010,,,0,pass,-0.9705030918121338,False,69.0
2007,Dan LeFevour,Central Michigan,2010,,,0,pass,-0.6288737058639526,False,86.0
2007,Dan LeFevour,Central Michigan,2010,,,0,pass,-0.7900290489196777,False,9.0
2007,Dan LeFevour,Central Michigan,2010,,,0,pass,-1.0647859573364258,False,9.0
2008,Dan LeFevour,Central Michigan,2010,,,11,pass,1.64518404006958,True,11.0
2008,Dan LeFevour,Central Michigan,2010,,,4,pass,-0.28040456771850586,False,62.0
2008,Dan LeFevour,Central Michigan,2010,,,13,pass,2.333430767059326,False,78.0
2008,Dan LeFevour,Central Michigan,2010,,,0,pass,-0.5267026424407959,False,65.0
2008,Dan LeFevour,Central Michigan,2010,,,6,pass,1.1812891960144043,False,59.0
2008,Dan LeFevour,Central Michigan,2010,,,5,pass,-0.0410921573638916,False,53.0
2008,Dan LeFevour,Central Michigan,2010,,,0,pass,-0.5146234035491943,False,98.0
2008,Dan LeFevour,Central Michigan,2010,,,0,pass,-1.2089976072311401,False,98.0
2008,Dan LeFevour,Central Michigan,2010,,,5,pass,1.257390022277832,True,5.0
2008,Dan LeFevour,Central Michigan,2010,,,10,pass,1.1615307331085205,False,30.0
2008,Dan LeFevour,Central Michigan,2010,,,8,pass,0.34560680389404297,False,23.0
2008,Dan LeFevour,Central Michigan,2010,,,18,pass,2.913741111755371,True,18.0
2008,Dan LeFevour,Central Michigan,2010,,,0,pass,-0.5875245332717896,False,87.0
2008,Dan LeFevour,Central Michigan,2010,,,18,pass,2.475640058517456,False,74.0
2008,Dan LeFevour,Central Michigan,2010,,,3,pass,-0.3514331579208374,False,56.0
2008,Dan LeFevour,Central Michigan,2010,,,0,pass,-1.0889252424240112,False,73.0
2008,Dan LeFevour,Central Michigan,2010,,,2,pass,-0.4912846088409424,False,56.0
2008,Dan LeFevour,Central Michigan,2010,,,4,pass,0.9005136489868164,False,54.0
2008,Dan LeFevour,Central Michigan,2010,,,12,pass,1.5510399341583252,False,40.0
2008,Dan LeFevour,Central Michigan,2010,,,18,pass,1.718761682510376,False,74.0
2008,Dan LeFevour,Central Michigan,2010,,,11,pass,0.18918132781982422,False,34.0
2008,Dan LeFevour,Central Michigan,2010,,,0,pass,-0.9212923049926758,False,39.0
2008,Dan LeFevour,Central Michigan,2010,,,0,pass,-1.9475822448730469,False,39.0
2008,Dan LeFevour,Central Michigan,2010,,,0,pass,-1.8286187648773193,False,83.0
2008,Dan LeFevour,Central Michigan,2010,,,0,pass,-0.878883957862854,False,90.0
2008,Dan LeFevour,Central Michigan,2010,,,20,pass,3.639625072479248,False,90.0
2008,Dan LeFevour,Central Michigan,2010,,,5,pass,0.07880210876464844,False,70.0
2008,Dan LeFevour,Central Michigan,2010,,,2,pass,-0.5112287998199463,False,41.0
2008,Dan LeFevour,Central Michigan,2010,,,8,pass,0.608767032623291,False,47.0
2008,Dan LeFevour,Central Michigan,2010,,,0,pass,-0.9274923801422119,False,35.0
2008,Dan LeFevour,Central Michigan,2010,,,0,pass,-1.698099136352539,False,35.0
2008,Dan LeFevour,Central Michigan,2010,,,6,pass,1.1221113204956055,False,76.0
2008,Dan LeFevour,Central Michigan,2010,,,0,pass,-0.8427770733833313,False,70.0
2008,Dan LeFevour,Central Michigan,2010,,,46,pass,2.598566770553589,False,55.0
2008,Dan LeFevour,Central Michigan,2010,,,0,pass,-1.3223797082901,False,54.0
2008,Dan LeFevour,Central Michigan,2010,,,0,pass,-0.5017060041427612,False,54.0
2008,Dan LeFevour,Central Michigan,2010,,,9,pass,1.0801305770874023,False,65.0
2008,Dan LeFevour,Central Michigan,2010,,,2,pass,-1.2739990949630737,False,43.0
2008,Dan LeFevour,Central Michigan,2010,,,0,pass,-0.6418464779853821,False,58.0
2008,Dan LeFevour,Central Michigan,2010,,,12,pass,2.6809074878692627,False,58.0
2008,Dan LeFevour,Central Michigan,2010,,,0,pass,-0.8783832788467407,False,58.0
2008,Dan LeFevour,Central Michigan,2010,,,16,pass,1.0838148593902588,False,74.0
2008,Dan LeFevour,Central Michigan,2010,,,0,pass,-1.3032114505767822,False,12.0
2008,Dan LeFevour,Central Michigan,2010,,,2,pass,-0.38898396492004395,False,23.0
2008,Dan LeFevour,Central Michigan,2010,,,22,pass,2.714024782180786,False,45.0
2008,Dan LeFevour,Central Michigan,2010,,,12,pass,1.8130230903625488,False,57.0
2008,Dan LeFevour,Central Michigan,2010,,,32,pass,3.667217969894409,True,32.0
2008,Dan LeFevour,Central Michigan,2010,,,11,pass,0.19201135635375977,False,43.0
2008,Dan LeFevour,Central Michigan,2010,,,9,pass,1.3671526908874512,False,52.0
2008,Dan LeFevour,Central Michigan,2010,,,9,pass,1.5810859203338623,False,61.0
2008,Dan LeFevour,Central Michigan,2010,,,0,pass,-0.790270984172821,False,61.0
2008,Dan LeFevour,Central Michigan,2010,,,7,pass,0.5929812788963318,False,68.0
2008,Dan LeFevour,Central Michigan,2010,,,12,pass,3.5536210536956787,True,12.0
2008,Dan LeFevour,Central Michigan,2010,,,0,pass,-0.5970683097839355,False,12.0
2008,Dan LeFevour,Central Michigan,2010,,,15,pass,1.3770673274993896,False,27.0
2008,Dan LeFevour,Central Michigan,2010,,,13,pass,1.1542326211929321,False,40.0
2008,Dan LeFevour,Central Michigan,2010,,,0,pass,-0.36687612533569336,False,25.0
2008,Dan LeFevour,Central Michigan,2010,,,7,pass,0.530848503112793,False,32.0
2008,Dan LeFevour,Central Michigan,2010,,,31,pass,2.2912609577178955,False,67.0
2008,Dan LeFevour,Central Michigan,2010,,,14,pass,0.43332505226135254,False,83.0
2008,Dan LeFevour,Central Michigan,2010,,,0,pass,-0.6394689679145813,False,78.0
2008,Dan LeFevour,Central Michigan,2010,,,0,pass,-0.5020419359207153,False,78.0
2008,Dan LeFevour,Central Michigan,2010,,,0,pass,-1.0997705459594727,False,67.0
2008,Dan LeFevour,Central Michigan,2010,,,0,pass,-0.7509986758232117,False,67.0
2008,Dan LeFevour,Central Michigan,2010,,,0,pass,-0.6858953237533569,False,67.0
2008,Dan LeFevour,Central Michigan,2010,,,-5,pass,-1.7943565845489502,False,69.0
2008,Dan LeFevour,Central Michigan,2010,,,0,pass,-0.8063913583755493,False,69.0
2008,Dan LeFevour,Central Michigan,2010,,,6,pass,-0.1906123161315918,False,89.0
2008,Dan LeFevour,Central Michigan,2010,,,0,pass,-0.5121227502822876,False,49.0
2008,Dan LeFevour,Central Michigan,2010,,,5,pass,0.6893628835678101,False,59.0
2008,Dan LeFevour,Central Michigan,2010,,,12,pass,1.6512582302093506,False,71.0
2008,Dan LeFevour,Central Michigan,2010,,,-3,pass,-1.3863136768341064,False,68.0
2008,Dan LeFevour,Central Michigan,2010,,,0,pass,-0.4822786748409271,False,68.0
2008,Dan LeFevour,Central Michigan,2010,,,2,pass,-0.7707966566085815,False,68.0
2008,Dan LeFevour,Central Michigan,2010,,,12,pass,0.6394404172897339,False,71.0
2008,Dan LeFevour,Central Michigan,2010,,,11,pass,0.6169016361236572,False,59.0
2008,Dan LeFevour,Central Michigan,2010,,,-1,pass,-0.972637414932251,False,48.0
2008,Dan LeFevour,Central Michigan,2010,,,0,pass,-1.7069251537322998,False,49.0
2008,Dan LeFevour,Central Michigan,2010,,,27,pass,3.3203635215759277,False,29.0
2008,Dan LeFevour,Central Michigan,2010,,,0,pass,-0.5790072083473206,False,76.0
2008,Dan LeFevour,Central Michigan,2010,,,44,pass,3.2141082286834717,False,76.0
2008,Dan LeFevour,Central Michigan,2010,,,4,pass,-0.3159980773925781,False,41.0
2008,Dan LeFevour,Central Michigan,2010,,,7,pass,0.8971006870269775,False,34.0
2008,Dan LeFevour,Central Michigan,2010,,,0,pass,-0.5548899173736572,False,27.0
2008,Dan LeFevour,Central Michigan,2010,,,0,pass,-0.7895500659942627,False,27.0
2008,Dan LeFevour,Central Michigan,2010,,,24,pass,3.163346290588379,False,27.0
2008,Dan LeFevour,Central Michigan,2010,,,3,pass,-0.37760603427886963,False,75.0
2008,Dan LeFevour,Central Michigan,2010,,,12,pass,1.514557123184204,False,72.0
2008,Dan LeFevour,Central Michigan,2010,,,8,pass,0.2617539167404175,False,60.0
2008,Dan LeFevour,Central Michigan,2010,,,1,pass,-0.7687795162200928,False,65.0
2008,Dan LeFevour,Central Michigan,2010,,,2,pass,-1.053727626800537,False,64.0
2008,Dan LeFevour,Central Michigan,2010,,,12,pass,0.29683446884155273,False,79.0
2008,Dan LeFevour,Central Michigan,2010,,,15,pass,3.134657859802246,False,70.0
2008,Dan LeFevour,Central Michigan,2010,,,11,pass,0.8441739082336426,False,55.0
2008,Dan LeFevour,Central Michigan,2010,,,30,pass,4.284876346588135,False,45.0
2008,Dan LeFevour,Central Michigan,2010,,,36,pass,5.392919540405273,False,53.0
2008,Dan LeFevour,Central Michigan,2010,,,0,pass,-0.8320469856262207,False,15.0
2008,Dan LeFevour,Central Michigan,2010,,,0,pass,-1.45514714717865,False,15.0
2008,Dan LeFevour,Central Michigan,2010,,,32,pass,2.4032158851623535,False,98.0
2008,Dan LeFevour,Central Michigan,2010,,,8,pass,0.6028802394866943,False,66.0
2008,Dan LeFevour,Central Michigan,2010,,,7,pass,0.3832254409790039,False,58.0
2008,Dan LeFevour,Central Michigan,2010,,,4,pass,-0.20191234350204468,False,78.0
2008,Dan LeFevour,Central Michigan,2010,,,8,pass,1.319267749786377,False,74.0
2008,Dan LeFevour,Central Michigan,2010,,,15,pass,1.2083508968353271,False,59.0
2008,Dan LeFevour,Central Michigan,2010,,,13,pass,3.566351890563965,False,45.0
2008,Dan LeFevour,Central Michigan,2010,,,0,pass,-4.37294864654541,False,29.0
2008,Dan LeFevour,Central Michigan,2010,,,0,pass,-0.9761673212051392,False,77.0
2008,Dan LeFevour,Central Michigan,2010,,,7,pass,-0.46888887882232666,False,77.0
2008,Dan LeFevour,Central Michigan,2010,,,7,pass,0.010160326957702637,False,76.0
2008,Dan LeFevour,Central Michigan,2010,,,0,pass,-0.7562292218208313,False,77.0
2008,Dan LeFevour,Central Michigan,2010,,,23,pass,1.146615743637085,False,61.0
2008,Dan LeFevour,Central Michigan,2010,,,6,pass,2.4312500953674316,True,6.0
2008,Dan LeFevour,Central Michigan,2010,,,9,pass,-0.3196117877960205,False,53.0
2008,Dan LeFevour,Central Michigan,2010,,,17,pass,1.1450414657592773,False,32.0
2008,Dan LeFevour,Central Michigan,2010,,,13,pass,1.392209529876709,False,15.0
2008,Dan LeFevour,Central Michigan,2010,,,7,pass,0.29415982961654663,False,80.0
2008,Dan LeFevour,Central Michigan,2010,,,3,pass,0.32012176513671875,False,73.0
2008,Dan LeFevour,Central Michigan,2010,,,9,pass,0.8791072964668274,False,70.0
2008,Dan LeFevour,Central Michigan,2010,,,0,pass,-0.5061068534851074,False,44.0
2008,Dan LeFevour,Central Michigan,2010,,,2,pass,-0.8115482330322266,False,44.0
2008,Dan LeFevour,Central Michigan,2010,,,0,pass,-1.630955457687378,False,42.0
2008,Dan LeFevour,Central Michigan,2010,,,0,pass,-2.220360040664673,False,42.0
2008,Dan LeFevour,Central Michigan,2010,,,0,pass,-1.75217866897583,False,43.0
2008,Dan LeFevour,Central Michigan,2010,,,40,pass,3.9805078506469727,False,52.0
2008,Dan LeFevour,Central Michigan,2010,,,0,pass,-0.5726931095123291,False,48.0
2008,Dan LeFevour,Central Michigan,2010,,,6,pass,0.17298880219459534,False,87.0
2008,Dan LeFevour,Central Michigan,2010,,,20,pass,1.6111280918121338,False,81.0
2008,Dan LeFevour,Central Michigan,2010,,,11,pass,1.5221564769744873,False,60.0
2008,Dan LeFevour,Central Michigan,2010,,,8,pass,0.6693201065063477,False,49.0
2008,Dan LeFevour,Central Michigan,2010,,,10,pass,0.6402356624603271,False,41.0
2008,Dan LeFevour,Central Michigan,2010,,,0,pass,-0.642437219619751,False,31.0
2008,Dan LeFevour,Central Michigan,2010,,,0,pass,-0.9057610034942627,False,31.0
2008,Dan LeFevour,Central Michigan,2010,,,5,pass,-0.23258253931999207,False,36.0
2008,Dan LeFevour,Central Michigan,2010,,,14,pass,1.0468523502349854,False,62.0
2008,Dan LeFevour,Central Michigan,2010,,,0,pass,-1.9884761571884155,False,41.0
2008,Dan LeFevour,Central Michigan,2010,,,7,pass,0.4402652978897095,False,68.0
2008,Dan LeFevour,Central Michigan,2010,,,12,pass,0.8526067733764648,False,57.0
2008,Dan LeFevour,Central Michigan,2010,,,0,pass,-2.536862373352051,False,44.0
2008,Dan LeFevour,Central Michigan,2010,,,0,pass,-0.4121917486190796,False,74.0
2008,Dan LeFevour,Central Michigan,2010,,,13,pass,1.0033239126205444,False,74.0
2008,Dan LeFevour,Central Michigan,2010,,,6,pass,0.12263846397399902,False,61.0
2008,Dan LeFevour,Central Michigan,2010,,,0,pass,-1.5228976011276245,False,55.0
2008,Dan LeFevour,Central Michigan,2010,,,0,pass,-0.5195536613464355,False,20.0
2008,Dan LeFevour,Central Michigan,2010,,,0,pass,-0.685582160949707,False,20.0
2008,Dan LeFevour,Central Michigan,2010,,,15,pass,0.42943453788757324,False,30.0
2008,Dan LeFevour,Central Michigan,2010,,,0,pass,-0.9814977049827576,False,69.0
2008,Dan LeFevour,Central Michigan,2010,,,0,pass,-1.8769510984420776,False,69.0
2008,Dan LeFevour,Central Michigan,2010,,,8,pass,1.3852529525756836,True,8.0
2008,Dan LeFevour,Central Michigan,2010,,,0,pass,-0.7377588748931885,False,20.0
2008,Dan LeFevour,Central Michigan,2010,,,0,pass,-1.1165530681610107,False,20.0
2008,Dan LeFevour,Central Michigan,2010,,,17,pass,1.1086498498916626,False,65.0
2008,Dan LeFevour,Central Michigan,2010,,,10,pass,1.2211246490478516,False,45.0
2008,Dan LeFevour,Central Michigan,2010,,,0,pass,-0.601898193359375,False,19.0
2008,Dan LeFevour,Central Michigan,2010,,,16,pass,3.1980020999908447,False,51.0
2008,Dan LeFevour,Central Michigan,2010,,,14,pass,1.6430234909057617,False,20.0
2008,Dan LeFevour,Central Michigan,2010,,,13,pass,1.7878220081329346,False,69.0
2008,Dan LeFevour,Central Michigan,2010,,,-3,pass,-1.5266752243041992,False,48.0
2008,Dan LeFevour,Central Michigan,2010,,,6,pass,0.3437001705169678,False,37.0
2008,Dan LeFevour,Central Michigan,2010,,,5,pass,0.011998653411865234,False,31.0
2008,Dan LeFevour,Central Michigan,2010,,,7,pass,1.682450771331787,False,10.0
2008,Dan LeFevour,Central Michigan,2010,,,9,pass,0.8921394348144531,False,50.0
2008,Dan LeFevour,Central Michigan,2010,,,6,pass,0.2740142345428467,False,41.0
2008,Dan LeFevour,Central Michigan,2010,,,0,pass,-0.5773680210113525,False,30.0
2008,Dan LeFevour,Central Michigan,2010,,,8,pass,0.7670166492462158,False,63.0
2008,Dan LeFevour,Central Michigan,2010,,,16,pass,2.680328130722046,False,79.0
2008,Dan LeFevour,Central Michigan,2010,,,7,pass,0.2617529630661011,False,62.0
2008,Dan LeFevour,Central Michigan,2010,,,7,pass,0.3072025775909424,False,26.0
2008,Dan LeFevour,Central Michigan,2010,,,5,pass,0.12478303909301758,False,19.0
2008,Dan LeFevour,Central Michigan,2010,,,0,pass,-0.9707274436950684,False,7.0
2008,Dan LeFevour,Central Michigan,2010,,,0,pass,-0.897861659526825,False,84.0
2008,Dan LeFevour,Central Michigan,2010,,,0,pass,-0.9507707357406616,False,84.0
2008,Dan LeFevour,Central Michigan,2010,,,0,pass,-1.69801664352417,False,55.0
2008,Dan LeFevour,Central Michigan,2010,,,5,pass,0.35790181159973145,False,67.0
2008,Dan LeFevour,Central Michigan,2010,,,3,pass,0.5999364852905273,False,62.0
2008,Dan LeFevour,Central Michigan,2010,,,2,pass,-0.4911947250366211,False,57.0
2008,Dan LeFevour,Central Michigan,2010,,,-2,pass,-1.0294108390808105,False,83.0
2008,Dan LeFevour,Central Michigan,2010,,,11,pass,2.284660816192627,False,85.0
2008,Dan LeFevour,Central Michigan,2010,,,4,pass,-0.2417876124382019,False,74.0
2008,Dan LeFevour,Central Michigan,2010,,,13,pass,0.9579825401306152,False,78.0
2008,Dan LeFevour,Central Michigan,2010,,,8,pass,0.5277535915374756,False,27.0
2008,Dan LeFevour,Central Michigan,2010,,,6,pass,0.3169136047363281,False,19.0
2008,Dan LeFevour,Central Michigan,2010,,,17,pass,2.737426996231079,False,73.0
2008,Dan LeFevour,Central Michigan,2010,,,0,pass,-1.2871097326278687,False,56.0
2008,Dan LeFevour,Central Michigan,2010,,,8,pass,-0.061570167541503906,False,62.0
2008,Dan LeFevour,Central Michigan,2010,,,0,pass,-1.4985264539718628,False,73.0
2008,Dan LeFevour,Central Michigan,2010,,,14,pass,1.9033489227294922,True,14.0
2008,Dan LeFevour,Central Michigan,2010,,,15,pass,1.5206899642944336,True,15.0
2008,Dan LeFevour,Central Michigan,2010,,,17,pass,1.5718083381652832,False,32.0
2008,Dan LeFevour,Central Michigan,2010,,,12,pass,1.3871748447418213,False,64.0
2008,Dan LeFevour,Central Michigan,2010,,,4,pass,0.03212308883666992,False,47.0
2008,Dan LeFevour,Central Michigan,2010,,,0,pass,-1.363500714302063,False,43.0
2008,Dan LeFevour,Central Michigan,2010,,,5,pass,0.07340288162231445,False,72.0
2008,Dan LeFevour,Central Michigan,2010,,,0,pass,-1.091529130935669,False,40.0
2008,Dan LeFevour,Central Michigan,2010,,,2,pass,-0.30114471912384033,False,42.0
2008,Dan LeFevour,Central Michigan,2010,,,7,pass,0.2560749053955078,False,65.0
2008,Dan LeFevour,Central Michigan,2010,,,10,pass,0.5366802215576172,False,77.0
2008,Dan LeFevour,Central Michigan,2010,,,0,pass,-1.3195033073425293,False,71.0
2008,Dan LeFevour,Central Michigan,2010,,,5,pass,-0.10485315322875977,False,16.0
2008,Dan LeFevour,Central Michigan,2010,,,16,pass,1.9558091163635254,False,61.0
2008,Dan LeFevour,Central Michigan,2010,,,8,pass,0.6240749359130859,False,74.0
2008,Dan LeFevour,Central Michigan,2010,,,6,pass,0.13046908378601074,False,80.0
2008,Dan LeFevour,Central Michigan,2010,,,8,pass,1.2301855087280273,False,12.0
2008,Dan LeFevour,Central Michigan,2010,,,17,pass,2.9932780265808105,False,29.0
2008,Dan LeFevour,Central Michigan,2010,,,0,pass,-1.5347119569778442,False,24.0
2008,Dan LeFevour,Central Michigan,2010,,,5,pass,-0.07731270790100098,False,43.0
2008,Dan LeFevour,Central Michigan,2010,,,10,pass,0.25593674182891846,False,80.0
2008,Dan LeFevour,Central Michigan,2010,,,27,pass,2.2007699012756348,True,27.0
2008,Dan LeFevour,Central Michigan,2010,,,25,pass,2.5547614097595215,True,25.0
2008,Dan LeFevour,Central Michigan,2010,,,-2,pass,-1.2473411560058594,False,40.0
2008,Dan LeFevour,Central Michigan,2010,,,0,pass,-2.1784372329711914,False,44.0
2008,Dan LeFevour,Central Michigan,2010,,,0,pass,-0.9147101640701294,False,44.0
2008,Dan LeFevour,Central Michigan,2010,,,15,pass,1.9027870893478394,False,59.0
2008,Dan LeFevour,Central Michigan,2010,,,1,pass,-1.4400713443756104,False,17.0
2008,Dan LeFevour,Central Michigan,2010,,,0,pass,-0.5964009761810303,False,23.0
2008,Dan LeFevour,Central Michigan,2010,,,15,pass,0.8657279014587402,False,38.0
2008,Dan LeFevour,Central Michigan,2010,,,6,pass,1.504469871520996,False,44.0
2008,Dan LeFevour,Central Michigan,2010,,,7,pass,0.4048726558685303,False,49.0
2008,Dan LeFevour,Central Michigan,2010,,,29,pass,1.6867750883102417,False,65.0
2008,Dan LeFevour,Central Michigan,2010,,,9,pass,0.2501906156539917,False,74.0
2008,Dan LeFevour,Central Michigan,2010,,,22,pass,1.8570375442504883,False,54.0
2008,Dan LeFevour,Central Michigan,2010,,,0,pass,-0.7061638832092285,False,32.0
2008,Dan LeFevour,Central Michigan,2010,,,0,pass,-2.4123952388763428,False,32.0
2008,Dan LeFevour,Central Michigan,2010,,,11,pass,0.5535751581192017,False,65.0
2008,Dan LeFevour,Central Michigan,2010,,,-1,pass,-1.294964075088501,False,45.0
2008,Dan LeFevour,Central Michigan,2010,,,6,pass,1.0327903032302856,False,71.0
2008,Dan LeFevour,Central Michigan,2010,,,0,pass,-2.0208232402801514,False,48.0
2008,Dan LeFevour,Central Michigan,2010,,,0,pass,-1.740065574645996,False,65.0
2008,Dan LeFevour,Central Michigan,2010,,,38,pass,2.8155083656311035,True,38.0
2008,Dan LeFevour,Central Michigan,2010,,,12,pass,0.7742259502410889,False,50.0
2008,Dan LeFevour,Central Michigan,2010,,,7,pass,0.5589706897735596,False,72.0
2008,Dan LeFevour,Central Michigan,2010,,,1,pass,-0.6921062469482422,False,22.0
2008,Dan LeFevour,Central Michigan,2010,,,0,pass,-0.5601606369018555,False,22.0
2008,Dan LeFevour,Central Michigan,2010,,,4,pass,-0.14084768295288086,False,28.0
2008,Dan LeFevour,Central Michigan,2010,,,5,pass,0.13384628295898438,False,33.0
2008,Dan LeFevour,Central Michigan,2010,,,7,pass,0.45255422592163086,False,45.0
2008,Dan LeFevour,Central Michigan,2010,,,5,pass,0.053099870681762695,False,70.0
2008,Dan LeFevour,Central Michigan,2010,,,20,pass,2.4308526515960693,False,65.0
2008,Dan LeFevour,Central Michigan,2010,,,0,pass,-0.8782028555870056,False,70.0
2008,Dan LeFevour,Central Michigan,2010,,,6,pass,0.10389155149459839,False,64.0
2008,Dan LeFevour,Central Michigan,2010,,,31,pass,3.3162875175476074,False,58.0
2008,Dan LeFevour,Central Michigan,2010,,,0,pass,-0.4518284797668457,False,64.0
2008,Dan LeFevour,Central Michigan,2010,,,0,pass,-0.29798364639282227,False,64.0
2008,Dan LeFevour,Central Michigan,2010,,,0,pass,-1.1696386337280273,False,14.0
2008,Dan LeFevour,Central Michigan,2010,,,6,pass,0.29723620414733887,False,59.0
2008,Dan LeFevour,Central Michigan,2010,,,6,pass,0.5839536190032959,False,53.0
2008,Dan LeFevour,Central Michigan,2010,,,10,pass,0.50811767578125,False,47.0
2008,Dan LeFevour,Central Michigan,2010,,,8,pass,2.14060640335083,False,67.0
2008,Dan LeFevour,Central Michigan,2010,,,10,pass,1.773162841796875,False,80.0
2008,Dan LeFevour,Central Michigan,2010,,,6,pass,-0.08550722897052765,False,86.0
2008,Dan LeFevour,Central Michigan,2010,,,24,pass,3.0899040699005127,True,24.0
2008,Dan LeFevour,Central Michigan,2010,,,0,pass,-1.0998106002807617,False,24.0
2008,Dan LeFevour,Central Michigan,2010,,,8,pass,0.5520284175872803,False,34.0
2008,Dan LeFevour,Central Michigan,2010,,,16,pass,1.2181732654571533,False,50.0
2008,Dan LeFevour,Central Michigan,2010,,,10,pass,2.0565779209136963,False,60.0
2008,Dan LeFevour,Central Michigan,2010,,,0,pass,-1.031120777130127,False,23.0
2008,Dan LeFevour,Central Michigan,2010,,,0,pass,-0.7776188850402832,False,35.0
2008,Dan LeFevour,Central Michigan,2010,,,8,pass,0.6617271900177002,False,43.0
2008,Dan LeFevour,Central Michigan,2010,,,0,pass,-1.858900547027588,False,52.0
2008,Dan LeFevour,Central Michigan,2010,,,5,pass,0.10145962238311768,False,53.0
2008,Dan LeFevour,Central Michigan,2010,,,0,pass,-3.1864683628082275,False,71.0
2008,Dan LeFevour,Central Michigan,2010,,,0,pass,-0.50872802734375,False,71.0
2008,Dan LeFevour,Central Michigan,2010,,,22,pass,1.2910234928131104,False,56.0
2008,Dan LeFevour,Central Michigan,2010,,,7,pass,0.6070675849914551,False,23.0
2008,Dan LeFevour,Central Michigan,2010,,,0,pass,-0.7187714576721191,False,16.0
2008,Dan LeFevour,Central Michigan,2010,,,0,pass,-2.4633030891418457,False,38.0
2008,Dan LeFevour,Central Michigan,2010,,,0,pass,-0.6091432571411133,False,38.0
2008,Dan LeFevour,Central Michigan,2010,,,3,pass,-0.687908411026001,False,38.0
2008,Dan LeFevour,Central Michigan,2010,,,0,pass,-1.8793542385101318,False,35.0
2008,Dan LeFevour,Central Michigan,2010,,,0,pass,-2.5114963054656982,False,35.0
2008,Dan LeFevour,Central Michigan,2010,,,11,pass,0.6169884204864502,False,65.0
2008,Dan LeFevour,Central Michigan,2010,,,9,pass,1.5154463052749634,False,67.0
2008,Dan LeFevour,Central Michigan,2010,,,0,pass,-2.379385471343994,False,39.0
2008,Dan LeFevour,Central Michigan,2010,,,29,pass,4.195354461669922,False,46.0
2008,Dan LeFevour,Central Michigan,2010,,,12,pass,0.7993083000183105,False,47.0
2008,Dan LeFevour,Central Michigan,2010,,,5,pass,0.32779741287231445,False,35.0
2008,Dan LeFevour,Central Michigan,2010,,,4,pass,-0.27663111686706543,False,17.0
2008,Dan LeFevour,Central Michigan,2010,,,0,pass,-3.047775983810425,False,13.0
2008,Dan LeFevour,Central Michigan,2010,,,4,pass,3.689836263656616,True,4.0
2008,Dan LeFevour,Central Michigan,2010,,,0,pass,-1.2015411853790283,False,9.0
2008,Dan LeFevour,Central Michigan,2010,,,10,pass,0.20774948596954346,False,43.0
2008,Dan LeFevour,Central Michigan,2010,,,0,pass,-0.16514372825622559,False,33.0
2008,Dan LeFevour,Central Michigan,2010,,,14,pass,1.250373363494873,False,33.0
2008,Dan LeFevour,Central Michigan,2010,,,10,pass,0.9438128471374512,False,19.0
2008,Dan LeFevour,Central Michigan,2010,,,11,pass,0.46493422985076904,False,58.0
2008,Dan LeFevour,Central Michigan,2010,,,6,pass,-3.9493088722229004,False,63.0
2008,Dan LeFevour,Central Michigan,2010,,,49,pass,5.0676093101501465,True,49.0
2008,Dan LeFevour,Central Michigan,2010,,,0,pass,-0.5083489418029785,False,81.0
2008,Dan LeFevour,Central Michigan,2010,,,22,pass,2.0007431507110596,False,81.0
2008,Dan LeFevour,Central Michigan,2010,,,9,pass,0.7277337312698364,False,59.0
2008,Dan LeFevour,Central Michigan,2010,,,0,pass,-0.5291593074798584,False,49.0
2008,Dan LeFevour,Central Michigan,2010,,,8,pass,3.443330764770508,True,8.0
2008,Dan LeFevour,Central Michigan,2010,,,0,pass,-0.8115541934967041,False,10.0
2008,Dan LeFevour,Central Michigan,2010,,,25,pass,1.713444709777832,False,59.0
2008,Dan LeFevour,Central Michigan,2010,,,15,pass,2.4021973609924316,True,15.0
2008,Dan LeFevour,Central Michigan,2010,,,93,pass,9.339262008666992,False,96.0
2008,Dan LeFevour,Central Michigan,2010,,,0,pass,-1.2996180057525635,False,11.0
2008,Dan LeFevour,Central Michigan,2010,,,15,pass,2.1915225982666016,True,15.0
2008,Dan LeFevour,Central Michigan,2010,,,12,pass,3.0144362449645996,False,27.0
2008,Dan LeFevour,Central Michigan,2010,,,9,pass,0.09928107261657715,False,36.0
2008,Dan LeFevour,Central Michigan,2010,,,0,pass,-1.6764016151428223,False,30.0
2008,Dan LeFevour,Central Michigan,2010,,,4,pass,0.0917210578918457,False,34.0
2008,Dan LeFevour,Central Michigan,2010,,,0,pass,-3.050541877746582,False,6.0
2008,Dan LeFevour,Central Michigan,2010,,,0,pass,-1.6085751056671143,False,6.0
2008,Dan LeFevour,Central Michigan,2010,,,9,pass,1.0070223808288574,False,23.0
2008,Dan LeFevour,Central Michigan,2010,,,9,pass,0.8999710083007812,False,40.0
2008,Dan LeFevour,Central Michigan,2010,,,20,pass,1.2174052000045776,False,60.0
2008,Dan LeFevour,Central Michigan,2010,,,3,pass,0.1332993507385254,False,63.0
2008,Dan LeFevour,Central Michigan,2010,,,8,pass,0.6322619915008545,False,71.0
2008,Dan LeFevour,Central Michigan,2010,,,0,pass,-1.0341304540634155,False,75.0
2008,Dan LeFevour,Central Michigan,2010,,,6,pass,0.45882225036621094,False,78.0
2008,Dan LeFevour,Central Michigan,2010,,,11,pass,2.3112916946411133,False,48.0
2008,Dan LeFevour,Central Michigan,2010,,,0,pass,-0.9746798276901245,False,48.0
2008,Dan LeFevour,Central Michigan,2010,,,0,pass,-0.5908002853393555,False,48.0
2008,Dan LeFevour,Central Michigan,2010,,,26,pass,1.8476401567459106,False,74.0
2008,Dan LeFevour,Central Michigan,2010,,,0,pass,-1.964411973953247,False,45.0
2008,Dan LeFevour,Central Michigan,2010,,,0,pass,-0.6780524253845215,False,52.0
2008,Dan LeFevour,Central Michigan,2010,,,8,pass,1.7249845266342163,False,60.0
2008,Dan LeFevour,Central Michigan,2010,,,5,pass,0.027704238891601562,False,64.0
2008,Dan LeFevour,Central Michigan,2010,,,6,pass,0.7718852758407593,False,70.0
2008,Dan LeFevour,Central Michigan,2010,,,0,pass,-0.1962747573852539,False,72.0
2008,Dan LeFevour,Central Michigan,2010,,,9,pass,-0.17975115776062012,False,94.0
2008,Dan LeFevour,Central Michigan,2010,,,0,pass,-0.4975328743457794,False,94.0
2008,Dan LeFevour,Central Michigan,2010,,,4,pass,-0.676616907119751,False,21.0
2008,Dan LeFevour,Central Michigan,2010,,,0,pass,-0.7244875431060791,False,21.0
2008,Dan LeFevour,Central Michigan,2010,,,2,pass,-0.36879873275756836,False,23.0
2008,Dan LeFevour,Central Michigan,2010,,,10,pass,0.5537834167480469,False,33.0
2008,Dan LeFevour,Central Michigan,2010,,,5,pass,0.2796480655670166,False,38.0
2008,Dan LeFevour,Central Michigan,2010,,,5,pass,1.5384669303894043,True,5.0
2008,Dan LeFevour,Central Michigan,2010,,,11,pass,1.8230153322219849,False,41.0
2008,Dan LeFevour,Central Michigan,2010,,,4,pass,-0.14569687843322754,False,47.0
2008,Dan LeFevour,Central Michigan,2010,,,28,pass,2.2234930992126465,False,75.0
2008,Dan LeFevour,Central Michigan,2010,,,0,pass,-1.8274353742599487,False,35.0
2008,Dan LeFevour,Central Michigan,2010,,,10,pass,1.4543428421020508,False,46.0
2008,Dan LeFevour,Central Michigan,2010,,,10,pass,0.925777018070221,False,56.0
2008,Dan LeFevour,Central Michigan,2010,,,4,pass,-0.13244915008544922,False,48.0
2009,Dan LeFevour,Central Michigan,2010,,,0,pass,-1.1699011325836182,False,51.0
2009,Dan LeFevour,Central Michigan,2010,,,3,pass,-0.04866361618041992,False,55.0
2009,Dan LeFevour,Central Michigan,2010,,,9,pass,1.1513209342956543,False,14.0
2009,Dan LeFevour,Central Michigan,2010,,,5,pass,-1.0312976837158203,False,34.0
2009,Dan LeFevour,Central Michigan,2010,,,0,pass,-0.7177441120147705,False,60.0
2009,Dan LeFevour,Central Michigan,2010,,,5,pass,0.9052965641021729,False,65.0
2009,Dan LeFevour,Central Michigan,2010,,,0,pass,-1.6379133462905884,False,36.0
2009,Dan LeFevour,Central Michigan,2010,,,0,pass,-1.703981876373291,False,32.0
2009,Dan LeFevour,Central Michigan,2010,,,4,pass,0.03064441680908203,False,36.0
2009,Dan LeFevour,Central Michigan,2010,,,6,pass,0.6367554664611816,False,44.0
2009,Dan LeFevour,Central Michigan,2010,,,12,pass,1.4287981986999512,False,59.0
2009,Dan LeFevour,Central Michigan,2010,,,1,pass,-0.4186858534812927,False,60.0
2009,Dan LeFevour,Central Michigan,2010,,,0,pass,-0.8248876929283142,False,63.0
2009,Dan LeFevour,Central Michigan,2010,,,0,pass,-0.7051593065261841,False,63.0
2009,Dan LeFevour,Central Michigan,2010,,,6,pass,0.28742480278015137,False,28.0
2009,Dan LeFevour,Central Michigan,2010,,,0,pass,-0.20586848258972168,False,28.0
2009,Dan LeFevour,Central Michigan,2010,,,16,pass,1.4283798933029175,False,44.0
2009,Dan LeFevour,Central Michigan,2010,,,16,pass,0.42632079124450684,False,60.0
2009,Dan LeFevour,Central Michigan,2010,,,7,pass,0.30724143981933594,False,67.0
2009,Dan LeFevour,Central Michigan,2010,,,5,pass,-0.5756333470344543,False,52.0
2009,Dan LeFevour,Central Michigan,2010,,,-5,pass,-1.5508302450180054,False,49.0
2009,Dan LeFevour,Central Michigan,2010,,,9,pass,0.29644519090652466,False,80.0
2009,Dan LeFevour,Central Michigan,2010,,,0,pass,-0.8052440881729126,False,80.0
2009,Dan LeFevour,Central Michigan,2010,,,0,pass,-1.0133354663848877,False,76.0
2009,Dan LeFevour,Central Michigan,2010,,,0,pass,-0.9388566017150879,False,76.0
2009,Dan LeFevour,Central Michigan,2010,,,0,pass,-1.8846635818481445,False,59.0
2009,Dan LeFevour,Central Michigan,2010,,,0,pass,-0.9116857051849365,False,59.0
2009,Dan LeFevour,Central Michigan,2010,,,0,pass,-1.943328857421875,False,78.0
2009,Dan LeFevour,Central Michigan,2010,,,5,pass,-0.09502226114273071,False,84.0
2009,Dan LeFevour,Central Michigan,2010,,,4,pass,-0.42929190397262573,False,86.0
2009,Dan LeFevour,Central Michigan,2010,,,8,pass,0.9804945588111877,False,38.0
2009,Dan LeFevour,Central Michigan,2010,,,6,pass,0.07560253143310547,False,44.0
2009,Dan LeFevour,Central Michigan,2010,,,9,pass,0.39565974473953247,False,53.0
2009,Dan LeFevour,Central Michigan,2010,,,11,pass,2.6767725944519043,True,11.0
2009,Dan LeFevour,Central Michigan,2010,,,9,pass,0.8853647708892822,False,23.0
2009,Dan LeFevour,Central Michigan,2010,,,9,pass,1.4225494861602783,False,32.0
2009,Dan LeFevour,Central Michigan,2010,,,-2,pass,-0.8129591941833496,False,30.0
2009,Dan LeFevour,Central Michigan,2010,,,7,pass,1.304667353630066,False,50.0
2009,Dan LeFevour,Central Michigan,2010,,,6,pass,0.4274001717567444,False,71.0
2009,Dan LeFevour,Central Michigan,2010,,,12,pass,1.8459396362304688,True,12.0
2009,Dan LeFevour,Central Michigan,2010,,,5,pass,0.5202102661132812,False,17.0
2009,Dan LeFevour,Central Michigan,2010,,,10,pass,1.3211283683776855,False,27.0
2009,Dan LeFevour,Central Michigan,2010,,,0,pass,-1.191258430480957,False,24.0
2009,Dan LeFevour,Central Michigan,2010,,,16,pass,1.1747896671295166,False,71.0
2009,Dan LeFevour,Central Michigan,2010,,,15,pass,0.36655887961387634,False,49.0
2009,Dan LeFevour,Central Michigan,2010,,,0,pass,-1.1496795415878296,False,49.0
2009,Dan LeFevour,Central Michigan,2010,,,37,pass,3.747232675552368,False,76.0
2009,Dan LeFevour,Central Michigan,2010,,,7,pass,-0.1130920797586441,False,83.0
2009,Dan LeFevour,Central Michigan,2010,,,0,pass,-0.5394400358200073,False,83.0
2009,Dan LeFevour,Central Michigan,2010,,,3,pass,-0.26127561926841736,False,61.0
2009,Dan LeFevour,Central Michigan,2010,,,6,pass,-0.3200550079345703,False,48.0
2009,Dan LeFevour,Central Michigan,2010,,,10,pass,0.255545973777771,False,60.0
2009,Dan LeFevour,Central Michigan,2010,,,6,pass,2.0696215629577637,True,6.0
2009,Dan LeFevour,Central Michigan,2010,,,7,pass,0.4548988342285156,False,36.0
2009,Dan LeFevour,Central Michigan,2010,,,0,pass,-0.8962392807006836,False,36.0
2009,Dan LeFevour,Central Michigan,2010,,,12,pass,0.8159668445587158,False,50.0
2009,Dan LeFevour,Central Michigan,2010,,,42,pass,2.8355324268341064,False,92.0
2009,Dan LeFevour,Central Michigan,2010,,,0,pass,-1.9215972423553467,False,5.0
2009,Dan LeFevour,Central Michigan,2010,,,4,pass,-0.5901796817779541,False,9.0
2009,Dan LeFevour,Central Michigan,2010,,,0,pass,-1.393019199371338,False,6.0
2009,Dan LeFevour,Central Michigan,2010,,,13,pass,1.719728708267212,False,30.0
2009,Dan LeFevour,Central Michigan,2010,,,3,pass,-0.39106035232543945,False,33.0
2009,Dan LeFevour,Central Michigan,2010,,,22,pass,2.0199575424194336,False,55.0
2009,Dan LeFevour,Central Michigan,2010,,,0,pass,-1.1324524879455566,False,89.0
2009,Dan LeFevour,Central Michigan,2010,,,0,pass,-2.053910732269287,False,32.0
2009,Dan LeFevour,Central Michigan,2010,,,10,pass,1.5181914567947388,False,43.0
2009,Dan LeFevour,Central Michigan,2010,,,0,pass,-0.5708671808242798,False,43.0
2009,Dan LeFevour,Central Michigan,2010,,,8,pass,2.038649559020996,False,51.0
2009,Dan LeFevour,Central Michigan,2010,,,0,pass,-0.9779717922210693,False,51.0
2009,Dan LeFevour,Central Michigan,2010,,,4,pass,0.045519471168518066,False,55.0
2009,Dan LeFevour,Central Michigan,2010,,,5,pass,0.06020700931549072,False,60.0
2009,Dan LeFevour,Central Michigan,2010,,,8,pass,0.6072251796722412,False,68.0
2009,Dan LeFevour,Central Michigan,2010,,,4,pass,-2.4857378005981445,False,17.0
2009,Dan LeFevour,Central Michigan,2010,,,27,pass,1.2384288311004639,False,48.0
2009,Dan LeFevour,Central Michigan,2010,,,7,pass,0.31636524200439453,False,21.0
2009,Dan LeFevour,Central Michigan,2010,,,4,pass,-0.19611430168151855,False,50.0
2009,Dan LeFevour,Central Michigan,2010,,,5,pass,1.3068904876708984,False,46.0
2009,Dan LeFevour,Central Michigan,2010,,,13,pass,0.7137589454650879,False,41.0
2009,Dan LeFevour,Central Michigan,2010,,,-1,pass,-1.0451507568359375,False,28.0
2009,Dan LeFevour,Central Michigan,2010,,,13,pass,1.7147941589355469,False,29.0
2009,Dan LeFevour,Central Michigan,2010,,,18,pass,2.0218069553375244,False,34.0
2009,Dan LeFevour,Central Michigan,2010,,,0,pass,-0.9245491027832031,False,8.0
2009,Dan LeFevour,Central Michigan,2010,,,2,pass,-1.5055110454559326,False,8.0
2009,Dan LeFevour,Central Michigan,2010,,,0,pass,-1.1893823146820068,False,62.0
2009,Dan LeFevour,Central Michigan,2010,,,0,pass,-1.6482586860656738,False,61.0
2009,Dan LeFevour,Central Michigan,2010,,,13,pass,1.8450841903686523,True,13.0
2009,Dan LeFevour,Central Michigan,2010,,,12,pass,1.0038514137268066,False,75.0
2009,Dan LeFevour,Central Michigan,2010,,,11,pass,0.4904286861419678,False,55.0
2009,Dan LeFevour,Central Michigan,2010,,,11,pass,1.0932130813598633,False,31.0
2009,Dan LeFevour,Central Michigan,2010,,,0,pass,-1.0048737525939941,False,14.0
2009,Dan LeFevour,Central Michigan,2010,,,0,pass,-1.8033897876739502,False,76.0
2009,Dan LeFevour,Central Michigan,2010,,,4,pass,-0.20729827880859375,False,79.0
2009,Dan LeFevour,Central Michigan,2010,,,6,pass,1.279792308807373,False,72.0
2009,Dan LeFevour,Central Michigan,2010,,,4,pass,-0.27259087562561035,False,66.0
2009,Dan LeFevour,Central Michigan,2010,,,30,pass,1.3233263492584229,False,62.0
2009,Dan LeFevour,Central Michigan,2010,,,9,pass,2.918884754180908,True,9.0
2009,Dan LeFevour,Central Michigan,2010,,,9,pass,0.7657139301300049,False,62.0
2009,Dan LeFevour,Central Michigan,2010,,,5,pass,0.002411365509033203,False,53.0
2009,Dan LeFevour,Central Michigan,2010,,,8,pass,0.8728275299072266,False,29.0
2009,Dan LeFevour,Central Michigan,2010,,,4,pass,-0.0560297966003418,False,18.0
2009,Dan LeFevour,Central Michigan,2010,,,3,pass,0.9040312767028809,False,14.0
2009,Dan LeFevour,Central Michigan,2010,,,10,pass,0.5073599815368652,False,28.0
2009,Dan LeFevour,Central Michigan,2010,,,8,pass,0.45233678817749023,False,18.0
2009,Dan LeFevour,Central Michigan,2010,,,0,pass,-0.6017334461212158,False,73.0
2009,Dan LeFevour,Central Michigan,2010,,,0,pass,-1.4233577251434326,False,73.0
2009,Dan LeFevour,Central Michigan,2010,,,3,pass,-0.421170711517334,False,16.0
2009,Dan LeFevour,Central Michigan,2010,,,5,pass,0.2716665267944336,False,13.0
2009,Dan LeFevour,Central Michigan,2010,,,27,pass,2.4289703369140625,True,27.0
2009,Dan LeFevour,Central Michigan,2010,,,8,pass,0.6186242699623108,False,88.0
2009,Dan LeFevour,Central Michigan,2010,,,5,pass,0.20944428443908691,False,40.0
2009,Dan LeFevour,Central Michigan,2010,,,0,pass,-0.7822346687316895,False,14.0
2009,Dan LeFevour,Central Michigan,2010,,,0,pass,-3.3249268531799316,False,14.0
2009,Dan LeFevour,Central Michigan,2010,,,7,pass,2.0873100757598877,False,53.0
2009,Dan LeFevour,Central Michigan,2010,,,25,pass,1.7384395599365234,True,25.0
2009,Dan LeFevour,Central Michigan,2010,,,7,pass,0.5425536632537842,False,63.0
2009,Dan LeFevour,Central Michigan,2010,,,16,pass,-4.8047051429748535,False,41.0
2009,Dan LeFevour,Central Michigan,2010,,,11,pass,3.2062265872955322,True,11.0
2009,Dan LeFevour,Central Michigan,2010,,,23,pass,0.6787177324295044,False,79.0
2009,Dan LeFevour,Central Michigan,2010,,,26,pass,1.2030327320098877,False,56.0
2009,Dan LeFevour,Central Michigan,2010,,,9,pass,0.8065547943115234,False,30.0
2009,Dan LeFevour,Central Michigan,2010,,,10,pass,1.0690312385559082,False,21.0
2009,Dan LeFevour,Central Michigan,2010,,,0,pass,-0.4970431327819824,False,11.0
2009,Dan LeFevour,Central Michigan,2010,,,40,pass,2.72694993019104,False,71.0
2009,Dan LeFevour,Central Michigan,2010,,,0,pass,-0.9263052940368652,False,32.0
2009,Dan LeFevour,Central Michigan,2010,,,0,pass,-1.0047509670257568,False,54.0
2009,Dan LeFevour,Central Michigan,2010,,,14,pass,2.597836971282959,False,54.0
2009,Dan LeFevour,Central Michigan,2010,,,0,pass,-0.6543664932250977,False,68.0
2009,Dan LeFevour,Central Michigan,2010,,,11,pass,1.728624701499939,False,64.0
2009,Dan LeFevour,Central Michigan,2010,,,70,pass,4.5468597412109375,True,70.0
2009,Dan LeFevour,Central Michigan,2010,,,21,pass,1.6474430561065674,False,47.0
2009,Dan LeFevour,Central Michigan,2010,,,24,pass,1.6821417808532715,False,26.0
2009,Dan LeFevour,Central Michigan,2010,,,0,pass,-0.7939106225967407,False,85.0
2009,Dan LeFevour,Central Michigan,2010,,,4,pass,-1.16959547996521,False,74.0
2009,Dan LeFevour,Central Michigan,2010,,,9,pass,1.3589677810668945,True,9.0
2009,Dan LeFevour,Central Michigan,2010,,,13,pass,0.7585065364837646,False,79.0
2009,Dan LeFevour,Central Michigan,2010,,,6,pass,0.09443330764770508,False,66.0
2009,Dan LeFevour,Central Michigan,2010,,,16,pass,0.7557368278503418,False,41.0
2009,Dan LeFevour,Central Michigan,2010,,,0,pass,-1.8224594593048096,False,49.0
2009,Dan LeFevour,Central Michigan,2010,,,0,pass,-0.6212093830108643,False,49.0
2009,Dan LeFevour,Central Michigan,2010,,,0,pass,-0.9592480659484863,False,49.0
2009,Dan LeFevour,Central Michigan,2010,,,3,pass,-0.498260498046875,False,84.0
2009,Dan LeFevour,Central Michigan,2010,,,12,pass,0.4994080066680908,False,71.0
2009,Dan LeFevour,Central Michigan,2010,,,0,pass,-0.5023961067199707,False,59.0
2009,Dan LeFevour,Central Michigan,2010,,,3,pass,-0.7872846126556396,False,59.0
2009,Dan LeFevour,Central Michigan,2010,,,15,pass,-0.04318547248840332,False,66.0
2009,Dan LeFevour,Central Michigan,2010,,,15,pass,2.8541927337646484,True,15.0
2009,Dan LeFevour,Central Michigan,2010,,,12,pass,0.728590726852417,False,51.0
2009,Dan LeFevour,Central Michigan,2010,,,12,pass,0.5576024055480957,False,39.0
2009,Dan LeFevour,Central Michigan,2010,,,0,pass,-0.39191675186157227,False,27.0
2009,Dan LeFevour,Central Michigan,2010,,,12,pass,1.11521315574646,False,27.0
2009,Dan LeFevour,Central Michigan,2010,,,11,pass,-4.843715667724609,False,60.0
2009,Dan LeFevour,Central Michigan,2010,,,0,pass,-0.744499683380127,False,40.0
2009,Dan LeFevour,Central Michigan,2010,,,7,pass,-0.5019750595092773,False,30.0
2009,Dan LeFevour,Central Michigan,2010,,,0,pass,-1.4646650552749634,False,84.0
2009,Dan LeFevour,Central Michigan,2010,,,65,pass,4.347789287567139,False,84.0
2009,Dan LeFevour,Central Michigan,2010,,,6,pass,0.25701045989990234,False,19.0
2009,Dan LeFevour,Central Michigan,2010,,,0,pass,-0.9323692321777344,False,94.0
2009,Dan LeFevour,Central Michigan,2010,,,0,pass,-0.8436157703399658,False,94.0
2009,Dan LeFevour,Central Michigan,2010,,,9,pass,0.8722915649414062,False,65.0
2009,Dan LeFevour,Central Michigan,2010,,,0,pass,-1.879677176475525,False,58.0
2009,Dan LeFevour,Central Michigan,2010,,,13,pass,0.8654407262802124,False,63.0
2009,Dan LeFevour,Central Michigan,2010,,,0,pass,-0.8642957210540771,False,26.0
2009,Dan LeFevour,Central Michigan,2010,,,9,pass,-0.4949997663497925,False,59.0
2009,Dan LeFevour,Central Michigan,2010,,,9,pass,2.044992446899414,True,9.0
2009,Dan LeFevour,Central Michigan,2010,,,0,pass,-0.8043162822723389,False,33.0
2009,Dan LeFevour,Central Michigan,2010,,,15,pass,1.257770299911499,False,63.0
2009,Dan LeFevour,Central Michigan,2010,,,0,pass,-0.9342339038848877,False,47.0
2009,Dan LeFevour,Central Michigan,2010,,,6,pass,0.07567858695983887,False,83.0
2009,Dan LeFevour,Central Michigan,2010,,,10,pass,0.6467434167861938,False,77.0
2009,Dan LeFevour,Central Michigan,2010,,,12,pass,0.666222095489502,False,67.0
2009,Dan LeFevour,Central Michigan,2010,,,0,pass,-0.5867123603820801,False,43.0
2009,Dan LeFevour,Central Michigan,2010,,,0,pass,-0.9365794658660889,False,43.0
2009,Dan LeFevour,Central Michigan,2010,,,0,pass,-1.8159693479537964,False,43.0
2009,Dan LeFevour,Central Michigan,2010,,,0,pass,-1.865738868713379,False,12.0
2009,Dan LeFevour,Central Michigan,2010,,,8,pass,0.5390975475311279,False,47.0
2009,Dan LeFevour,Central Michigan,2010,,,9,pass,0.14714622497558594,False,39.0
2009,Dan LeFevour,Central Michigan,2010,,,29,pass,2.4463114738464355,True,29.0
2009,Dan LeFevour,Central Michigan,2010,,,5,pass,1.0938763618469238,False,34.0
2009,Dan LeFevour,Central Michigan,2010,,,12,pass,1.5960149765014648,False,59.0
2009,Dan LeFevour,Central Michigan,2010,,,0,pass,-2.7053909301757812,False,40.0
2009,Dan LeFevour,Central Michigan,2010,,,2,pass,-0.5318841934204102,False,65.0
2009,Dan LeFevour,Central Michigan,2010,,,8,pass,-0.4481647312641144,False,88.0
2009,Dan LeFevour,Central Michigan,2010,,,0,pass,-0.5900925397872925,False,79.0
2009,Dan LeFevour,Central Michigan,2010,,,4,pass,-0.16439104080200195,False,22.0
2009,Dan LeFevour,Central Michigan,2010,,,9,pass,0.7619566917419434,False,18.0
2009,Dan LeFevour,Central Michigan,2010,,,2,pass,-0.5424186587333679,False,61.0
2009,Dan LeFevour,Central Michigan,2010,,,0,pass,-0.694017231464386,False,61.0
2009,Dan LeFevour,Central Michigan,2010,,,15,pass,1.1266868114471436,False,76.0
2009,Dan LeFevour,Central Michigan,2010,,,0,pass,-1.305237889289856,False,71.0
2009,Dan LeFevour,Central Michigan,2010,,,0,pass,-0.934648334980011,False,71.0
2009,Dan LeFevour,Central Michigan,2010,,,0,pass,-0.8504846692085266,False,71.0
2009,Dan LeFevour,Central Michigan,2010,,,0,pass,-0.8970179557800293,False,16.0
2009,Dan LeFevour,Central Michigan,2010,,,13,pass,0.7472686767578125,False,29.0
2009,Dan LeFevour,Central Michigan,2010,,,3,pass,-0.27124953269958496,False,39.0
2009,Dan LeFevour,Central Michigan,2010,,,10,pass,0.5819845199584961,False,52.0
2009,Dan LeFevour,Central Michigan,2010,,,7,pass,1.4501854181289673,False,59.0
2009,Dan LeFevour,Central Michigan,2010,,,4,pass,-0.39895546436309814,False,63.0
2009,Dan LeFevour,Central Michigan,2010,,,10,pass,0.9317667484283447,False,76.0
2009,Dan LeFevour,Central Michigan,2010,,,0,pass,-1.727059245109558,False,51.0
2009,Dan LeFevour,Central Michigan,2010,,,16,pass,0.8503819704055786,False,69.0
2009,Dan LeFevour,Central Michigan,2010,,,13,pass,1.7458070516586304,False,92.0
2009,Dan LeFevour,Central Michigan,2010,,,-2,pass,-1.3198899030685425,False,46.0
2009,Dan LeFevour,Central Michigan,2010,,,10,pass,2.0562849044799805,False,56.0
2009,Dan LeFevour,Central Michigan,2010,,,4,pass,-0.4203130006790161,False,60.0
2009,Dan LeFevour,Central Michigan,2010,,,0,pass,-0.6590688228607178,False,60.0
2009,Dan LeFevour,Central Michigan,2010,,,4,pass,1.00148344039917,False,64.0
2009,Dan LeFevour,Central Michigan,2010,,,0,pass,-1.9907140731811523,False,42.0
2009,Dan LeFevour,Central Michigan,2010,,,0,pass,-0.9203965663909912,False,42.0
2009,Dan LeFevour,Central Michigan,2010,,,9,pass,1.6417628526687622,False,51.0
2009,Dan LeFevour,Central Michigan,2010,,,12,pass,1.5573073625564575,False,58.0
2009,Dan LeFevour,Central Michigan,2010,,,0,pass,-0.6417549848556519,False,58.0
2009,Dan LeFevour,Central Michigan,2010,,,5,pass,0.4941509962081909,False,63.0
2009,Dan LeFevour,Central Michigan,2010,,,5,pass,0.04354739189147949,False,68.0
2009,Dan LeFevour,Central Michigan,2010,,,12,pass,-0.7857386469841003,False,80.0
2009,Dan LeFevour,Central Michigan,2010,,,11,pass,0.9659609794616699,False,17.0
2009,Dan LeFevour,Central Michigan,2010,,,13,pass,1.1070642471313477,False,34.0
2009,Dan LeFevour,Central Michigan,2010,,,42,pass,2.7257142066955566,True,42.0
2009,Dan LeFevour,Central Michigan,2010,,,6,pass,-0.28828001022338867,False,48.0
2009,Dan LeFevour,Central Michigan,2010,,,16,pass,1.4715476036071777,False,64.0
2009,Dan LeFevour,Central Michigan,2010,,,3,pass,-0.25482916831970215,False,67.0
2009,Dan LeFevour,Central Michigan,2010,,,9,pass,0.5982165336608887,False,15.0
2009,Dan LeFevour,Central Michigan,2010,,,12,pass,2.284756660461426,False,27.0
2009,Dan LeFevour,Central Michigan,2010,,,-2,pass,-1.1896767616271973,False,25.0
2009,Dan LeFevour,Central Michigan,2010,,,4,pass,-1.136167049407959,False,71.0
2009,Dan LeFevour,Central Michigan,2010,,,0,pass,-0.9649393558502197,False,71.0
2009,Dan LeFevour,Central Michigan,2010,,,0,pass,-0.6042406558990479,False,71.0
2009,Dan LeFevour,Central Michigan,2010,,,9,pass,0.44429945945739746,False,81.0
2009,Dan LeFevour,Central Michigan,2010,,,0,pass,-0.9184775352478027,False,8.0
2009,Dan LeFevour,Central Michigan,2010,,,10,pass,1.038581371307373,False,18.0
2009,Dan LeFevour,Central Michigan,2010,,,0,pass,-0.6805096864700317,False,52.0
2009,Dan LeFevour,Central Michigan,2010,,,0,pass,-0.3464486598968506,False,52.0
2009,Dan LeFevour,Central Michigan,2010,,,5,pass,-0.09342038631439209,False,57.0
2009,Dan LeFevour,Central Michigan,2010,,,20,pass,0.602406919002533,False,77.0
2009,Dan LeFevour,Central Michigan,2010,,,44,pass,3.1289806365966797,False,74.0
2009,Dan LeFevour,Central Michigan,2010,,,18,pass,1.4747105836868286,False,95.0
2009,Dan LeFevour,Central Michigan,2010,,,10,pass,0.8316314220428467,False,12.0
2009,Dan LeFevour,Central Michigan,2010,,,8,pass,0.026398420333862305,False,20.0
2009,Dan LeFevour,Central Michigan,2010,,,0,pass,-1.6246800422668457,False,11.0
2009,Dan LeFevour,Central Michigan,2010,,,11,pass,1.3268461227416992,False,22.0
2009,Dan LeFevour,Central Michigan,2010,,,3,pass,-0.9928741455078125,False,7.0
2009,Dan LeFevour,Central Michigan,2010,,,6,pass,0.18771147727966309,False,18.0
2009,Dan LeFevour,Central Michigan,2010,,,12,pass,0.9469923973083496,False,30.0
2009,Dan LeFevour,Central Michigan,2010,,,4,pass,-0.12417745590209961,False,40.0
2009,Dan LeFevour,Central Michigan,2010,,,6,pass,-0.7197762727737427,False,79.0
2009,Dan LeFevour,Central Michigan,2010,,,8,pass,0.5989302396774292,False,88.0
2009,Dan LeFevour,Central Michigan,2010,,,33,pass,2.5970044136047363,True,33.0
2009,Dan LeFevour,Central Michigan,2010,,,9,pass,0.2901146411895752,False,42.0
2009,Dan LeFevour,Central Michigan,2010,,,10,pass,2.110294818878174,False,52.0
2009,Dan LeFevour,Central Michigan,2010,,,0,pass,-0.7367734313011169,False,53.0
2009,Dan LeFevour,Central Michigan,2010,,,1,pass,-0.7061278820037842,False,69.0
2009,Dan LeFevour,Central Michigan,2010,,,8,pass,0.8125054836273193,False,71.0
2009,Dan LeFevour,Central Michigan,2010,,,11,pass,1.1701483726501465,True,11.0
2009,Dan LeFevour,Central Michigan,2010,,,33,pass,1.5795507431030273,False,44.0
2009,Dan LeFevour,Central Michigan,2010,,,6,pass,-0.09005546569824219,False,50.0
2009,Dan LeFevour,Central Michigan,2010,,,21,pass,1.242074728012085,False,81.0
2009,Dan LeFevour,Central Michigan,2010,,,3,pass,0.4366030693054199,True,3.0
2009,Dan LeFevour,Central Michigan,2010,,,10,pass,0.25003480911254883,False,28.0
2009,Dan LeFevour,Central Michigan,2010,,,13,pass,0.5535171031951904,False,50.0
2009,Dan LeFevour,Central Michigan,2010,,,14,pass,1.136939525604248,False,64.0
2009,Dan LeFevour,Central Michigan,2010,,,7,pass,0.16840314865112305,False,77.0
2009,Dan LeFevour,Central Michigan,2010,,,8,pass,-0.6842897534370422,False,83.0
2009,Dan LeFevour,Central Michigan,2010,,,0,pass,-2.588855504989624,False,77.0
2009,Dan LeFevour,Central Michigan,2010,,,82,pass,6.79985237121582,True,82.0
2009,Dan LeFevour,Central Michigan,2010,,,0,pass,-0.12448744475841522,False,82.0
2009,Dan LeFevour,Central Michigan,2010,,,-1,pass,-0.37429550290107727,False,81.0
2009,Dan LeFevour,Central Michigan,2010,,,10,pass,1.0964734554290771,False,25.0
2009,Dan LeFevour,Central Michigan,2010,,,11,pass,0.527580738067627,False,37.0
2009,Dan LeFevour,Central Michigan,2010,,,8,pass,0.5385494232177734,False,12.0
2009,Dan LeFevour,Central Michigan,2010,,,7,pass,0.34671974182128906,False,22.0
2009,Dan LeFevour,Central Michigan,2010,,,19,pass,0.9170441627502441,False,41.0
2009,Dan LeFevour,Central Michigan,2010,,,12,pass,1.6675341129302979,False,53.0
2009,Dan LeFevour,Central Michigan,2010,,,6,pass,-0.21490907669067383,False,59.0
2009,Dan LeFevour,Central Michigan,2010,,,10,pass,1.1467605829238892,False,69.0
2009,Dan LeFevour,Central Michigan,2010,,,0,pass,-0.6594074964523315,False,69.0
2009,Dan LeFevour,Central Michigan,2010,,,10,pass,1.7732806205749512,True,10.0
2009,Dan LeFevour,Central Michigan,2010,,,22,pass,1.8155601024627686,False,32.0
2009,Dan LeFevour,Central Michigan,2010,,,4,pass,-0.30109167098999023,False,36.0
2009,Dan LeFevour,Central Michigan,2010,,,0,pass,-0.6699230670928955,False,36.0
2009,Dan LeFevour,Central Michigan,2010,,,9,pass,0.9044535160064697,False,51.0
2009,Dan LeFevour,Central Michigan,2010,,,9,pass,0.4469633102416992,False,47.0
2009,Dan LeFevour,Central Michigan,2010,,,29,pass,2.734586715698242,False,74.0
2009,Dan LeFevour,Central Michigan,2010,,,2,pass,-1.4406757354736328,False,33.0
2009,Dan LeFevour,Central Michigan,2010,,,3,pass,-1.2187672853469849,False,31.0
2009,Dan LeFevour,Central Michigan,2010,,,16,pass,1.2397370338439941,True,16.0
2009,Dan LeFevour,Central Michigan,2010,,,4,pass,-0.20974421501159668,False,78.0
2009,Dan LeFevour,Central Michigan,2010,,,5,pass,1.2853105068206787,False,72.0
2009,Dan LeFevour,Central Michigan,2010,,,7,pass,0.19513678550720215,False,67.0
2009,Dan LeFevour,Central Michigan,2010,,,0,pass,-0.8325433731079102,False,60.0
2009,Dan LeFevour,Central Michigan,2010,,,12,pass,0.3655972480773926,False,54.0
2009,Dan LeFevour,Central Michigan,2010,,,4,pass,-0.26523351669311523,False,42.0
2009,Dan LeFevour,Central Michigan,2010,,,5,pass,0.9053530693054199,False,35.0
2009,Dan LeFevour,Central Michigan,2010,,,0,pass,-0.8189060688018799,False,29.0
2009,Dan LeFevour,Central Michigan,2010,,,0,pass,2.7742762565612793,False,45.0
2009,Dan LeFevour,Central Michigan,2010,,,0,pass,-0.23217430710792542,False,45.0
2009,Dan LeFevour,Central Michigan,2010,,,7,pass,1.4338879585266113,False,73.0
2009,Dan LeFevour,Central Michigan,2010,,,7,pass,0.2444995641708374,False,64.0
2009,Dan LeFevour,Central Michigan,2010,,,11,pass,0.5720489025115967,False,48.0
2009,Dan LeFevour,Central Michigan,2010,,,-4,pass,-1.210080862045288,False,37.0
2009,Dan LeFevour,Central Michigan,2010,,,0,pass,-0.7089340686798096,False,41.0
2009,Dan LeFevour,Central Michigan,2010,,,17,pass,2.643662691116333,False,41.0
2009,Dan LeFevour,Central Michigan,2010,,,11,pass,0.6768126487731934,False,24.0
2009,Dan LeFevour,Central Michigan,2010,,,8,pass,0.7260270118713379,False,13.0
2009,Dan LeFevour,Central Michigan,2010,,,16,pass,3.234022617340088,True,16.0
2009,Dan LeFevour,Central Michigan,2010,,,9,pass,0.8928139209747314,False,64.0
2009,Dan LeFevour,Central Michigan,2010,,,5,pass,-0.05946207046508789,False,55.0
2009,Dan LeFevour,Central Michigan,2010,,,0,pass,-0.5286452770233154,False,39.0
2009,Dan LeFevour,Central Michigan,2010,,,0,pass,-0.840235710144043,False,39.0
2009,Dan LeFevour,Central Michigan,2010,,,23,pass,2.5890564918518066,False,39.0
2009,Dan LeFevour,Central Michigan,2010,,,0,pass,-0.5430912971496582,False,16.0
2009,Dan LeFevour,Central Michigan,2010,,,0,pass,-0.7520158290863037,False,16.0
2009,Dan LeFevour,Central Michigan,2010,,,0,pass,-1.5600390434265137,False,7.0
2009,Dan LeFevour,Central Michigan,2010,,,3,pass,-0.41444194316864014,False,85.0
2009,Dan LeFevour,Central Michigan,2010,,,19,pass,2.4449753761291504,False,81.0
2009,Dan LeFevour,Central Michigan,2010,,,-3,pass,-1.480155110359192,False,56.0
2009,Dan LeFevour,Central Michigan,2010,,,0,pass,-1.4624446630477905,False,59.0
2009,Dan LeFevour,Central Michigan,2010,,,13,pass,1.5906095504760742,True,13.0
2009,Dan LeFevour,Central Michigan,2010,,,12,pass,0.12046098709106445,False,36.0
2009,Dan LeFevour,Central Michigan,2010,,,0,pass,-0.5829694271087646,False,24.0
2009,Dan LeFevour,Central Michigan,2010,,,10,pass,1.8372154235839844,False,23.0
2009,Dan LeFevour,Central Michigan,2010,,,-11,pass,-2.392915725708008,False,23.0
2009,Dan LeFevour,Central Michigan,2010,,,8,pass,1.505819320678711,False,37.0
2009,Dan LeFevour,Central Michigan,2010,,,11,pass,0.5934052467346191,False,53.0
2009,Dan LeFevour,Central Michigan,2010,,,13,pass,0.679074764251709,False,66.0
2009,Dan LeFevour,Central Michigan,2010,,,0,pass,-1.3558262586593628,False,80.0
2009,Dan LeFevour,Central Michigan,2010,,,0,pass,-1.420843482017517,False,66.0
2009,Dan LeFevour,Central Michigan,2010,,,5,pass,-0.1680511236190796,False,71.0
2009,Dan LeFevour,Central Michigan,2010,,,0,pass,-1.1702872514724731,False,67.0
2009,Dan LeFevour,Central Michigan,2010,,,6,pass,-0.8329501152038574,False,7.0
2009,Dan LeFevour,Central Michigan,2010,,,8,pass,1.0194222927093506,False,32.0
2009,Dan LeFevour,Central Michigan,2010,,,7,pass,0.4020562171936035,False,39.0
2009,Dan LeFevour,Central Michigan,2010,,,16,pass,-2.00593638420105,False,76.0
2009,Dan LeFevour,Central Michigan,2010,,,8,pass,2.5220274925231934,True,8.0
2009,Dan LeFevour,Central Michigan,2010,,,21,pass,2.6675422191619873,False,29.0
2009,Dan LeFevour,Central Michigan,2010,,,0,pass,-0.3079221248626709,False,24.0
2009,Dan LeFevour,Central Michigan,2010,,,12,pass,1.1737990379333496,False,51.0
2009,Dan LeFevour,Central Michigan,2010,,,18,pass,1.9714035987854004,False,68.0
2009,Dan LeFevour,Central Michigan,2010,,,5,pass,-0.02472221851348877,False,76.0
2009,Dan LeFevour,Central Michigan,2010,,,13,pass,0.451211154460907,False,84.0
2009,Dan LeFevour,Central Michigan,2010,,,0,pass,-1.0858995914459229,False,18.0
2009,Dan LeFevour,Central Michigan,2010,,,0,pass,-0.7371602058410645,False,18.0
2009,Dan LeFevour,Central Michigan,2010,,,0,pass,-0.664372444152832,False,18.0
2009,Dan LeFevour,Central Michigan,2010,,,0,pass,-1.8624613285064697,False,23.0
2009,Dan LeFevour,Central Michigan,2010,,,13,pass,2.0722286701202393,False,36.0
2009,Dan LeFevour,Central Michigan,2010,,,0,pass,-0.8378467559814453,False,36.0
2009,Dan LeFevour,Central Michigan,2010,,,5,pass,0.017958879470825195,False,48.0
2009,Dan LeFevour,Central Michigan,2010,,,6,pass,0.24304604530334473,False,68.0
2009,Dan LeFevour,Central Michigan,2010,,,0,pass,-1.6176278591156006,False,8.0
2009,Dan LeFevour,Central Michigan,2010,,,4,pass,-1.3078532218933105,False,8.0
2009,Dan LeFevour,Central Michigan,2010,,,13,pass,0.715212345123291,False,21.0
2009,Dan LeFevour,Central Michigan,2010,,,16,pass,2.8066916465759277,False,37.0
2009,Dan LeFevour,Central Michigan,2010,,,0,pass,-0.9720683097839355,False,37.0
2009,Dan LeFevour,Central Michigan,2010,,,14,pass,1.5921931266784668,True,14.0
2009,Dan LeFevour,Central Michigan,2010,,,15,pass,1.3013854026794434,False,29.0
2009,Dan LeFevour,Central Michigan,2010,,,11,pass,0.7407729625701904,False,43.0
2009,Dan LeFevour,Central Michigan,2010,,,0,pass,-0.5998258590698242,False,13.0
2009,Dan LeFevour,Central Michigan,2010,,,10,pass,1.769212007522583,False,23.0
2009,Dan LeFevour,Central Michigan,2010,,,5,pass,0.007500648498535156,False,28.0
2009,Dan LeFevour,Central Michigan,2010,,,3,pass,-0.33527374267578125,False,31.0
2009,Dan LeFevour,Central Michigan,2010,,,0,pass,-1.8740171194076538,False,70.0
2009,Dan LeFevour,Central Michigan,2010,,,0,pass,-0.2757118046283722,False,70.0
2009,Dan LeFevour,Central Michigan,2010,,,12,pass,0.0590183287858963,False,82.0
2009,Dan LeFevour,Central Michigan,2010,,,4,pass,1.8953475952148438,True,4.0
2009,Dan LeFevour,Central Michigan,2010,,,7,pass,0.9746729135513306,False,41.0
2009,Dan LeFevour,Central Michigan,2010,,,30,pass,2.6616013050079346,False,34.0
2009,Dan LeFevour,Central Michigan,2010,,,8,pass,0.3389461040496826,False,49.0
2009,Dan LeFevour,Central Michigan,2010,,,-2,pass,-0.8299592733383179,False,47.0
2009,Dan LeFevour,Central Michigan,2010,,,8,pass,0.8918472528457642,False,55.0
2009,Dan LeFevour,Central Michigan,2010,,,0,pass,-0.6487313508987427,False,55.0
2009,Dan LeFevour,Central Michigan,2010,,,8,pass,0.347633957862854,False,63.0
2009,Dan LeFevour,Central Michigan,2010,,,27,pass,2.279618263244629,False,90.0
2009,Dan LeFevour,Central Michigan,2010,,,0,pass,-1.6791324615478516,False,55.0
2009,Dan LeFevour,Central Michigan,2010,,,2,pass,-0.35804522037506104,False,57.0
2009,Dan LeFevour,Central Michigan,2010,,,8,pass,0.7690684795379639,False,72.0
2009,Dan LeFevour,Central Michigan,2010,,,1,pass,6.7983269691467285,False,16.0
2009,Dan LeFevour,Central Michigan,2010,,,22,pass,2.160104274749756,False,38.0
2009,Dan LeFevour,Central Michigan,2010,,,12,pass,1.4720730781555176,False,50.0
2009,Dan LeFevour,Central Michigan,2010,,,5,pass,0.5535864233970642,False,72.0
2009,Dan LeFevour,Central Michigan,2010,,,8,pass,0.7564458847045898,False,33.0
2009,Dan LeFevour,Central Michigan,2010,,,10,pass,0.5751783847808838,False,41.0
2009,Dan LeFevour,Central Michigan,2010,,,17,pass,1.9004895687103271,False,58.0
2009,Dan LeFevour,Central Michigan,2010,,,0,pass,-0.9806131720542908,False,62.0
2009,Dan LeFevour,Central Michigan,2010,,,10,pass,1.156812071800232,False,72.0
2009,Dan LeFevour,Central Michigan,2010,,,0,pass,-1.0380138158798218,False,26.0
2009,Dan LeFevour,Central Michigan,2010,,,0,pass,-0.42727112770080566,False,26.0
2009,Dan LeFevour,Central Michigan,2010,,,37,pass,2.289539098739624,False,62.0
2009,Dan LeFevour,Central Michigan,2010,,,0,pass,-0.4870326519012451,False,62.0
2009,Dan LeFevour,Central Michigan,2010,,,6,pass,1.155360221862793,False,68.0
2009,Dan LeFevour,Central Michigan,2010,,,7,pass,0.17638441920280457,False,75.0
2009,Dan LeFevour,Central Michigan,2010,,,0,pass,-1.6939189434051514,False,14.0
2009,Dan LeFevour,Central Michigan,2010,,,0,pass,-0.5475373268127441,False,16.0
2009,Dan LeFevour,Central Michigan,2010,,,41,pass,2.781454563140869,False,57.0
2009,Dan LeFevour,Central Michigan,2010,,,3,pass,-0.4057602286338806,False,78.0
2009,Dan LeFevour,Central Michigan,2010,,,20,pass,1.8940749168395996,False,98.0
2009,Dan LeFevour,Central Michigan,2010,,,0,pass,-0.46242737770080566,False,98.0
2009,Dan LeFevour,Central Michigan,2010,,,0,pass,-1.2249653339385986,False,11.0
2009,Dan LeFevour,Central Michigan,2010,,,0,pass,-0.5777678489685059,False,13.0
2009,Dan LeFevour,Central Michigan,2010,,,11,pass,2.467921495437622,False,34.0
2009,Dan LeFevour,Central Michigan,2010,,,0,pass,-0.9451823234558105,False,34.0
2009,Dan LeFevour,Central Michigan,2010,,,19,pass,1.7486027479171753,False,55.0
2009,Dan LeFevour,Central Michigan,2010,,,4,pass,-0.8962694406509399,False,32.0
2009,Dan LeFevour,Central Michigan,2010,,,0,pass,-0.8229665756225586,False,32.0
2009,Dan LeFevour,Central Michigan,2010,,,0,pass,-0.628342866897583,False,32.0
2009,Dan LeFevour,Central Michigan,2010,,,23,pass,2.5990757942199707,False,55.0
2009,Dan LeFevour,Central Michigan,2010,,,15,pass,2.6862895488739014,False,68.0
2009,Dan LeFevour,Central Michigan,2010,,,-6,pass,-2.244915008544922,False,62.0
2009,Dan LeFevour,Central Michigan,2010,,,6,pass,0.36088740825653076,False,80.0
