season,player_name,college,draft_year,down,distance,yards_gained,play_type,epa,scoring,yards_to_goal
2009,Derek Carr,Fresno State,2014,,,24,pass,0.3668093681335449,False,68.0
2009,Derek Carr,Fresno State,2014,,,13,pass,0.40403223037719727,False,44.0
2009,Derek Carr,Fresno State,2014,,,6,pass,-0.4592684507369995,False,37.0
2009,Derek Carr,Fresno State,2014,,,9,pass,2.726973295211792,False,31.0
2009,Derek Carr,Fresno State,2014,,,0,pass,-1.2400535345077515,False,76.0
2009,Derek Carr,Fresno State,2014,,,9,pass,0.6956014633178711,False,50.0
2009,Derek Carr,Fresno State,2014,,,0,pass,-0.9119529724121094,False,32.0
2009,Derek Carr,Fresno State,2014,,,-6,pass,-1.2711513042449951,False,23.0
2009,Derek Carr,Fresno State,2014,,,0,pass,-3.043797731399536,False,23.0
2009,Derek Carr,Fresno State,2014,,,15,pass,1.071570634841919,False,51.0
2009,Derek Carr,Fresno State,2014,,,0,pass,-0.4007725715637207,False,51.0
2009,Derek Carr,Fresno State,2014,,,26,pass,0.9041604399681091,False,77.0
2009,Derek Carr,Fresno State,2014,,,6,pass,-0.13800323009490967,False,83.0
2009,Derek Carr,Fresno State,2014,,,10,pass,1.1749335527420044,False,93.0
2011,Derek Carr,Fresno State,2014,,,2,pass,-0.27999478578567505,False,88.0
2011,Derek Carr,Fresno State,2014,,,3,pass,-0.2894803285598755,False,91.0
2011,Derek Carr,Fresno State,2014,,,-5,pass,-3.5101325511932373,False,80.0
2011,Derek Carr,Fresno State,2014,,,8,pass,-0.25828850269317627,False,88.0
2011,Derek Carr,Fresno State,2014,,,0,pass,-0.5368936657905579,False,64.0
2011,Derek Carr,Fresno State,2014,,,15,pass,0.8315494060516357,False,44.0
2011,Derek Carr,Fresno State,2014,,,0,pass,-0.004264116287231445,False,29.0
2011,Derek Carr,Fresno State,2014,,,8,pass,0.8263359069824219,False,12.0
2011,Derek Carr,Fresno State,2014,,,0,pass,-1.416784405708313,False,68.0
2011,Derek Carr,Fresno State,2014,,,0,pass,-0.7436400651931763,False,90.0
2011,Derek Carr,Fresno State,2014,,,-6,pass,-1.2884283065795898,False,90.0
2011,Derek Carr,Fresno State,2014,,,0,pass,-0.9060858488082886,False,76.0
2011,Derek Carr,Fresno State,2014,,,0,pass,-0.8039040565490723,False,76.0
2011,Derek Carr,Fresno State,2014,,,0,pass,-0.6086088418960571,False,75.0
2011,Derek Carr,Fresno State,2014,,,0,pass,-0.9683524370193481,False,75.0
2011,Derek Carr,Fresno State,2014,,,14,pass,-0.5251047611236572,False,84.0
2011,Derek Carr,Fresno State,2014,,,7,pass,0.5302964448928833,False,77.0
2011,Derek Carr,Fresno State,2014,,,-1,pass,-1.1228185892105103,False,70.0
2011,Derek Carr,Fresno State,2014,,,7,pass,1.0970708131790161,False,71.0
2011,Derek Carr,Fresno State,2014,,,-6,pass,0.05596965551376343,False,55.0
2011,Derek Carr,Fresno State,2014,,,0,pass,-0.7865016460418701,False,30.0
2011,Derek Carr,Fresno State,2014,,,7,pass,0.475864052772522,False,60.0
2011,Derek Carr,Fresno State,2014,,,8,pass,0.7078826427459717,False,48.0
2011,Derek Carr,Fresno State,2014,,,0,pass,-1.247977375984192,False,42.0
2011,Derek Carr,Fresno State,2014,,,2,pass,-0.9463151693344116,False,36.0
2011,Derek Carr,Fresno State,2014,,,0,pass,-0.9327600002288818,False,25.0
2011,Derek Carr,Fresno State,2014,,,7,pass,-0.29898178577423096,False,25.0
2011,Derek Carr,Fresno State,2014,,,56,pass,5.037581920623779,False,73.0
2011,Derek Carr,Fresno State,2014,,,0,pass,-0.6504727602005005,False,65.0
2011,Derek Carr,Fresno State,2014,,,2,pass,-0.9647865295410156,False,65.0
2011,Derek Carr,Fresno State,2014,,,0,pass,-1.52327299118042,False,63.0
2011,Derek Carr,Fresno State,2014,,,4,pass,-0.09711229801177979,False,70.0
2011,Derek Carr,Fresno State,2014,,,0,pass,-0.9273973703384399,False,66.0
2011,Derek Carr,Fresno State,2014,,,3,pass,-0.6954774856567383,False,16.0
2011,Derek Carr,Fresno State,2014,,,3,pass,-0.26242971420288086,False,61.0
2011,Derek Carr,Fresno State,2014,,,9,pass,1.0476638078689575,False,73.0
2011,Derek Carr,Fresno State,2014,,,26,pass,4.486545562744141,True,26.0
2011,Derek Carr,Fresno State,2014,,,55,pass,3.404106616973877,False,76.0
2011,Derek Carr,Fresno State,2014,,,0,pass,-1.5605595111846924,False,71.0
2011,Derek Carr,Fresno State,2014,,,9,pass,1.965662956237793,False,84.0
2011,Derek Carr,Fresno State,2014,,,0,pass,-0.9967037439346313,False,46.0
2011,Derek Carr,Fresno State,2014,,,2,pass,-1.0671160221099854,False,21.0
2011,Derek Carr,Fresno State,2014,,,16,pass,2.4301280975341797,False,61.0
2011,Derek Carr,Fresno State,2014,,,3,pass,-0.7507447004318237,False,64.0
2011,Derek Carr,Fresno State,2014,,,0,pass,-0.9166874885559082,False,5.0
2011,Derek Carr,Fresno State,2014,,,20,pass,1.4543898105621338,False,26.0
2011,Derek Carr,Fresno State,2014,,,21,pass,1.1037380695343018,False,57.0
2011,Derek Carr,Fresno State,2014,,,7,pass,1.159798502922058,False,64.0
2011,Derek Carr,Fresno State,2014,,,0,pass,-1.6944684982299805,False,51.0
2011,Derek Carr,Fresno State,2014,,,1,pass,-0.6877976655960083,False,52.0
2011,Derek Carr,Fresno State,2014,,,0,pass,-0.6915073394775391,False,52.0
2011,Derek Carr,Fresno State,2014,,,2,pass,-1.2608671188354492,False,50.0
2011,Derek Carr,Fresno State,2014,,,0,pass,-0.6335759162902832,False,54.0
2011,Derek Carr,Fresno State,2014,,,0,pass,-1.8663519620895386,False,45.0
2011,Derek Carr,Fresno State,2014,,,6,pass,-0.7607295513153076,False,9.0
2011,Derek Carr,Fresno State,2014,,,0,pass,-0.8361046314239502,False,9.0
2011,Derek Carr,Fresno State,2014,,,14,pass,1.2551078796386719,False,36.0
2011,Derek Carr,Fresno State,2014,,,16,pass,1.2266032695770264,False,61.0
2011,Derek Carr,Fresno State,2014,,,6,pass,0.15965235233306885,False,67.0
2011,Derek Carr,Fresno State,2014,,,0,pass,-1.7715530395507812,False,36.0
2011,Derek Carr,Fresno State,2014,,,9,pass,1.0478272438049316,False,50.0
2011,Derek Carr,Fresno State,2014,,,17,pass,2.8193109035491943,False,67.0
2011,Derek Carr,Fresno State,2014,,,12,pass,2.6416659355163574,False,82.0
2011,Derek Carr,Fresno State,2014,,,0,pass,-0.7432299852371216,False,82.0
2011,Derek Carr,Fresno State,2014,,,13,pass,2.028517246246338,False,41.0
2011,Derek Carr,Fresno State,2014,,,0,pass,-1.4070320129394531,False,45.0
2011,Derek Carr,Fresno State,2014,,,16,pass,0.9594470262527466,False,71.0
2011,Derek Carr,Fresno State,2014,,,0,pass,-2.4591641426086426,False,64.0
2011,Derek Carr,Fresno State,2014,,,0,pass,-1.1310768127441406,False,64.0
2011,Derek Carr,Fresno State,2014,,,0,pass,-0.5929577350616455,False,64.0
2011,Derek Carr,Fresno State,2014,,,8,pass,0.9275674819946289,False,72.0
2011,Derek Carr,Fresno State,2014,,,0,pass,-0.9533971548080444,False,51.0
2011,Derek Carr,Fresno State,2014,,,0,pass,-0.563444972038269,False,51.0
2011,Derek Carr,Fresno State,2014,,,6,pass,0.11792051792144775,False,70.0
2011,Derek Carr,Fresno State,2014,,,16,pass,2.024698257446289,False,18.0
2011,Derek Carr,Fresno State,2014,,,0,pass,1.1521070003509521,False,70.0
2011,Derek Carr,Fresno State,2014,,,0,pass,-1.285151720046997,False,83.0
2011,Derek Carr,Fresno State,2014,,,-1,pass,-1.0214868783950806,False,82.0
2011,Derek Carr,Fresno State,2014,,,7,pass,-0.6172402501106262,False,80.0
2011,Derek Carr,Fresno State,2014,,,6,pass,0.2046670913696289,False,79.0
2011,Derek Carr,Fresno State,2014,,,52,pass,3.8288180828094482,True,52.0
2011,Derek Carr,Fresno State,2014,,,26,pass,2.20668363571167,False,80.0
2011,Derek Carr,Fresno State,2014,,,0,pass,-2.2770941257476807,False,65.0
2011,Derek Carr,Fresno State,2014,,,86,pass,5.233035087585449,True,86.0
2011,Derek Carr,Fresno State,2014,,,9,pass,4.514528274536133,True,9.0
2011,Derek Carr,Fresno State,2014,,,13,pass,1.2241411209106445,False,79.0
2011,Derek Carr,Fresno State,2014,,,-1,pass,-0.8865330219268799,False,42.0
2011,Derek Carr,Fresno State,2014,,,7,pass,-0.3420422077178955,False,75.0
2011,Derek Carr,Fresno State,2014,,,0,pass,-0.9940691590309143,False,68.0
2011,Derek Carr,Fresno State,2014,,,0,pass,-1.096064567565918,False,68.0
2011,Derek Carr,Fresno State,2014,,,0,pass,-0.9719216823577881,False,70.0
2011,Derek Carr,Fresno State,2014,,,0,pass,-0.5754764080047607,False,45.0
2011,Derek Carr,Fresno State,2014,,,0,pass,-1.3760771751403809,False,50.0
2011,Derek Carr,Fresno State,2014,,,33,pass,2.1325950622558594,True,33.0
2011,Derek Carr,Fresno State,2014,,,9,pass,0.33639001846313477,False,42.0
2011,Derek Carr,Fresno State,2014,,,5,pass,0.025604963302612305,False,54.0
2011,Derek Carr,Fresno State,2014,,,5,pass,0.33106374740600586,False,70.0
2011,Derek Carr,Fresno State,2014,,,0,pass,-0.577298641204834,False,50.0
2011,Derek Carr,Fresno State,2014,,,14,pass,1.2967278957366943,False,50.0
2011,Derek Carr,Fresno State,2014,,,0,pass,-0.8826758861541748,False,32.0
2011,Derek Carr,Fresno State,2014,,,1,pass,-1.4132404327392578,False,32.0
2011,Derek Carr,Fresno State,2014,,,0,pass,-0.00422358512878418,False,49.0
2011,Derek Carr,Fresno State,2014,,,21,pass,-0.03520128130912781,False,82.0
2011,Derek Carr,Fresno State,2014,,,7,pass,0.11458635330200195,False,56.0
2011,Derek Carr,Fresno State,2014,,,1,pass,2.530911922454834,True,1.0
2011,Derek Carr,Fresno State,2014,,,11,pass,0.7850484848022461,False,76.0
2011,Derek Carr,Fresno State,2014,,,16,pass,0.9746776819229126,False,65.0
2011,Derek Carr,Fresno State,2014,,,47,pass,3.2279086112976074,False,49.0
2011,Derek Carr,Fresno State,2014,,,51,pass,4.232104301452637,True,51.0
2011,Derek Carr,Fresno State,2014,,,9,pass,1.3985652923583984,False,72.0
2011,Derek Carr,Fresno State,2014,,,9,pass,1.019396424293518,False,60.0
2011,Derek Carr,Fresno State,2014,,,13,pass,1.3681601285934448,False,67.0
2011,Derek Carr,Fresno State,2014,,,21,pass,1.344961404800415,False,58.0
2011,Derek Carr,Fresno State,2014,,,0,pass,-0.7970786094665527,False,31.0
2011,Derek Carr,Fresno State,2014,,,0,pass,-1.5806101560592651,False,31.0
2011,Derek Carr,Fresno State,2014,,,16,pass,2.087772846221924,True,16.0
2011,Derek Carr,Fresno State,2014,,,49,pass,3.106095790863037,False,65.0
2011,Derek Carr,Fresno State,2014,,,0,pass,-0.5835561752319336,False,16.0
2011,Derek Carr,Fresno State,2014,,,5,pass,0.03505697846412659,False,77.0
2011,Derek Carr,Fresno State,2014,,,6,pass,0.1468137502670288,False,35.0
2011,Derek Carr,Fresno State,2014,,,0,pass,-0.42725515365600586,False,35.0
2011,Derek Carr,Fresno State,2014,,,10,pass,1.4222534894943237,False,36.0
2011,Derek Carr,Fresno State,2014,,,1,pass,-0.21921300888061523,False,40.0
2011,Derek Carr,Fresno State,2014,,,11,pass,0.9531084299087524,False,51.0
2011,Derek Carr,Fresno State,2014,,,7,pass,0.026013493537902832,False,58.0
2011,Derek Carr,Fresno State,2014,,,0,pass,-0.4138134717941284,False,58.0
2011,Derek Carr,Fresno State,2014,,,13,pass,0.9188209176063538,False,71.0
2011,Derek Carr,Fresno State,2014,,,7,pass,0.18301761150360107,False,78.0
2011,Derek Carr,Fresno State,2014,,,0,pass,-0.6303822994232178,False,50.0
2011,Derek Carr,Fresno State,2014,,,12,pass,1.2409611940383911,False,62.0
2011,Derek Carr,Fresno State,2014,,,0,pass,-0.6347602009773254,False,80.0
2011,Derek Carr,Fresno State,2014,,,13,pass,2.8963868618011475,False,14.0
2011,Derek Carr,Fresno State,2014,,,0,pass,-0.7766177654266357,False,14.0
2011,Derek Carr,Fresno State,2014,,,9,pass,1.6895252466201782,False,52.0
2011,Derek Carr,Fresno State,2014,,,0,pass,-1.2146549224853516,False,7.0
2011,Derek Carr,Fresno State,2014,,,46,pass,3.1395950317382812,False,53.0
2011,Derek Carr,Fresno State,2014,,,8,pass,2.86281681060791,False,48.0
2011,Derek Carr,Fresno State,2014,,,4,pass,0.3179807662963867,False,52.0
2011,Derek Carr,Fresno State,2014,,,-1,pass,-0.7022258639335632,False,51.0
2011,Derek Carr,Fresno State,2014,,,9,pass,0.05767500400543213,False,60.0
2011,Derek Carr,Fresno State,2014,,,9,pass,0.16376030445098877,False,72.0
2011,Derek Carr,Fresno State,2014,,,0,pass,-0.8321137428283691,False,15.0
2011,Derek Carr,Fresno State,2014,,,0,pass,-2.134596586227417,False,4.0
2011,Derek Carr,Fresno State,2014,,,13,pass,1.0736628770828247,False,58.0
2011,Derek Carr,Fresno State,2014,,,0,pass,-0.8711580038070679,False,74.0
2011,Derek Carr,Fresno State,2014,,,11,pass,0.4261603355407715,False,77.0
2011,Derek Carr,Fresno State,2014,,,10,pass,0.48192739486694336,False,36.0
2011,Derek Carr,Fresno State,2014,,,15,pass,1.69278085231781,False,51.0
2011,Derek Carr,Fresno State,2014,,,0,pass,-0.6169918775558472,False,51.0
2011,Derek Carr,Fresno State,2014,,,28,pass,1.926903247833252,False,79.0
2011,Derek Carr,Fresno State,2014,,,0,pass,-1.738572597503662,False,67.0
2011,Derek Carr,Fresno State,2014,,,2,pass,0.7861824035644531,True,2.0
2011,Derek Carr,Fresno State,2014,,,0,pass,-1.9308613538742065,False,39.0
2011,Derek Carr,Fresno State,2014,,,38,pass,2.5900466442108154,False,80.0
2011,Derek Carr,Fresno State,2014,,,0,pass,-2.527862071990967,False,18.0
2011,Derek Carr,Fresno State,2014,,,6,pass,0.4091322422027588,False,25.0
2011,Derek Carr,Fresno State,2014,,,1,pass,-0.26358580589294434,False,26.0
2011,Derek Carr,Fresno State,2014,,,3,pass,-0.49336352944374084,False,48.0
2011,Derek Carr,Fresno State,2014,,,6,pass,0.06502050161361694,False,54.0
2011,Derek Carr,Fresno State,2014,,,-2,pass,-1.506603479385376,False,51.0
2011,Derek Carr,Fresno State,2014,,,4,pass,-0.1578342318534851,False,55.0
2011,Derek Carr,Fresno State,2014,,,2,pass,-0.6476702690124512,False,68.0
2011,Derek Carr,Fresno State,2014,,,0,pass,-0.36540329456329346,False,75.0
2011,Derek Carr,Fresno State,2014,,,41,pass,-0.14753736555576324,False,51.0
2011,Derek Carr,Fresno State,2014,,,7,pass,-0.3504813015460968,False,58.0
2011,Derek Carr,Fresno State,2014,,,9,pass,0.13934893906116486,False,67.0
2011,Derek Carr,Fresno State,2014,,,16,pass,0.042230695486068726,False,83.0
2011,Derek Carr,Fresno State,2014,,,0,pass,-0.46173977851867676,False,22.0
2011,Derek Carr,Fresno State,2014,,,3,pass,-0.025021851062774658,False,65.0
2011,Derek Carr,Fresno State,2014,,,0,pass,-0.5604232549667358,False,77.0
2011,Derek Carr,Fresno State,2014,,,0,pass,-0.6125960350036621,False,77.0
2011,Derek Carr,Fresno State,2014,,,0,pass,-0.44975805282592773,False,77.0
2011,Derek Carr,Fresno State,2014,,,0,pass,-1.536991000175476,False,70.0
2011,Derek Carr,Fresno State,2014,,,0,pass,-0.6290786266326904,False,78.0
2011,Derek Carr,Fresno State,2014,,,7,pass,0.6750150322914124,False,92.0
2011,Derek Carr,Fresno State,2014,,,4,pass,-0.16040676832199097,False,88.0
2011,Derek Carr,Fresno State,2014,,,5,pass,-0.6293141841888428,False,90.0
2011,Derek Carr,Fresno State,2014,,,0,pass,-1.7755954265594482,False,65.0
2011,Derek Carr,Fresno State,2014,,,5,pass,0.261941134929657,False,70.0
2011,Derek Carr,Fresno State,2014,,,9,pass,-0.1386277675628662,False,87.0
2011,Derek Carr,Fresno State,2014,,,0,pass,-0.9663816690444946,False,82.0
2011,Derek Carr,Fresno State,2014,,,2,pass,-0.6739728450775146,False,23.0
2011,Derek Carr,Fresno State,2014,,,5,pass,-0.33020448684692383,False,20.0
2011,Derek Carr,Fresno State,2014,,,0,pass,-0.5652217864990234,False,12.0
2011,Derek Carr,Fresno State,2014,,,23,pass,4.196467399597168,True,23.0
2011,Derek Carr,Fresno State,2014,,,20,pass,1.331228494644165,False,50.0
2011,Derek Carr,Fresno State,2014,,,0,pass,-0.5687487125396729,False,30.0
2011,Derek Carr,Fresno State,2014,,,-4,pass,-1.3786532878875732,False,19.0
2011,Derek Carr,Fresno State,2014,,,0,pass,-0.7462866306304932,False,23.0
2011,Derek Carr,Fresno State,2014,,,9,pass,0.22266608476638794,False,80.0
2011,Derek Carr,Fresno State,2014,,,7,pass,0.36014115810394287,False,71.0
2011,Derek Carr,Fresno State,2014,,,7,pass,0.5544732809066772,False,64.0
2011,Derek Carr,Fresno State,2014,,,0,pass,-0.9391412734985352,False,57.0
2011,Derek Carr,Fresno State,2014,,,0,pass,-0.633225679397583,False,22.0
2011,Derek Carr,Fresno State,2014,,,0,pass,-0.7255136966705322,False,22.0
2011,Derek Carr,Fresno State,2014,,,0,pass,-0.554253101348877,False,22.0
2011,Derek Carr,Fresno State,2014,,,0,pass,-0.306979238986969,False,69.0
2011,Derek Carr,Fresno State,2014,,,0,pass,-0.7856130599975586,False,35.0
2011,Derek Carr,Fresno State,2014,,,9,pass,0.9050273895263672,False,35.0
2011,Derek Carr,Fresno State,2014,,,10,pass,0.7257300615310669,False,89.0
2011,Derek Carr,Fresno State,2014,,,4,pass,-0.7377330660820007,False,77.0
2011,Derek Carr,Fresno State,2014,,,9,pass,0.8232001662254333,False,82.0
2011,Derek Carr,Fresno State,2014,,,19,pass,1.2008943557739258,False,73.0
2011,Derek Carr,Fresno State,2014,,,9,pass,-5.301100254058838,False,54.0
2011,Derek Carr,Fresno State,2014,,,0,pass,-0.5724213123321533,False,34.0
2011,Derek Carr,Fresno State,2014,,,11,pass,2.361344814300537,False,34.0
2011,Derek Carr,Fresno State,2014,,,14,pass,1.220629334449768,False,80.0
2011,Derek Carr,Fresno State,2014,,,0,pass,-0.6125633716583252,False,46.0
2011,Derek Carr,Fresno State,2014,,,23,pass,2.8671483993530273,True,23.0
2011,Derek Carr,Fresno State,2014,,,18,pass,1.4572511911392212,False,62.0
2011,Derek Carr,Fresno State,2014,,,6,pass,1.6272356510162354,False,44.0
2011,Derek Carr,Fresno State,2014,,,15,pass,1.1622846126556396,False,74.0
2011,Derek Carr,Fresno State,2014,,,10,pass,0.9175025224685669,False,54.0
2011,Derek Carr,Fresno State,2014,,,16,pass,2.029172420501709,False,44.0
2011,Derek Carr,Fresno State,2014,,,5,pass,0.15180015563964844,False,28.0
2011,Derek Carr,Fresno State,2014,,,0,pass,-0.8050656318664551,False,23.0
2011,Derek Carr,Fresno State,2014,,,0,pass,-0.6143574714660645,False,17.0
2011,Derek Carr,Fresno State,2014,,,2,pass,1.318162441253662,True,2.0
2011,Derek Carr,Fresno State,2014,,,0,pass,-1.1980462074279785,False,2.0
2011,Derek Carr,Fresno State,2014,,,13,pass,0.1765865683555603,False,78.0
2011,Derek Carr,Fresno State,2014,,,8,pass,0.2667919397354126,False,65.0
2011,Derek Carr,Fresno State,2014,,,12,pass,0.4351276159286499,False,57.0
2011,Derek Carr,Fresno State,2014,,,0,pass,-0.3987985849380493,False,45.0
2011,Derek Carr,Fresno State,2014,,,19,pass,1.836356520652771,False,45.0
2011,Derek Carr,Fresno State,2014,,,13,pass,1.0359039306640625,False,26.0
2011,Derek Carr,Fresno State,2014,,,0,pass,-0.4829239845275879,False,13.0
2011,Derek Carr,Fresno State,2014,,,0,pass,-0.7194492816925049,False,13.0
2011,Derek Carr,Fresno State,2014,,,0,pass,-0.58735191822052,False,59.0
2011,Derek Carr,Fresno State,2014,,,34,pass,2.5790328979492188,False,59.0
2011,Derek Carr,Fresno State,2014,,,7,pass,0.49931806325912476,False,75.0
2011,Derek Carr,Fresno State,2014,,,9,pass,0.9120550155639648,False,58.0
2011,Derek Carr,Fresno State,2014,,,6,pass,0.1235882043838501,False,64.0
2011,Derek Carr,Fresno State,2014,,,0,pass,-1.8342206478118896,False,48.0
2011,Derek Carr,Fresno State,2014,,,0,pass,-2.101123332977295,False,38.0
2011,Derek Carr,Fresno State,2014,,,47,pass,3.6447908878326416,False,80.0
2011,Derek Carr,Fresno State,2014,,,0,pass,-1.1839747428894043,False,37.0
2011,Derek Carr,Fresno State,2014,,,0,pass,-1.4849042892456055,False,39.0
2011,Derek Carr,Fresno State,2014,,,9,pass,1.6886920928955078,True,9.0
2011,Derek Carr,Fresno State,2014,,,0,pass,-1.2104272842407227,False,80.0
2011,Derek Carr,Fresno State,2014,,,71,pass,0.4967540502548218,False,80.0
2011,Derek Carr,Fresno State,2014,,,12,pass,1.786442756652832,False,59.0
2011,Derek Carr,Fresno State,2014,,,0,pass,-2.272578239440918,False,5.0
2011,Derek Carr,Fresno State,2014,,,8,pass,2.137335777282715,True,8.0
2011,Derek Carr,Fresno State,2014,,,14,pass,1.3383855819702148,False,39.0
2011,Derek Carr,Fresno State,2014,,,0,pass,-0.566767692565918,False,25.0
2011,Derek Carr,Fresno State,2014,,,0,pass,-0.8278684616088867,False,25.0
2011,Derek Carr,Fresno State,2014,,,10,pass,3.0957469940185547,False,25.0
2011,Derek Carr,Fresno State,2014,,,0,pass,-0.45090192556381226,False,75.0
2011,Derek Carr,Fresno State,2014,,,11,pass,1.5501576662063599,False,75.0
2011,Derek Carr,Fresno State,2014,,,6,pass,1.4576529264450073,False,59.0
2011,Derek Carr,Fresno State,2014,,,0,pass,-0.08634677529335022,False,86.0
2011,Derek Carr,Fresno State,2014,,,0,pass,-0.8166323900222778,False,72.0
2011,Derek Carr,Fresno State,2014,,,4,pass,-0.22654560208320618,False,72.0
2011,Derek Carr,Fresno State,2014,,,0,pass,-1.4284253120422363,False,68.0
2011,Derek Carr,Fresno State,2014,,,8,pass,0.3213675022125244,False,73.0
2011,Derek Carr,Fresno State,2014,,,5,pass,0.38850605487823486,False,65.0
2011,Derek Carr,Fresno State,2014,,,5,pass,-0.15574157238006592,False,60.0
2011,Derek Carr,Fresno State,2014,,,4,pass,-0.03977835178375244,False,55.0
2011,Derek Carr,Fresno State,2014,,,5,pass,0.001979827880859375,False,47.0
2011,Derek Carr,Fresno State,2014,,,5,pass,0.6387991905212402,False,42.0
2011,Derek Carr,Fresno State,2014,,,5,pass,0.29723024368286133,False,37.0
2011,Derek Carr,Fresno State,2014,,,24,pass,3.7335588932037354,True,24.0
2011,Derek Carr,Fresno State,2014,,,10,pass,0.6683996915817261,False,92.0
2011,Derek Carr,Fresno State,2014,,,-3,pass,-1.240011215209961,False,70.0
2011,Derek Carr,Fresno State,2014,,,13,pass,1.9323763847351074,False,73.0
2011,Derek Carr,Fresno State,2014,,,9,pass,1.0963557958602905,False,60.0
2011,Derek Carr,Fresno State,2014,,,0,pass,-0.8017208576202393,False,51.0
2011,Derek Carr,Fresno State,2014,,,8,pass,1.1286180019378662,False,48.0
2011,Derek Carr,Fresno State,2014,,,0,pass,-0.9642870426177979,False,40.0
2011,Derek Carr,Fresno State,2014,,,9,pass,1.183601975440979,False,38.0
2011,Derek Carr,Fresno State,2014,,,5,pass,-0.020986080169677734,False,29.0
2011,Derek Carr,Fresno State,2014,,,12,pass,0.8805763721466064,False,70.0
2011,Derek Carr,Fresno State,2014,,,3,pass,-0.42013096809387207,False,80.0
2011,Derek Carr,Fresno State,2014,,,8,pass,1.2788949012756348,False,77.0
2011,Derek Carr,Fresno State,2014,,,2,pass,-0.30978405475616455,False,62.0
2011,Derek Carr,Fresno State,2014,,,22,pass,2.1384596824645996,False,64.0
2011,Derek Carr,Fresno State,2014,,,9,pass,1.5592219829559326,False,42.0
2011,Derek Carr,Fresno State,2014,,,0,pass,-0.7592135667800903,False,33.0
2011,Derek Carr,Fresno State,2014,,,6,pass,1.6292333602905273,False,25.0
2011,Derek Carr,Fresno State,2014,,,3,pass,0.034105539321899414,False,19.0
2011,Derek Carr,Fresno State,2014,,,0,pass,-0.9256244897842407,False,60.0
2011,Derek Carr,Fresno State,2014,,,2,pass,-0.250329852104187,False,61.0
2011,Derek Carr,Fresno State,2014,,,0,pass,-1.4891560077667236,False,59.0
2011,Derek Carr,Fresno State,2014,,,6,pass,-0.6797106266021729,False,59.0
2011,Derek Carr,Fresno State,2014,,,0,pass,-1.356628656387329,False,47.0
2011,Derek Carr,Fresno State,2014,,,0,pass,-1.9831417798995972,False,47.0
2011,Derek Carr,Fresno State,2014,,,5,pass,0.957486629486084,False,70.0
2011,Derek Carr,Fresno State,2014,,,0,pass,-0.7380428910255432,False,62.0
2011,Derek Carr,Fresno State,2014,,,0,pass,-1.2932099103927612,False,62.0
2011,Derek Carr,Fresno State,2014,,,6,pass,1.9680771827697754,True,6.0
2011,Derek Carr,Fresno State,2014,,,11,pass,0.7330638766288757,False,65.0
2011,Derek Carr,Fresno State,2014,,,0,pass,-0.14279717206954956,False,55.0
2011,Derek Carr,Fresno State,2014,,,39,pass,4.6751251220703125,False,51.0
2011,Derek Carr,Fresno State,2014,,,6,pass,0.3637223243713379,False,12.0
2011,Derek Carr,Fresno State,2014,,,0,pass,-1.9735798835754395,False,67.0
2011,Derek Carr,Fresno State,2014,,,6,pass,0.1548858880996704,False,80.0
2011,Derek Carr,Fresno State,2014,,,0,pass,-0.9065983295440674,False,79.0
2011,Derek Carr,Fresno State,2014,,,0,pass,-1.3046177625656128,False,79.0
2011,Derek Carr,Fresno State,2014,,,0,pass,-1.0902314186096191,False,70.0
2011,Derek Carr,Fresno State,2014,,,11,pass,1.0902314186096191,False,71.0
2011,Derek Carr,Fresno State,2014,,,2,pass,-0.8033500909805298,False,71.0
2011,Derek Carr,Fresno State,2014,,,-1,pass,-1.7511497735977173,False,77.0
2011,Derek Carr,Fresno State,2014,,,0,pass,-0.4099106192588806,False,68.0
2011,Derek Carr,Fresno State,2014,,,0,pass,-0.5086201429367065,False,68.0
2011,Derek Carr,Fresno State,2014,,,0,pass,-2.2060441970825195,False,68.0
2011,Derek Carr,Fresno State,2014,,,0,pass,-0.7407709956169128,False,76.0
2011,Derek Carr,Fresno State,2014,,,3,pass,-1.0490986108779907,False,76.0
2011,Derek Carr,Fresno State,2014,,,8,pass,-0.12520349025726318,False,71.0
2011,Derek Carr,Fresno State,2014,,,20,pass,1.310366153717041,False,55.0
2011,Derek Carr,Fresno State,2014,,,0,pass,-1.3149592876434326,False,35.0
2011,Derek Carr,Fresno State,2014,,,6,pass,0.13431453704833984,False,39.0
2011,Derek Carr,Fresno State,2014,,,19,pass,2.472245216369629,False,33.0
2011,Derek Carr,Fresno State,2014,,,9,pass,1.66853666305542,False,11.0
2011,Derek Carr,Fresno State,2014,,,3,pass,-0.4054775536060333,False,81.0
2011,Derek Carr,Fresno State,2014,,,64,pass,4.087577819824219,True,64.0
2011,Derek Carr,Fresno State,2014,,,59,pass,4.414850234985352,True,59.0
2011,Derek Carr,Fresno State,2014,,,23,pass,2.7928481101989746,False,79.0
2011,Derek Carr,Fresno State,2014,,,20,pass,2.896787643432617,True,20.0
2011,Derek Carr,Fresno State,2014,,,-1,pass,-0.7290009260177612,False,66.0
2011,Derek Carr,Fresno State,2014,,,9,pass,0.8688190579414368,False,67.0
2011,Derek Carr,Fresno State,2014,,,35,pass,2.148674488067627,False,55.0
2011,Derek Carr,Fresno State,2014,,,6,pass,0.34610795974731445,False,50.0
2011,Derek Carr,Fresno State,2014,,,0,pass,-0.5008945465087891,False,37.0
2011,Derek Carr,Fresno State,2014,,,0,pass,-1.2714550495147705,False,41.0
2011,Derek Carr,Fresno State,2014,,,16,pass,0.9830182790756226,False,66.0
2011,Derek Carr,Fresno State,2014,,,0,pass,-1.0345982313156128,False,73.0
2011,Derek Carr,Fresno State,2014,,,13,pass,1.4227598905563354,False,59.0
2011,Derek Carr,Fresno State,2014,,,30,pass,2.9592208862304688,False,38.0
2011,Derek Carr,Fresno State,2014,,,0,pass,-2.838947057723999,False,2.0
2011,Derek Carr,Fresno State,2014,,,7,pass,0.44133204221725464,False,80.0
2011,Derek Carr,Fresno State,2014,,,0,pass,-1.141283631324768,False,49.0
2011,Derek Carr,Fresno State,2014,,,22,pass,3.8818535804748535,False,49.0
2011,Derek Carr,Fresno State,2014,,,11,pass,0.9641332626342773,False,16.0
2011,Derek Carr,Fresno State,2014,,,9,pass,0.8348207473754883,False,71.0
2011,Derek Carr,Fresno State,2014,,,0,pass,-0.597115695476532,False,59.0
2011,Derek Carr,Fresno State,2014,,,0,pass,-1.3970246315002441,False,59.0
2011,Derek Carr,Fresno State,2014,,,2,pass,-0.7786856293678284,False,56.0
2011,Derek Carr,Fresno State,2014,,,0,pass,-2.983663558959961,False,18.0
2011,Derek Carr,Fresno State,2014,,,3,pass,-0.8434178829193115,False,36.0
2011,Derek Carr,Fresno State,2014,,,43,pass,3.4710495471954346,True,43.0
2011,Derek Carr,Fresno State,2014,,,15,pass,1.9521665573120117,False,86.0
2011,Derek Carr,Fresno State,2014,,,3,pass,-0.5224663615226746,False,70.0
2011,Derek Carr,Fresno State,2014,,,0,pass,-1.209052562713623,False,61.0
2011,Derek Carr,Fresno State,2014,,,21,pass,1.2456142902374268,False,85.0
2011,Derek Carr,Fresno State,2014,,,11,pass,1.4244604110717773,False,79.0
2011,Derek Carr,Fresno State,2014,,,0,pass,-1.6716302633285522,False,63.0
2011,Derek Carr,Fresno State,2014,,,0,pass,-0.8703959584236145,False,57.0
2011,Derek Carr,Fresno State,2014,,,7,pass,-0.37269487977027893,False,80.0
2011,Derek Carr,Fresno State,2014,,,0,pass,-0.25039389729499817,False,73.0
2011,Derek Carr,Fresno State,2014,,,11,pass,0.585524320602417,False,73.0
2011,Derek Carr,Fresno State,2014,,,0,pass,-0.16233199834823608,False,62.0
2011,Derek Carr,Fresno State,2014,,,-1,pass,-0.4051723778247833,False,62.0
2011,Derek Carr,Fresno State,2014,,,6,pass,-0.2522541582584381,False,63.0
2011,Derek Carr,Fresno State,2014,,,19,pass,2.346804141998291,False,54.0
2011,Derek Carr,Fresno State,2014,,,0,pass,-1.0140175819396973,False,72.0
2011,Derek Carr,Fresno State,2014,,,0,pass,-1.7729167938232422,False,5.0
2011,Derek Carr,Fresno State,2014,,,25,pass,1.2615482807159424,False,56.0
2011,Derek Carr,Fresno State,2014,,,9,pass,1.6661349534988403,False,65.0
2011,Derek Carr,Fresno State,2014,,,20,pass,1.0364242792129517,False,85.0
2011,Derek Carr,Fresno State,2014,,,2,pass,-0.7254598736763,False,68.0
2011,Derek Carr,Fresno State,2014,,,15,pass,2.515305757522583,False,66.0
2011,Derek Carr,Fresno State,2014,,,16,pass,0.8248379230499268,False,51.0
2011,Derek Carr,Fresno State,2014,,,0,pass,-0.5900554656982422,False,19.0
2011,Derek Carr,Fresno State,2014,,,0,pass,-1.371443748474121,False,15.0
2011,Derek Carr,Fresno State,2014,,,44,pass,3.1142091751098633,True,44.0
2011,Derek Carr,Fresno State,2014,,,24,pass,2.8015847206115723,True,24.0
2011,Derek Carr,Fresno State,2014,,,3,pass,-0.6065287590026855,False,84.0
2011,Derek Carr,Fresno State,2014,,,3,pass,-0.5710922479629517,False,74.0
2011,Derek Carr,Fresno State,2014,,,24,pass,1.5706653594970703,False,60.0
2011,Derek Carr,Fresno State,2014,,,0,pass,-0.7164101600646973,False,30.0
2011,Derek Carr,Fresno State,2014,,,6,pass,1.089369297027588,False,30.0
2011,Derek Carr,Fresno State,2014,,,4,pass,-5.203574180603027,False,49.0
2011,Derek Carr,Fresno State,2014,,,0,pass,-1.8709356784820557,False,57.0
2011,Derek Carr,Fresno State,2014,,,28,pass,2.5219929218292236,False,75.0
2011,Derek Carr,Fresno State,2014,,,0,pass,-0.6594736576080322,False,47.0
2011,Derek Carr,Fresno State,2014,,,7,pass,0.25949835777282715,False,47.0
2011,Derek Carr,Fresno State,2014,,,0,pass,-1.4504413604736328,False,65.0
2011,Derek Carr,Fresno State,2014,,,5,pass,0.057595252990722656,False,16.0
2011,Derek Carr,Fresno State,2014,,,17,pass,1.4973567724227905,False,71.0
2011,Derek Carr,Fresno State,2014,,,12,pass,2.0275378227233887,False,50.0
2011,Derek Carr,Fresno State,2014,,,12,pass,1.0477514266967773,False,38.0
2011,Derek Carr,Fresno State,2014,,,0,pass,-1.5430301427841187,False,32.0
2011,Derek Carr,Fresno State,2014,,,15,pass,0.8328652381896973,False,74.0
2011,Derek Carr,Fresno State,2014,,,20,pass,1.1691327095031738,False,59.0
2011,Derek Carr,Fresno State,2014,,,4,pass,-0.14007186889648438,False,39.0
2011,Derek Carr,Fresno State,2014,,,27,pass,1.5625133514404297,False,76.0
2011,Derek Carr,Fresno State,2014,,,11,pass,-0.2965954542160034,False,80.0
2011,Derek Carr,Fresno State,2014,,,0,pass,-0.8070788383483887,False,69.0
2011,Derek Carr,Fresno State,2014,,,15,pass,1.634903073310852,False,69.0
2011,Derek Carr,Fresno State,2014,,,35,pass,2.1351804733276367,False,54.0
2011,Derek Carr,Fresno State,2014,,,0,pass,-1.3679924011230469,False,2.0
2011,Derek Carr,Fresno State,2014,,,0,pass,-1.988325834274292,False,51.0
2011,Derek Carr,Fresno State,2014,,,9,pass,0.8744196891784668,False,47.0
2011,Derek Carr,Fresno State,2014,,,0,pass,-0.4119749069213867,False,38.0
2011,Derek Carr,Fresno State,2014,,,3,pass,-0.500496506690979,False,71.0
2011,Derek Carr,Fresno State,2014,,,17,pass,2.436237335205078,False,68.0
2011,Derek Carr,Fresno State,2014,,,0,pass,-1.5393285751342773,False,53.0
2011,Derek Carr,Fresno State,2014,,,-6,pass,-1.6516209840774536,False,63.0
2011,Derek Carr,Fresno State,2014,,,14,pass,1.0001028776168823,False,90.0
2011,Derek Carr,Fresno State,2014,,,39,pass,4.443799018859863,False,56.0
2011,Derek Carr,Fresno State,2014,,,5,pass,-0.03554350137710571,False,73.0
2011,Derek Carr,Fresno State,2014,,,11,pass,2.3631558418273926,False,68.0
2011,Derek Carr,Fresno State,2014,,,5,pass,-0.15173912048339844,False,56.0
2011,Derek Carr,Fresno State,2014,,,0,pass,-1.467029094696045,False,31.0
2011,Derek Carr,Fresno State,2014,,,8,pass,0.6953723430633545,False,74.0
2011,Derek Carr,Fresno State,2014,,,7,pass,1.4432833194732666,False,66.0
2011,Derek Carr,Fresno State,2014,,,0,pass,-0.9723660945892334,False,63.0
2011,Derek Carr,Fresno State,2014,,,0,pass,-1.1175622940063477,False,63.0
2011,Derek Carr,Fresno State,2014,,,0,pass,-1.752312183380127,False,77.0
2011,Derek Carr,Fresno State,2014,,,11,pass,-0.537936270236969,False,86.0
2011,Derek Carr,Fresno State,2014,,,0,pass,-0.8023508191108704,False,80.0
2011,Derek Carr,Fresno State,2014,,,27,pass,2.503694772720337,False,80.0
2011,Derek Carr,Fresno State,2014,,,0,pass,-0.8683027029037476,False,44.0
2011,Derek Carr,Fresno State,2014,,,0,pass,-1.7927806377410889,False,44.0
2011,Derek Carr,Fresno State,2014,,,23,pass,2.7166213989257812,True,23.0
2011,Derek Carr,Fresno State,2014,,,54,pass,3.0659213066101074,False,77.0
2011,Derek Carr,Fresno State,2014,,,0,pass,-0.5820183753967285,False,23.0
2011,Derek Carr,Fresno State,2014,,,0,pass,-0.520316481590271,False,79.0
2011,Derek Carr,Fresno State,2014,,,6,pass,-0.23605895042419434,False,79.0
2011,Derek Carr,Fresno State,2014,,,0,pass,-1.8539282083511353,False,73.0
2011,Derek Carr,Fresno State,2014,,,88,pass,4.858184337615967,True,88.0
2011,Derek Carr,Fresno State,2014,,,9,pass,0.8597251176834106,False,99.0
2011,Derek Carr,Fresno State,2014,,,6,pass,0.3361303210258484,False,78.0
2011,Derek Carr,Fresno State,2014,,,0,pass,-0.8307693004608154,False,69.0
2011,Derek Carr,Fresno State,2014,,,0,pass,-1.0107736587524414,False,69.0
2011,Derek Carr,Fresno State,2014,,,0,pass,-1.2624704837799072,False,69.0
2012,Derek Carr,Fresno State,2014,,,7,pass,-0.4406822919845581,False,67.0
2012,Derek Carr,Fresno State,2014,,,38,pass,3.2437872886657715,True,38.0
2012,Derek Carr,Fresno State,2014,,,19,pass,0.7988724708557129,False,88.0
2012,Derek Carr,Fresno State,2014,,,1,pass,-1.022200107574463,False,79.0
2012,Derek Carr,Fresno State,2014,,,3,pass,-1.3781144618988037,False,53.0
2012,Derek Carr,Fresno State,2014,,,12,pass,0.42852258682250977,False,59.0
2012,Derek Carr,Fresno State,2014,,,0,pass,-3.3465518951416016,False,27.0
2012,Derek Carr,Fresno State,2014,,,3,pass,-0.3915541172027588,False,74.0
2012,Derek Carr,Fresno State,2014,,,0,pass,-2.026949405670166,False,71.0
2012,Derek Carr,Fresno State,2014,,,2,pass,-0.49869298934936523,False,22.0
2012,Derek Carr,Fresno State,2014,,,8,pass,0.5694601535797119,False,30.0
2012,Derek Carr,Fresno State,2014,,,0,pass,-0.8825445175170898,False,22.0
2012,Derek Carr,Fresno State,2014,,,3,pass,-1.0546677112579346,False,40.0
2012,Derek Carr,Fresno State,2014,,,32,pass,1.0249154567718506,False,73.0
2012,Derek Carr,Fresno State,2014,,,0,pass,-0.5028543472290039,False,26.0
2012,Derek Carr,Fresno State,2014,,,40,pass,2.364746332168579,False,56.0
2012,Derek Carr,Fresno State,2014,,,9,pass,0.6137032508850098,False,16.0
2012,Derek Carr,Fresno State,2014,,,37,pass,2.710906505584717,False,64.0
2012,Derek Carr,Fresno State,2014,,,-1,pass,-0.9058353900909424,False,27.0
2012,Derek Carr,Fresno State,2014,,,9,pass,1.9330685138702393,False,25.0
2012,Derek Carr,Fresno State,2014,,,27,pass,2.173020362854004,True,27.0
2012,Derek Carr,Fresno State,2014,,,32,pass,1.116478681564331,False,97.0
2012,Derek Carr,Fresno State,2014,,,13,pass,1.9547967910766602,False,67.0
2012,Derek Carr,Fresno State,2014,,,4,pass,-0.0776219367980957,False,49.0
2012,Derek Carr,Fresno State,2014,,,3,pass,-0.7136979103088379,False,5.0
2012,Derek Carr,Fresno State,2014,,,10,pass,0.6882743835449219,False,31.0
2012,Derek Carr,Fresno State,2014,,,7,pass,0.2815418243408203,False,61.0
2012,Derek Carr,Fresno State,2014,,,2,pass,-0.31595826148986816,False,63.0
2012,Derek Carr,Fresno State,2014,,,1,pass,-2.0059258937835693,False,21.0
2012,Derek Carr,Fresno State,2014,,,4,pass,-0.1705155372619629,False,39.0
2012,Derek Carr,Fresno State,2014,,,13,pass,2.0402448177337646,False,76.0
2012,Derek Carr,Fresno State,2014,,,0,pass,-1.8181805610656738,False,54.0
2012,Derek Carr,Fresno State,2014,,,6,pass,0.22107520699501038,False,60.0
2012,Derek Carr,Fresno State,2014,,,0,pass,-2.69736909866333,False,5.0
2012,Derek Carr,Fresno State,2014,,,6,pass,3.6857612133026123,False,7.0
2012,Derek Carr,Fresno State,2014,,,3,pass,-0.1973438262939453,False,12.0
2012,Derek Carr,Fresno State,2014,,,18,pass,3.2464935779571533,True,18.0
2012,Derek Carr,Fresno State,2014,,,7,pass,0.001295328140258789,False,81.0
2012,Derek Carr,Fresno State,2014,,,0,pass,-0.5604879856109619,False,81.0
2012,Derek Carr,Fresno State,2014,,,6,pass,-2.0923619270324707,False,31.0
2012,Derek Carr,Fresno State,2014,,,0,pass,-1.1780182123184204,False,33.0
2012,Derek Carr,Fresno State,2014,,,17,pass,1.9928839206695557,False,50.0
2012,Derek Carr,Fresno State,2014,,,17,pass,1.2105820178985596,False,67.0
2012,Derek Carr,Fresno State,2014,,,11,pass,1.009986162185669,False,37.0
2012,Derek Carr,Fresno State,2014,,,11,pass,0.3412782549858093,False,48.0
2012,Derek Carr,Fresno State,2014,,,0,pass,-0.0846567451953888,False,48.0
2012,Derek Carr,Fresno State,2014,,,12,pass,0.08959531784057617,False,60.0
2012,Derek Carr,Fresno State,2014,,,8,pass,0.06232133507728577,False,68.0
2012,Derek Carr,Fresno State,2014,,,7,pass,0.12177208065986633,False,75.0
2012,Derek Carr,Fresno State,2014,,,0,pass,-1.2937469482421875,False,33.0
2012,Derek Carr,Fresno State,2014,,,0,pass,-0.6207237243652344,False,33.0
2012,Derek Carr,Fresno State,2014,,,0,pass,-1.1805915832519531,False,51.0
2012,Derek Carr,Fresno State,2014,,,0,pass,-0.9117907285690308,False,67.0
2012,Derek Carr,Fresno State,2014,,,0,pass,-0.6414878964424133,False,67.0
2012,Derek Carr,Fresno State,2014,,,2,pass,-0.42190563678741455,False,81.0
2012,Derek Carr,Fresno State,2014,,,8,pass,-0.45100438594818115,False,61.0
2012,Derek Carr,Fresno State,2014,,,0,pass,-0.7245686650276184,False,61.0
2012,Derek Carr,Fresno State,2014,,,0,pass,-0.6272545456886292,False,61.0
2012,Derek Carr,Fresno State,2014,,,4,pass,0.37194520235061646,False,65.0
2012,Derek Carr,Fresno State,2014,,,6,pass,0.36447498202323914,False,71.0
2012,Derek Carr,Fresno State,2014,,,0,pass,-1.3436213731765747,False,79.0
2012,Derek Carr,Fresno State,2014,,,0,pass,-0.8812190890312195,False,79.0
2012,Derek Carr,Fresno State,2014,,,4,pass,-0.9539800882339478,False,67.0
2012,Derek Carr,Fresno State,2014,,,0,pass,-1.5660309791564941,False,10.0
2012,Derek Carr,Fresno State,2014,,,0,pass,-0.8288877010345459,False,10.0
2012,Derek Carr,Fresno State,2014,,,22,pass,1.1099975109100342,False,35.0
2012,Derek Carr,Fresno State,2014,,,12,pass,1.2342250347137451,False,47.0
2012,Derek Carr,Fresno State,2014,,,6,pass,-0.2080257534980774,False,71.0
2012,Derek Carr,Fresno State,2014,,,0,pass,-0.7176952362060547,False,67.0
2012,Derek Carr,Fresno State,2014,,,12,pass,-0.8265734910964966,False,79.0
2012,Derek Carr,Fresno State,2014,,,1,pass,-0.24339061975479126,False,64.0
2012,Derek Carr,Fresno State,2014,,,16,pass,0.9171008467674255,False,63.0
2012,Derek Carr,Fresno State,2014,,,11,pass,0.5320196151733398,False,47.0
2012,Derek Carr,Fresno State,2014,,,0,pass,-0.4441838264465332,False,26.0
2012,Derek Carr,Fresno State,2014,,,-2,pass,-1.1791958808898926,False,26.0
2012,Derek Carr,Fresno State,2014,,,0,pass,-0.674229085445404,False,28.0
2012,Derek Carr,Fresno State,2014,,,60,pass,5.1269850730896,True,60.0
2012,Derek Carr,Fresno State,2014,,,25,pass,1.5486762523651123,False,79.0
2012,Derek Carr,Fresno State,2014,,,4,pass,4.150763511657715,True,4.0
2012,Derek Carr,Fresno State,2014,,,-4,pass,-1.2881090641021729,False,67.0
2012,Derek Carr,Fresno State,2014,,,7,pass,0.15458273887634277,False,56.0
2012,Derek Carr,Fresno State,2014,,,20,pass,0.8328523635864258,False,30.0
2012,Derek Carr,Fresno State,2014,,,97,pass,4.81950569152832,True,97.0
2012,Derek Carr,Fresno State,2014,,,12,pass,1.1343588829040527,True,12.0
2012,Derek Carr,Fresno State,2014,,,9,pass,2.7548294067382812,True,9.0
2012,Derek Carr,Fresno State,2014,,,0,pass,-0.9462137222290039,False,9.0
2012,Derek Carr,Fresno State,2014,,,-3,pass,-0.5766923427581787,False,65.0
2012,Derek Carr,Fresno State,2014,,,10,pass,1.4848856925964355,False,51.0
2012,Derek Carr,Fresno State,2014,,,25,pass,1.3180007934570312,False,41.0
2012,Derek Carr,Fresno State,2014,,,0,pass,-0.7822346687316895,False,14.0
2012,Derek Carr,Fresno State,2014,,,12,pass,2.660672664642334,False,14.0
2012,Derek Carr,Fresno State,2014,,,7,pass,1.057440996170044,False,80.0
2012,Derek Carr,Fresno State,2014,,,15,pass,2.320744276046753,False,91.0
2012,Derek Carr,Fresno State,2014,,,0,pass,-1.6344537734985352,False,73.0
2012,Derek Carr,Fresno State,2014,,,4,pass,-0.4709426462650299,False,77.0
2012,Derek Carr,Fresno State,2014,,,-5,pass,-1.8566404581069946,False,71.0
2012,Derek Carr,Fresno State,2014,,,6,pass,0.2155638337135315,False,77.0
2012,Derek Carr,Fresno State,2014,,,13,pass,2.438981533050537,False,90.0
2012,Derek Carr,Fresno State,2014,,,0,pass,-0.7236365079879761,False,92.0
2012,Derek Carr,Fresno State,2014,,,0,pass,-1.6670421361923218,False,67.0
2012,Derek Carr,Fresno State,2014,,,0,pass,-0.8398758172988892,False,67.0
2012,Derek Carr,Fresno State,2014,,,6,pass,0.14763641357421875,False,73.0
2012,Derek Carr,Fresno State,2014,,,0,pass,-1.5730764865875244,False,94.0
2012,Derek Carr,Fresno State,2014,,,8,pass,0.2736332416534424,False,51.0
2012,Derek Carr,Fresno State,2014,,,0,pass,-0.6437041759490967,False,51.0
2012,Derek Carr,Fresno State,2014,,,11,pass,0.5912539958953857,False,62.0
2012,Derek Carr,Fresno State,2014,,,0,pass,-0.8792538642883301,False,7.0
2012,Derek Carr,Fresno State,2014,,,11,pass,1.4894020557403564,False,25.0
2012,Derek Carr,Fresno State,2014,,,0,pass,-0.24097180366516113,False,27.0
2012,Derek Carr,Fresno State,2014,,,-1,pass,-0.842160701751709,False,33.0
2012,Derek Carr,Fresno State,2014,,,7,pass,0.5158050060272217,False,40.0
2012,Derek Carr,Fresno State,2014,,,7,pass,0.08551144599914551,False,75.0
2012,Derek Carr,Fresno State,2014,,,1,pass,-0.848595142364502,False,70.0
2012,Derek Carr,Fresno State,2014,,,15,pass,0.09166419506072998,False,95.0
2012,Derek Carr,Fresno State,2014,,,0,pass,-1.5323455333709717,False,87.0
2012,Derek Carr,Fresno State,2014,,,0,pass,-4.076406478881836,False,30.0
2012,Derek Carr,Fresno State,2014,,,-1,pass,-1.0300891399383545,False,29.0
2012,Derek Carr,Fresno State,2014,,,29,pass,3.4500906467437744,False,61.0
2012,Derek Carr,Fresno State,2014,,,0,pass,-1.5289835929870605,False,58.0
2012,Derek Carr,Fresno State,2014,,,0,pass,-0.5731155872344971,False,60.0
2012,Derek Carr,Fresno State,2014,,,32,pass,2.6647496223449707,True,32.0
2012,Derek Carr,Fresno State,2014,,,11,pass,2.0487427711486816,False,43.0
2012,Derek Carr,Fresno State,2014,,,0,pass,-1.000028133392334,False,43.0
2012,Derek Carr,Fresno State,2014,,,12,pass,1.0438904762268066,False,59.0
2012,Derek Carr,Fresno State,2014,,,10,pass,2.320575475692749,False,74.0
2012,Derek Carr,Fresno State,2014,,,6,pass,-0.22934389114379883,False,43.0
2012,Derek Carr,Fresno State,2014,,,0,pass,-3.1190996170043945,False,34.0
2012,Derek Carr,Fresno State,2014,,,0,pass,-1.644139289855957,False,34.0
2012,Derek Carr,Fresno State,2014,,,2,pass,-0.43828821182250977,False,36.0
2012,Derek Carr,Fresno State,2014,,,3,pass,-0.36171674728393555,False,39.0
2012,Derek Carr,Fresno State,2014,,,22,pass,1.5276992321014404,False,61.0
2012,Derek Carr,Fresno State,2014,,,9,pass,-0.7808082103729248,False,63.0
2012,Derek Carr,Fresno State,2014,,,5,pass,1.5815463066101074,True,5.0
2012,Derek Carr,Fresno State,2014,,,0,pass,-0.5111925601959229,False,34.0
2012,Derek Carr,Fresno State,2014,,,4,pass,-1.1973209381103516,False,9.0
2012,Derek Carr,Fresno State,2014,,,1,pass,-0.48585939407348633,False,45.0
2012,Derek Carr,Fresno State,2014,,,0,pass,-0.6401357650756836,False,52.0
2012,Derek Carr,Fresno State,2014,,,5,pass,-0.27529263496398926,False,52.0
2012,Derek Carr,Fresno State,2014,,,6,pass,1.5353977680206299,False,47.0
2012,Derek Carr,Fresno State,2014,,,8,pass,0.7013370990753174,False,41.0
2012,Derek Carr,Fresno State,2014,,,0,pass,-1.780341625213623,False,33.0
2012,Derek Carr,Fresno State,2014,,,0,pass,-1.4645096063613892,False,42.0
2012,Derek Carr,Fresno State,2014,,,26,pass,1.93121337890625,False,49.0
2012,Derek Carr,Fresno State,2014,,,0,pass,-1.1740829944610596,False,10.0
2012,Derek Carr,Fresno State,2014,,,31,pass,2.5026535987854004,True,31.0
2012,Derek Carr,Fresno State,2014,,,11,pass,0.2049785852432251,False,78.0
2012,Derek Carr,Fresno State,2014,,,6,pass,0.13641732931137085,False,67.0
2012,Derek Carr,Fresno State,2014,,,21,pass,2.4791576862335205,False,61.0
2012,Derek Carr,Fresno State,2014,,,9,pass,0.7626287937164307,False,40.0
2012,Derek Carr,Fresno State,2014,,,9,pass,0.9828461408615112,False,79.0
2012,Derek Carr,Fresno State,2014,,,11,pass,0.3251681327819824,False,70.0
2012,Derek Carr,Fresno State,2014,,,0,pass,-0.6428035497665405,False,59.0
2012,Derek Carr,Fresno State,2014,,,24,pass,2.089906692504883,False,59.0
2012,Derek Carr,Fresno State,2014,,,31,pass,2.3179259300231934,False,35.0
2012,Derek Carr,Fresno State,2014,,,9,pass,0.9074530601501465,False,75.0
2012,Derek Carr,Fresno State,2014,,,21,pass,0.8595521450042725,False,66.0
2012,Derek Carr,Fresno State,2014,,,0,pass,-3.2353386878967285,False,45.0
2012,Derek Carr,Fresno State,2014,,,13,pass,0.3459452688694,False,60.0
2012,Derek Carr,Fresno State,2014,,,10,pass,0.7156888246536255,False,47.0
2012,Derek Carr,Fresno State,2014,,,14,pass,0.4478263258934021,False,75.0
2012,Derek Carr,Fresno State,2014,,,1,pass,-0.2294856309890747,False,61.0
2012,Derek Carr,Fresno State,2014,,,7,pass,0.29407328367233276,False,85.0
2012,Derek Carr,Fresno State,2014,,,8,pass,2.4821419715881348,True,8.0
2012,Derek Carr,Fresno State,2014,,,4,pass,0.0330958366394043,False,41.0
2012,Derek Carr,Fresno State,2014,,,14,pass,0.8519039154052734,False,37.0
2012,Derek Carr,Fresno State,2014,,,0,pass,-0.4878511428833008,False,23.0
2012,Derek Carr,Fresno State,2014,,,0,pass,-1.1510977745056152,False,8.0
2012,Derek Carr,Fresno State,2014,,,9,pass,2.1549391746520996,True,9.0
2012,Derek Carr,Fresno State,2014,,,0,pass,-0.541862964630127,False,9.0
2012,Derek Carr,Fresno State,2014,,,37,pass,3.804792642593384,True,37.0
2012,Derek Carr,Fresno State,2014,,,3,pass,-0.46399033069610596,False,68.0
2012,Derek Carr,Fresno State,2014,,,51,pass,4.109935283660889,False,60.0
2012,Derek Carr,Fresno State,2014,,,8,pass,-0.21770095825195312,False,9.0
2012,Derek Carr,Fresno State,2014,,,3,pass,0.07005706429481506,False,77.0
2012,Derek Carr,Fresno State,2014,,,6,pass,0.06844808906316757,False,74.0
2012,Derek Carr,Fresno State,2014,,,9,pass,0.6415259838104248,False,86.0
2012,Derek Carr,Fresno State,2014,,,0,pass,-0.3832883834838867,False,91.0
2012,Derek Carr,Fresno State,2014,,,5,pass,-0.46191537380218506,False,73.0
2012,Derek Carr,Fresno State,2014,,,8,pass,2.4488298892974854,False,78.0
2012,Derek Carr,Fresno State,2014,,,12,pass,1.0633652210235596,False,55.0
2012,Derek Carr,Fresno State,2014,,,26,pass,2.0906829833984375,False,37.0
2012,Derek Carr,Fresno State,2014,,,41,pass,2.5661234855651855,False,67.0
2012,Derek Carr,Fresno State,2014,,,0,pass,-0.5760557651519775,False,26.0
2012,Derek Carr,Fresno State,2014,,,0,pass,-3.0648903846740723,False,20.0
2012,Derek Carr,Fresno State,2014,,,5,pass,2.419100284576416,True,5.0
2012,Derek Carr,Fresno State,2014,,,17,pass,1.0139098167419434,False,22.0
2012,Derek Carr,Fresno State,2014,,,0,pass,-0.9343657493591309,False,8.0
2012,Derek Carr,Fresno State,2014,,,2,pass,-1.4487221240997314,False,22.0
2012,Derek Carr,Fresno State,2014,,,25,pass,2.8700337409973145,False,48.0
2012,Derek Carr,Fresno State,2014,,,17,pass,1.1866960525512695,False,68.0
2012,Derek Carr,Fresno State,2014,,,15,pass,3.7422688007354736,True,15.0
2012,Derek Carr,Fresno State,2014,,,-2,pass,-1.2795028686523438,False,17.0
2012,Derek Carr,Fresno State,2014,,,1,pass,-0.6145024299621582,False,40.0
2012,Derek Carr,Fresno State,2014,,,-1,pass,-1.483992099761963,False,24.0
2012,Derek Carr,Fresno State,2014,,,5,pass,0.27622365951538086,False,37.0
2012,Derek Carr,Fresno State,2014,,,4,pass,-0.7458920478820801,False,41.0
2012,Derek Carr,Fresno State,2014,,,0,pass,-0.9125463962554932,False,69.0
2012,Derek Carr,Fresno State,2014,,,20,pass,3.664238929748535,True,20.0
2012,Derek Carr,Fresno State,2014,,,2,pass,-0.1298229694366455,False,30.0
2012,Derek Carr,Fresno State,2014,,,13,pass,1.3807787895202637,False,43.0
2012,Derek Carr,Fresno State,2014,,,5,pass,-0.5365732312202454,False,67.0
2012,Derek Carr,Fresno State,2014,,,0,pass,-0.7915383577346802,False,58.0
2012,Derek Carr,Fresno State,2014,,,6,pass,1.487898826599121,False,76.0
2012,Derek Carr,Fresno State,2014,,,5,pass,-0.2709209620952606,False,81.0
2012,Derek Carr,Fresno State,2014,,,4,pass,-0.609546422958374,False,27.0
2012,Derek Carr,Fresno State,2014,,,4,pass,-0.10152912139892578,False,31.0
2012,Derek Carr,Fresno State,2014,,,2,pass,-0.9989783763885498,False,36.0
2012,Derek Carr,Fresno State,2014,,,25,pass,1.251190423965454,False,67.0
2012,Derek Carr,Fresno State,2014,,,8,pass,0.05317336320877075,False,93.0
2012,Derek Carr,Fresno State,2014,,,10,pass,2.1823878288269043,True,10.0
2012,Derek Carr,Fresno State,2014,,,0,pass,-2.7906875610351562,False,33.0
2012,Derek Carr,Fresno State,2014,,,10,pass,0.04507929086685181,False,43.0
2012,Derek Carr,Fresno State,2014,,,0,pass,-0.9439494013786316,False,43.0
2012,Derek Carr,Fresno State,2014,,,14,pass,1.623159408569336,False,42.0
2012,Derek Carr,Fresno State,2014,,,0,pass,-0.6593446731567383,False,42.0
2012,Derek Carr,Fresno State,2014,,,3,pass,2.3972320556640625,True,3.0
2012,Derek Carr,Fresno State,2014,,,1,pass,-1.034761905670166,False,4.0
2012,Derek Carr,Fresno State,2014,,,20,pass,1.2210276126861572,False,50.0
2012,Derek Carr,Fresno State,2014,,,26,pass,2.588569164276123,False,30.0
2012,Derek Carr,Fresno State,2014,,,0,pass,-1.035001277923584,False,4.0
2012,Derek Carr,Fresno State,2014,,,9,pass,0.9724172353744507,False,59.0
2012,Derek Carr,Fresno State,2014,,,11,pass,1.1697099208831787,False,70.0
2012,Derek Carr,Fresno State,2014,,,14,pass,0.8736839294433594,False,80.0
2012,Derek Carr,Fresno State,2014,,,0,pass,-4.938000202178955,False,67.0
2012,Derek Carr,Fresno State,2014,,,6,pass,0.46960529685020447,False,75.0
2012,Derek Carr,Fresno State,2014,,,2,pass,-0.40087929368019104,False,69.0
2012,Derek Carr,Fresno State,2014,,,10,pass,0.41611814498901367,False,82.0
2012,Derek Carr,Fresno State,2014,,,0,pass,-1.7302114963531494,False,18.0
2012,Derek Carr,Fresno State,2014,,,0,pass,-0.9058675765991211,False,18.0
2012,Derek Carr,Fresno State,2014,,,7,pass,0.5000911951065063,False,58.0
2012,Derek Carr,Fresno State,2014,,,0,pass,-0.8376964926719666,False,71.0
2012,Derek Carr,Fresno State,2014,,,11,pass,1.5508302450180054,False,53.0
2012,Derek Carr,Fresno State,2014,,,4,pass,1.320979118347168,False,57.0
2012,Derek Carr,Fresno State,2014,,,7,pass,0.2326863557100296,False,64.0
2012,Derek Carr,Fresno State,2014,,,11,pass,2.1591572761535645,False,75.0
2012,Derek Carr,Fresno State,2014,,,5,pass,-0.32578349113464355,False,80.0
2012,Derek Carr,Fresno State,2014,,,6,pass,-3.4484291076660156,False,29.0
2012,Derek Carr,Fresno State,2014,,,0,pass,-0.6408568620681763,False,29.0
2012,Derek Carr,Fresno State,2014,,,0,pass,-0.26471638679504395,False,29.0
2012,Derek Carr,Fresno State,2014,,,-2,pass,-1.0507216453552246,False,27.0
2012,Derek Carr,Fresno State,2014,,,22,pass,1.043131947517395,False,49.0
2012,Derek Carr,Fresno State,2014,,,6,pass,-0.04570317268371582,False,16.0
2012,Derek Carr,Fresno State,2014,,,0,pass,-0.44794178009033203,False,16.0
2012,Derek Carr,Fresno State,2014,,,0,pass,-0.4029092788696289,False,48.0
2012,Derek Carr,Fresno State,2014,,,32,pass,2.482241153717041,False,48.0
2012,Derek Carr,Fresno State,2014,,,27,pass,3.8040270805358887,False,90.0
2012,Derek Carr,Fresno State,2014,,,0,pass,-1.1311707496643066,False,71.0
2012,Derek Carr,Fresno State,2014,,,7,pass,-0.08949938416481018,False,78.0
2012,Derek Carr,Fresno State,2014,,,7,pass,1.5321846008300781,False,79.0
2012,Derek Carr,Fresno State,2014,,,5,pass,-0.3128756284713745,False,84.0
2012,Derek Carr,Fresno State,2014,,,0,pass,-0.4155421257019043,False,84.0
2012,Derek Carr,Fresno State,2014,,,0,pass,-1.429556131362915,False,78.0
2012,Derek Carr,Fresno State,2014,,,6,pass,0.17889857292175293,False,71.0
2012,Derek Carr,Fresno State,2014,,,0,pass,-1.4247124195098877,False,86.0
2012,Derek Carr,Fresno State,2014,,,-2,pass,-1.4027122259140015,False,84.0
2012,Derek Carr,Fresno State,2014,,,5,pass,0.051936328411102295,False,89.0
2012,Derek Carr,Fresno State,2014,,,0,pass,-0.8685365915298462,False,84.0
2012,Derek Carr,Fresno State,2014,,,0,pass,-1.063684344291687,False,87.0
2012,Derek Carr,Fresno State,2014,,,0,pass,-0.8591053485870361,False,40.0
2012,Derek Carr,Fresno State,2014,,,0,pass,-1.1548962593078613,False,50.0
2012,Derek Carr,Fresno State,2014,,,3,pass,-0.34164857864379883,False,22.0
2012,Derek Carr,Fresno State,2014,,,0,pass,-1.9422483444213867,False,19.0
2012,Derek Carr,Fresno State,2014,,,0,pass,-1.0894399881362915,False,28.0
2012,Derek Carr,Fresno State,2014,,,7,pass,-0.4394044876098633,False,28.0
2012,Derek Carr,Fresno State,2014,,,0,pass,-1.8113640546798706,False,70.0
2012,Derek Carr,Fresno State,2014,,,1,pass,-0.6404538154602051,False,71.0
2012,Derek Carr,Fresno State,2014,,,7,pass,0.1596517562866211,False,77.0
2012,Derek Carr,Fresno State,2014,,,21,pass,0.8301072120666504,False,70.0
2012,Derek Carr,Fresno State,2014,,,3,pass,-0.44779300689697266,False,49.0
2012,Derek Carr,Fresno State,2014,,,0,pass,-1.7348369359970093,False,42.0
2012,Derek Carr,Fresno State,2014,,,0,pass,-0.465195894241333,False,58.0
2012,Derek Carr,Fresno State,2014,,,4,pass,-0.5315494537353516,False,58.0
2012,Derek Carr,Fresno State,2014,,,2,pass,-1.3024425506591797,False,54.0
2012,Derek Carr,Fresno State,2014,,,0,pass,-1.2771339416503906,False,66.0
2012,Derek Carr,Fresno State,2014,,,0,pass,-1.6157737970352173,False,66.0
2012,Derek Carr,Fresno State,2014,,,14,pass,-1.10419499874115,False,38.0
2012,Derek Carr,Fresno State,2014,,,11,pass,3.2702951431274414,True,11.0
2012,Derek Carr,Fresno State,2014,,,0,pass,-0.39829397201538086,False,11.0
2012,Derek Carr,Fresno State,2014,,,4,pass,-0.22938358783721924,False,92.0
2012,Derek Carr,Fresno State,2014,,,8,pass,0.7095348238945007,False,88.0
2012,Derek Carr,Fresno State,2014,,,18,pass,1.025705099105835,False,76.0
2012,Derek Carr,Fresno State,2014,,,9,pass,1.0090540647506714,False,56.0
2012,Derek Carr,Fresno State,2014,,,0,pass,-0.43396830558776855,False,47.0
2012,Derek Carr,Fresno State,2014,,,7,pass,0.04756617546081543,False,47.0
2012,Derek Carr,Fresno State,2014,,,6,pass,1.07023024559021,False,40.0
2012,Derek Carr,Fresno State,2014,,,0,pass,-0.42464351654052734,False,34.0
2012,Derek Carr,Fresno State,2014,,,12,pass,1.9754796028137207,False,34.0
2012,Derek Carr,Fresno State,2014,,,1,pass,-0.5080888271331787,False,22.0
2012,Derek Carr,Fresno State,2014,,,14,pass,0.10393333435058594,False,86.0
2012,Derek Carr,Fresno State,2014,,,0,pass,-0.5585002899169922,False,72.0
2012,Derek Carr,Fresno State,2014,,,0,pass,-0.7831904292106628,False,72.0
2012,Derek Carr,Fresno State,2014,,,23,pass,2.4445807933807373,False,72.0
2012,Derek Carr,Fresno State,2014,,,9,pass,0.7852334976196289,False,49.0
2012,Derek Carr,Fresno State,2014,,,8,pass,0.3189122676849365,False,59.0
2012,Derek Carr,Fresno State,2014,,,3,pass,0.6557650566101074,False,51.0
2012,Derek Carr,Fresno State,2014,,,0,pass,-0.5550253391265869,False,48.0
2012,Derek Carr,Fresno State,2014,,,10,pass,0.9486598968505859,False,48.0
2012,Derek Carr,Fresno State,2014,,,-10,pass,-1.4856822490692139,False,28.0
2012,Derek Carr,Fresno State,2014,,,19,pass,1.7608685493469238,True,19.0
2012,Derek Carr,Fresno State,2014,,,8,pass,0.4907097816467285,False,43.0
2012,Derek Carr,Fresno State,2014,,,0,pass,-0.5273771286010742,False,75.0
2012,Derek Carr,Fresno State,2014,,,0,pass,-1.4361662864685059,False,71.0
2012,Derek Carr,Fresno State,2014,,,6,pass,0.9905338287353516,True,6.0
2012,Derek Carr,Fresno State,2014,,,23,pass,0.8777227401733398,False,39.0
2012,Derek Carr,Fresno State,2014,,,8,pass,1.267293930053711,False,14.0
2012,Derek Carr,Fresno State,2014,,,9,pass,0.7495467066764832,False,89.0
2012,Derek Carr,Fresno State,2014,,,0,pass,-0.05398555472493172,False,89.0
2012,Derek Carr,Fresno State,2014,,,7,pass,-0.841397762298584,False,8.0
2012,Derek Carr,Fresno State,2014,,,-4,pass,-1.7527092695236206,False,74.0
2012,Derek Carr,Fresno State,2014,,,7,pass,1.6577051877975464,False,78.0
2012,Derek Carr,Fresno State,2014,,,19,pass,1.4180846214294434,False,22.0
2012,Derek Carr,Fresno State,2014,,,7,pass,0.39752197265625,False,48.0
2012,Derek Carr,Fresno State,2014,,,0,pass,-0.6064119338989258,False,41.0
2012,Derek Carr,Fresno State,2014,,,36,pass,2.954695224761963,False,41.0
2012,Derek Carr,Fresno State,2014,,,89,pass,8.31193733215332,True,89.0
2012,Derek Carr,Fresno State,2014,,,-5,pass,-2.326984167098999,False,84.0
2012,Derek Carr,Fresno State,2014,,,21,pass,2.7677507400512695,True,21.0
2012,Derek Carr,Fresno State,2014,,,8,pass,0.6962699890136719,False,29.0
2012,Derek Carr,Fresno State,2014,,,35,pass,2.769033908843994,False,79.0
2012,Derek Carr,Fresno State,2014,,,1,pass,-0.5228649377822876,False,44.0
2012,Derek Carr,Fresno State,2014,,,0,pass,-1.0147801637649536,False,43.0
2012,Derek Carr,Fresno State,2014,,,0,pass,-2.198495388031006,False,43.0
2012,Derek Carr,Fresno State,2014,,,9,pass,1.3600947856903076,False,27.0
2012,Derek Carr,Fresno State,2014,,,11,pass,1.4647216796875,False,18.0
2012,Derek Carr,Fresno State,2014,,,7,pass,2.0283350944519043,True,7.0
2012,Derek Carr,Fresno State,2014,,,6,pass,0.0807918906211853,False,72.0
2012,Derek Carr,Fresno State,2014,,,7,pass,0.6488087177276611,False,66.0
2012,Derek Carr,Fresno State,2014,,,11,pass,1.0900019407272339,False,49.0
2012,Derek Carr,Fresno State,2014,,,0,pass,-0.7506201863288879,False,80.0
2012,Derek Carr,Fresno State,2014,,,0,pass,-0.9217897653579712,False,80.0
2012,Derek Carr,Fresno State,2014,,,7,pass,1.6273393630981445,True,7.0
2012,Derek Carr,Fresno State,2014,,,0,pass,-0.564073920249939,False,80.0
2012,Derek Carr,Fresno State,2014,,,8,pass,0.4236333966255188,False,77.0
2012,Derek Carr,Fresno State,2014,,,23,pass,1.936230182647705,False,69.0
2012,Derek Carr,Fresno State,2014,,,15,pass,1.0044007301330566,False,46.0
2012,Derek Carr,Fresno State,2014,,,24,pass,2.985365152359009,False,31.0
2012,Derek Carr,Fresno State,2014,,,10,pass,0.897207498550415,False,95.0
2012,Derek Carr,Fresno State,2014,,,0,pass,-0.7013899087905884,False,85.0
2012,Derek Carr,Fresno State,2014,,,0,pass,-1.5898783206939697,False,85.0
2012,Derek Carr,Fresno State,2014,,,11,pass,1.6708576679229736,False,69.0
2012,Derek Carr,Fresno State,2014,,,17,pass,1.494805097579956,False,58.0
2012,Derek Carr,Fresno State,2014,,,0,pass,-1.1586205959320068,False,44.0
2012,Derek Carr,Fresno State,2014,,,4,pass,-2.1561672687530518,False,37.0
2012,Derek Carr,Fresno State,2014,,,7,pass,0.6723852157592773,False,79.0
2012,Derek Carr,Fresno State,2014,,,5,pass,0.6381815075874329,False,72.0
2012,Derek Carr,Fresno State,2014,,,4,pass,-0.15530622005462646,False,67.0
2012,Derek Carr,Fresno State,2014,,,0,pass,-0.8315237164497375,False,63.0
2012,Derek Carr,Fresno State,2014,,,9,pass,0.9866049289703369,False,65.0
2012,Derek Carr,Fresno State,2014,,,0,pass,-0.9824925065040588,False,71.0
2012,Derek Carr,Fresno State,2014,,,0,pass,-0.8307387828826904,False,71.0
2012,Derek Carr,Fresno State,2014,,,31,pass,5.6766862869262695,True,31.0
2012,Derek Carr,Fresno State,2014,,,0,pass,-0.618375301361084,False,67.0
2012,Derek Carr,Fresno State,2014,,,19,pass,0.7211475968360901,False,67.0
2012,Derek Carr,Fresno State,2014,,,9,pass,0.5647784471511841,False,48.0
2012,Derek Carr,Fresno State,2014,,,0,pass,-0.3132956027984619,False,31.0
2012,Derek Carr,Fresno State,2014,,,16,pass,0.3798704743385315,False,83.0
2012,Derek Carr,Fresno State,2014,,,45,pass,5.768217086791992,True,45.0
2012,Derek Carr,Fresno State,2014,,,1,pass,-0.9687437415122986,False,73.0
2012,Derek Carr,Fresno State,2014,,,0,pass,-0.6229983568191528,False,86.0
2012,Derek Carr,Fresno State,2014,,,31,pass,2.631152391433716,False,86.0
2012,Derek Carr,Fresno State,2014,,,5,pass,-0.07000887393951416,False,51.0
2012,Derek Carr,Fresno State,2014,,,0,pass,-1.4695593118667603,False,70.0
2012,Derek Carr,Fresno State,2014,,,14,pass,-0.4343133866786957,False,84.0
2012,Derek Carr,Fresno State,2014,,,0,pass,-0.6974401473999023,False,20.0
2012,Derek Carr,Fresno State,2014,,,11,pass,1.263054370880127,False,20.0
2012,Derek Carr,Fresno State,2014,,,47,pass,2.9926774501800537,True,47.0
2012,Derek Carr,Fresno State,2014,,,8,pass,1.2196755409240723,True,8.0
2012,Derek Carr,Fresno State,2014,,,7,pass,-1.2017490863800049,False,80.0
2012,Derek Carr,Fresno State,2014,,,0,pass,-0.821519672870636,False,68.0
2012,Derek Carr,Fresno State,2014,,,4,pass,-0.301175594329834,False,68.0
2012,Derek Carr,Fresno State,2014,,,56,pass,4.809925079345703,False,64.0
2012,Derek Carr,Fresno State,2014,,,0,pass,-0.7092075943946838,False,80.0
2012,Derek Carr,Fresno State,2014,,,0,pass,-0.5903170108795166,False,20.0
2012,Derek Carr,Fresno State,2014,,,1,pass,-0.5124149322509766,False,64.0
2012,Derek Carr,Fresno State,2014,,,7,pass,1.4602000713348389,False,71.0
2012,Derek Carr,Fresno State,2014,,,7,pass,0.3406357765197754,False,78.0
2012,Derek Carr,Fresno State,2014,,,0,pass,-1.5396192073822021,False,67.0
2012,Derek Carr,Fresno State,2014,,,0,pass,-0.7484571933746338,False,67.0
2012,Derek Carr,Fresno State,2014,,,25,pass,1.8326053619384766,False,26.0
2012,Derek Carr,Fresno State,2014,,,0,pass,-1.110191822052002,False,13.0
2012,Derek Carr,Fresno State,2014,,,12,pass,2.308124542236328,False,71.0
2012,Derek Carr,Fresno State,2014,,,3,pass,-0.5926625728607178,False,71.0
2012,Derek Carr,Fresno State,2014,,,32,pass,3.642148017883301,True,32.0
2012,Derek Carr,Fresno State,2014,,,29,pass,2.2009894847869873,False,64.0
2012,Derek Carr,Fresno State,2014,,,0,pass,-0.8091934323310852,False,57.0
2012,Derek Carr,Fresno State,2014,,,0,pass,-1.7875726222991943,False,64.0
2012,Derek Carr,Fresno State,2014,,,0,pass,-1.0053716897964478,False,76.0
2012,Derek Carr,Fresno State,2014,,,0,pass,-0.576216459274292,False,23.0
2012,Derek Carr,Fresno State,2014,,,7,pass,0.5346450805664062,False,38.0
2012,Derek Carr,Fresno State,2014,,,6,pass,0.1445150375366211,False,49.0
2012,Derek Carr,Fresno State,2014,,,-3,pass,-1.529409408569336,False,59.0
2012,Derek Carr,Fresno State,2014,,,13,pass,2.9428603649139404,False,62.0
2012,Derek Carr,Fresno State,2014,,,0,pass,-0.649208664894104,False,59.0
2012,Derek Carr,Fresno State,2014,,,36,pass,4.166835784912109,True,36.0
2012,Derek Carr,Fresno State,2014,,,0,pass,-1.4470505714416504,False,36.0
2012,Derek Carr,Fresno State,2014,,,0,pass,-0.6594116687774658,False,36.0
2012,Derek Carr,Fresno State,2014,,,16,pass,1.1751689910888672,False,63.0
2012,Derek Carr,Fresno State,2014,,,16,pass,1.1223115921020508,False,79.0
2012,Derek Carr,Fresno State,2014,,,0,pass,-2.4312946796417236,False,36.0
2012,Derek Carr,Fresno State,2014,,,0,pass,-1.6620111465454102,False,36.0
2012,Derek Carr,Fresno State,2014,,,0,pass,-0.6422860622406006,False,38.0
2012,Derek Carr,Fresno State,2014,,,13,pass,-0.8989170789718628,False,77.0
2012,Derek Carr,Fresno State,2014,,,0,pass,-1.0291743278503418,False,9.0
2012,Derek Carr,Fresno State,2014,,,6,pass,-1.118485450744629,False,17.0
2012,Derek Carr,Fresno State,2014,,,12,pass,0.808300256729126,False,35.0
2012,Derek Carr,Fresno State,2014,,,11,pass,1.1213469505310059,False,20.0
2012,Derek Carr,Fresno State,2014,,,24,pass,1.6841578483581543,True,24.0
2012,Derek Carr,Fresno State,2014,,,22,pass,1.5141315460205078,False,61.0
2012,Derek Carr,Fresno State,2014,,,0,pass,-1.1640732288360596,False,77.0
2012,Derek Carr,Fresno State,2014,,,7,pass,-0.0037648677825927734,False,77.0
2012,Derek Carr,Fresno State,2014,,,5,pass,0.4484272003173828,False,10.0
2012,Derek Carr,Fresno State,2014,,,44,pass,1.555809497833252,False,61.0
2012,Derek Carr,Fresno State,2014,,,4,pass,-0.8547673225402832,False,5.0
2012,Derek Carr,Fresno State,2014,,,38,pass,2.095324754714966,False,62.0
2012,Derek Carr,Fresno State,2014,,,6,pass,-0.39704835414886475,False,75.0
2012,Derek Carr,Fresno State,2014,,,6,pass,0.4283033609390259,False,69.0
2012,Derek Carr,Fresno State,2014,,,5,pass,-0.25424182415008545,False,60.0
2012,Derek Carr,Fresno State,2014,,,0,pass,-0.4043596386909485,False,55.0
2012,Derek Carr,Fresno State,2014,,,0,pass,-1.1345491409301758,False,55.0
2012,Derek Carr,Fresno State,2014,,,1,pass,0.8190431594848633,True,1.0
2012,Derek Carr,Fresno State,2014,,,12,pass,2.390871286392212,False,17.0
2012,Derek Carr,Fresno State,2014,,,9,pass,0.9353547096252441,False,70.0
2012,Derek Carr,Fresno State,2014,,,0,pass,-0.8559548854827881,False,61.0
2012,Derek Carr,Fresno State,2014,,,12,pass,1.6697843074798584,False,56.0
2012,Derek Carr,Fresno State,2014,,,9,pass,0.5768177509307861,False,44.0
2012,Derek Carr,Fresno State,2014,,,3,pass,-0.3284015655517578,False,33.0
2012,Derek Carr,Fresno State,2014,,,10,pass,3.027056932449341,False,27.0
2012,Derek Carr,Fresno State,2014,,,53,pass,2.4847075939178467,False,70.0
2012,Derek Carr,Fresno State,2014,,,8,pass,0.3338899612426758,False,17.0
2012,Derek Carr,Fresno State,2014,,,8,pass,0.2940044403076172,False,48.0
2012,Derek Carr,Fresno State,2014,,,4,pass,-0.201263427734375,False,29.0
2012,Derek Carr,Fresno State,2014,,,5,pass,1.6865389347076416,False,25.0
2012,Derek Carr,Fresno State,2014,,,36,pass,3.3848555088043213,True,36.0
2012,Derek Carr,Fresno State,2014,,,64,pass,4.030416488647461,True,64.0
2012,Derek Carr,Fresno State,2014,,,28,pass,0.378100723028183,False,92.0
2012,Derek Carr,Fresno State,2014,,,-2,pass,-1.6416949033737183,False,78.0
2012,Derek Carr,Fresno State,2014,,,0,pass,-0.22969183325767517,False,71.0
2012,Derek Carr,Fresno State,2014,,,11,pass,0.04993027448654175,False,82.0
2012,Derek Carr,Fresno State,2014,,,13,pass,1.7765893936157227,False,45.0
2012,Derek Carr,Fresno State,2014,,,0,pass,-0.6608142852783203,False,45.0
2012,Derek Carr,Fresno State,2014,,,8,pass,1.160462737083435,False,53.0
2012,Derek Carr,Fresno State,2014,,,0,pass,-0.4534948468208313,False,53.0
2012,Derek Carr,Fresno State,2014,,,3,pass,-0.3388477563858032,False,56.0
2012,Derek Carr,Fresno State,2014,,,0,pass,-0.545305609703064,False,68.0
2012,Derek Carr,Fresno State,2014,,,6,pass,1.1395668983459473,False,74.0
2012,Derek Carr,Fresno State,2014,,,0,pass,-0.5719746351242065,False,74.0
2012,Derek Carr,Fresno State,2014,,,5,pass,-0.24518626928329468,False,79.0
2012,Derek Carr,Fresno State,2014,,,0,pass,-3.299215793609619,False,39.0
2012,Derek Carr,Fresno State,2014,,,8,pass,0.9220633506774902,False,47.0
2012,Derek Carr,Fresno State,2014,,,14,pass,1.6134885549545288,False,61.0
2012,Derek Carr,Fresno State,2014,,,12,pass,0.5724216103553772,False,73.0
2012,Derek Carr,Fresno State,2014,,,11,pass,0.4835946559906006,False,84.0
2012,Derek Carr,Fresno State,2014,,,17,pass,1.0671355724334717,False,52.0
2012,Derek Carr,Fresno State,2014,,,0,pass,-1.2605714797973633,False,15.0
2012,Derek Carr,Fresno State,2014,,,0,pass,-0.6597096920013428,False,15.0
2012,Derek Carr,Fresno State,2014,,,34,pass,3.1084601879119873,False,49.0
2012,Derek Carr,Fresno State,2014,,,29,pass,1.8831133842468262,False,78.0
2012,Derek Carr,Fresno State,2014,,,0,pass,-0.9495666027069092,False,77.0
2012,Derek Carr,Fresno State,2014,,,0,pass,-0.809274435043335,False,76.0
2012,Derek Carr,Fresno State,2014,,,2,pass,-0.6053265333175659,False,78.0
2012,Derek Carr,Fresno State,2014,,,0,pass,-1.3040329217910767,False,66.0
2012,Derek Carr,Fresno State,2014,,,4,pass,-0.01684248447418213,False,70.0
2012,Derek Carr,Fresno State,2014,,,6,pass,1.7752413749694824,True,6.0
2012,Derek Carr,Fresno State,2014,,,4,pass,0.26114702224731445,False,10.0
2012,Derek Carr,Fresno State,2014,,,0,pass,-1.07053542137146,False,52.0
2012,Derek Carr,Fresno State,2014,,,0,pass,-1.0452611446380615,False,52.0
2012,Derek Carr,Fresno State,2014,,,-6,pass,-1.9629076719284058,False,41.0
2012,Derek Carr,Fresno State,2014,,,38,pass,1.3295578956604004,False,79.0
2012,Derek Carr,Fresno State,2014,,,0,pass,-2.739860773086548,False,2.0
2012,Derek Carr,Fresno State,2014,,,33,pass,3.535512924194336,False,36.0
2012,Derek Carr,Fresno State,2014,,,12,pass,0.8450146913528442,False,48.0
2012,Derek Carr,Fresno State,2014,,,16,pass,0.583660364151001,False,64.0
2012,Derek Carr,Fresno State,2014,,,0,pass,-0.1950089931488037,False,64.0
2012,Derek Carr,Fresno State,2014,,,9,pass,0.5844094157218933,False,77.0
2012,Derek Carr,Fresno State,2014,,,0,pass,0.5132918357849121,True,94.0
2012,Derek Carr,Fresno State,2014,,,0,pass,-2.3746533393859863,False,76.0
2012,Derek Carr,Fresno State,2014,,,4,pass,-0.048271261155605316,False,80.0
2012,Derek Carr,Fresno State,2014,,,0,pass,-6.436123847961426,False,55.0
2012,Derek Carr,Fresno State,2014,,,0,pass,-0.5496963262557983,False,55.0
2012,Derek Carr,Fresno State,2014,,,13,pass,0.9556503891944885,False,68.0
2012,Derek Carr,Fresno State,2014,,,7,pass,0.5760865211486816,False,75.0
2012,Derek Carr,Fresno State,2014,,,0,pass,-2.7648725509643555,False,37.0
2012,Derek Carr,Fresno State,2014,,,0,pass,-0.6102652549743652,False,41.0
2012,Derek Carr,Fresno State,2014,,,29,pass,1.8538808822631836,False,70.0
2012,Derek Carr,Fresno State,2014,,,5,pass,0.34674179553985596,False,75.0
2012,Derek Carr,Fresno State,2014,,,8,pass,0.5771152973175049,False,83.0
2012,Derek Carr,Fresno State,2014,,,9,pass,-0.15830481052398682,False,73.0
2012,Derek Carr,Fresno State,2014,,,0,pass,-1.1861543655395508,False,73.0
2013,Derek Carr,Fresno State,2014,,,2,pass,0.878481388092041,True,2.0
2013,Derek Carr,Fresno State,2014,,,0,pass,-0.43333005905151367,False,15.0
2013,Derek Carr,Fresno State,2014,,,25,pass,2.1831841468811035,False,40.0
2013,Derek Carr,Fresno State,2014,,,0,pass,-1.9381810426712036,False,30.0
2013,Derek Carr,Fresno State,2014,,,7,pass,0.39687371253967285,False,37.0
2013,Derek Carr,Fresno State,2014,,,0,pass,-0.474332332611084,False,37.0
2013,Derek Carr,Fresno State,2014,,,27,pass,2.0587403774261475,False,64.0
2013,Derek Carr,Fresno State,2014,,,3,pass,-0.22103655338287354,False,67.0
2013,Derek Carr,Fresno State,2014,,,2,pass,-0.09229540824890137,False,69.0
2013,Derek Carr,Fresno State,2014,,,9,pass,0.5554906725883484,False,78.0
2013,Derek Carr,Fresno State,2014,,,9,pass,-3.47344970703125,False,50.0
2013,Derek Carr,Fresno State,2014,,,4,pass,-0.5572377443313599,False,54.0
2013,Derek Carr,Fresno State,2014,,,10,pass,0.6608442068099976,False,49.0
2013,Derek Carr,Fresno State,2014,,,20,pass,2.2586798667907715,True,20.0
2013,Derek Carr,Fresno State,2014,,,16,pass,1.0442454814910889,False,36.0
2013,Derek Carr,Fresno State,2014,,,4,pass,-1.2314062118530273,False,52.0
2013,Derek Carr,Fresno State,2014,,,0,pass,-0.8795017004013062,False,52.0
2013,Derek Carr,Fresno State,2014,,,3,pass,-0.3006490468978882,False,55.0
2013,Derek Carr,Fresno State,2014,,,25,pass,2.764580726623535,True,25.0
2013,Derek Carr,Fresno State,2014,,,7,pass,0.44824910163879395,False,78.0
2013,Derek Carr,Fresno State,2014,,,0,pass,-1.9324225187301636,False,75.0
2013,Derek Carr,Fresno State,2014,,,5,pass,-0.11725246906280518,False,80.0
2013,Derek Carr,Fresno State,2014,,,11,pass,1.744490623474121,True,11.0
2013,Derek Carr,Fresno State,2014,,,12,pass,0.539391040802002,False,23.0
2013,Derek Carr,Fresno State,2014,,,7,pass,-0.8044803142547607,False,46.0
2013,Derek Carr,Fresno State,2014,,,0,pass,-1.018181324005127,False,46.0
2013,Derek Carr,Fresno State,2014,,,4,pass,0.04103803634643555,False,50.0
2013,Derek Carr,Fresno State,2014,,,9,pass,0.8634693622589111,False,59.0
2013,Derek Carr,Fresno State,2014,,,16,pass,1.8656680583953857,False,75.0
2013,Derek Carr,Fresno State,2014,,,0,pass,-0.6778132915496826,False,75.0
2013,Derek Carr,Fresno State,2014,,,4,pass,-1.1851279735565186,False,67.0
2013,Derek Carr,Fresno State,2014,,,0,pass,-0.9380040168762207,False,67.0
2013,Derek Carr,Fresno State,2014,,,0,pass,-0.7060633897781372,False,67.0
2013,Derek Carr,Fresno State,2014,,,2,pass,3.3045096397399902,True,2.0
2013,Derek Carr,Fresno State,2014,,,7,pass,-0.6810252666473389,False,9.0
2013,Derek Carr,Fresno State,2014,,,6,pass,0.634674072265625,False,15.0
2013,Derek Carr,Fresno State,2014,,,7,pass,0.7039594650268555,False,22.0
2013,Derek Carr,Fresno State,2014,,,18,pass,1.6018484830856323,False,40.0
2013,Derek Carr,Fresno State,2014,,,3,pass,0.16017723083496094,False,43.0
2013,Derek Carr,Fresno State,2014,,,7,pass,0.4301590919494629,False,50.0
2013,Derek Carr,Fresno State,2014,,,8,pass,0.33600878715515137,False,63.0
2013,Derek Carr,Fresno State,2014,,,11,pass,0.6165958046913147,False,74.0
2013,Derek Carr,Fresno State,2014,,,6,pass,-0.15807676315307617,False,80.0
2013,Derek Carr,Fresno State,2014,,,0,pass,-0.9745254516601562,False,1.0
2013,Derek Carr,Fresno State,2014,,,6,pass,0.7093839645385742,False,17.0
2013,Derek Carr,Fresno State,2014,,,0,pass,-0.5804295539855957,False,17.0
2013,Derek Carr,Fresno State,2014,,,8,pass,0.741058349609375,False,25.0
2013,Derek Carr,Fresno State,2014,,,15,pass,0.7452971935272217,False,40.0
2013,Derek Carr,Fresno State,2014,,,0,pass,-0.7206697463989258,False,69.0
2013,Derek Carr,Fresno State,2014,,,4,pass,-0.700448751449585,False,85.0
2013,Derek Carr,Fresno State,2014,,,5,pass,0.0701131820678711,False,13.0
2013,Derek Carr,Fresno State,2014,,,4,pass,0.018306732177734375,False,38.0
2013,Derek Carr,Fresno State,2014,,,13,pass,1.4832112789154053,False,51.0
2013,Derek Carr,Fresno State,2014,,,15,pass,2.1608104705810547,False,82.0
2013,Derek Carr,Fresno State,2014,,,6,pass,-0.03351116180419922,False,88.0
2013,Derek Carr,Fresno State,2014,,,1,pass,-1.2156667709350586,False,72.0
2013,Derek Carr,Fresno State,2014,,,8,pass,0.15470974147319794,False,80.0
2013,Derek Carr,Fresno State,2014,,,0,pass,-0.6177890300750732,False,80.0
2013,Derek Carr,Fresno State,2014,,,0,pass,-1.6573582887649536,False,77.0
2013,Derek Carr,Fresno State,2014,,,0,pass,-1.2842636108398438,False,3.0
2013,Derek Carr,Fresno State,2014,,,8,pass,0.8256616592407227,False,12.0
2013,Derek Carr,Fresno State,2014,,,20,pass,0.9219303131103516,False,32.0
2013,Derek Carr,Fresno State,2014,,,11,pass,0.7585759162902832,False,59.0
2013,Derek Carr,Fresno State,2014,,,6,pass,0.8140469789505005,False,65.0
2013,Derek Carr,Fresno State,2014,,,0,pass,-0.8423994779586792,False,65.0
2013,Derek Carr,Fresno State,2014,,,9,pass,-1.3487995862960815,False,74.0
2013,Derek Carr,Fresno State,2014,,,0,pass,-0.8857132792472839,False,53.0
2013,Derek Carr,Fresno State,2014,,,0,pass,-1.4149298667907715,False,75.0
2013,Derek Carr,Fresno State,2014,,,4,pass,-0.3722849488258362,False,81.0
2013,Derek Carr,Fresno State,2014,,,5,pass,0.679502010345459,True,5.0
2013,Derek Carr,Fresno State,2014,,,13,pass,0.47766590118408203,False,60.0
2013,Derek Carr,Fresno State,2014,,,12,pass,1.179147720336914,False,41.0
2013,Derek Carr,Fresno State,2014,,,24,pass,1.0261716842651367,False,29.0
2013,Derek Carr,Fresno State,2014,,,-2,pass,-0.7623656392097473,False,61.0
2013,Derek Carr,Fresno State,2014,,,0,pass,-0.2863784730434418,False,63.0
2013,Derek Carr,Fresno State,2014,,,0,pass,-0.4764643907546997,False,63.0
2013,Derek Carr,Fresno State,2014,,,11,pass,0.8487203121185303,False,39.0
2013,Derek Carr,Fresno State,2014,,,0,pass,-0.46723413467407227,False,28.0
2013,Derek Carr,Fresno State,2014,,,6,pass,1.8249831199645996,True,13.0
2013,Derek Carr,Fresno State,2014,,,23,pass,0.9490911960601807,False,73.0
2013,Derek Carr,Fresno State,2014,,,4,pass,0.08476066589355469,False,34.0
2013,Derek Carr,Fresno State,2014,,,9,pass,0.6946425437927246,False,25.0
2013,Derek Carr,Fresno State,2014,,,-2,pass,-3.5268335342407227,False,2.0
2013,Derek Carr,Fresno State,2014,,,5,pass,1.4435362815856934,False,8.0
2013,Derek Carr,Fresno State,2014,,,15,pass,1.487783432006836,True,15.0
2013,Derek Carr,Fresno State,2014,,,7,pass,0.7936303615570068,False,38.0
2013,Derek Carr,Fresno State,2014,,,4,pass,-0.08964014053344727,False,31.0
2013,Derek Carr,Fresno State,2014,,,24,pass,1.0923187732696533,False,66.0
2013,Derek Carr,Fresno State,2014,,,0,pass,-0.6050357222557068,False,75.0
2013,Derek Carr,Fresno State,2014,,,0,pass,-1.454594373703003,False,74.0
2013,Derek Carr,Fresno State,2014,,,0,pass,-0.9168381690979004,False,75.0
2013,Derek Carr,Fresno State,2014,,,19,pass,2.138523817062378,False,75.0
2013,Derek Carr,Fresno State,2014,,,2,pass,-0.5672910213470459,False,56.0
2013,Derek Carr,Fresno State,2014,,,14,pass,0.8801717758178711,False,35.0
2013,Derek Carr,Fresno State,2014,,,0,pass,-0.8063132762908936,False,19.0
2013,Derek Carr,Fresno State,2014,,,1,pass,-3.1432271003723145,False,19.0
2013,Derek Carr,Fresno State,2014,,,8,pass,0.6960330009460449,False,12.0
2013,Derek Carr,Fresno State,2014,,,10,pass,1.0886847972869873,False,22.0
2013,Derek Carr,Fresno State,2014,,,0,pass,-0.4699714183807373,False,22.0
2013,Derek Carr,Fresno State,2014,,,10,pass,1.1759045124053955,False,32.0
2013,Derek Carr,Fresno State,2014,,,0,pass,-0.6739044189453125,False,32.0
2013,Derek Carr,Fresno State,2014,,,-2,pass,-1.1179325580596924,False,35.0
2013,Derek Carr,Fresno State,2014,,,9,pass,0.9265995025634766,False,44.0
2013,Derek Carr,Fresno State,2014,,,4,pass,-0.19483482837677002,False,63.0
2013,Derek Carr,Fresno State,2014,,,22,pass,1.828658938407898,False,85.0
2013,Derek Carr,Fresno State,2014,,,2,pass,-0.4590572714805603,False,87.0
2013,Derek Carr,Fresno State,2014,,,6,pass,0.21804308891296387,False,53.0
2013,Derek Carr,Fresno State,2014,,,16,pass,1.3279625177383423,False,69.0
2013,Derek Carr,Fresno State,2014,,,3,pass,-0.5181910395622253,False,83.0
2013,Derek Carr,Fresno State,2014,,,3,pass,-1.2678649425506592,False,14.0
2013,Derek Carr,Fresno State,2014,,,18,pass,1.3259518146514893,False,32.0
2013,Derek Carr,Fresno State,2014,,,22,pass,1.221980094909668,False,36.0
2013,Derek Carr,Fresno State,2014,,,14,pass,0.5949740409851074,False,50.0
2013,Derek Carr,Fresno State,2014,,,8,pass,0.49075889587402344,False,58.0
2013,Derek Carr,Fresno State,2014,,,21,pass,2.7029895782470703,False,79.0
2013,Derek Carr,Fresno State,2014,,,1,pass,0.8888988494873047,True,1.0
2013,Derek Carr,Fresno State,2014,,,3,pass,-0.3039431571960449,False,14.0
2013,Derek Carr,Fresno State,2014,,,20,pass,4.153247833251953,False,34.0
2013,Derek Carr,Fresno State,2014,,,0,pass,-1.5000362396240234,False,34.0
2013,Derek Carr,Fresno State,2014,,,1,pass,-0.513646125793457,False,35.0
2013,Derek Carr,Fresno State,2014,,,20,pass,1.4805073738098145,False,55.0
2013,Derek Carr,Fresno State,2014,,,4,pass,-0.13836002349853516,False,59.0
2013,Derek Carr,Fresno State,2014,,,4,pass,1.054206371307373,True,4.0
2013,Derek Carr,Fresno State,2014,,,11,pass,2.3770058155059814,False,15.0
2013,Derek Carr,Fresno State,2014,,,-1,pass,-0.7481825351715088,False,19.0
2013,Derek Carr,Fresno State,2014,,,15,pass,3.250614643096924,False,35.0
2013,Derek Carr,Fresno State,2014,,,7,pass,-0.6648287773132324,False,42.0
2013,Derek Carr,Fresno State,2014,,,0,pass,-0.8156378269195557,False,42.0
2013,Derek Carr,Fresno State,2014,,,11,pass,0.8255798816680908,False,53.0
2013,Derek Carr,Fresno State,2014,,,18,pass,0.9317194223403931,False,71.0
2013,Derek Carr,Fresno State,2014,,,-3,pass,-1.0978995561599731,False,86.0
2013,Derek Carr,Fresno State,2014,,,3,pass,-0.30131441354751587,False,89.0
2013,Derek Carr,Fresno State,2014,,,21,pass,2.0174708366394043,True,21.0
2013,Derek Carr,Fresno State,2014,,,41,pass,2.295478105545044,False,62.0
2013,Derek Carr,Fresno State,2014,,,0,pass,-1.7687060832977295,False,59.0
2013,Derek Carr,Fresno State,2014,,,0,pass,-1.5270962715148926,False,2.0
2013,Derek Carr,Fresno State,2014,,,0,pass,-2.7489445209503174,False,2.0
2013,Derek Carr,Fresno State,2014,,,68,pass,4.806598663330078,False,69.0
2013,Derek Carr,Fresno State,2014,,,10,pass,1.573076605796814,False,79.0
2013,Derek Carr,Fresno State,2014,,,0,pass,-0.6928040981292725,False,79.0
2013,Derek Carr,Fresno State,2014,,,0,pass,-1.3694560527801514,False,64.0
2013,Derek Carr,Fresno State,2014,,,14,pass,3.0035157203674316,True,14.0
2013,Derek Carr,Fresno State,2014,,,0,pass,-0.5865478515625,False,14.0
2013,Derek Carr,Fresno State,2014,,,10,pass,1.2417595386505127,False,24.0
2013,Derek Carr,Fresno State,2014,,,0,pass,-0.7637646198272705,False,24.0
2013,Derek Carr,Fresno State,2014,,,8,pass,2.0978970527648926,False,40.0
2013,Derek Carr,Fresno State,2014,,,0,pass,-1.0374003648757935,False,40.0
2013,Derek Carr,Fresno State,2014,,,10,pass,1.2273612022399902,False,73.0
2013,Derek Carr,Fresno State,2014,,,0,pass,-0.7848199009895325,False,63.0
2013,Derek Carr,Fresno State,2014,,,14,pass,2.1662814617156982,False,63.0
2013,Derek Carr,Fresno State,2014,,,8,pass,0.005719780921936035,False,55.0
2013,Derek Carr,Fresno State,2014,,,0,pass,-1.8457765579223633,False,50.0
2013,Derek Carr,Fresno State,2014,,,12,pass,0.32195544242858887,False,73.0
2013,Derek Carr,Fresno State,2014,,,12,pass,0.438934326171875,False,61.0
2013,Derek Carr,Fresno State,2014,,,0,pass,-0.5636429786682129,False,49.0
2013,Derek Carr,Fresno State,2014,,,12,pass,0.9479856491088867,False,79.0
2013,Derek Carr,Fresno State,2014,,,7,pass,-4.482393264770508,False,49.0
2013,Derek Carr,Fresno State,2014,,,12,pass,0.5433156490325928,False,66.0
2013,Derek Carr,Fresno State,2014,,,10,pass,0.6247496604919434,False,64.0
2013,Derek Carr,Fresno State,2014,,,0,pass,-0.4909358024597168,False,39.0
2013,Derek Carr,Fresno State,2014,,,4,pass,-0.3082914352416992,False,28.0
2013,Derek Carr,Fresno State,2014,,,14,pass,0.899193286895752,False,15.0
2013,Derek Carr,Fresno State,2014,,,9,pass,2.4269347190856934,True,9.0
2013,Derek Carr,Fresno State,2014,,,6,pass,-0.6945680379867554,False,84.0
2013,Derek Carr,Fresno State,2014,,,19,pass,2.9177324771881104,False,78.0
2013,Derek Carr,Fresno State,2014,,,35,pass,1.3432936668395996,False,59.0
2013,Derek Carr,Fresno State,2014,,,3,pass,-0.2342841625213623,False,54.0
2013,Derek Carr,Fresno State,2014,,,4,pass,-0.37007057666778564,False,51.0
2013,Derek Carr,Fresno State,2014,,,0,pass,-0.6778147220611572,False,87.0
2013,Derek Carr,Fresno State,2014,,,0,pass,-0.8755905032157898,False,87.0
2013,Derek Carr,Fresno State,2014,,,0,pass,-1.382847785949707,False,87.0
2013,Derek Carr,Fresno State,2014,,,0,pass,-1.860150694847107,False,72.0
2013,Derek Carr,Fresno State,2014,,,0,pass,-0.7620203495025635,False,72.0
2013,Derek Carr,Fresno State,2014,,,0,pass,-1.6583614349365234,False,1.0
2013,Derek Carr,Fresno State,2014,,,10,pass,0.9696323871612549,False,39.0
2013,Derek Carr,Fresno State,2014,,,0,pass,-0.5156779289245605,False,59.0
2013,Derek Carr,Fresno State,2014,,,3,pass,-0.7830760478973389,False,59.0
2013,Derek Carr,Fresno State,2014,,,2,pass,-1.4161653518676758,False,56.0
2013,Derek Carr,Fresno State,2014,,,5,pass,0.357759952545166,False,64.0
2013,Derek Carr,Fresno State,2014,,,29,pass,1.3789262771606445,False,59.0
2013,Derek Carr,Fresno State,2014,,,-4,pass,-1.270423173904419,False,30.0
2013,Derek Carr,Fresno State,2014,,,11,pass,-0.25501537322998047,False,34.0
2013,Derek Carr,Fresno State,2014,,,14,pass,0.9192490577697754,False,39.0
2013,Derek Carr,Fresno State,2014,,,2,pass,-0.4382591247558594,False,20.0
2013,Derek Carr,Fresno State,2014,,,0,pass,-0.8027141094207764,False,18.0
2013,Derek Carr,Fresno State,2014,,,9,pass,0.1852731704711914,False,10.0
2013,Derek Carr,Fresno State,2014,,,30,pass,2.3361806869506836,True,30.0
2013,Derek Carr,Fresno State,2014,,,2,pass,-0.428938627243042,False,53.0
2013,Derek Carr,Fresno State,2014,,,-1,pass,-0.9382879734039307,False,51.0
2013,Derek Carr,Fresno State,2014,,,8,pass,0.08627927303314209,False,52.0
2013,Derek Carr,Fresno State,2014,,,13,pass,0.6532003879547119,False,43.0
2013,Derek Carr,Fresno State,2014,,,-1,pass,-1.3916659355163574,False,6.0
2013,Derek Carr,Fresno State,2014,,,3,pass,-0.49134111404418945,False,78.0
2013,Derek Carr,Fresno State,2014,,,0,pass,-0.9189586639404297,False,8.0
2013,Derek Carr,Fresno State,2014,,,16,pass,0.5544662475585938,False,35.0
2013,Derek Carr,Fresno State,2014,,,9,pass,1.1074433326721191,False,59.0
2013,Derek Carr,Fresno State,2014,,,2,pass,-0.4354429244995117,False,50.0
2013,Derek Carr,Fresno State,2014,,,0,pass,-1.3949452638626099,False,4.0
2013,Derek Carr,Fresno State,2014,,,6,pass,0.36074042320251465,False,10.0
2013,Derek Carr,Fresno State,2014,,,9,pass,0.7592291831970215,False,41.0
2013,Derek Carr,Fresno State,2014,,,16,pass,0.3542081117630005,False,62.0
2013,Derek Carr,Fresno State,2014,,,2,pass,1.6786565780639648,True,2.0
2013,Derek Carr,Fresno State,2014,,,2,pass,-1.4059181213378906,False,4.0
2013,Derek Carr,Fresno State,2014,,,10,pass,0.3518540859222412,False,33.0
2013,Derek Carr,Fresno State,2014,,,-2,pass,-1.280898094177246,False,31.0
2013,Derek Carr,Fresno State,2014,,,13,pass,0.6427404880523682,False,57.0
2013,Derek Carr,Fresno State,2014,,,12,pass,0.6905553340911865,False,69.0
2013,Derek Carr,Fresno State,2014,,,5,pass,-0.24435853958129883,False,39.0
2013,Derek Carr,Fresno State,2014,,,9,pass,0.820497989654541,False,48.0
2013,Derek Carr,Fresno State,2014,,,6,pass,-0.11815690994262695,False,54.0
2013,Derek Carr,Fresno State,2014,,,2,pass,0.4899005889892578,True,2.0
2013,Derek Carr,Fresno State,2014,,,21,pass,1.447916030883789,False,23.0
2013,Derek Carr,Fresno State,2014,,,10,pass,0.47632455825805664,False,33.0
2013,Derek Carr,Fresno State,2014,,,43,pass,3.2247238159179688,False,76.0
2013,Derek Carr,Fresno State,2014,,,30,pass,1.2176570892333984,False,39.0
2013,Derek Carr,Fresno State,2014,,,9,pass,0.9788942337036133,True,9.0
2013,Derek Carr,Fresno State,2014,,,27,pass,1.191051959991455,False,36.0
2013,Derek Carr,Fresno State,2014,,,17,pass,2.1962528228759766,True,17.0
2013,Derek Carr,Fresno State,2014,,,0,pass,-0.6229376792907715,False,17.0
2013,Derek Carr,Fresno State,2014,,,16,pass,0.8178038597106934,False,33.0
2013,Derek Carr,Fresno State,2014,,,24,pass,1.3246333599090576,False,57.0
2013,Derek Carr,Fresno State,2014,,,29,pass,1.5359655618667603,False,86.0
2013,Derek Carr,Fresno State,2014,,,27,pass,2.1978607177734375,True,27.0
2013,Derek Carr,Fresno State,2014,,,10,pass,1.5711498260498047,False,51.0
2013,Derek Carr,Fresno State,2014,,,14,pass,0.8246030807495117,False,41.0
2013,Derek Carr,Fresno State,2014,,,3,pass,-0.4029114246368408,False,54.0
2013,Derek Carr,Fresno State,2014,,,8,pass,0.49367809295654297,False,61.0
2013,Derek Carr,Fresno State,2014,,,-1,pass,-1.092571496963501,False,53.0
2013,Derek Carr,Fresno State,2014,,,8,pass,2.1353349685668945,False,76.0
2013,Derek Carr,Fresno State,2014,,,0,pass,-1.1093738079071045,False,76.0
2013,Derek Carr,Fresno State,2014,,,5,pass,-0.03515064716339111,False,81.0
2013,Derek Carr,Fresno State,2014,,,20,pass,2.284433364868164,False,56.0
2013,Derek Carr,Fresno State,2014,,,0,pass,-0.8409494161605835,False,56.0
2013,Derek Carr,Fresno State,2014,,,8,pass,0.10851418972015381,False,82.0
2013,Derek Carr,Fresno State,2014,,,0,pass,-1.183286428451538,False,77.0
2013,Derek Carr,Fresno State,2014,,,-4,pass,-0.9523553848266602,False,70.0
2013,Derek Carr,Fresno State,2014,,,2,pass,-0.8197557926177979,False,21.0
2013,Derek Carr,Fresno State,2014,,,1,pass,-0.5568544864654541,False,22.0
2013,Derek Carr,Fresno State,2014,,,9,pass,0.6681933403015137,False,26.0
2013,Derek Carr,Fresno State,2014,,,6,pass,-0.08826208114624023,False,17.0
2013,Derek Carr,Fresno State,2014,,,10,pass,0.616765022277832,False,56.0
2013,Derek Carr,Fresno State,2014,,,37,pass,2.284296989440918,True,37.0
2013,Derek Carr,Fresno State,2014,,,15,pass,2.4816651344299316,False,52.0
2013,Derek Carr,Fresno State,2014,,,4,pass,0.31206560134887695,False,55.0
2013,Derek Carr,Fresno State,2014,,,6,pass,0.4488835334777832,False,67.0
2013,Derek Carr,Fresno State,2014,,,5,pass,1.4370876550674438,False,78.0
2013,Derek Carr,Fresno State,2014,,,6,pass,0.013495922088623047,False,84.0
2013,Derek Carr,Fresno State,2014,,,0,pass,0.9893591403961182,False,12.0
2013,Derek Carr,Fresno State,2014,,,26,pass,2.0859251022338867,False,38.0
2013,Derek Carr,Fresno State,2014,,,8,pass,0.18862700462341309,False,46.0
2013,Derek Carr,Fresno State,2014,,,5,pass,0.11204648017883301,False,51.0
2013,Derek Carr,Fresno State,2014,,,10,pass,-0.27419567108154297,False,61.0
2013,Derek Carr,Fresno State,2014,,,10,pass,0.20071619749069214,False,71.0
2013,Derek Carr,Fresno State,2014,,,8,pass,0.31609177589416504,False,79.0
2013,Derek Carr,Fresno State,2014,,,0,pass,-1.5516068935394287,False,31.0
2013,Derek Carr,Fresno State,2014,,,0,pass,-0.7412674427032471,False,31.0
2013,Derek Carr,Fresno State,2014,,,36,pass,2.8986291885375977,True,36.0
2013,Derek Carr,Fresno State,2014,,,7,pass,0.6644330024719238,False,43.0
2013,Derek Carr,Fresno State,2014,,,5,pass,-0.019855260848999023,False,48.0
2013,Derek Carr,Fresno State,2014,,,-7,pass,-1.8581790924072266,False,11.0
2013,Derek Carr,Fresno State,2014,,,0,pass,-0.5912518501281738,False,25.0
2013,Derek Carr,Fresno State,2014,,,21,pass,1.4009110927581787,False,46.0
2013,Derek Carr,Fresno State,2014,,,28,pass,3.204728364944458,True,28.0
2013,Derek Carr,Fresno State,2014,,,5,pass,-0.31842732429504395,False,33.0
2013,Derek Carr,Fresno State,2014,,,0,pass,-0.5438399314880371,False,33.0
2013,Derek Carr,Fresno State,2014,,,10,pass,1.9406849145889282,False,54.0
2013,Derek Carr,Fresno State,2014,,,17,pass,0.4680241346359253,False,71.0
2013,Derek Carr,Fresno State,2014,,,0,pass,-0.7856547832489014,False,71.0
2013,Derek Carr,Fresno State,2014,,,12,pass,1.2990657091140747,False,68.0
2013,Derek Carr,Fresno State,2014,,,0,pass,-0.6794363260269165,False,68.0
2013,Derek Carr,Fresno State,2014,,,2,pass,-0.26303696632385254,False,70.0
2013,Derek Carr,Fresno State,2014,,,9,pass,0.8316874504089355,False,79.0
2013,Derek Carr,Fresno State,2014,,,75,pass,4.716342449188232,True,75.0
2013,Derek Carr,Fresno State,2014,,,1,pass,-0.870890200138092,False,68.0
2013,Derek Carr,Fresno State,2014,,,16,pass,1.4610233306884766,True,16.0
2013,Derek Carr,Fresno State,2014,,,4,pass,0.07505321502685547,False,20.0
2013,Derek Carr,Fresno State,2014,,,50,pass,5.2093610763549805,False,75.0
2013,Derek Carr,Fresno State,2014,,,3,pass,-0.7536084055900574,False,78.0
2013,Derek Carr,Fresno State,2014,,,7,pass,1.0464966297149658,False,75.0
2013,Derek Carr,Fresno State,2014,,,4,pass,-0.15682148933410645,False,79.0
2013,Derek Carr,Fresno State,2014,,,12,pass,1.5460715293884277,False,91.0
2013,Derek Carr,Fresno State,2014,,,0,pass,-0.8818857669830322,False,91.0
2013,Derek Carr,Fresno State,2014,,,26,pass,2.0170681476593018,False,40.0
2013,Derek Carr,Fresno State,2014,,,11,pass,2.766822099685669,False,12.0
2013,Derek Carr,Fresno State,2014,,,11,pass,1.7465143203735352,True,11.0
2013,Derek Carr,Fresno State,2014,,,9,pass,1.074797511100769,False,40.0
2013,Derek Carr,Fresno State,2014,,,-1,pass,-1.0821956396102905,False,39.0
2013,Derek Carr,Fresno State,2014,,,13,pass,2.5075972080230713,False,52.0
2013,Derek Carr,Fresno State,2014,,,6,pass,0.5884922742843628,False,58.0
2013,Derek Carr,Fresno State,2014,,,5,pass,0.18425047397613525,False,63.0
2013,Derek Carr,Fresno State,2014,,,5,pass,-0.08323347568511963,False,83.0
2013,Derek Carr,Fresno State,2014,,,15,pass,0.36046457290649414,False,83.0
2013,Derek Carr,Fresno State,2014,,,0,pass,-0.9199711680412292,False,69.0
2013,Derek Carr,Fresno State,2014,,,3,pass,-0.4665377140045166,False,80.0
2013,Derek Carr,Fresno State,2014,,,0,pass,-0.870631217956543,False,84.0
2013,Derek Carr,Fresno State,2014,,,4,pass,-2.3551952838897705,False,84.0
2013,Derek Carr,Fresno State,2014,,,0,pass,-0.04761815071105957,False,84.0
2013,Derek Carr,Fresno State,2014,,,5,pass,0.00013568997383117676,False,89.0
2013,Derek Carr,Fresno State,2014,,,4,pass,-0.19199442863464355,False,68.0
2013,Derek Carr,Fresno State,2014,,,4,pass,-0.3201833963394165,False,72.0
2013,Derek Carr,Fresno State,2014,,,7,pass,1.868639349937439,False,79.0
2013,Derek Carr,Fresno State,2014,,,3,pass,-0.6501941680908203,False,82.0
2013,Derek Carr,Fresno State,2014,,,0,pass,-0.6021605134010315,False,82.0
2013,Derek Carr,Fresno State,2014,,,8,pass,-0.7077670693397522,False,54.0
2013,Derek Carr,Fresno State,2014,,,0,pass,-0.7090471982955933,False,73.0
2013,Derek Carr,Fresno State,2014,,,0,pass,-1.447666883468628,False,38.0
2013,Derek Carr,Fresno State,2014,,,6,pass,0.30922412872314453,False,36.0
2013,Derek Carr,Fresno State,2014,,,7,pass,0.3537747859954834,False,43.0
2013,Derek Carr,Fresno State,2014,,,0,pass,-0.8909714221954346,False,53.0
2013,Derek Carr,Fresno State,2014,,,8,pass,0.5839319229125977,False,77.0
2013,Derek Carr,Fresno State,2014,,,4,pass,0.6340250968933105,False,14.0
2013,Derek Carr,Fresno State,2014,,,6,pass,0.06013965606689453,False,20.0
2013,Derek Carr,Fresno State,2014,,,0,pass,-0.5808496475219727,False,20.0
2013,Derek Carr,Fresno State,2014,,,25,pass,2.8400111198425293,False,45.0
2013,Derek Carr,Fresno State,2014,,,7,pass,0.5208604335784912,False,60.0
2013,Derek Carr,Fresno State,2014,,,0,pass,-0.933677077293396,False,62.0
2013,Derek Carr,Fresno State,2014,,,0,pass,-0.9943310618400574,False,62.0
2013,Derek Carr,Fresno State,2014,,,0,pass,-1.0651001930236816,False,73.0
2013,Derek Carr,Fresno State,2014,,,0,pass,-0.8702439665794373,False,73.0
2013,Derek Carr,Fresno State,2014,,,27,pass,4.038045406341553,False,30.0
2013,Derek Carr,Fresno State,2014,,,4,pass,-0.7881677150726318,False,27.0
2013,Derek Carr,Fresno State,2014,,,8,pass,-5.040383338928223,False,59.0
2013,Derek Carr,Fresno State,2014,,,32,pass,2.6957168579101562,True,32.0
2013,Derek Carr,Fresno State,2014,,,24,pass,2.287019729614258,False,60.0
2013,Derek Carr,Fresno State,2014,,,2,pass,-0.5299923419952393,False,54.0
2013,Derek Carr,Fresno State,2014,,,6,pass,0.07001018524169922,False,60.0
2013,Derek Carr,Fresno State,2014,,,16,pass,0.9438996315002441,False,76.0
2013,Derek Carr,Fresno State,2014,,,22,pass,0.5944335460662842,False,62.0
2013,Derek Carr,Fresno State,2014,,,5,pass,-0.2622966766357422,False,52.0
2013,Derek Carr,Fresno State,2014,,,14,pass,0.674483060836792,False,62.0
2013,Derek Carr,Fresno State,2014,,,0,pass,-1.0635473728179932,False,40.0
2013,Derek Carr,Fresno State,2014,,,0,pass,-0.6077685356140137,False,40.0
2013,Derek Carr,Fresno State,2014,,,14,pass,0.4452168941497803,False,54.0
2013,Derek Carr,Fresno State,2014,,,9,pass,0.6636793613433838,False,63.0
2013,Derek Carr,Fresno State,2014,,,2,pass,-0.22172927856445312,False,65.0
2013,Derek Carr,Fresno State,2014,,,9,pass,0.6536059379577637,False,74.0
2013,Derek Carr,Fresno State,2014,,,0,pass,-1.7964340448379517,False,67.0
2013,Derek Carr,Fresno State,2014,,,17,pass,3.2081620693206787,True,17.0
2013,Derek Carr,Fresno State,2014,,,9,pass,1.4485208988189697,False,26.0
2013,Derek Carr,Fresno State,2014,,,1,pass,-0.21484088897705078,False,27.0
2013,Derek Carr,Fresno State,2014,,,19,pass,1.3186665773391724,False,46.0
2013,Derek Carr,Fresno State,2014,,,25,pass,0.9055253863334656,False,71.0
2013,Derek Carr,Fresno State,2014,,,4,pass,0.49179404973983765,False,75.0
2013,Derek Carr,Fresno State,2014,,,0,pass,-1.0205514430999756,False,13.0
2013,Derek Carr,Fresno State,2014,,,0,pass,-0.7369654178619385,False,13.0
2013,Derek Carr,Fresno State,2014,,,0,pass,-0.5482239723205566,False,28.0
2013,Derek Carr,Fresno State,2014,,,12,pass,0.5640773773193359,False,40.0
2013,Derek Carr,Fresno State,2014,,,7,pass,0.4496939182281494,False,47.0
2013,Derek Carr,Fresno State,2014,,,4,pass,0.3326840400695801,False,51.0
2013,Derek Carr,Fresno State,2014,,,7,pass,0.3994262218475342,False,58.0
2013,Derek Carr,Fresno State,2014,,,12,pass,0.7408241033554077,False,70.0
2013,Derek Carr,Fresno State,2014,,,0,pass,-3.8628158569335938,False,9.0
2013,Derek Carr,Fresno State,2014,,,0,pass,-0.7996425628662109,False,13.0
2013,Derek Carr,Fresno State,2014,,,5,pass,-0.04193258285522461,False,18.0
2013,Derek Carr,Fresno State,2014,,,6,pass,-0.32975244522094727,False,11.0
2013,Derek Carr,Fresno State,2014,,,28,pass,4.664364814758301,False,33.0
2013,Derek Carr,Fresno State,2014,,,0,pass,-1.558159351348877,False,33.0
2013,Derek Carr,Fresno State,2014,,,8,pass,0.6365516185760498,False,49.0
2013,Derek Carr,Fresno State,2014,,,23,pass,1.5920403003692627,False,72.0
2013,Derek Carr,Fresno State,2014,,,6,pass,0.08754342794418335,False,83.0
2013,Derek Carr,Fresno State,2014,,,1,pass,-2.9866585731506348,False,36.0
2013,Derek Carr,Fresno State,2014,,,6,pass,-0.7233982086181641,False,42.0
2013,Derek Carr,Fresno State,2014,,,0,pass,-0.9639251232147217,False,42.0
2013,Derek Carr,Fresno State,2014,,,0,pass,-0.6513628959655762,False,42.0
2013,Derek Carr,Fresno State,2014,,,5,pass,0.05565357208251953,False,64.0
2013,Derek Carr,Fresno State,2014,,,13,pass,1.754364013671875,False,77.0
2013,Derek Carr,Fresno State,2014,,,5,pass,1.5218830108642578,True,5.0
2013,Derek Carr,Fresno State,2014,,,0,pass,-1.3756322860717773,False,5.0
2013,Derek Carr,Fresno State,2014,,,13,pass,1.2361559867858887,False,18.0
2013,Derek Carr,Fresno State,2014,,,57,pass,4.68039083480835,False,75.0
2013,Derek Carr,Fresno State,2014,,,9,pass,1.430680274963379,True,9.0
2013,Derek Carr,Fresno State,2014,,,17,pass,1.4741547107696533,False,32.0
2013,Derek Carr,Fresno State,2014,,,18,pass,0.42948102951049805,False,72.0
2013,Derek Carr,Fresno State,2014,,,0,pass,-1.6907482147216797,False,1.0
2013,Derek Carr,Fresno State,2014,,,56,pass,2.239135503768921,False,85.0
2013,Derek Carr,Fresno State,2014,,,2,pass,3.0435967445373535,True,2.0
2013,Derek Carr,Fresno State,2014,,,0,pass,-1.666569471359253,False,5.0
2013,Derek Carr,Fresno State,2014,,,4,pass,-1.133063793182373,False,9.0
2013,Derek Carr,Fresno State,2014,,,0,pass,-0.5778112411499023,False,23.0
2013,Derek Carr,Fresno State,2014,,,9,pass,0.7564923763275146,False,44.0
2013,Derek Carr,Fresno State,2014,,,7,pass,0.3374447822570801,False,33.0
2013,Derek Carr,Fresno State,2014,,,5,pass,0.137892484664917,False,51.0
2013,Derek Carr,Fresno State,2014,,,20,pass,2.5274910926818848,False,90.0
2013,Derek Carr,Fresno State,2014,,,4,pass,-0.11085254698991776,False,96.0
2013,Derek Carr,Fresno State,2014,,,0,pass,-0.8665142059326172,False,76.0
2013,Derek Carr,Fresno State,2014,,,0,pass,-0.5148714184761047,False,76.0
2013,Derek Carr,Fresno State,2014,,,4,pass,-0.23103702068328857,False,80.0
2013,Derek Carr,Fresno State,2014,,,19,pass,2.4875378608703613,True,19.0
2013,Derek Carr,Fresno State,2014,,,8,pass,0.7890777587890625,False,27.0
2013,Derek Carr,Fresno State,2014,,,2,pass,-0.41329216957092285,False,29.0
2013,Derek Carr,Fresno State,2014,,,12,pass,1.255156397819519,False,56.0
2013,Derek Carr,Fresno State,2014,,,6,pass,0.21760523319244385,False,65.0
2013,Derek Carr,Fresno State,2014,,,8,pass,0.5689226388931274,False,73.0
2013,Derek Carr,Fresno State,2014,,,9,pass,1.7136869430541992,True,9.0
2013,Derek Carr,Fresno State,2014,,,11,pass,0.4672536849975586,False,20.0
2013,Derek Carr,Fresno State,2014,,,21,pass,-0.6984550952911377,False,56.0
2013,Derek Carr,Fresno State,2014,,,0,pass,-0.5854591131210327,False,60.0
2013,Derek Carr,Fresno State,2014,,,13,pass,2.6864771842956543,False,73.0
2013,Derek Carr,Fresno State,2014,,,0,pass,-0.9580792784690857,False,73.0
2013,Derek Carr,Fresno State,2014,,,23,pass,2.1756858825683594,False,35.0
2013,Derek Carr,Fresno State,2014,,,8,pass,-0.32151758670806885,False,43.0
2013,Derek Carr,Fresno State,2014,,,1,pass,0.21221685409545898,False,29.0
2013,Derek Carr,Fresno State,2014,,,11,pass,1.5282015800476074,False,31.0
2013,Derek Carr,Fresno State,2014,,,0,pass,-0.6312451362609863,False,31.0
2013,Derek Carr,Fresno State,2014,,,15,pass,0.9724680185317993,False,59.0
2013,Derek Carr,Fresno State,2014,,,0,pass,-1.5651990175247192,False,70.0
2013,Derek Carr,Fresno State,2014,,,5,pass,-0.05854833126068115,False,75.0
2013,Derek Carr,Fresno State,2014,,,0,pass,-0.9036358594894409,False,42.0
2013,Derek Carr,Fresno State,2014,,,4,pass,-1.4775029420852661,False,42.0
2013,Derek Carr,Fresno State,2014,,,0,pass,-0.6702935695648193,False,42.0
2013,Derek Carr,Fresno State,2014,,,7,pass,0.5747742652893066,False,49.0
2013,Derek Carr,Fresno State,2014,,,5,pass,0.18157315254211426,False,54.0
2013,Derek Carr,Fresno State,2014,,,17,pass,2.2620699405670166,False,71.0
2013,Derek Carr,Fresno State,2014,,,39,pass,3.352717876434326,True,39.0
2013,Derek Carr,Fresno State,2014,,,17,pass,0.5989272594451904,False,63.0
2013,Derek Carr,Fresno State,2014,,,0,pass,-0.5516560077667236,False,46.0
2013,Derek Carr,Fresno State,2014,,,11,pass,1.1775450706481934,True,11.0
2013,Derek Carr,Fresno State,2014,,,0,pass,-0.6518006324768066,False,31.0
2013,Derek Carr,Fresno State,2014,,,0,pass,-1.5089139938354492,False,31.0
2013,Derek Carr,Fresno State,2014,,,10,pass,2.717421054840088,False,31.0
2013,Derek Carr,Fresno State,2014,,,8,pass,0.36540985107421875,False,21.0
2013,Derek Carr,Fresno State,2014,,,0,pass,-0.5298495292663574,False,13.0
2013,Derek Carr,Fresno State,2014,,,59,pass,2.8171334266662598,True,59.0
2013,Derek Carr,Fresno State,2014,,,59,pass,2.772616386413574,True,59.0
2013,Derek Carr,Fresno State,2014,,,3,pass,-0.43567514419555664,False,73.0
2013,Derek Carr,Fresno State,2014,,,9,pass,0.5286741256713867,False,84.0
2013,Derek Carr,Fresno State,2014,,,3,pass,-0.30841660499572754,False,80.0
2013,Derek Carr,Fresno State,2014,,,0,pass,-1.0080509185791016,False,82.0
2013,Derek Carr,Fresno State,2014,,,23,pass,-2.0807740688323975,False,24.0
2013,Derek Carr,Fresno State,2014,,,52,pass,2.6028223037719727,False,73.0
2013,Derek Carr,Fresno State,2014,,,0,pass,-0.38450098037719727,False,21.0
2013,Derek Carr,Fresno State,2014,,,0,pass,-0.8324093818664551,False,19.0
2013,Derek Carr,Fresno State,2014,,,1,pass,0.6496915817260742,False,1.0
2013,Derek Carr,Fresno State,2014,,,8,pass,0.12340927124023438,False,55.0
2013,Derek Carr,Fresno State,2014,,,17,pass,1.0697879791259766,False,47.0
2013,Derek Carr,Fresno State,2014,,,6,pass,0.15209102630615234,False,30.0
2013,Derek Carr,Fresno State,2014,,,0,pass,-0.6812973022460938,False,24.0
2013,Derek Carr,Fresno State,2014,,,0,pass,-2.016752243041992,False,24.0
2013,Derek Carr,Fresno State,2014,,,44,pass,1.779191493988037,False,79.0
2013,Derek Carr,Fresno State,2014,,,9,pass,0.6770000457763672,False,35.0
2013,Derek Carr,Fresno State,2014,,,44,pass,2.289684295654297,False,44.0
2013,Derek Carr,Fresno State,2014,,,3,pass,-0.4590616226196289,False,81.0
2013,Derek Carr,Fresno State,2014,,,22,pass,1.2866742610931396,False,78.0
2013,Derek Carr,Fresno State,2014,,,4,pass,-0.47690296173095703,False,53.0
2013,Derek Carr,Fresno State,2014,,,0,pass,-0.8855559825897217,False,49.0
2013,Derek Carr,Fresno State,2014,,,3,pass,-1.3452720642089844,False,49.0
2013,Derek Carr,Fresno State,2014,,,57,pass,3.749384641647339,True,57.0
2013,Derek Carr,Fresno State,2014,,,58,pass,3.8015003204345703,False,58.0
2013,Derek Carr,Fresno State,2014,,,9,pass,-0.38674378395080566,False,88.0
2013,Derek Carr,Fresno State,2014,,,7,pass,0.18559789657592773,False,79.0
2013,Derek Carr,Fresno State,2014,,,0,pass,-1.3900541067123413,False,24.0
2013,Derek Carr,Fresno State,2014,,,18,pass,3.742030143737793,False,24.0
2013,Derek Carr,Fresno State,2014,,,0,pass,-1.1762595176696777,False,4.0
2013,Derek Carr,Fresno State,2014,,,3,pass,-1.53159761428833,False,4.0
2013,Derek Carr,Fresno State,2014,,,0,pass,-0.5358163714408875,False,75.0
2013,Derek Carr,Fresno State,2014,,,5,pass,-0.05281059443950653,False,75.0
2013,Derek Carr,Fresno State,2014,,,0,pass,-1.125754714012146,False,70.0
2013,Derek Carr,Fresno State,2014,,,40,pass,4.753823280334473,False,70.0
2013,Derek Carr,Fresno State,2014,,,3,pass,-0.25024938583374023,False,30.0
2013,Derek Carr,Fresno State,2014,,,3,pass,-0.12154173851013184,False,27.0
2013,Derek Carr,Fresno State,2014,,,17,pass,1.435263752937317,False,77.0
2013,Derek Carr,Fresno State,2014,,,4,pass,-0.8402166366577148,False,75.0
2013,Derek Carr,Fresno State,2014,,,11,pass,0.05372345447540283,False,86.0
2013,Derek Carr,Fresno State,2014,,,0,pass,-1.260343074798584,False,75.0
2013,Derek Carr,Fresno State,2014,,,-2,pass,-1.2741119861602783,False,73.0
2013,Derek Carr,Fresno State,2014,,,-2,pass,-1.207071304321289,False,75.0
2013,Derek Carr,Fresno State,2014,,,40,pass,4.947291374206543,False,77.0
2013,Derek Carr,Fresno State,2014,,,23,pass,2.215801954269409,False,46.0
2013,Derek Carr,Fresno State,2014,,,4,pass,0.022719860076904297,False,23.0
2013,Derek Carr,Fresno State,2014,,,-2,pass,-1.7398077249526978,False,23.0
2013,Derek Carr,Fresno State,2014,,,11,pass,0.16460773348808289,False,84.0
2013,Derek Carr,Fresno State,2014,,,28,pass,0.8937015533447266,False,73.0
2013,Derek Carr,Fresno State,2014,,,0,pass,-0.05475819110870361,False,45.0
2013,Derek Carr,Fresno State,2014,,,21,pass,4.348043918609619,True,21.0
2013,Derek Carr,Fresno State,2014,,,16,pass,0.7871720790863037,False,75.0
2013,Derek Carr,Fresno State,2014,,,0,pass,-0.4367337226867676,False,59.0
2013,Derek Carr,Fresno State,2014,,,9,pass,0.30515921115875244,False,59.0
2013,Derek Carr,Fresno State,2014,,,9,pass,0.8200674057006836,False,50.0
2013,Derek Carr,Fresno State,2014,,,17,pass,1.135972499847412,False,41.0
2013,Derek Carr,Fresno State,2014,,,8,pass,0.8616619110107422,False,24.0
2013,Derek Carr,Fresno State,2014,,,10,pass,0.7295196056365967,False,31.0
2013,Derek Carr,Fresno State,2014,,,5,pass,1.2971444129943848,True,5.0
2013,Derek Carr,Fresno State,2014,,,7,pass,0.2768368721008301,False,16.0
2013,Derek Carr,Fresno State,2014,,,0,pass,-0.9816585779190063,False,79.0
2013,Derek Carr,Fresno State,2014,,,0,pass,-1.301957607269287,False,79.0
2013,Derek Carr,Fresno State,2014,,,32,pass,2.8743224143981934,True,32.0
2013,Derek Carr,Fresno State,2014,,,11,pass,1.533584475517273,False,80.0
2013,Derek Carr,Fresno State,2014,,,13,pass,0.7266818284988403,False,69.0
2013,Derek Carr,Fresno State,2014,,,6,pass,0.5819363594055176,False,50.0
2013,Derek Carr,Fresno State,2014,,,4,pass,0.8611412048339844,True,4.0
2013,Derek Carr,Fresno State,2014,,,21,pass,1.503007173538208,False,37.0
2013,Derek Carr,Fresno State,2014,,,0,pass,-0.6460469365119934,False,80.0
2013,Derek Carr,Fresno State,2014,,,0,pass,-1.7185726165771484,False,74.0
2013,Derek Carr,Fresno State,2014,,,23,pass,2.5391077995300293,True,23.0
2013,Derek Carr,Fresno State,2014,,,24,pass,2.346278667449951,False,82.0
2013,Derek Carr,Fresno State,2014,,,0,pass,-0.5580075979232788,False,58.0
2013,Derek Carr,Fresno State,2014,,,6,pass,0.0064182281494140625,False,58.0
2013,Derek Carr,Fresno State,2014,,,27,pass,2.687675952911377,True,27.0
2013,Derek Carr,Fresno State,2014,,,46,pass,3.463197946548462,False,73.0
2013,Derek Carr,Fresno State,2014,,,-8,pass,-1.4784165620803833,False,35.0
2013,Derek Carr,Fresno State,2014,,,8,pass,0.5676324367523193,False,47.0
2013,Derek Carr,Fresno State,2014,,,3,pass,-0.22133398056030273,False,52.0
2013,Derek Carr,Fresno State,2014,,,5,pass,-0.13380861282348633,False,57.0
2013,Derek Carr,Fresno State,2014,,,8,pass,0.315723180770874,False,65.0
2013,Derek Carr,Fresno State,2014,,,3,pass,0.861384391784668,True,3.0
2013,Derek Carr,Fresno State,2014,,,7,pass,0.4399833679199219,False,13.0
2013,Derek Carr,Fresno State,2014,,,20,pass,3.8830933570861816,False,33.0
2013,Derek Carr,Fresno State,2014,,,10,pass,1.0024909973144531,False,43.0
2013,Derek Carr,Fresno State,2014,,,0,pass,-0.7876815795898438,False,50.0
2013,Derek Carr,Fresno State,2014,,,9,pass,0.7031600475311279,False,59.0
2013,Derek Carr,Fresno State,2014,,,18,pass,1.7624962329864502,False,88.0
2013,Derek Carr,Fresno State,2014,,,0,pass,-0.7709750533103943,False,88.0
2013,Derek Carr,Fresno State,2014,,,0,pass,-1.0721042156219482,False,11.0
2013,Derek Carr,Fresno State,2014,,,18,pass,1.619401216506958,False,29.0
2013,Derek Carr,Fresno State,2014,,,18,pass,1.3844478130340576,False,47.0
2013,Derek Carr,Fresno State,2014,,,13,pass,0.12927031517028809,False,60.0
2013,Derek Carr,Fresno State,2014,,,1,pass,-2.674037218093872,False,23.0
2013,Derek Carr,Fresno State,2014,,,68,pass,3.4054698944091797,False,98.0
2013,Derek Carr,Fresno State,2014,,,9,pass,1.4117274284362793,True,9.0
2013,Derek Carr,Fresno State,2014,,,10,pass,0.85774827003479,False,24.0
2013,Derek Carr,Fresno State,2014,,,-1,pass,-0.9439780712127686,False,23.0
2013,Derek Carr,Fresno State,2014,,,21,pass,3.0121140480041504,False,44.0
2013,Derek Carr,Fresno State,2014,,,-1,pass,-1.5326976776123047,False,43.0
2013,Derek Carr,Fresno State,2014,,,6,pass,1.4896516799926758,False,49.0
2013,Derek Carr,Fresno State,2014,,,-3,pass,-1.4409675598144531,False,46.0
2013,Derek Carr,Fresno State,2014,,,7,pass,0.33680224418640137,False,53.0
2013,Derek Carr,Fresno State,2014,,,17,pass,2.652355194091797,False,70.0
2013,Derek Carr,Fresno State,2014,,,3,pass,1.5945048332214355,True,3.0
2013,Derek Carr,Fresno State,2014,,,0,pass,-0.5683560371398926,False,11.0
2013,Derek Carr,Fresno State,2014,,,20,pass,1.2803173065185547,False,31.0
2013,Derek Carr,Fresno State,2014,,,4,pass,0.020015239715576172,False,35.0
2013,Derek Carr,Fresno State,2014,,,7,pass,0.09828400611877441,False,31.0
2013,Derek Carr,Fresno State,2014,,,0,pass,-0.529355525970459,False,31.0
2013,Derek Carr,Fresno State,2014,,,0,pass,-1.712878942489624,False,53.0
2013,Derek Carr,Fresno State,2014,,,9,pass,0.830765962600708,False,56.0
2013,Derek Carr,Fresno State,2014,,,0,pass,-1.5618133544921875,False,13.0
2013,Derek Carr,Fresno State,2014,,,0,pass,-0.7343349456787109,False,13.0
2013,Derek Carr,Fresno State,2014,,,0,pass,-0.9306824207305908,False,24.0
2013,Derek Carr,Fresno State,2014,,,0,pass,-0.6227474212646484,False,24.0
2013,Derek Carr,Fresno State,2014,,,9,pass,0.6589479446411133,False,33.0
2013,Derek Carr,Fresno State,2014,,,17,pass,1.7518267631530762,False,50.0
2013,Derek Carr,Fresno State,2014,,,9,pass,0.8250172138214111,False,64.0
2013,Derek Carr,Fresno State,2014,,,45,pass,-2.7161107063293457,False,63.0
2013,Derek Carr,Fresno State,2014,,,15,pass,0.28484979271888733,False,78.0
2013,Derek Carr,Fresno State,2014,,,15,pass,0.038661420345306396,False,85.0
2013,Derek Carr,Fresno State,2014,,,2,pass,-0.2004411816596985,False,87.0
2013,Derek Carr,Fresno State,2014,,,0,pass,-0.5346112251281738,False,75.0
2013,Derek Carr,Fresno State,2014,,,0,pass,-1.5400681495666504,False,48.0
2013,Derek Carr,Fresno State,2014,,,0,pass,-0.9100778102874756,False,48.0
2013,Derek Carr,Fresno State,2014,,,9,pass,1.004676342010498,False,19.0
2013,Derek Carr,Fresno State,2014,,,16,pass,1.426501750946045,False,53.0
2013,Derek Carr,Fresno State,2014,,,14,pass,2.4737014770507812,False,77.0
2013,Derek Carr,Fresno State,2014,,,0,pass,-0.5747660994529724,False,75.0
2013,Derek Carr,Fresno State,2014,,,23,pass,4.2951340675354,True,23.0
2013,Derek Carr,Fresno State,2014,,,8,pass,3.1203432083129883,False,31.0
2013,Derek Carr,Fresno State,2014,,,4,pass,-0.32846495509147644,False,35.0
2013,Derek Carr,Fresno State,2014,,,0,pass,-0.6395330429077148,False,82.0
2013,Derek Carr,Fresno State,2014,,,4,pass,-0.24987387657165527,False,86.0
2013,Derek Carr,Fresno State,2014,,,-3,pass,2.009625196456909,False,83.0
2013,Derek Carr,Fresno State,2014,,,0,pass,-0.08577539026737213,False,73.0
2013,Derek Carr,Fresno State,2014,,,9,pass,0.016379520297050476,False,82.0
2013,Derek Carr,Fresno State,2014,,,0,pass,-0.6944118738174438,False,42.0
2013,Derek Carr,Fresno State,2014,,,14,pass,0.9689693450927734,False,56.0
2013,Derek Carr,Fresno State,2014,,,6,pass,0.4137038290500641,False,68.0
2013,Derek Carr,Fresno State,2014,,,6,pass,1.2174499034881592,False,74.0
2013,Derek Carr,Fresno State,2014,,,-2,pass,-0.8300642967224121,False,72.0
2013,Derek Carr,Fresno State,2014,,,8,pass,0.22713617980480194,False,80.0
2013,Derek Carr,Fresno State,2014,,,5,pass,0.21431931853294373,False,85.0
2013,Derek Carr,Fresno State,2014,,,0,pass,-1.211303472518921,False,70.0
2013,Derek Carr,Fresno State,2014,,,0,pass,-0.8389767408370972,False,70.0
2013,Derek Carr,Fresno State,2014,,,7,pass,0.3099154233932495,False,77.0
2013,Derek Carr,Fresno State,2014,,,0,pass,-0.9971997737884521,False,42.0
2013,Derek Carr,Fresno State,2014,,,1,pass,-1.6852006912231445,False,58.0
2013,Derek Carr,Fresno State,2014,,,6,pass,0.08361786603927612,False,64.0
2013,Derek Carr,Fresno State,2014,,,0,pass,-0.5831841230392456,False,64.0
2013,Derek Carr,Fresno State,2014,,,11,pass,0.03432667255401611,False,73.0
2013,Derek Carr,Fresno State,2014,,,7,pass,-0.5655984878540039,False,80.0
2013,Derek Carr,Fresno State,2014,,,0,pass,-0.5830343961715698,False,65.0
2013,Derek Carr,Fresno State,2014,,,0,pass,-1.930065631866455,False,54.0
2013,Derek Carr,Fresno State,2014,,,7,pass,0.35681045055389404,False,61.0
2013,Derek Carr,Fresno State,2014,,,19,pass,2.315826654434204,False,80.0
2013,Derek Carr,Fresno State,2014,,,-3,pass,-1.1062660217285156,False,77.0
2013,Derek Carr,Fresno State,2014,,,8,pass,2.2050628662109375,True,8.0
2013,Derek Carr,Fresno State,2014,,,0,pass,-1.099036693572998,False,8.0
2013,Derek Carr,Fresno State,2014,,,16,pass,1.3404133319854736,False,33.0
