season,player_name,college,draft_year,down,distance,yards_gained,play_type,epa,scoring,yards_to_goal
2015,Drew Lock,Missouri,2019,,,0,pass,-0.6804707050323486,False,82.0
2015,Drew Lock,Missouri,2019,,,78,pass,6.236351490020752,True,78.0
2015,Drew Lock,Missouri,2019,,,9,pass,0.16399657726287842,False,92.0
2015,Drew Lock,Missouri,2019,,,0,pass,-0.6927880048751831,False,83.0
2015,Drew Lock,Missouri,2019,,,4,pass,-0.392352819442749,False,69.0
2015,Drew Lock,Missouri,2019,,,22,pass,2.007077932357788,False,63.0
2015,Drew Lock,Missouri,2019,,,21,pass,0.8847260475158691,False,41.0
2015,Drew Lock,Missouri,2019,,,4,pass,-0.035929203033447266,False,20.0
2015,Drew Lock,Missouri,2019,,,0,pass,-0.7835111618041992,False,16.0
2015,Drew Lock,Missouri,2019,,,-5,pass,-1.855945110321045,False,16.0
2015,Drew Lock,Missouri,2019,,,-15,pass,-3.129498243331909,False,32.0
2015,Drew Lock,Missouri,2019,,,0,pass,-0.443645715713501,False,32.0
2015,Drew Lock,Missouri,2019,,,20,pass,2.11613130569458,False,52.0
2015,Drew Lock,Missouri,2019,,,-1,pass,-0.8306571245193481,False,51.0
2015,Drew Lock,Missouri,2019,,,28,pass,1.6118783950805664,False,79.0
2015,Drew Lock,Missouri,2019,,,0,pass,-2.5573248863220215,False,33.0
2015,Drew Lock,Missouri,2019,,,0,pass,-1.466259479522705,False,33.0
2015,Drew Lock,Missouri,2019,,,4,pass,-0.2626001834869385,False,37.0
2015,Drew Lock,Missouri,2019,,,0,pass,-0.390580415725708,False,37.0
2015,Drew Lock,Missouri,2019,,,6,pass,0.10703563690185547,False,49.0
2015,Drew Lock,Missouri,2019,,,6,pass,0.12330567836761475,False,70.0
2015,Drew Lock,Missouri,2019,,,6,pass,0.3639218807220459,False,28.0
2015,Drew Lock,Missouri,2019,,,7,pass,0.528857946395874,False,41.0
2015,Drew Lock,Missouri,2019,,,11,pass,0.8099613189697266,False,52.0
2015,Drew Lock,Missouri,2019,,,19,pass,-6.102344512939453,False,48.0
2015,Drew Lock,Missouri,2019,,,7,pass,-0.05376392602920532,False,81.0
2015,Drew Lock,Missouri,2019,,,0,pass,-0.8544500470161438,False,94.0
2015,Drew Lock,Missouri,2019,,,3,pass,-0.523115873336792,False,78.0
2015,Drew Lock,Missouri,2019,,,5,pass,0.2457566261291504,False,8.0
2015,Drew Lock,Missouri,2019,,,10,pass,1.1802597045898438,False,18.0
2015,Drew Lock,Missouri,2019,,,0,pass,-0.6209182739257812,False,18.0
2015,Drew Lock,Missouri,2019,,,0,pass,-1.6853561401367188,False,91.0
2015,Drew Lock,Missouri,2019,,,3,pass,-0.6284558773040771,False,70.0
2015,Drew Lock,Missouri,2019,,,9,pass,1.6247577667236328,True,9.0
2015,Drew Lock,Missouri,2019,,,9,pass,0.7071824073791504,False,18.0
2015,Drew Lock,Missouri,2019,,,6,pass,0.2771871089935303,False,34.0
2015,Drew Lock,Missouri,2019,,,17,pass,2.482616424560547,False,51.0
2015,Drew Lock,Missouri,2019,,,9,pass,0.29321038722991943,False,60.0
2015,Drew Lock,Missouri,2019,,,-7,pass,-1.8357082605361938,False,53.0
2015,Drew Lock,Missouri,2019,,,1,pass,0.30953168869018555,False,54.0
2015,Drew Lock,Missouri,2019,,,9,pass,0.6180943846702576,False,69.0
2015,Drew Lock,Missouri,2019,,,0,pass,-1.9899709224700928,False,3.0
2015,Drew Lock,Missouri,2019,,,0,pass,-0.6316275596618652,False,46.0
2015,Drew Lock,Missouri,2019,,,5,pass,1.3488707542419434,False,51.0
2015,Drew Lock,Missouri,2019,,,8,pass,-0.02848827838897705,False,99.0
2015,Drew Lock,Missouri,2019,,,-9,pass,-2.212430715560913,False,90.0
2015,Drew Lock,Missouri,2019,,,8,pass,1.3003621101379395,True,8.0
2015,Drew Lock,Missouri,2019,,,4,pass,0.08759069442749023,False,19.0
2015,Drew Lock,Missouri,2019,,,0,pass,-1.5825608968734741,False,32.0
2015,Drew Lock,Missouri,2019,,,9,pass,2.1342363357543945,False,48.0
2015,Drew Lock,Missouri,2019,,,4,pass,-0.2113659381866455,False,52.0
2015,Drew Lock,Missouri,2019,,,-4,pass,-1.8744498491287231,False,71.0
2015,Drew Lock,Missouri,2019,,,6,pass,0.04971794784069061,False,77.0
2015,Drew Lock,Missouri,2019,,,-2,pass,-1.1932854652404785,False,75.0
2015,Drew Lock,Missouri,2019,,,0,pass,-2.193432092666626,False,13.0
2015,Drew Lock,Missouri,2019,,,0,pass,-0.6892967224121094,False,13.0
2015,Drew Lock,Missouri,2019,,,17,pass,2.658409595489502,False,30.0
2015,Drew Lock,Missouri,2019,,,-10,pass,-1.0406744480133057,False,35.0
2015,Drew Lock,Missouri,2019,,,-4,pass,-1.205492615699768,False,31.0
2015,Drew Lock,Missouri,2019,,,16,pass,0.5443751811981201,False,80.0
2015,Drew Lock,Missouri,2019,,,6,pass,-0.40903663635253906,False,52.0
2015,Drew Lock,Missouri,2019,,,-9,pass,-1.5610244274139404,False,43.0
2015,Drew Lock,Missouri,2019,,,10,pass,1.2213702201843262,False,53.0
2015,Drew Lock,Missouri,2019,,,0,pass,-0.5459451675415039,False,53.0
2015,Drew Lock,Missouri,2019,,,17,pass,1.1650627851486206,False,70.0
2015,Drew Lock,Missouri,2019,,,0,pass,-0.8730008602142334,False,29.0
2015,Drew Lock,Missouri,2019,,,-1,pass,-1.687171459197998,False,72.0
2015,Drew Lock,Missouri,2019,,,8,pass,0.7613199949264526,False,76.0
2015,Drew Lock,Missouri,2019,,,0,pass,-0.6890036463737488,False,94.0
2015,Drew Lock,Missouri,2019,,,0,pass,-0.8238570690155029,False,92.0
2015,Drew Lock,Missouri,2019,,,1,pass,-0.8841171264648438,False,83.0
2015,Drew Lock,Missouri,2019,,,0,pass,-0.6948453783988953,False,83.0
2015,Drew Lock,Missouri,2019,,,5,pass,0.32370519638061523,False,21.0
2015,Drew Lock,Missouri,2019,,,0,pass,-1.5606993436813354,False,48.0
2015,Drew Lock,Missouri,2019,,,4,pass,-0.19090569019317627,False,52.0
2015,Drew Lock,Missouri,2019,,,-6,pass,-1.3764841556549072,False,73.0
2015,Drew Lock,Missouri,2019,,,2,pass,-0.5225198268890381,False,83.0
2015,Drew Lock,Missouri,2019,,,7,pass,0.523673951625824,False,90.0
2015,Drew Lock,Missouri,2019,,,0,pass,-1.3358808755874634,False,78.0
2015,Drew Lock,Missouri,2019,,,0,pass,-1.0245516300201416,False,78.0
2015,Drew Lock,Missouri,2019,,,0,pass,-1.7906111478805542,False,74.0
2015,Drew Lock,Missouri,2019,,,6,pass,-0.13197261095046997,False,80.0
2015,Drew Lock,Missouri,2019,,,13,pass,0.7021411657333374,False,89.0
2015,Drew Lock,Missouri,2019,,,0,pass,-2.9379706382751465,False,90.0
2015,Drew Lock,Missouri,2019,,,-5,pass,2.9379703998565674,False,85.0
2015,Drew Lock,Missouri,2019,,,0,pass,-0.25781914591789246,False,85.0
2015,Drew Lock,Missouri,2019,,,-1,pass,-1.108738899230957,False,80.0
2015,Drew Lock,Missouri,2019,,,0,pass,-0.4568999707698822,False,80.0
2015,Drew Lock,Missouri,2019,,,-1,pass,-1.3724136352539062,False,72.0
2015,Drew Lock,Missouri,2019,,,18,pass,2.0362865924835205,False,90.0
2015,Drew Lock,Missouri,2019,,,0,pass,-1.7704415321350098,False,72.0
2015,Drew Lock,Missouri,2019,,,0,pass,-0.9454813003540039,False,92.0
2015,Drew Lock,Missouri,2019,,,0,pass,-0.7500096559524536,False,92.0
2015,Drew Lock,Missouri,2019,,,-3,pass,-1.750224232673645,False,72.0
2015,Drew Lock,Missouri,2019,,,0,pass,-1.0504374504089355,False,78.0
2015,Drew Lock,Missouri,2019,,,29,pass,1.5887765884399414,False,38.0
2015,Drew Lock,Missouri,2019,,,7,pass,0.5069863796234131,False,45.0
2015,Drew Lock,Missouri,2019,,,14,pass,1.103715419769287,False,59.0
2015,Drew Lock,Missouri,2019,,,6,pass,0.30206751823425293,False,66.0
2015,Drew Lock,Missouri,2019,,,24,pass,2.8743128776550293,False,90.0
2015,Drew Lock,Missouri,2019,,,-4,pass,-1.4194591045379639,False,44.0
2015,Drew Lock,Missouri,2019,,,0,pass,-1.1454601287841797,False,19.0
2015,Drew Lock,Missouri,2019,,,9,pass,0.21945929527282715,False,28.0
2015,Drew Lock,Missouri,2019,,,-7,pass,-1.4525516033172607,False,21.0
2015,Drew Lock,Missouri,2019,,,33,pass,2.49729585647583,False,54.0
2015,Drew Lock,Missouri,2019,,,0,pass,-1.7514617443084717,False,78.0
2015,Drew Lock,Missouri,2019,,,0,pass,-1.0029746294021606,False,78.0
2015,Drew Lock,Missouri,2019,,,8,pass,0.5529500842094421,False,86.0
2015,Drew Lock,Missouri,2019,,,0,pass,-0.126768559217453,False,64.0
2015,Drew Lock,Missouri,2019,,,5,pass,-0.4158674478530884,False,69.0
2015,Drew Lock,Missouri,2019,,,0,pass,-1.1989928483963013,False,63.0
2015,Drew Lock,Missouri,2019,,,1,pass,-0.5056303143501282,False,64.0
2015,Drew Lock,Missouri,2019,,,10,pass,0.6675729751586914,False,77.0
2015,Drew Lock,Missouri,2019,,,9,pass,0.8378261923789978,False,89.0
2015,Drew Lock,Missouri,2019,,,0,pass,-2.983114004135132,False,29.0
2015,Drew Lock,Missouri,2019,,,0,pass,-1.6285033226013184,False,29.0
2015,Drew Lock,Missouri,2019,,,0,pass,-1.019443154335022,False,29.0
2015,Drew Lock,Missouri,2019,,,0,pass,-0.8332798480987549,False,74.0
2015,Drew Lock,Missouri,2019,,,9,pass,-0.6885185241699219,False,83.0
2015,Drew Lock,Missouri,2019,,,-17,pass,0.6885185241699219,False,66.0
2015,Drew Lock,Missouri,2019,,,13,pass,1.7515912055969238,False,79.0
2015,Drew Lock,Missouri,2019,,,0,pass,-0.29155176877975464,False,64.0
2015,Drew Lock,Missouri,2019,,,0,pass,-0.6199524402618408,False,64.0
2015,Drew Lock,Missouri,2019,,,0,pass,-1.4890505075454712,False,67.0
2015,Drew Lock,Missouri,2019,,,5,pass,0.06614625453948975,False,72.0
2015,Drew Lock,Missouri,2019,,,0,pass,-0.9660497307777405,False,72.0
2015,Drew Lock,Missouri,2019,,,4,pass,-0.8376249670982361,False,68.0
2015,Drew Lock,Missouri,2019,,,0,pass,-1.0839414596557617,False,81.0
2015,Drew Lock,Missouri,2019,,,0,pass,-0.9052597284317017,False,81.0
2015,Drew Lock,Missouri,2019,,,0,pass,0.4773251712322235,False,81.0
2015,Drew Lock,Missouri,2019,,,0,pass,-0.6064578890800476,False,89.0
2015,Drew Lock,Missouri,2019,,,-9,pass,-0.8347784876823425,False,80.0
2015,Drew Lock,Missouri,2019,,,0,pass,-2.8946006298065186,False,81.0
2015,Drew Lock,Missouri,2019,,,8,pass,0.962139904499054,False,91.0
2015,Drew Lock,Missouri,2019,,,3,pass,-0.25462543964385986,False,94.0
2015,Drew Lock,Missouri,2019,,,0,pass,-0.5195658206939697,False,35.0
2015,Drew Lock,Missouri,2019,,,12,pass,0.7132396697998047,False,47.0
2015,Drew Lock,Missouri,2019,,,8,pass,0.6810461282730103,False,59.0
2015,Drew Lock,Missouri,2019,,,10,pass,0.7198847532272339,False,75.0
2015,Drew Lock,Missouri,2019,,,0,pass,-0.9954871535301208,False,75.0
2015,Drew Lock,Missouri,2019,,,-1,pass,-1.1635807752609253,False,74.0
2015,Drew Lock,Missouri,2019,,,0,pass,-1.7566388845443726,False,62.0
2015,Drew Lock,Missouri,2019,,,3,pass,-0.3631373643875122,False,65.0
2015,Drew Lock,Missouri,2019,,,0,pass,-1.9294850826263428,False,3.0
2015,Drew Lock,Missouri,2019,,,0,pass,-0.6460361480712891,False,6.0
2015,Drew Lock,Missouri,2019,,,32,pass,2.5542399883270264,False,38.0
2015,Drew Lock,Missouri,2019,,,19,pass,1.3409616947174072,False,65.0
2015,Drew Lock,Missouri,2019,,,0,pass,-2.217628002166748,False,12.0
2015,Drew Lock,Missouri,2019,,,0,pass,-1.0150476694107056,False,12.0
2015,Drew Lock,Missouri,2019,,,-8,pass,-2.2862329483032227,False,7.0
2015,Drew Lock,Missouri,2019,,,12,pass,2.049593210220337,False,23.0
2015,Drew Lock,Missouri,2019,,,0,pass,-1.6770302057266235,False,22.0
2015,Drew Lock,Missouri,2019,,,0,pass,-0.8957018852233887,False,22.0
2015,Drew Lock,Missouri,2019,,,9,pass,1.1195425987243652,False,45.0
2015,Drew Lock,Missouri,2019,,,11,pass,1.5686204433441162,False,56.0
2015,Drew Lock,Missouri,2019,,,0,pass,-0.6712842583656311,False,56.0
2015,Drew Lock,Missouri,2019,,,14,pass,3.1439428329467773,False,70.0
2015,Drew Lock,Missouri,2019,,,0,pass,-0.8993043899536133,False,70.0
2015,Drew Lock,Missouri,2019,,,-6,pass,-1.50851309299469,False,50.0
2015,Drew Lock,Missouri,2019,,,10,pass,0.7281597852706909,False,72.0
2015,Drew Lock,Missouri,2019,,,0,pass,-4.211627006530762,False,71.0
2015,Drew Lock,Missouri,2019,,,5,pass,-0.05921107530593872,False,70.0
2015,Drew Lock,Missouri,2019,,,0,pass,-0.4778296947479248,False,20.0
2015,Drew Lock,Missouri,2019,,,9,pass,1.2607669830322266,False,58.0
2015,Drew Lock,Missouri,2019,,,-8,pass,-2.126095771789551,False,62.0
2015,Drew Lock,Missouri,2019,,,0,pass,-0.5787016153335571,False,62.0
2015,Drew Lock,Missouri,2019,,,0,pass,-0.790926456451416,False,13.0
2015,Drew Lock,Missouri,2019,,,-5,pass,-1.5653040409088135,False,8.0
2015,Drew Lock,Missouri,2019,,,35,pass,4.269639492034912,False,43.0
2015,Drew Lock,Missouri,2019,,,-7,pass,-1.5788695812225342,False,80.0
2015,Drew Lock,Missouri,2019,,,0,pass,-4.743507385253906,False,57.0
2015,Drew Lock,Missouri,2019,,,0,pass,-0.9262043833732605,False,74.0
2015,Drew Lock,Missouri,2019,,,1,pass,-0.49603110551834106,False,75.0
2015,Drew Lock,Missouri,2019,,,-6,pass,-2.463876962661743,False,69.0
2015,Drew Lock,Missouri,2019,,,0,pass,-0.997495710849762,False,69.0
2015,Drew Lock,Missouri,2019,,,6,pass,0.38731396198272705,False,75.0
2015,Drew Lock,Missouri,2019,,,0,pass,-1.1815247535705566,False,33.0
2015,Drew Lock,Missouri,2019,,,0,pass,-1.8652048110961914,False,33.0
2015,Drew Lock,Missouri,2019,,,-2,pass,-0.7614319324493408,False,61.0
2015,Drew Lock,Missouri,2019,,,0,pass,-0.8645246028900146,False,62.0
2015,Drew Lock,Missouri,2019,,,9,pass,1.0765347480773926,False,40.0
2015,Drew Lock,Missouri,2019,,,0,pass,-0.7566494941711426,False,31.0
2015,Drew Lock,Missouri,2019,,,0,pass,-1.0719870328903198,False,20.0
2015,Drew Lock,Missouri,2019,,,-3,pass,-1.2713900804519653,False,20.0
2015,Drew Lock,Missouri,2019,,,0,pass,-3.0426387786865234,False,23.0
2015,Drew Lock,Missouri,2019,,,0,pass,-0.5330703258514404,False,75.0
2015,Drew Lock,Missouri,2019,,,0,pass,-0.8317142724990845,False,75.0
2015,Drew Lock,Missouri,2019,,,0,pass,-0.9640185832977295,False,75.0
2015,Drew Lock,Missouri,2019,,,0,pass,-0.7166177034378052,False,89.0
2015,Drew Lock,Missouri,2019,,,-5,pass,-1.6308692693710327,False,89.0
2015,Drew Lock,Missouri,2019,,,0,pass,-0.6733436584472656,False,94.0
2015,Drew Lock,Missouri,2019,,,12,pass,1.2019660472869873,False,79.0
2015,Drew Lock,Missouri,2019,,,6,pass,-0.09636557102203369,False,75.0
2015,Drew Lock,Missouri,2019,,,15,pass,2.417725086212158,False,69.0
2015,Drew Lock,Missouri,2019,,,-2,pass,-0.14791110157966614,False,77.0
2015,Drew Lock,Missouri,2019,,,35,pass,2.4536526203155518,False,80.0
2015,Drew Lock,Missouri,2019,,,8,pass,0.9603159427642822,False,74.0
2015,Drew Lock,Missouri,2019,,,5,pass,0.13056865334510803,False,88.0
2015,Drew Lock,Missouri,2019,,,0,pass,-1.754170536994934,False,80.0
2015,Drew Lock,Missouri,2019,,,-4,pass,-1.774721622467041,False,71.0
2015,Drew Lock,Missouri,2019,,,0,pass,-0.9913436770439148,False,82.0
2015,Drew Lock,Missouri,2019,,,0,pass,-1.3372000455856323,False,82.0
2015,Drew Lock,Missouri,2019,,,0,pass,-0.2921019196510315,False,87.0
2015,Drew Lock,Missouri,2019,,,22,pass,1.3493192195892334,False,87.0
2015,Drew Lock,Missouri,2019,,,6,pass,0.15961647033691406,False,65.0
2015,Drew Lock,Missouri,2019,,,0,pass,-0.31542301177978516,False,59.0
2015,Drew Lock,Missouri,2019,,,0,pass,-0.5175958275794983,False,80.0
2015,Drew Lock,Missouri,2019,,,4,pass,0.01922386884689331,False,70.0
2015,Drew Lock,Missouri,2019,,,0,pass,-0.7623667120933533,False,66.0
2015,Drew Lock,Missouri,2019,,,0,pass,-0.805938720703125,False,60.0
2015,Drew Lock,Missouri,2019,,,19,pass,2.1115944385528564,False,60.0
2015,Drew Lock,Missouri,2019,,,22,pass,2.580230236053467,False,23.0
2015,Drew Lock,Missouri,2019,,,0,pass,-0.2957038879394531,False,1.0
2015,Drew Lock,Missouri,2019,,,44,pass,3.281491756439209,False,92.0
2015,Drew Lock,Missouri,2019,,,0,pass,-1.0014103651046753,False,48.0
2015,Drew Lock,Missouri,2019,,,0,pass,-0.6643737554550171,False,89.0
2015,Drew Lock,Missouri,2019,,,1,pass,-0.8179613351821899,False,88.0
2015,Drew Lock,Missouri,2019,,,-3,pass,-1.061161994934082,False,87.0
2015,Drew Lock,Missouri,2019,,,-2,pass,-1.4601224660873413,False,68.0
2015,Drew Lock,Missouri,2019,,,-5,pass,-0.9105409979820251,False,80.0
2015,Drew Lock,Missouri,2019,,,0,pass,-0.9044138193130493,False,81.0
2015,Drew Lock,Missouri,2019,,,0,pass,-0.5370333194732666,False,66.0
2015,Drew Lock,Missouri,2019,,,0,pass,-1.3662207126617432,False,62.0
2015,Drew Lock,Missouri,2019,,,21,pass,1.3585386276245117,False,65.0
2015,Drew Lock,Missouri,2019,,,0,pass,-0.892519474029541,False,91.0
2015,Drew Lock,Missouri,2019,,,0,pass,-1.177040934562683,False,91.0
2015,Drew Lock,Missouri,2019,,,1,pass,-0.9023305177688599,False,93.0
2015,Drew Lock,Missouri,2019,,,-3,pass,-1.5114471912384033,False,75.0
2015,Drew Lock,Missouri,2019,,,4,pass,1.370740532875061,False,59.0
2015,Drew Lock,Missouri,2019,,,-3,pass,-1.7209028005599976,False,55.0
2015,Drew Lock,Missouri,2019,,,0,pass,-0.002157892333343625,False,58.0
2015,Drew Lock,Missouri,2019,,,16,pass,2.497828960418701,False,19.0
2015,Drew Lock,Missouri,2019,,,19,pass,0.8183257579803467,False,75.0
2015,Drew Lock,Missouri,2019,,,4,pass,2.459085464477539,True,4.0
2015,Drew Lock,Missouri,2019,,,8,pass,0.6825920939445496,False,79.0
2015,Drew Lock,Missouri,2019,,,34,pass,2.489227294921875,False,61.0
2015,Drew Lock,Missouri,2019,,,2,pass,-0.7349584102630615,False,14.0
2015,Drew Lock,Missouri,2019,,,18,pass,1.7947564125061035,False,82.0
2015,Drew Lock,Missouri,2019,,,29,pass,-5.456784725189209,False,64.0
2015,Drew Lock,Missouri,2019,,,0,pass,-0.38278675079345703,False,19.0
2015,Drew Lock,Missouri,2019,,,2,pass,-0.23762011528015137,False,19.0
2015,Drew Lock,Missouri,2019,,,20,pass,1.1281561851501465,False,48.0
2015,Drew Lock,Missouri,2019,,,11,pass,1.5412333011627197,False,25.0
2015,Drew Lock,Missouri,2019,,,0,pass,-0.5689740180969238,False,82.0
2015,Drew Lock,Missouri,2019,,,8,pass,1.9732387065887451,False,78.0
2015,Drew Lock,Missouri,2019,,,5,pass,1.3719921112060547,False,65.0
2015,Drew Lock,Missouri,2019,,,7,pass,0.22270584106445312,False,59.0
2015,Drew Lock,Missouri,2019,,,17,pass,1.7632102966308594,False,65.0
2015,Drew Lock,Missouri,2019,,,0,pass,-1.0111805200576782,False,50.0
2015,Drew Lock,Missouri,2019,,,-1,pass,-1.7466669082641602,False,4.0
2015,Drew Lock,Missouri,2019,,,15,pass,1.7936670780181885,False,72.0
2015,Drew Lock,Missouri,2019,,,13,pass,2.0815722942352295,False,35.0
2015,Drew Lock,Missouri,2019,,,0,pass,-0.5357329845428467,False,24.0
2015,Drew Lock,Missouri,2019,,,25,pass,2.124248504638672,False,58.0
2015,Drew Lock,Missouri,2019,,,6,pass,0.23320436477661133,False,33.0
2015,Drew Lock,Missouri,2019,,,0,pass,-1.031220555305481,False,69.0
2015,Drew Lock,Missouri,2019,,,0,pass,-1.5752297639846802,False,69.0
2016,Drew Lock,Missouri,2019,,,26,pass,1.42984938621521,False,54.0
2016,Drew Lock,Missouri,2019,,,22,pass,3.1776950359344482,False,28.0
2016,Drew Lock,Missouri,2019,,,0,pass,-0.5064725875854492,False,6.0
2016,Drew Lock,Missouri,2019,,,0,pass,-1.4587056636810303,False,6.0
2016,Drew Lock,Missouri,2019,,,0,pass,-2.9456238746643066,False,6.0
2016,Drew Lock,Missouri,2019,,,8,pass,2.9806976318359375,True,8.0
2016,Drew Lock,Missouri,2019,,,17,pass,1.1969780921936035,False,57.0
2016,Drew Lock,Missouri,2019,,,0,pass,-0.4705209732055664,False,40.0
2016,Drew Lock,Missouri,2019,,,8,pass,0.5695581436157227,False,40.0
2016,Drew Lock,Missouri,2019,,,20,pass,1.6320483684539795,False,28.0
2016,Drew Lock,Missouri,2019,,,0,pass,-1.3309719562530518,False,49.0
2016,Drew Lock,Missouri,2019,,,0,pass,-1.78085196018219,False,49.0
2016,Drew Lock,Missouri,2019,,,1,pass,-0.4205821752548218,False,75.0
2016,Drew Lock,Missouri,2019,,,8,pass,0.6511214971542358,False,74.0
2016,Drew Lock,Missouri,2019,,,7,pass,0.5182558298110962,False,63.0
2016,Drew Lock,Missouri,2019,,,-9,pass,-3.387240409851074,False,16.0
2016,Drew Lock,Missouri,2019,,,1,pass,-0.7778776288032532,False,72.0
2016,Drew Lock,Missouri,2019,,,7,pass,1.7967090606689453,False,70.0
2016,Drew Lock,Missouri,2019,,,0,pass,-1.4214048385620117,False,61.0
2016,Drew Lock,Missouri,2019,,,0,pass,-1.4838768243789673,False,76.0
2016,Drew Lock,Missouri,2019,,,0,pass,-0.6531696915626526,False,55.0
2016,Drew Lock,Missouri,2019,,,3,pass,-0.6579635143280029,False,55.0
2016,Drew Lock,Missouri,2019,,,0,pass,-0.016831859946250916,False,57.0
2016,Drew Lock,Missouri,2019,,,0,pass,-1.1263906955718994,False,7.0
2016,Drew Lock,Missouri,2019,,,14,pass,1.2045741081237793,False,87.0
2016,Drew Lock,Missouri,2019,,,13,pass,2.304476737976074,False,73.0
2016,Drew Lock,Missouri,2019,,,15,pass,2.084721803665161,False,56.0
2016,Drew Lock,Missouri,2019,,,0,pass,-0.4525330066680908,False,41.0
2016,Drew Lock,Missouri,2019,,,8,pass,-0.19113659858703613,False,15.0
2016,Drew Lock,Missouri,2019,,,42,pass,3.7107009887695312,False,68.0
2016,Drew Lock,Missouri,2019,,,7,pass,0.49939537048339844,False,26.0
2016,Drew Lock,Missouri,2019,,,25,pass,1.7661230564117432,False,70.0
2016,Drew Lock,Missouri,2019,,,17,pass,1.803422451019287,False,44.0
2016,Drew Lock,Missouri,2019,,,0,pass,-0.8049962520599365,False,65.0
2016,Drew Lock,Missouri,2019,,,0,pass,-1.3995184898376465,False,65.0
2016,Drew Lock,Missouri,2019,,,0,pass,-1.7230489253997803,False,53.0
2016,Drew Lock,Missouri,2019,,,6,pass,0.33768415451049805,False,80.0
2016,Drew Lock,Missouri,2019,,,3,pass,-0.21609079837799072,False,74.0
2016,Drew Lock,Missouri,2019,,,0,pass,-0.8285416960716248,False,68.0
2016,Drew Lock,Missouri,2019,,,2,pass,-0.5375699996948242,False,75.0
2016,Drew Lock,Missouri,2019,,,0,pass,-1.6378737688064575,False,71.0
2016,Drew Lock,Missouri,2019,,,6,pass,-1.2316380739212036,False,85.0
2016,Drew Lock,Missouri,2019,,,5,pass,-1.6405253410339355,False,74.0
2016,Drew Lock,Missouri,2019,,,9,pass,-1.2980682849884033,False,69.0
2016,Drew Lock,Missouri,2019,,,2,pass,-2.441847801208496,False,60.0
2016,Drew Lock,Missouri,2019,,,5,pass,-1.031245231628418,False,55.0
2016,Drew Lock,Missouri,2019,,,0,pass,-2.8769397735595703,False,50.0
2016,Drew Lock,Missouri,2019,,,0,pass,-3.4476845264434814,False,50.0
2016,Drew Lock,Missouri,2019,,,0,pass,-3.454375743865967,False,35.0
2016,Drew Lock,Missouri,2019,,,0,pass,-3.974226474761963,False,35.0
2016,Drew Lock,Missouri,2019,,,9,pass,-3.738546371459961,False,35.0
2016,Drew Lock,Missouri,2019,,,0,pass,-3.404193162918091,False,68.0
2016,Drew Lock,Missouri,2019,,,13,pass,1.2996735572814941,True,13.0
2016,Drew Lock,Missouri,2019,,,0,pass,-1.89669930934906,False,76.0
2016,Drew Lock,Missouri,2019,,,49,pass,0.001405477523803711,False,73.0
2016,Drew Lock,Missouri,2019,,,0,pass,-3.9108328819274902,False,24.0
2016,Drew Lock,Missouri,2019,,,11,pass,-1.8388159275054932,False,24.0
2016,Drew Lock,Missouri,2019,,,52,pass,2.7982335090637207,True,52.0
2016,Drew Lock,Missouri,2019,,,0,pass,-3.322143793106079,False,78.0
2016,Drew Lock,Missouri,2019,,,19,pass,4.672394752502441,True,19.0
2016,Drew Lock,Missouri,2019,,,68,pass,-0.4813017249107361,False,82.0
2016,Drew Lock,Missouri,2019,,,0,pass,-2.6691930294036865,False,19.0
2016,Drew Lock,Missouri,2019,,,87,pass,5.231578350067139,True,87.0
2016,Drew Lock,Missouri,2019,,,5,pass,-0.055186927318573,False,86.0
2016,Drew Lock,Missouri,2019,,,8,pass,0.683704137802124,False,81.0
2016,Drew Lock,Missouri,2019,,,0,pass,-4.0033698081970215,False,43.0
2016,Drew Lock,Missouri,2019,,,18,pass,-2.918748140335083,False,43.0
2016,Drew Lock,Missouri,2019,,,9,pass,-4.124762058258057,False,25.0
2016,Drew Lock,Missouri,2019,,,5,pass,-0.30861687660217285,False,64.0
2016,Drew Lock,Missouri,2019,,,5,pass,0.05258810520172119,False,90.0
2016,Drew Lock,Missouri,2019,,,4,pass,-0.16460108757019043,False,85.0
2016,Drew Lock,Missouri,2019,,,0,pass,-1.5986093282699585,False,64.0
2016,Drew Lock,Missouri,2019,,,36,pass,2.776021957397461,True,36.0
2016,Drew Lock,Missouri,2019,,,0,pass,-0.6902478933334351,False,61.0
2016,Drew Lock,Missouri,2019,,,7,pass,0.1787281036376953,False,61.0
2016,Drew Lock,Missouri,2019,,,4,pass,1.2601923942565918,False,54.0
2016,Drew Lock,Missouri,2019,,,14,pass,-2.6956543922424316,False,50.0
2016,Drew Lock,Missouri,2019,,,18,pass,-2.496075391769409,False,70.0
2016,Drew Lock,Missouri,2019,,,0,pass,-4.297433376312256,False,18.0
2016,Drew Lock,Missouri,2019,,,44,pass,0.7690892219543457,False,63.0
2016,Drew Lock,Missouri,2019,,,9,pass,0.8176695108413696,False,74.0
2016,Drew Lock,Missouri,2019,,,0,pass,-1.9032834768295288,False,73.0
2016,Drew Lock,Missouri,2019,,,21,pass,1.4642844200134277,False,94.0
2016,Drew Lock,Missouri,2019,,,18,pass,-4.338977813720703,False,80.0
2016,Drew Lock,Missouri,2019,,,0,pass,-1.7314064502716064,False,70.0
2016,Drew Lock,Missouri,2019,,,6,pass,1.3100008964538574,True,6.0
2016,Drew Lock,Missouri,2019,,,3,pass,-0.8406140208244324,False,39.0
2016,Drew Lock,Missouri,2019,,,6,pass,-0.08116894960403442,False,45.0
2016,Drew Lock,Missouri,2019,,,0,pass,-0.5343664884567261,False,45.0
2016,Drew Lock,Missouri,2019,,,25,pass,0.8707601428031921,False,70.0
2016,Drew Lock,Missouri,2019,,,10,pass,0.489600270986557,False,80.0
2016,Drew Lock,Missouri,2019,,,3,pass,-0.07202926278114319,False,83.0
2016,Drew Lock,Missouri,2019,,,0,pass,-0.3777792453765869,False,83.0
2016,Drew Lock,Missouri,2019,,,0,pass,-1.0006802082061768,False,71.0
2016,Drew Lock,Missouri,2019,,,0,pass,-0.435968816280365,False,71.0
2016,Drew Lock,Missouri,2019,,,10,pass,0.620850682258606,False,81.0
2016,Drew Lock,Missouri,2019,,,79,pass,5.937929153442383,True,79.0
2016,Drew Lock,Missouri,2019,,,16,pass,-4.3174333572387695,False,85.0
2016,Drew Lock,Missouri,2019,,,0,pass,-0.9498964548110962,False,29.0
2016,Drew Lock,Missouri,2019,,,33,pass,3.781052589416504,False,57.0
2016,Drew Lock,Missouri,2019,,,7,pass,0.7013472318649292,False,92.0
2016,Drew Lock,Missouri,2019,,,0,pass,-1.481719732284546,False,16.0
2016,Drew Lock,Missouri,2019,,,4,pass,0.016635894775390625,False,20.0
2016,Drew Lock,Missouri,2019,,,48,pass,2.4196879863739014,False,70.0
2016,Drew Lock,Missouri,2019,,,8,pass,1.135114312171936,False,78.0
2016,Drew Lock,Missouri,2019,,,7,pass,-0.14201390743255615,False,85.0
2016,Drew Lock,Missouri,2019,,,15,pass,1.7131786346435547,True,15.0
2016,Drew Lock,Missouri,2019,,,9,pass,0.9244732856750488,False,26.0
2016,Drew Lock,Missouri,2019,,,14,pass,1.3691816329956055,False,40.0
2016,Drew Lock,Missouri,2019,,,8,pass,0.46441125869750977,False,52.0
2016,Drew Lock,Missouri,2019,,,0,pass,-0.6786143779754639,False,52.0
2016,Drew Lock,Missouri,2019,,,17,pass,1.7628061771392822,False,69.0
2016,Drew Lock,Missouri,2019,,,35,pass,5.104920387268066,True,35.0
2016,Drew Lock,Missouri,2019,,,9,pass,0.06247055530548096,False,62.0
2016,Drew Lock,Missouri,2019,,,10,pass,0.8171204328536987,False,45.0
2016,Drew Lock,Missouri,2019,,,32,pass,2.116273880004883,False,54.0
2016,Drew Lock,Missouri,2019,,,0,pass,-0.4804050922393799,False,22.0
2016,Drew Lock,Missouri,2019,,,11,pass,1.5340590476989746,False,22.0
2016,Drew Lock,Missouri,2019,,,1,pass,1.1645832061767578,True,1.0
2016,Drew Lock,Missouri,2019,,,9,pass,-0.619495153427124,False,65.0
2016,Drew Lock,Missouri,2019,,,5,pass,-0.09177565574645996,False,52.0
2016,Drew Lock,Missouri,2019,,,0,pass,-0.6679476499557495,False,47.0
2016,Drew Lock,Missouri,2019,,,18,pass,2.252124309539795,False,47.0
2016,Drew Lock,Missouri,2019,,,8,pass,0.40412378311157227,False,28.0
2016,Drew Lock,Missouri,2019,,,11,pass,0.560978889465332,False,26.0
2016,Drew Lock,Missouri,2019,,,18,pass,-0.3526945114135742,False,74.0
2016,Drew Lock,Missouri,2019,,,0,pass,-1.5097676515579224,False,51.0
2016,Drew Lock,Missouri,2019,,,9,pass,1.1306843757629395,True,9.0
2016,Drew Lock,Missouri,2019,,,6,pass,0.9912781715393066,True,6.0
2016,Drew Lock,Missouri,2019,,,0,pass,-0.6470131874084473,False,18.0
2016,Drew Lock,Missouri,2019,,,0,pass,-1.367492914199829,False,14.0
2016,Drew Lock,Missouri,2019,,,11,pass,0.5863251686096191,False,63.0
2016,Drew Lock,Missouri,2019,,,8,pass,0.49605226516723633,False,52.0
2016,Drew Lock,Missouri,2019,,,8,pass,0.29933714866638184,False,44.0
2016,Drew Lock,Missouri,2019,,,0,pass,-0.635645866394043,False,36.0
2016,Drew Lock,Missouri,2019,,,18,pass,1.703887701034546,False,36.0
2016,Drew Lock,Missouri,2019,,,4,pass,-0.13913917541503906,True,4.0
2016,Drew Lock,Missouri,2019,,,21,pass,1.5097665786743164,False,93.0
2016,Drew Lock,Missouri,2019,,,22,pass,1.1212167739868164,False,72.0
2016,Drew Lock,Missouri,2019,,,0,pass,-0.5686228275299072,False,50.0
2016,Drew Lock,Missouri,2019,,,46,pass,3.2148382663726807,False,50.0
2016,Drew Lock,Missouri,2019,,,0,pass,-0.7430369853973389,False,94.0
2016,Drew Lock,Missouri,2019,,,8,pass,0.5922787189483643,False,94.0
2016,Drew Lock,Missouri,2019,,,0,pass,-0.6998555660247803,False,79.0
2016,Drew Lock,Missouri,2019,,,10,pass,1.6603657007217407,False,79.0
2016,Drew Lock,Missouri,2019,,,24,pass,1.967563509941101,False,65.0
2016,Drew Lock,Missouri,2019,,,39,pass,-3.403209686279297,False,41.0
2016,Drew Lock,Missouri,2019,,,0,pass,-0.3773048520088196,False,88.0
2016,Drew Lock,Missouri,2019,,,0,pass,-0.26765739917755127,False,88.0
2016,Drew Lock,Missouri,2019,,,16,pass,2.1647391319274902,False,40.0
2016,Drew Lock,Missouri,2019,,,-7,pass,-1.2631725072860718,False,52.0
2016,Drew Lock,Missouri,2019,,,11,pass,1.7703723907470703,False,63.0
2016,Drew Lock,Missouri,2019,,,0,pass,-1.1056500673294067,False,53.0
2016,Drew Lock,Missouri,2019,,,1,pass,-1.789957046508789,False,41.0
2016,Drew Lock,Missouri,2019,,,0,pass,-1.0949534177780151,False,41.0
2016,Drew Lock,Missouri,2019,,,5,pass,-0.022209346294403076,False,36.0
2016,Drew Lock,Missouri,2019,,,14,pass,1.2502186298370361,False,63.0
2016,Drew Lock,Missouri,2019,,,18,pass,1.3933734893798828,False,81.0
2016,Drew Lock,Missouri,2019,,,16,pass,0.16653364896774292,False,65.0
2016,Drew Lock,Missouri,2019,,,-8,pass,-0.16168242692947388,False,57.0
2016,Drew Lock,Missouri,2019,,,20,pass,0.2719707190990448,False,77.0
2016,Drew Lock,Missouri,2019,,,0,pass,-0.15028499066829681,False,80.0
2016,Drew Lock,Missouri,2019,,,0,pass,-0.4914366602897644,False,64.0
2016,Drew Lock,Missouri,2019,,,0,pass,-0.5427436828613281,False,64.0
2016,Drew Lock,Missouri,2019,,,11,pass,1.6370503902435303,False,75.0
2016,Drew Lock,Missouri,2019,,,1,pass,-0.9817880392074585,False,53.0
2016,Drew Lock,Missouri,2019,,,0,pass,-0.6513186693191528,False,53.0
2016,Drew Lock,Missouri,2019,,,19,pass,2.047928810119629,False,74.0
2016,Drew Lock,Missouri,2019,,,0,pass,-3.7779107093811035,False,48.0
2016,Drew Lock,Missouri,2019,,,8,pass,0.5151054859161377,False,56.0
2016,Drew Lock,Missouri,2019,,,0,pass,-1.2288233041763306,False,74.0
2016,Drew Lock,Missouri,2019,,,0,pass,-0.5459054708480835,False,75.0
2016,Drew Lock,Missouri,2019,,,6,pass,-1.0366190671920776,False,56.0
2016,Drew Lock,Missouri,2019,,,3,pass,-0.43913745880126953,False,56.0
2016,Drew Lock,Missouri,2019,,,0,pass,-1.573538064956665,False,65.0
2016,Drew Lock,Missouri,2019,,,0,pass,-0.9241912364959717,False,65.0
2016,Drew Lock,Missouri,2019,,,0,pass,-0.5757080316543579,False,65.0
2016,Drew Lock,Missouri,2019,,,0,pass,-1.513346791267395,False,45.0
2016,Drew Lock,Missouri,2019,,,14,pass,0.8623994588851929,False,69.0
2016,Drew Lock,Missouri,2019,,,0,pass,-1.0623140335083008,False,75.0
2016,Drew Lock,Missouri,2019,,,0,pass,-1.0416077375411987,False,82.0
2016,Drew Lock,Missouri,2019,,,78,pass,-8.9814453125,True,32.0
2016,Drew Lock,Missouri,2019,,,39,pass,-8.177590370178223,True,63.0
2016,Drew Lock,Missouri,2019,,,15,pass,1.5936822891235352,False,85.0
2016,Drew Lock,Missouri,2019,,,0,pass,-0.6849682331085205,False,32.0
2016,Drew Lock,Missouri,2019,,,0,pass,-1.6100674867630005,False,70.0
2016,Drew Lock,Missouri,2019,,,4,pass,-0.3020745515823364,False,88.0
2016,Drew Lock,Missouri,2019,,,0,pass,-1.4225873947143555,False,84.0
2016,Drew Lock,Missouri,2019,,,6,pass,0.48734399676322937,False,92.0
2016,Drew Lock,Missouri,2019,,,0,pass,-1.4728257656097412,False,76.0
2016,Drew Lock,Missouri,2019,,,0,pass,-0.6441683769226074,False,75.0
2016,Drew Lock,Missouri,2019,,,0,pass,-0.2953963875770569,False,73.0
2016,Drew Lock,Missouri,2019,,,0,pass,-0.494101881980896,False,73.0
2016,Drew Lock,Missouri,2019,,,0,pass,-2.3550198078155518,False,68.0
2016,Drew Lock,Missouri,2019,,,0,pass,-0.7934655547142029,False,67.0
2016,Drew Lock,Missouri,2019,,,17,pass,3.13010311126709,True,17.0
2016,Drew Lock,Missouri,2019,,,0,pass,-0.5188241600990295,False,75.0
2016,Drew Lock,Missouri,2019,,,10,pass,1.499893069267273,False,75.0
2016,Drew Lock,Missouri,2019,,,0,pass,-0.5273275375366211,False,39.0
2016,Drew Lock,Missouri,2019,,,12,pass,0.9087798595428467,False,70.0
2016,Drew Lock,Missouri,2019,,,3,pass,-0.38529157638549805,False,41.0
2016,Drew Lock,Missouri,2019,,,9,pass,0.8628518581390381,False,30.0
2016,Drew Lock,Missouri,2019,,,0,pass,-0.39993610978126526,False,79.0
2016,Drew Lock,Missouri,2019,,,14,pass,1.1104183197021484,False,79.0
2016,Drew Lock,Missouri,2019,,,0,pass,-0.31006595492362976,False,70.0
2016,Drew Lock,Missouri,2019,,,0,pass,-0.339712530374527,False,70.0
2016,Drew Lock,Missouri,2019,,,0,pass,-0.5503202676773071,False,70.0
2016,Drew Lock,Missouri,2019,,,0,pass,-1.1418942213058472,False,66.0
2016,Drew Lock,Missouri,2019,,,4,pass,-0.3079846501350403,False,72.0
2016,Drew Lock,Missouri,2019,,,10,pass,1.0780051946640015,False,68.0
2016,Drew Lock,Missouri,2019,,,0,pass,-0.6204820871353149,False,66.0
2016,Drew Lock,Missouri,2019,,,0,pass,-0.5835071802139282,False,55.0
2016,Drew Lock,Missouri,2019,,,40,pass,-2.874300956726074,False,55.0
2016,Drew Lock,Missouri,2019,,,16,pass,1.4352418184280396,False,47.0
2016,Drew Lock,Missouri,2019,,,0,pass,-0.5605423450469971,False,26.0
2016,Drew Lock,Missouri,2019,,,14,pass,1.3183772563934326,False,26.0
2016,Drew Lock,Missouri,2019,,,10,pass,0.8006594181060791,False,48.0
2016,Drew Lock,Missouri,2019,,,15,pass,2.389260768890381,True,15.0
2016,Drew Lock,Missouri,2019,,,19,pass,1.2681620121002197,False,47.0
2016,Drew Lock,Missouri,2019,,,11,pass,1.6690278053283691,False,29.0
2016,Drew Lock,Missouri,2019,,,22,pass,1.794456958770752,False,58.0
2016,Drew Lock,Missouri,2019,,,0,pass,-0.6334371566772461,False,36.0
2016,Drew Lock,Missouri,2019,,,5,pass,0.18579202890396118,False,75.0
2016,Drew Lock,Missouri,2019,,,-3,pass,-1.3180153369903564,False,64.0
2016,Drew Lock,Missouri,2019,,,-6,pass,-3.386197805404663,False,67.0
2016,Drew Lock,Missouri,2019,,,0,pass,-1.0238571166992188,False,79.0
2016,Drew Lock,Missouri,2019,,,14,pass,2.9329047203063965,False,79.0
2016,Drew Lock,Missouri,2019,,,15,pass,0.8875638246536255,False,65.0
2016,Drew Lock,Missouri,2019,,,6,pass,0.3442506790161133,False,55.0
2016,Drew Lock,Missouri,2019,,,0,pass,-2.2632896900177,False,45.0
2016,Drew Lock,Missouri,2019,,,10,pass,2.4430365562438965,False,65.0
2016,Drew Lock,Missouri,2019,,,0,pass,-0.06494630128145218,False,65.0
2016,Drew Lock,Missouri,2019,,,0,pass,-0.4145313501358032,False,65.0
2016,Drew Lock,Missouri,2019,,,10,pass,0.3101131021976471,False,75.0
2016,Drew Lock,Missouri,2019,,,5,pass,-0.03800785541534424,False,80.0
2016,Drew Lock,Missouri,2019,,,57,pass,5.418705463409424,True,57.0
2016,Drew Lock,Missouri,2019,,,7,pass,-0.2966458797454834,False,67.0
2016,Drew Lock,Missouri,2019,,,0,pass,-0.7594538927078247,False,67.0
2016,Drew Lock,Missouri,2019,,,0,pass,-0.8943217396736145,False,54.0
2016,Drew Lock,Missouri,2019,,,9,pass,1.0634028911590576,False,67.0
2016,Drew Lock,Missouri,2019,,,12,pass,0.9258038401603699,False,79.0
2016,Drew Lock,Missouri,2019,,,1,pass,-1.1894488334655762,False,7.0
2016,Drew Lock,Missouri,2019,,,18,pass,2.8789281845092773,False,56.0
2016,Drew Lock,Missouri,2019,,,15,pass,0.6014840006828308,False,75.0
2016,Drew Lock,Missouri,2019,,,4,pass,0.12545430660247803,False,76.0
2016,Drew Lock,Missouri,2019,,,27,pass,5.01461935043335,True,27.0
2016,Drew Lock,Missouri,2019,,,0,pass,-0.6864643096923828,False,22.0
2016,Drew Lock,Missouri,2019,,,0,pass,-1.297802209854126,False,63.0
2016,Drew Lock,Missouri,2019,,,0,pass,-0.7722188830375671,False,63.0
2016,Drew Lock,Missouri,2019,,,12,pass,1.0473750829696655,False,75.0
2016,Drew Lock,Missouri,2019,,,7,pass,0.5586166381835938,False,51.0
2016,Drew Lock,Missouri,2019,,,9,pass,1.0390113592147827,False,63.0
2016,Drew Lock,Missouri,2019,,,0,pass,-1.9374382495880127,False,39.0
2016,Drew Lock,Missouri,2019,,,0,pass,-0.6270937919616699,False,41.0
2016,Drew Lock,Missouri,2019,,,0,pass,-1.981829285621643,False,49.0
2016,Drew Lock,Missouri,2019,,,1,pass,-0.6753242015838623,False,50.0
2016,Drew Lock,Missouri,2019,,,8,pass,0.40877580642700195,False,62.0
2016,Drew Lock,Missouri,2019,,,8,pass,0.6234813928604126,False,70.0
2016,Drew Lock,Missouri,2019,,,19,pass,1.3272008895874023,False,67.0
2016,Drew Lock,Missouri,2019,,,-3,pass,-0.7824304103851318,False,43.0
2016,Drew Lock,Missouri,2019,,,12,pass,1.6450483798980713,False,46.0
2016,Drew Lock,Missouri,2019,,,0,pass,-0.5598070621490479,False,34.0
2016,Drew Lock,Missouri,2019,,,11,pass,1.6398861408233643,False,34.0
2016,Drew Lock,Missouri,2019,,,9,pass,0.3643481731414795,False,33.0
2016,Drew Lock,Missouri,2019,,,0,pass,-0.4509758949279785,False,24.0
2016,Drew Lock,Missouri,2019,,,0,pass,-3.406665325164795,False,24.0
2016,Drew Lock,Missouri,2019,,,0,pass,-0.11304166167974472,False,88.0
2016,Drew Lock,Missouri,2019,,,8,pass,0.20438939332962036,False,76.0
2016,Drew Lock,Missouri,2019,,,37,pass,2.5050418376922607,False,75.0
2016,Drew Lock,Missouri,2019,,,33,pass,4.0220255851745605,False,48.0
2016,Drew Lock,Missouri,2019,,,0,pass,-0.9828121662139893,False,14.0
2016,Drew Lock,Missouri,2019,,,-3,pass,-1.4096009731292725,False,31.0
2016,Drew Lock,Missouri,2019,,,8,pass,0.705474853515625,False,34.0
2016,Drew Lock,Missouri,2019,,,0,pass,-1.5532528162002563,False,26.0
2016,Drew Lock,Missouri,2019,,,0,pass,-0.8336254954338074,False,67.0
2016,Drew Lock,Missouri,2019,,,0,pass,-1.5419440269470215,False,67.0
2016,Drew Lock,Missouri,2019,,,19,pass,1.2174532413482666,False,72.0
2016,Drew Lock,Missouri,2019,,,0,pass,-2.8531365394592285,False,42.0
2016,Drew Lock,Missouri,2019,,,9,pass,1.6990928649902344,True,9.0
2016,Drew Lock,Missouri,2019,,,7,pass,0.7311958074569702,False,72.0
2016,Drew Lock,Missouri,2019,,,12,pass,0.9628925323486328,False,42.0
2016,Drew Lock,Missouri,2019,,,23,pass,2.3246963024139404,False,65.0
2016,Drew Lock,Missouri,2019,,,-8,pass,-1.3717119693756104,False,74.0
2016,Drew Lock,Missouri,2019,,,0,pass,-0.5543167591094971,False,39.0
2016,Drew Lock,Missouri,2019,,,10,pass,3.528541088104248,False,35.0
2016,Drew Lock,Missouri,2019,,,6,pass,0.5941424369812012,False,74.0
2016,Drew Lock,Missouri,2019,,,27,pass,1.9095959663391113,False,56.0
2016,Drew Lock,Missouri,2019,,,11,pass,0.8671084642410278,False,52.0
2016,Drew Lock,Missouri,2019,,,0,pass,-0.6266803741455078,False,41.0
2016,Drew Lock,Missouri,2019,,,3,pass,-0.8643813133239746,False,41.0
2016,Drew Lock,Missouri,2019,,,0,pass,-2.397498369216919,False,37.0
2016,Drew Lock,Missouri,2019,,,-13,pass,-2.463336944580078,False,80.0
2016,Drew Lock,Missouri,2019,,,5,pass,-0.4301595687866211,False,93.0
2016,Drew Lock,Missouri,2019,,,9,pass,-4.783986568450928,False,91.0
2016,Drew Lock,Missouri,2019,,,20,pass,1.2992100715637207,False,68.0
2016,Drew Lock,Missouri,2019,,,0,pass,-0.6959655284881592,False,48.0
2016,Drew Lock,Missouri,2019,,,5,pass,-0.24880266189575195,False,48.0
2016,Drew Lock,Missouri,2019,,,0,pass,-2.1104280948638916,False,43.0
2016,Drew Lock,Missouri,2019,,,18,pass,0.9550173282623291,False,54.0
2016,Drew Lock,Missouri,2019,,,4,pass,2.5521912574768066,True,4.0
2016,Drew Lock,Missouri,2019,,,11,pass,1.3473438024520874,False,85.0
2016,Drew Lock,Missouri,2019,,,3,pass,-0.48564887046813965,False,74.0
2016,Drew Lock,Missouri,2019,,,0,pass,-0.9036910533905029,False,51.0
2016,Drew Lock,Missouri,2019,,,16,pass,2.400296688079834,False,51.0
2016,Drew Lock,Missouri,2019,,,43,pass,3.8930013179779053,False,81.0
2016,Drew Lock,Missouri,2019,,,0,pass,-0.6359453201293945,False,38.0
2016,Drew Lock,Missouri,2019,,,25,pass,3.0345964431762695,False,36.0
2016,Drew Lock,Missouri,2019,,,5,pass,0.0904226303100586,False,11.0
2016,Drew Lock,Missouri,2019,,,7,pass,0.31037694215774536,False,81.0
2016,Drew Lock,Missouri,2019,,,0,pass,-1.0251715183258057,False,74.0
2016,Drew Lock,Missouri,2019,,,12,pass,0.4550023078918457,False,22.0
2016,Drew Lock,Missouri,2019,,,0,pass,-0.6063661575317383,False,10.0
2016,Drew Lock,Missouri,2019,,,0,pass,-1.6416361331939697,False,4.0
2016,Drew Lock,Missouri,2019,,,8,pass,0.33758050203323364,False,67.0
2016,Drew Lock,Missouri,2019,,,0,pass,-0.17448842525482178,False,59.0
2016,Drew Lock,Missouri,2019,,,6,pass,0.6561945676803589,False,43.0
2016,Drew Lock,Missouri,2019,,,0,pass,-0.5560237765312195,False,77.0
2016,Drew Lock,Missouri,2019,,,0,pass,-0.8320441842079163,False,77.0
2016,Drew Lock,Missouri,2019,,,0,pass,-1.2867169380187988,False,75.0
2016,Drew Lock,Missouri,2019,,,82,pass,4.583003997802734,True,82.0
2016,Drew Lock,Missouri,2019,,,5,pass,0.005225539207458496,False,74.0
2016,Drew Lock,Missouri,2019,,,15,pass,1.062821626663208,False,69.0
2016,Drew Lock,Missouri,2019,,,-1,pass,-1.171001672744751,False,33.0
2016,Drew Lock,Missouri,2019,,,0,pass,-1.412261724472046,False,39.0
2016,Drew Lock,Missouri,2019,,,-4,pass,-1.1865508556365967,False,76.0
2016,Drew Lock,Missouri,2019,,,6,pass,-0.23128214478492737,False,80.0
2016,Drew Lock,Missouri,2019,,,11,pass,2.334792375564575,False,74.0
2016,Drew Lock,Missouri,2019,,,0,pass,-0.6203446388244629,False,63.0
2016,Drew Lock,Missouri,2019,,,0,pass,-1.3854670524597168,False,63.0
2016,Drew Lock,Missouri,2019,,,11,pass,0.49239230155944824,False,35.0
2016,Drew Lock,Missouri,2019,,,3,pass,-0.12383270263671875,False,24.0
2016,Drew Lock,Missouri,2019,,,4,pass,0.04092741012573242,False,21.0
2016,Drew Lock,Missouri,2019,,,3,pass,-0.36190593242645264,False,61.0
2016,Drew Lock,Missouri,2019,,,0,pass,-2.0555999279022217,False,56.0
2016,Drew Lock,Missouri,2019,,,59,pass,-8.866455078125,True,39.0
2016,Drew Lock,Missouri,2019,,,15,pass,1.03334641456604,False,75.0
2016,Drew Lock,Missouri,2019,,,25,pass,-4.862590789794922,False,26.0
2016,Drew Lock,Missouri,2019,,,0,pass,-0.5082577466964722,False,75.0
2016,Drew Lock,Missouri,2019,,,19,pass,1.911454677581787,False,75.0
2016,Drew Lock,Missouri,2019,,,8,pass,0.688400387763977,False,56.0
2016,Drew Lock,Missouri,2019,,,11,pass,0.827948808670044,False,45.0
2016,Drew Lock,Missouri,2019,,,50,pass,4.574223041534424,True,50.0
2016,Drew Lock,Missouri,2019,,,0,pass,-0.5339255928993225,False,75.0
2016,Drew Lock,Missouri,2019,,,8,pass,0.22794699668884277,False,74.0
2016,Drew Lock,Missouri,2019,,,9,pass,0.9753190279006958,False,61.0
2016,Drew Lock,Missouri,2019,,,0,pass,-1.3256607055664062,False,70.0
2016,Drew Lock,Missouri,2019,,,0,pass,-1.3857207298278809,False,12.0
2016,Drew Lock,Missouri,2019,,,8,pass,0.8389607667922974,False,75.0
2016,Drew Lock,Missouri,2019,,,0,pass,-0.5576539039611816,False,15.0
2016,Drew Lock,Missouri,2019,,,9,pass,0.2807556390762329,False,48.0
2016,Drew Lock,Missouri,2019,,,25,pass,2.0292036533355713,False,40.0
2016,Drew Lock,Missouri,2019,,,-7,pass,-2.045090675354004,False,67.0
2016,Drew Lock,Missouri,2019,,,26,pass,-0.7140637636184692,False,75.0
2016,Drew Lock,Missouri,2019,,,0,pass,-0.1862151324748993,False,71.0
2016,Drew Lock,Missouri,2019,,,0,pass,-0.20984035730361938,False,61.0
2016,Drew Lock,Missouri,2019,,,0,pass,-0.6506960391998291,False,56.0
2016,Drew Lock,Missouri,2019,,,13,pass,1.9745941162109375,False,75.0
2016,Drew Lock,Missouri,2019,,,12,pass,0.595085620880127,False,62.0
2016,Drew Lock,Missouri,2019,,,8,pass,0.6530978679656982,False,45.0
2016,Drew Lock,Missouri,2019,,,32,pass,2.4570984840393066,False,37.0
2016,Drew Lock,Missouri,2019,,,9,pass,1.0858566761016846,False,37.0
2016,Drew Lock,Missouri,2019,,,0,pass,-2.9100341796875,False,25.0
2016,Drew Lock,Missouri,2019,,,0,pass,-0.6911582946777344,False,20.0
2016,Drew Lock,Missouri,2019,,,16,pass,1.0483880043029785,False,34.0
2016,Drew Lock,Missouri,2019,,,0,pass,-0.6112890243530273,False,18.0
2016,Drew Lock,Missouri,2019,,,0,pass,-0.9289193153381348,False,50.0
2016,Drew Lock,Missouri,2019,,,0,pass,-1.382143497467041,False,55.0
2016,Drew Lock,Missouri,2019,,,0,pass,-1.3347134590148926,False,88.0
2016,Drew Lock,Missouri,2019,,,24,pass,2.8258700370788574,False,70.0
2016,Drew Lock,Missouri,2019,,,0,pass,-0.6804275512695312,False,46.0
2016,Drew Lock,Missouri,2019,,,11,pass,2.3342833518981934,False,45.0
2016,Drew Lock,Missouri,2019,,,0,pass,-0.9220354557037354,False,34.0
2016,Drew Lock,Missouri,2019,,,7,pass,1.4822063446044922,False,29.0
2016,Drew Lock,Missouri,2019,,,7,pass,0.5217264890670776,False,99.0
2016,Drew Lock,Missouri,2019,,,9,pass,0.9202199578285217,False,89.0
2016,Drew Lock,Missouri,2019,,,2,pass,-0.4779413938522339,False,75.0
2016,Drew Lock,Missouri,2019,,,0,pass,-0.9092657566070557,False,73.0
2016,Drew Lock,Missouri,2019,,,49,pass,4.148171424865723,False,62.0
2016,Drew Lock,Missouri,2019,,,67,pass,5.5226874351501465,True,67.0
2016,Drew Lock,Missouri,2019,,,0,pass,-0.9788498878479004,False,93.0
2016,Drew Lock,Missouri,2019,,,12,pass,0.9978228807449341,False,79.0
2016,Drew Lock,Missouri,2019,,,0,pass,-0.866418719291687,False,64.0
2016,Drew Lock,Missouri,2019,,,48,pass,5.71967887878418,False,64.0
2016,Drew Lock,Missouri,2019,,,-5,pass,-1.6734263896942139,False,16.0
2016,Drew Lock,Missouri,2019,,,0,pass,-0.7633012533187866,False,21.0
2016,Drew Lock,Missouri,2019,,,18,pass,3.7851099967956543,False,21.0
2016,Drew Lock,Missouri,2019,,,3,pass,-0.2340594232082367,False,67.0
2016,Drew Lock,Missouri,2019,,,9,pass,0.4794034957885742,False,64.0
2016,Drew Lock,Missouri,2019,,,25,pass,1.6875183582305908,False,55.0
2016,Drew Lock,Missouri,2019,,,0,pass,-0.5854125022888184,False,50.0
2016,Drew Lock,Missouri,2019,,,-21,pass,-2.8340470790863037,False,47.0
2016,Drew Lock,Missouri,2019,,,11,pass,1.539074420928955,False,70.0
2016,Drew Lock,Missouri,2019,,,0,pass,-0.5669288635253906,False,59.0
2016,Drew Lock,Missouri,2019,,,0,pass,-0.8665192723274231,False,59.0
2016,Drew Lock,Missouri,2019,,,1,pass,-1.6952521800994873,False,54.0
2016,Drew Lock,Missouri,2019,,,0,pass,-0.5855903625488281,False,75.0
2016,Drew Lock,Missouri,2019,,,7,pass,0.338302344083786,False,75.0
2016,Drew Lock,Missouri,2019,,,0,pass,-1.588191270828247,False,68.0
2017,Drew Lock,Missouri,2019,,,12,pass,0.39043664932250977,False,73.0
2017,Drew Lock,Missouri,2019,,,52,pass,4.404027938842773,False,54.0
2017,Drew Lock,Missouri,2019,,,14,pass,2.841148853302002,True,14.0
2017,Drew Lock,Missouri,2019,,,16,pass,0.0038051605224609375,False,73.0
2017,Drew Lock,Missouri,2019,,,0,pass,-0.5748281478881836,False,42.0
2017,Drew Lock,Missouri,2019,,,0,pass,-0.5832600593566895,False,27.0
2017,Drew Lock,Missouri,2019,,,0,pass,-0.5765447616577148,False,17.0
2017,Drew Lock,Missouri,2019,,,27,pass,2.0690221786499023,True,27.0
2017,Drew Lock,Missouri,2019,,,7,pass,0.3247342109680176,False,38.0
2017,Drew Lock,Missouri,2019,,,0,pass,-0.6069018840789795,False,86.0
2017,Drew Lock,Missouri,2019,,,0,pass,-1.3323698043823242,False,86.0
2017,Drew Lock,Missouri,2019,,,0,pass,-0.7425088882446289,False,17.0
2017,Drew Lock,Missouri,2019,,,0,pass,-1.189990520477295,False,17.0
2017,Drew Lock,Missouri,2019,,,24,pass,2.6275405883789062,False,35.0
2017,Drew Lock,Missouri,2019,,,-6,pass,-1.4871846437454224,False,64.0
2017,Drew Lock,Missouri,2019,,,19,pass,1.9520872831344604,False,70.0
2017,Drew Lock,Missouri,2019,,,12,pass,0.7742912769317627,False,51.0
2017,Drew Lock,Missouri,2019,,,11,pass,3.377084732055664,True,11.0
2017,Drew Lock,Missouri,2019,,,23,pass,1.3215594291687012,False,34.0
2017,Drew Lock,Missouri,2019,,,0,pass,-0.7218790054321289,False,11.0
2017,Drew Lock,Missouri,2019,,,50,pass,4.278541564941406,True,50.0
2017,Drew Lock,Missouri,2019,,,29,pass,1.8066580295562744,False,79.0
2017,Drew Lock,Missouri,2019,,,0,pass,-0.5977953672409058,False,55.0
2017,Drew Lock,Missouri,2019,,,0,pass,-0.9194205403327942,False,55.0
2017,Drew Lock,Missouri,2019,,,0,pass,-1.3120108842849731,False,55.0
2017,Drew Lock,Missouri,2019,,,0,pass,-0.5886154174804688,False,54.0
2017,Drew Lock,Missouri,2019,,,24,pass,2.067533493041992,False,54.0
2017,Drew Lock,Missouri,2019,,,0,pass,-4.393969535827637,False,30.0
2017,Drew Lock,Missouri,2019,,,28,pass,2.8452229499816895,True,28.0
2017,Drew Lock,Missouri,2019,,,19,pass,0.7952532768249512,False,63.0
2017,Drew Lock,Missouri,2019,,,2,pass,-0.8495877981185913,False,47.0
2017,Drew Lock,Missouri,2019,,,17,pass,3.142015218734741,False,45.0
2017,Drew Lock,Missouri,2019,,,35,pass,1.915900707244873,False,43.0
2017,Drew Lock,Missouri,2019,,,65,pass,3.6802961826324463,True,65.0
2017,Drew Lock,Missouri,2019,,,0,pass,-1.407239556312561,False,13.0
2017,Drew Lock,Missouri,2019,,,8,pass,0.5256965160369873,False,55.0
2017,Drew Lock,Missouri,2019,,,-6,pass,-1.5557302236557007,False,49.0
2017,Drew Lock,Missouri,2019,,,12,pass,1.0155402421951294,False,61.0
2017,Drew Lock,Missouri,2019,,,13,pass,1.0615397691726685,False,74.0
2017,Drew Lock,Missouri,2019,,,0,pass,-4.519852638244629,False,61.0
2017,Drew Lock,Missouri,2019,,,8,pass,0.7843770980834961,False,69.0
2017,Drew Lock,Missouri,2019,,,0,pass,-1.443405032157898,False,65.0
2017,Drew Lock,Missouri,2019,,,0,pass,-1.793940782546997,False,4.0
2017,Drew Lock,Missouri,2019,,,38,pass,3.7401821613311768,False,43.0
2017,Drew Lock,Missouri,2019,,,0,pass,-0.5499978065490723,False,43.0
2017,Drew Lock,Missouri,2019,,,27,pass,3.1487033367156982,False,70.0
2017,Drew Lock,Missouri,2019,,,0,pass,-0.6192882061004639,False,45.0
2017,Drew Lock,Missouri,2019,,,19,pass,1.277294397354126,False,64.0
2017,Drew Lock,Missouri,2019,,,11,pass,-0.5903993844985962,False,75.0
2017,Drew Lock,Missouri,2019,,,0,pass,-1.3458640575408936,False,7.0
2017,Drew Lock,Missouri,2019,,,12,pass,0.6366226673126221,False,48.0
2017,Drew Lock,Missouri,2019,,,20,pass,1.1192294359207153,False,68.0
2017,Drew Lock,Missouri,2019,,,4,pass,-0.9587450623512268,False,63.0
2017,Drew Lock,Missouri,2019,,,0,pass,-0.7551783323287964,False,63.0
2017,Drew Lock,Missouri,2019,,,1,pass,-4.954545497894287,False,75.0
2017,Drew Lock,Missouri,2019,,,61,pass,4.57501220703125,True,61.0
2017,Drew Lock,Missouri,2019,,,6,pass,-0.4960694909095764,False,73.0
2017,Drew Lock,Missouri,2019,,,0,pass,-0.9810738563537598,False,73.0
2017,Drew Lock,Missouri,2019,,,0,pass,-1.3609188795089722,False,26.0
2017,Drew Lock,Missouri,2019,,,0,pass,-0.5604918003082275,False,27.0
2017,Drew Lock,Missouri,2019,,,0,pass,-0.9676562547683716,False,42.0
2017,Drew Lock,Missouri,2019,,,0,pass,-0.6547949314117432,False,42.0
2017,Drew Lock,Missouri,2019,,,6,pass,0.3269808888435364,False,80.0
2017,Drew Lock,Missouri,2019,,,17,pass,0.7564889788627625,False,86.0
2017,Drew Lock,Missouri,2019,,,29,pass,1.9083197116851807,False,69.0
2017,Drew Lock,Missouri,2019,,,34,pass,-4.61161470413208,False,29.0
2017,Drew Lock,Missouri,2019,,,4,pass,0.22178354859352112,False,70.0
2017,Drew Lock,Missouri,2019,,,0,pass,-1.0739613771438599,False,66.0
2017,Drew Lock,Missouri,2019,,,9,pass,0.8023253679275513,False,90.0
2017,Drew Lock,Missouri,2019,,,0,pass,-0.7408206462860107,False,71.0
2017,Drew Lock,Missouri,2019,,,0,pass,-0.6077960133552551,False,58.0
2017,Drew Lock,Missouri,2019,,,0,pass,-1.2477179765701294,False,56.0
2017,Drew Lock,Missouri,2019,,,6,pass,0.4722578525543213,False,75.0
2017,Drew Lock,Missouri,2019,,,22,pass,2.7339751720428467,False,85.0
2017,Drew Lock,Missouri,2019,,,17,pass,1.6713831424713135,False,29.0
2017,Drew Lock,Missouri,2019,,,0,pass,-0.30556535720825195,False,12.0
2017,Drew Lock,Missouri,2019,,,22,pass,1.520863652229309,False,51.0
2017,Drew Lock,Missouri,2019,,,8,pass,-0.31674718856811523,False,87.0
2017,Drew Lock,Missouri,2019,,,0,pass,-0.5779150724411011,False,75.0
2017,Drew Lock,Missouri,2019,,,2,pass,-0.6361480951309204,False,65.0
2017,Drew Lock,Missouri,2019,,,0,pass,-1.4365873336791992,False,60.0
2017,Drew Lock,Missouri,2019,,,10,pass,1.5275890827178955,False,77.0
2017,Drew Lock,Missouri,2019,,,0,pass,-0.8978426456451416,False,69.0
2017,Drew Lock,Missouri,2019,,,0,pass,-0.8666129112243652,False,69.0
2017,Drew Lock,Missouri,2019,,,6,pass,0.00966799259185791,False,73.0
2017,Drew Lock,Missouri,2019,,,3,pass,0.08665287494659424,False,67.0
2017,Drew Lock,Missouri,2019,,,-9,pass,-1.9060804843902588,False,29.0
2017,Drew Lock,Missouri,2019,,,-2,pass,-0.42233821749687195,False,58.0
2017,Drew Lock,Missouri,2019,,,0,pass,-0.4656742811203003,False,60.0
2017,Drew Lock,Missouri,2019,,,26,pass,2.5811240673065186,False,60.0
2017,Drew Lock,Missouri,2019,,,5,pass,-0.031078219413757324,False,34.0
2017,Drew Lock,Missouri,2019,,,0,pass,-1.3260767459869385,False,29.0
2017,Drew Lock,Missouri,2019,,,25,pass,4.200301170349121,True,25.0
2017,Drew Lock,Missouri,2019,,,22,pass,1.492126226425171,False,75.0
2017,Drew Lock,Missouri,2019,,,13,pass,1.3853975534439087,False,53.0
2017,Drew Lock,Missouri,2019,,,13,pass,0.9862036108970642,False,75.0
2017,Drew Lock,Missouri,2019,,,0,pass,-0.5526935458183289,False,64.0
2017,Drew Lock,Missouri,2019,,,14,pass,1.6148526668548584,False,64.0
2017,Drew Lock,Missouri,2019,,,10,pass,1.3499867916107178,False,50.0
2017,Drew Lock,Missouri,2019,,,0,pass,-1.8160114288330078,False,37.0
2017,Drew Lock,Missouri,2019,,,0,pass,-0.5304864645004272,False,75.0
2017,Drew Lock,Missouri,2019,,,7,pass,0.33621275424957275,False,75.0
2017,Drew Lock,Missouri,2019,,,0,pass,-1.3139065504074097,False,68.0
2017,Drew Lock,Missouri,2019,,,-4,pass,-1.6191987991333008,False,77.0
2017,Drew Lock,Missouri,2019,,,0,pass,-0.517898678779602,False,42.0
2017,Drew Lock,Missouri,2019,,,14,pass,0.8071707487106323,False,58.0
2017,Drew Lock,Missouri,2019,,,19,pass,3.8190560340881348,True,19.0
2017,Drew Lock,Missouri,2019,,,8,pass,0.6250392198562622,False,63.0
2017,Drew Lock,Missouri,2019,,,6,pass,0.39184999465942383,False,50.0
2017,Drew Lock,Missouri,2019,,,4,pass,-0.13094425201416016,False,32.0
2017,Drew Lock,Missouri,2019,,,10,pass,2.0387327671051025,False,28.0
2017,Drew Lock,Missouri,2019,,,7,pass,0.48390161991119385,False,74.0
2017,Drew Lock,Missouri,2019,,,2,pass,1.0131778717041016,False,67.0
2017,Drew Lock,Missouri,2019,,,0,pass,-0.7015101909637451,False,65.0
2017,Drew Lock,Missouri,2019,,,4,pass,-0.3436007499694824,False,65.0
2017,Drew Lock,Missouri,2019,,,8,pass,1.871864676475525,False,61.0
2017,Drew Lock,Missouri,2019,,,33,pass,-5.234363555908203,False,48.0
2017,Drew Lock,Missouri,2019,,,0,pass,-1.0296903848648071,False,44.0
2017,Drew Lock,Missouri,2019,,,0,pass,-1.8953211307525635,False,44.0
2017,Drew Lock,Missouri,2019,,,1,pass,-0.5249338150024414,False,75.0
2017,Drew Lock,Missouri,2019,,,0,pass,-0.675029993057251,False,62.0
2017,Drew Lock,Missouri,2019,,,0,pass,-1.4391911029815674,False,62.0
2017,Drew Lock,Missouri,2019,,,0,pass,-0.5544679164886475,False,75.0
2017,Drew Lock,Missouri,2019,,,0,pass,-3.213317394256592,False,80.0
2017,Drew Lock,Missouri,2019,,,4,pass,0.11545741558074951,False,70.0
2017,Drew Lock,Missouri,2019,,,0,pass,-0.19639825820922852,False,28.0
2017,Drew Lock,Missouri,2019,,,12,pass,1.0625572204589844,False,50.0
2017,Drew Lock,Missouri,2019,,,10,pass,0.8818187713623047,False,38.0
2017,Drew Lock,Missouri,2019,,,1,pass,-0.26220059394836426,False,28.0
2017,Drew Lock,Missouri,2019,,,3,pass,-0.27929848432540894,False,75.0
2017,Drew Lock,Missouri,2019,,,5,pass,-0.07996326684951782,False,72.0
2017,Drew Lock,Missouri,2019,,,5,pass,0.1310582160949707,False,75.0
2017,Drew Lock,Missouri,2019,,,0,pass,-0.8314578533172607,False,41.0
2017,Drew Lock,Missouri,2019,,,75,pass,7.747858047485352,True,75.0
2017,Drew Lock,Missouri,2019,,,0,pass,-0.5541423559188843,False,75.0
2017,Drew Lock,Missouri,2019,,,0,pass,-0.8925577998161316,False,75.0
2017,Drew Lock,Missouri,2019,,,5,pass,1.3279812335968018,False,49.0
2017,Drew Lock,Missouri,2019,,,9,pass,0.892326831817627,False,44.0
2017,Drew Lock,Missouri,2019,,,16,pass,1.5884339809417725,False,31.0
2017,Drew Lock,Missouri,2019,,,0,pass,-0.5594081878662109,False,15.0
2017,Drew Lock,Missouri,2019,,,2,pass,-1.1666216850280762,False,10.0
2017,Drew Lock,Missouri,2019,,,0,pass,-0.8973855972290039,False,49.0
2017,Drew Lock,Missouri,2019,,,9,pass,0.314603328704834,False,65.0
2017,Drew Lock,Missouri,2019,,,48,pass,4.091952323913574,False,49.0
2017,Drew Lock,Missouri,2019,,,0,pass,-0.3777067959308624,False,75.0
2017,Drew Lock,Missouri,2019,,,18,pass,1.4702752828598022,False,58.0
2017,Drew Lock,Missouri,2019,,,0,pass,-0.6294360160827637,False,40.0
2017,Drew Lock,Missouri,2019,,,0,pass,-0.606553316116333,False,26.0
2017,Drew Lock,Missouri,2019,,,0,pass,-0.5758180618286133,False,15.0
2017,Drew Lock,Missouri,2019,,,0,pass,-1.4333226680755615,False,15.0
2017,Drew Lock,Missouri,2019,,,58,pass,6.077034950256348,True,58.0
2017,Drew Lock,Missouri,2019,,,50,pass,5.660139083862305,True,50.0
2017,Drew Lock,Missouri,2019,,,4,pass,0.025131583213806152,False,61.0
2017,Drew Lock,Missouri,2019,,,6,pass,1.0199438333511353,False,57.0
2017,Drew Lock,Missouri,2019,,,0,pass,-1.2847330570220947,False,20.0
2017,Drew Lock,Missouri,2019,,,1,pass,-0.5602551102638245,False,64.0
2017,Drew Lock,Missouri,2019,,,7,pass,1.9264357089996338,False,61.0
2017,Drew Lock,Missouri,2019,,,9,pass,0.9583697319030762,False,54.0
2017,Drew Lock,Missouri,2019,,,2,pass,-0.6916908621788025,False,73.0
2017,Drew Lock,Missouri,2019,,,0,pass,-1.7518099546432495,False,66.0
2017,Drew Lock,Missouri,2019,,,0,pass,-1.1062818765640259,False,76.0
2017,Drew Lock,Missouri,2019,,,-7,pass,-3.9406886100769043,False,76.0
2017,Drew Lock,Missouri,2019,,,4,pass,-0.12428078055381775,False,75.0
2017,Drew Lock,Missouri,2019,,,27,pass,3.5967459678649902,True,27.0
2017,Drew Lock,Missouri,2019,,,9,pass,1.6875437498092651,False,36.0
2017,Drew Lock,Missouri,2019,,,6,pass,0.21727514266967773,False,42.0
2017,Drew Lock,Missouri,2019,,,26,pass,1.9909616708755493,False,68.0
2017,Drew Lock,Missouri,2019,,,8,pass,0.5689595341682434,False,75.0
2017,Drew Lock,Missouri,2019,,,0,pass,-0.5523419976234436,False,75.0
2017,Drew Lock,Missouri,2019,,,0,pass,-1.076513648033142,False,72.0
2017,Drew Lock,Missouri,2019,,,0,pass,-0.5775676965713501,False,75.0
2017,Drew Lock,Missouri,2019,,,0,pass,-1.0863392353057861,False,71.0
2017,Drew Lock,Missouri,2019,,,3,pass,-0.23861205577850342,False,75.0
2017,Drew Lock,Missouri,2019,,,18,pass,-2.933048725128174,False,73.0
2017,Drew Lock,Missouri,2019,,,0,pass,-0.9546176195144653,False,73.0
2017,Drew Lock,Missouri,2019,,,63,pass,4.917942047119141,True,63.0
2017,Drew Lock,Missouri,2019,,,18,pass,2.0143089294433594,False,81.0
2017,Drew Lock,Missouri,2019,,,63,pass,6.862122535705566,True,63.0
2017,Drew Lock,Missouri,2019,,,6,pass,-1.0966465473175049,False,69.0
2017,Drew Lock,Missouri,2019,,,-7,pass,0.9861851930618286,False,62.0
2017,Drew Lock,Missouri,2019,,,4,pass,1.4343910217285156,True,4.0
2017,Drew Lock,Missouri,2019,,,0,pass,-0.9522842168807983,False,74.0
2017,Drew Lock,Missouri,2019,,,1,pass,-0.263519823551178,False,75.0
2017,Drew Lock,Missouri,2019,,,0,pass,-1.7047241926193237,False,51.0
2017,Drew Lock,Missouri,2019,,,7,pass,0.2549262046813965,False,57.0
2017,Drew Lock,Missouri,2019,,,18,pass,1.5536041259765625,True,18.0
2017,Drew Lock,Missouri,2019,,,19,pass,-0.023912906646728516,False,61.0
2017,Drew Lock,Missouri,2019,,,0,pass,-0.5154850482940674,False,42.0
2017,Drew Lock,Missouri,2019,,,7,pass,0.2956061363220215,False,28.0
2017,Drew Lock,Missouri,2019,,,0,pass,-0.7683756351470947,False,85.0
2017,Drew Lock,Missouri,2019,,,-6,pass,-1.8682318925857544,False,85.0
2017,Drew Lock,Missouri,2019,,,18,pass,0.7794790267944336,False,67.0
2017,Drew Lock,Missouri,2019,,,15,pass,0.3394966125488281,False,49.0
2017,Drew Lock,Missouri,2019,,,19,pass,0.7119522094726562,False,34.0
2017,Drew Lock,Missouri,2019,,,0,pass,-0.5447649955749512,False,15.0
2017,Drew Lock,Missouri,2019,,,20,pass,5.042003154754639,True,20.0
2017,Drew Lock,Missouri,2019,,,2,pass,-0.3515763282775879,False,22.0
2017,Drew Lock,Missouri,2019,,,3,pass,-0.20915080606937408,False,93.0
2017,Drew Lock,Missouri,2019,,,10,pass,0.5631212592124939,False,90.0
2017,Drew Lock,Missouri,2019,,,35,pass,0.8196505904197693,False,80.0
2017,Drew Lock,Missouri,2019,,,0,pass,-0.2525893449783325,False,45.0
2017,Drew Lock,Missouri,2019,,,23,pass,1.7717163562774658,False,45.0
2017,Drew Lock,Missouri,2019,,,62,pass,4.533258438110352,False,66.0
2017,Drew Lock,Missouri,2019,,,0,pass,-0.930682897567749,False,36.0
2017,Drew Lock,Missouri,2019,,,0,pass,-0.6014022827148438,False,18.0
2017,Drew Lock,Missouri,2019,,,0,pass,-1.422318935394287,False,16.0
2017,Drew Lock,Missouri,2019,,,10,pass,1.7709965705871582,True,10.0
2017,Drew Lock,Missouri,2019,,,18,pass,0.37206315994262695,True,18.0
2017,Drew Lock,Missouri,2019,,,19,pass,1.032841682434082,False,37.0
2017,Drew Lock,Missouri,2019,,,15,pass,1.8468098640441895,True,15.0
2017,Drew Lock,Missouri,2019,,,15,pass,0.37636661529541016,False,85.0
2017,Drew Lock,Missouri,2019,,,50,pass,2.417743444442749,False,70.0
2017,Drew Lock,Missouri,2019,,,19,pass,2.248826026916504,True,19.0
2017,Drew Lock,Missouri,2019,,,45,pass,3.5616064071655273,False,89.0
2017,Drew Lock,Missouri,2019,,,0,pass,-0.6521310806274414,False,44.0
2017,Drew Lock,Missouri,2019,,,14,pass,1.7836635112762451,False,44.0
2017,Drew Lock,Missouri,2019,,,11,pass,0.9487364292144775,False,30.0
2017,Drew Lock,Missouri,2019,,,19,pass,-0.8602007031440735,False,75.0
2017,Drew Lock,Missouri,2019,,,72,pass,4.37576961517334,True,72.0
2017,Drew Lock,Missouri,2019,,,1,pass,-0.3013279438018799,False,73.0
2017,Drew Lock,Missouri,2019,,,13,pass,1.2217307090759277,True,13.0
2017,Drew Lock,Missouri,2019,,,9,pass,0.4447307586669922,False,48.0
2017,Drew Lock,Missouri,2019,,,8,pass,0.030641555786132812,False,39.0
2017,Drew Lock,Missouri,2019,,,10,pass,0.34708499908447266,False,31.0
2017,Drew Lock,Missouri,2019,,,8,pass,0.3257007598876953,False,21.0
2017,Drew Lock,Missouri,2019,,,11,pass,0.3061216473579407,False,78.0
2017,Drew Lock,Missouri,2019,,,-2,pass,-1.2866566181182861,False,63.0
2017,Drew Lock,Missouri,2019,,,7,pass,1.2854528427124023,False,55.0
2017,Drew Lock,Missouri,2019,,,0,pass,-0.8798880577087402,False,48.0
2017,Drew Lock,Missouri,2019,,,22,pass,2.651733160018921,False,48.0
2017,Drew Lock,Missouri,2019,,,6,pass,0.19328641891479492,False,26.0
2017,Drew Lock,Missouri,2019,,,13,pass,0.6166675090789795,False,84.0
2017,Drew Lock,Missouri,2019,,,0,pass,-0.6356396675109863,False,71.0
2017,Drew Lock,Missouri,2019,,,9,pass,0.5488090515136719,False,46.0
2017,Drew Lock,Missouri,2019,,,0,pass,-0.5574972629547119,False,37.0
2017,Drew Lock,Missouri,2019,,,0,pass,-0.5423872470855713,False,33.0
2017,Drew Lock,Missouri,2019,,,13,pass,1.1119310855865479,False,33.0
2017,Drew Lock,Missouri,2019,,,4,pass,-0.03230428695678711,False,20.0
2017,Drew Lock,Missouri,2019,,,-17,pass,-2.7161970138549805,False,16.0
2017,Drew Lock,Missouri,2019,,,13,pass,0.2306652069091797,False,33.0
2017,Drew Lock,Missouri,2019,,,9,pass,1.2430620193481445,True,9.0
2017,Drew Lock,Missouri,2019,,,35,pass,1.4714195728302002,False,75.0
2017,Drew Lock,Missouri,2019,,,17,pass,0.8566398620605469,False,40.0
2017,Drew Lock,Missouri,2019,,,5,pass,0.03349184989929199,False,80.0
2017,Drew Lock,Missouri,2019,,,4,pass,1.2695059776306152,True,4.0
2017,Drew Lock,Missouri,2019,,,17,pass,0.9282088279724121,False,71.0
2017,Drew Lock,Missouri,2019,,,10,pass,0.5955498218536377,False,54.0
2017,Drew Lock,Missouri,2019,,,4,pass,0.8959040641784668,True,4.0
2017,Drew Lock,Missouri,2019,,,21,pass,1.398651123046875,False,70.0
2017,Drew Lock,Missouri,2019,,,14,pass,0.8102438449859619,False,49.0
2017,Drew Lock,Missouri,2019,,,8,pass,0.6959123611450195,False,35.0
2017,Drew Lock,Missouri,2019,,,23,pass,1.6731643676757812,False,27.0
2017,Drew Lock,Missouri,2019,,,-7,pass,-1.1180585622787476,False,82.0
2017,Drew Lock,Missouri,2019,,,0,pass,-1.0582870244979858,False,78.0
2017,Drew Lock,Missouri,2019,,,5,pass,0.776405394077301,False,78.0
2017,Drew Lock,Missouri,2019,,,4,pass,1.3697161674499512,True,4.0
2017,Drew Lock,Missouri,2019,,,8,pass,1.4048709869384766,False,68.0
2017,Drew Lock,Missouri,2019,,,12,pass,0.4332737922668457,False,60.0
2017,Drew Lock,Missouri,2019,,,18,pass,0.669926643371582,False,48.0
2017,Drew Lock,Missouri,2019,,,13,pass,0.817018985748291,False,63.0
2017,Drew Lock,Missouri,2019,,,49,pass,2.776693105697632,False,50.0
2017,Drew Lock,Missouri,2019,,,0,pass,-0.7078723907470703,False,67.0
2017,Drew Lock,Missouri,2019,,,0,pass,-1.0579646825790405,False,67.0
2017,Drew Lock,Missouri,2019,,,7,pass,-0.5318887233734131,False,67.0
2017,Drew Lock,Missouri,2019,,,15,pass,1.0309889316558838,False,36.0
2017,Drew Lock,Missouri,2019,,,15,pass,2.672900676727295,True,15.0
2017,Drew Lock,Missouri,2019,,,38,pass,2.607813596725464,False,55.0
2017,Drew Lock,Missouri,2019,,,15,pass,0.8674346208572388,False,82.0
2017,Drew Lock,Missouri,2019,,,2,pass,-0.3264760971069336,False,67.0
2017,Drew Lock,Missouri,2019,,,36,pass,2.0234570503234863,False,71.0
2017,Drew Lock,Missouri,2019,,,5,pass,2.210327625274658,True,5.0
2017,Drew Lock,Missouri,2019,,,6,pass,0.09981632232666016,False,11.0
2017,Drew Lock,Missouri,2019,,,0,pass,-0.9842791557312012,False,5.0
2017,Drew Lock,Missouri,2019,,,0,pass,-0.715559720993042,False,48.0
2017,Drew Lock,Missouri,2019,,,0,pass,-4.245588779449463,False,20.0
2017,Drew Lock,Missouri,2019,,,20,pass,2.2593812942504883,True,20.0
2017,Drew Lock,Missouri,2019,,,21,pass,1.4163181781768799,False,45.0
2017,Drew Lock,Missouri,2019,,,7,pass,0.25394392013549805,False,50.0
2017,Drew Lock,Missouri,2019,,,0,pass,-0.869758129119873,False,6.0
2017,Drew Lock,Missouri,2019,,,0,pass,-1.7991864681243896,False,6.0
2017,Drew Lock,Missouri,2019,,,23,pass,2.7587428092956543,True,23.0
2017,Drew Lock,Missouri,2019,,,9,pass,0.48920178413391113,False,43.0
2017,Drew Lock,Missouri,2019,,,0,pass,-1.5397405624389648,False,76.0
2017,Drew Lock,Missouri,2019,,,50,pass,3.1906392574310303,True,50.0
2017,Drew Lock,Missouri,2019,,,0,pass,-0.5391897559165955,False,72.0
2017,Drew Lock,Missouri,2019,,,0,pass,-0.8934223651885986,False,57.0
2017,Drew Lock,Missouri,2019,,,19,pass,2.1067893505096436,False,57.0
2017,Drew Lock,Missouri,2019,,,9,pass,0.8151695728302002,False,38.0
2017,Drew Lock,Missouri,2019,,,0,pass,-0.7543375492095947,False,24.0
2017,Drew Lock,Missouri,2019,,,31,pass,2.8748717308044434,True,31.0
2017,Drew Lock,Missouri,2019,,,70,pass,-9.868242263793945,True,51.0
2017,Drew Lock,Missouri,2019,,,9,pass,1.1718558073043823,False,75.0
2017,Drew Lock,Missouri,2019,,,7,pass,0.453566312789917,False,59.0
2017,Drew Lock,Missouri,2019,,,0,pass,0.16681694984436035,False,51.0
2017,Drew Lock,Missouri,2019,,,8,pass,0.6334390640258789,False,26.0
2017,Drew Lock,Missouri,2019,,,4,pass,0.049448490142822266,False,18.0
2017,Drew Lock,Missouri,2019,,,0,pass,-0.6998555660247803,False,79.0
2017,Drew Lock,Missouri,2019,,,0,pass,-1.9117990732192993,False,73.0
2017,Drew Lock,Missouri,2019,,,57,pass,5.590234756469727,True,57.0
2017,Drew Lock,Missouri,2019,,,0,pass,-0.9397997856140137,False,79.0
2017,Drew Lock,Missouri,2019,,,20,pass,2.476158618927002,False,79.0
2017,Drew Lock,Missouri,2019,,,0,pass,-0.9922963380813599,False,81.0
2017,Drew Lock,Missouri,2019,,,8,pass,1.2455697059631348,False,90.0
2017,Drew Lock,Missouri,2019,,,0,pass,-1.9701712131500244,False,75.0
2017,Drew Lock,Missouri,2019,,,0,pass,-1.3634755611419678,False,23.0
2017,Drew Lock,Missouri,2019,,,3,pass,-0.4690990447998047,False,71.0
2017,Drew Lock,Missouri,2019,,,24,pass,1.3625476360321045,False,68.0
2017,Drew Lock,Missouri,2019,,,30,pass,4.733917236328125,True,30.0
2017,Drew Lock,Missouri,2019,,,0,pass,-0.8051342964172363,False,30.0
2017,Drew Lock,Missouri,2019,,,4,pass,-0.17358779907226562,False,66.0
2017,Drew Lock,Missouri,2019,,,71,pass,4.611065864562988,False,83.0
2017,Drew Lock,Missouri,2019,,,0,pass,-1.4909305572509766,False,76.0
2017,Drew Lock,Missouri,2019,,,0,pass,-0.9964168071746826,False,64.0
2017,Drew Lock,Missouri,2019,,,0,pass,-2.3339130878448486,False,25.0
2017,Drew Lock,Missouri,2019,,,7,pass,2.840013027191162,True,7.0
2017,Drew Lock,Missouri,2019,,,11,pass,0.7961492538452148,False,59.0
2017,Drew Lock,Missouri,2019,,,0,pass,-0.7534832954406738,False,7.0
2017,Drew Lock,Missouri,2019,,,0,pass,-4.489641189575195,False,7.0
2017,Drew Lock,Missouri,2019,,,10,pass,0.5357701182365417,False,82.0
2017,Drew Lock,Missouri,2019,,,24,pass,2.930748462677002,False,74.0
2017,Drew Lock,Missouri,2019,,,9,pass,0.6086912155151367,False,28.0
2017,Drew Lock,Missouri,2019,,,24,pass,3.3195841312408447,True,24.0
2017,Drew Lock,Missouri,2019,,,0,pass,-0.7142919301986694,False,89.0
2017,Drew Lock,Missouri,2019,,,41,pass,3.434978485107422,False,89.0
2017,Drew Lock,Missouri,2019,,,8,pass,3.1691017150878906,True,8.0
2017,Drew Lock,Missouri,2019,,,11,pass,1.7918193340301514,False,36.0
2017,Drew Lock,Missouri,2019,,,0,pass,-0.8771834373474121,False,8.0
2017,Drew Lock,Missouri,2019,,,0,pass,-0.591330885887146,False,75.0
2017,Drew Lock,Missouri,2019,,,9,pass,0.9311907887458801,False,75.0
2017,Drew Lock,Missouri,2019,,,12,pass,1.242047667503357,False,65.0
2017,Drew Lock,Missouri,2019,,,12,pass,0.8721640110015869,False,53.0
2017,Drew Lock,Missouri,2019,,,8,pass,0.8104723691940308,False,85.0
2017,Drew Lock,Missouri,2019,,,35,pass,-4.964258193969727,False,25.0
2017,Drew Lock,Missouri,2019,,,26,pass,1.4343457221984863,False,51.0
2017,Drew Lock,Missouri,2019,,,-1,pass,-0.8099288940429688,False,24.0
2017,Drew Lock,Missouri,2019,,,6,pass,-0.9663265347480774,False,79.0
2017,Drew Lock,Missouri,2019,,,10,pass,0.8146591186523438,False,63.0
2017,Drew Lock,Missouri,2019,,,-3,pass,-1.0013864040374756,False,53.0
2017,Drew Lock,Missouri,2019,,,31,pass,3.138915777206421,False,56.0
2017,Drew Lock,Missouri,2019,,,10,pass,2.0882339477539062,True,10.0
2017,Drew Lock,Missouri,2019,,,15,pass,0.43775081634521484,False,55.0
2017,Drew Lock,Missouri,2019,,,18,pass,1.0989301204681396,False,40.0
2017,Drew Lock,Missouri,2019,,,56,pass,4.932814598083496,True,56.0
2017,Drew Lock,Missouri,2019,,,11,pass,0.8397014737129211,False,67.0
2017,Drew Lock,Missouri,2019,,,0,pass,-0.19079208374023438,False,45.0
2017,Drew Lock,Missouri,2019,,,6,pass,0.117348313331604,False,45.0
2017,Drew Lock,Missouri,2019,,,0,pass,-1.1036268472671509,False,37.0
2017,Drew Lock,Missouri,2019,,,0,pass,-1.3012489080429077,False,37.0
2017,Drew Lock,Missouri,2019,,,55,pass,6.099571704864502,True,55.0
2017,Drew Lock,Missouri,2019,,,0,pass,-1.1345480680465698,False,83.0
2017,Drew Lock,Missouri,2019,,,5,pass,0.25783514976501465,False,36.0
2017,Drew Lock,Missouri,2019,,,0,pass,-0.6076810359954834,False,23.0
2017,Drew Lock,Missouri,2019,,,19,pass,2.4427292346954346,False,23.0
2017,Drew Lock,Missouri,2019,,,-14,pass,-2.9328415393829346,False,56.0
2017,Drew Lock,Missouri,2019,,,0,pass,-0.9447112083435059,False,56.0
2017,Drew Lock,Missouri,2019,,,12,pass,1.3587218523025513,False,62.0
2017,Drew Lock,Missouri,2019,,,43,pass,-3.7153878211975098,False,41.0
2017,Drew Lock,Missouri,2019,,,-4,pass,-2.781181812286377,False,24.0
2017,Drew Lock,Missouri,2019,,,13,pass,1.0792791843414307,False,37.0
2017,Drew Lock,Missouri,2019,,,23,pass,1.0646251440048218,False,60.0
2017,Drew Lock,Missouri,2019,,,0,pass,-4.144903182983398,False,98.0
2017,Drew Lock,Missouri,2019,,,0,pass,-1.583984613418579,False,50.0
2017,Drew Lock,Missouri,2019,,,16,pass,1.1088287830352783,False,71.0
2017,Drew Lock,Missouri,2019,,,0,pass,-0.1257873773574829,False,90.0
2017,Drew Lock,Missouri,2019,,,0,pass,-0.6496672630310059,False,18.0
2017,Drew Lock,Missouri,2019,,,0,pass,-0.6191163063049316,False,33.0
2017,Drew Lock,Missouri,2019,,,8,pass,2.2953925132751465,False,41.0
2017,Drew Lock,Missouri,2019,,,0,pass,-1.0486133098602295,False,41.0
2017,Drew Lock,Missouri,2019,,,25,pass,3.0603315830230713,False,69.0
2017,Drew Lock,Missouri,2019,,,0,pass,-0.8638362884521484,False,69.0
2017,Drew Lock,Missouri,2019,,,4,pass,-0.1628144085407257,False,73.0
2017,Drew Lock,Missouri,2019,,,10,pass,1.3768497705459595,False,83.0
2017,Drew Lock,Missouri,2019,,,0,pass,-0.8340797424316406,False,93.0
2017,Drew Lock,Missouri,2019,,,0,pass,-0.590638279914856,False,86.0
2017,Drew Lock,Missouri,2019,,,79,pass,6.102947235107422,True,79.0
2017,Drew Lock,Missouri,2019,,,12,pass,-3.430675983428955,False,56.0
2017,Drew Lock,Missouri,2019,,,0,pass,-0.5640339255332947,False,59.0
2017,Drew Lock,Missouri,2019,,,5,pass,0.10597144067287445,False,90.0
2017,Drew Lock,Missouri,2019,,,15,pass,1.9264323711395264,False,29.0
2017,Drew Lock,Missouri,2019,,,19,pass,1.766930103302002,False,50.0
2017,Drew Lock,Missouri,2019,,,4,pass,-0.978398859500885,False,57.0
2017,Drew Lock,Missouri,2019,,,0,pass,-0.669944167137146,False,61.0
2017,Drew Lock,Missouri,2019,,,23,pass,1.8830760717391968,False,84.0
2017,Drew Lock,Missouri,2019,,,4,pass,-0.21855932474136353,False,88.0
2017,Drew Lock,Missouri,2019,,,0,pass,-1.3908579349517822,False,75.0
2017,Drew Lock,Missouri,2019,,,4,pass,-0.2417697310447693,False,91.0
2017,Drew Lock,Missouri,2019,,,3,pass,0.03793513774871826,False,94.0
2017,Drew Lock,Missouri,2019,,,2,pass,-0.5372533798217773,False,87.0
2017,Drew Lock,Missouri,2019,,,0,pass,-0.8365647792816162,False,87.0
2018,Drew Lock,Missouri,2019,,,70,pass,4.03530216217041,True,70.0
2018,Drew Lock,Missouri,2019,,,7,pass,0.30783867835998535,False,75.0
2018,Drew Lock,Missouri,2019,,,-6,pass,-3.9855313301086426,False,64.0
2018,Drew Lock,Missouri,2019,,,-4,pass,1.5953679084777832,False,85.0
2018,Drew Lock,Missouri,2019,,,5,pass,2.1174521446228027,True,5.0
2018,Drew Lock,Missouri,2019,,,8,pass,0.6381306648254395,False,63.0
2018,Drew Lock,Missouri,2019,,,5,pass,-0.13453984260559082,False,55.0
2018,Drew Lock,Missouri,2019,,,8,pass,0.7844994068145752,False,50.0
2018,Drew Lock,Missouri,2019,,,0,pass,-0.5153689384460449,False,11.0
2018,Drew Lock,Missouri,2019,,,62,pass,3.222740411758423,False,74.0
2018,Drew Lock,Missouri,2019,,,0,pass,-0.5346846580505371,False,12.0
2018,Drew Lock,Missouri,2019,,,0,pass,-1.6338131427764893,False,8.0
2018,Drew Lock,Missouri,2019,,,31,pass,3.720332145690918,True,31.0
2018,Drew Lock,Missouri,2019,,,2,pass,-0.4608042240142822,False,33.0
2018,Drew Lock,Missouri,2019,,,9,pass,0.1741011142730713,False,59.0
2018,Drew Lock,Missouri,2019,,,7,pass,1.5161073207855225,False,50.0
2018,Drew Lock,Missouri,2019,,,0,pass,-0.6671538352966309,False,24.0
2018,Drew Lock,Missouri,2019,,,10,pass,1.1325640678405762,False,24.0
2018,Drew Lock,Missouri,2019,,,0,pass,-0.5710558891296387,False,14.0
2018,Drew Lock,Missouri,2019,,,34,pass,2.607532024383545,True,34.0
2018,Drew Lock,Missouri,2019,,,0,pass,-0.7961781024932861,False,44.0
2018,Drew Lock,Missouri,2019,,,11,pass,0.8744461536407471,False,51.0
2018,Drew Lock,Missouri,2019,,,7,pass,0.5113470554351807,False,40.0
2018,Drew Lock,Missouri,2019,,,17,pass,2.013178586959839,False,32.0
2018,Drew Lock,Missouri,2019,,,6,pass,0.07029294967651367,False,15.0
2018,Drew Lock,Missouri,2019,,,8,pass,1.3945913314819336,False,49.0
2018,Drew Lock,Missouri,2019,,,0,pass,-1.4079108238220215,False,25.0
2018,Drew Lock,Missouri,2019,,,14,pass,2.7733545303344727,True,14.0
2018,Drew Lock,Missouri,2019,,,5,pass,0.9264822006225586,False,56.0
2018,Drew Lock,Missouri,2019,,,32,pass,3.055392265319824,False,49.0
2018,Drew Lock,Missouri,2019,,,0,pass,-0.8342604637145996,False,14.0
2018,Drew Lock,Missouri,2019,,,2,pass,-0.5624899864196777,False,58.0
2018,Drew Lock,Missouri,2019,,,9,pass,1.411463737487793,False,70.0
2018,Drew Lock,Missouri,2019,,,12,pass,1.2235627174377441,True,12.0
2018,Drew Lock,Missouri,2019,,,9,pass,0.4151747226715088,False,63.0
2018,Drew Lock,Missouri,2019,,,13,pass,0.6331620216369629,False,25.0
2018,Drew Lock,Missouri,2019,,,28,pass,2.6351280212402344,True,28.0
2018,Drew Lock,Missouri,2019,,,27,pass,2.1711807250976562,False,77.0
2018,Drew Lock,Missouri,2019,,,0,pass,-0.8774740695953369,False,43.0
2018,Drew Lock,Missouri,2019,,,3,pass,1.0235645771026611,False,43.0
2018,Drew Lock,Missouri,2019,,,0,pass,-0.5686273574829102,False,28.0
2018,Drew Lock,Missouri,2019,,,19,pass,2.6327829360961914,True,19.0
2018,Drew Lock,Missouri,2019,,,5,pass,0.3079257011413574,False,24.0
2018,Drew Lock,Missouri,2019,,,8,pass,1.1245362758636475,False,37.0
2018,Drew Lock,Missouri,2019,,,5,pass,0.2518584728240967,False,29.0
2018,Drew Lock,Missouri,2019,,,0,pass,-0.5058131217956543,False,73.0
2018,Drew Lock,Missouri,2019,,,10,pass,0.831328272819519,False,73.0
2018,Drew Lock,Missouri,2019,,,0,pass,-0.5321863293647766,False,60.0
2018,Drew Lock,Missouri,2019,,,11,pass,0.33201396465301514,False,52.0
2018,Drew Lock,Missouri,2019,,,4,pass,-0.15114045143127441,False,41.0
2018,Drew Lock,Missouri,2019,,,36,pass,3.569145679473877,False,93.0
2018,Drew Lock,Missouri,2019,,,19,pass,0.8609659671783447,False,52.0
2018,Drew Lock,Missouri,2019,,,12,pass,0.4977145195007324,False,22.0
2018,Drew Lock,Missouri,2019,,,25,pass,2.4728920459747314,False,78.0
2018,Drew Lock,Missouri,2019,,,0,pass,-0.978693962097168,False,48.0
2018,Drew Lock,Missouri,2019,,,13,pass,1.8623812198638916,False,48.0
2018,Drew Lock,Missouri,2019,,,5,pass,0.07721376419067383,False,36.0
2018,Drew Lock,Missouri,2019,,,0,pass,-1.4755150079727173,False,31.0
2018,Drew Lock,Missouri,2019,,,6,pass,0.22088193893432617,False,61.0
2018,Drew Lock,Missouri,2019,,,9,pass,-4.924295425415039,False,55.0
2018,Drew Lock,Missouri,2019,,,16,pass,0.9553438425064087,False,68.0
2018,Drew Lock,Missouri,2019,,,14,pass,0.9183804988861084,False,52.0
2018,Drew Lock,Missouri,2019,,,-1,pass,-1.4539985656738281,False,38.0
2018,Drew Lock,Missouri,2019,,,8,pass,0.8336806297302246,False,50.0
2018,Drew Lock,Missouri,2019,,,12,pass,1.4540815353393555,False,44.0
2018,Drew Lock,Missouri,2019,,,0,pass,-0.6067814826965332,False,32.0
2018,Drew Lock,Missouri,2019,,,0,pass,-1.4650194644927979,False,29.0
2018,Drew Lock,Missouri,2019,,,0,pass,-0.6038125157356262,False,75.0
2018,Drew Lock,Missouri,2019,,,20,pass,1.820451021194458,False,75.0
2018,Drew Lock,Missouri,2019,,,25,pass,1.2037408351898193,False,39.0
2018,Drew Lock,Missouri,2019,,,12,pass,0.8396141529083252,False,75.0
2018,Drew Lock,Missouri,2019,,,7,pass,0.49294114112854004,False,57.0
2018,Drew Lock,Missouri,2019,,,8,pass,0.3874199390411377,False,43.0
2018,Drew Lock,Missouri,2019,,,0,pass,-1.7809267044067383,False,35.0
2018,Drew Lock,Missouri,2019,,,0,pass,-3.4542365074157715,False,19.0
2018,Drew Lock,Missouri,2019,,,-16,pass,-1.756993055343628,False,57.0
2018,Drew Lock,Missouri,2019,,,-2,pass,-0.9902624487876892,False,73.0
2018,Drew Lock,Missouri,2019,,,5,pass,0.053894758224487305,False,64.0
2018,Drew Lock,Missouri,2019,,,29,pass,6.023853302001953,False,51.0
2018,Drew Lock,Missouri,2019,,,9,pass,0.45124340057373047,False,22.0
2018,Drew Lock,Missouri,2019,,,7,pass,0.09496775269508362,False,75.0
2018,Drew Lock,Missouri,2019,,,6,pass,0.12417817115783691,False,72.0
2018,Drew Lock,Missouri,2019,,,0,pass,-0.4675116539001465,False,64.0
2018,Drew Lock,Missouri,2019,,,16,pass,0.9464825391769409,False,64.0
2018,Drew Lock,Missouri,2019,,,10,pass,0.9149773120880127,False,48.0
2018,Drew Lock,Missouri,2019,,,6,pass,0.40988993644714355,False,38.0
2018,Drew Lock,Missouri,2019,,,0,pass,-0.5409469604492188,False,32.0
2018,Drew Lock,Missouri,2019,,,2,pass,1.1068553924560547,True,2.0
2018,Drew Lock,Missouri,2019,,,15,pass,0.740156888961792,False,57.0
2018,Drew Lock,Missouri,2019,,,11,pass,0.4465327262878418,False,52.0
2018,Drew Lock,Missouri,2019,,,30,pass,4.595497131347656,False,40.0
2018,Drew Lock,Missouri,2019,,,59,pass,5.604825019836426,True,59.0
2018,Drew Lock,Missouri,2019,,,0,pass,-0.6035393476486206,False,75.0
2018,Drew Lock,Missouri,2019,,,7,pass,-0.08520407974720001,False,73.0
2018,Drew Lock,Missouri,2019,,,14,pass,0.8024475574493408,False,58.0
2018,Drew Lock,Missouri,2019,,,7,pass,0.42731189727783203,False,28.0
2018,Drew Lock,Missouri,2019,,,0,pass,-0.5633430480957031,False,13.0
2018,Drew Lock,Missouri,2019,,,0,pass,-1.1373646259307861,False,11.0
2018,Drew Lock,Missouri,2019,,,21,pass,3.5898261070251465,True,21.0
2018,Drew Lock,Missouri,2019,,,42,pass,3.188891887664795,False,75.0
2018,Drew Lock,Missouri,2019,,,0,pass,-0.5688884258270264,False,22.0
2018,Drew Lock,Missouri,2019,,,6,pass,0.4187847971916199,False,75.0
2018,Drew Lock,Missouri,2019,,,0,pass,-0.6869878768920898,False,44.0
2018,Drew Lock,Missouri,2019,,,18,pass,2.5733275413513184,False,42.0
2018,Drew Lock,Missouri,2019,,,0,pass,-0.7766537666320801,False,22.0
2018,Drew Lock,Missouri,2019,,,0,pass,-3.0746209621429443,False,22.0
2018,Drew Lock,Missouri,2019,,,0,pass,-2.7000651359558105,False,75.0
2018,Drew Lock,Missouri,2019,,,0,pass,-0.5247271060943604,False,75.0
2018,Drew Lock,Missouri,2019,,,2,pass,-2.8070173263549805,False,61.0
2018,Drew Lock,Missouri,2019,,,0,pass,-1.572939157485962,False,61.0
2018,Drew Lock,Missouri,2019,,,7,pass,0.8346724510192871,False,68.0
2018,Drew Lock,Missouri,2019,,,0,pass,-0.863261878490448,False,68.0
2018,Drew Lock,Missouri,2019,,,12,pass,0.8387621641159058,False,80.0
2018,Drew Lock,Missouri,2019,,,10,pass,1.6142628192901611,False,32.0
2018,Drew Lock,Missouri,2019,,,11,pass,2.9072892665863037,False,50.0
2018,Drew Lock,Missouri,2019,,,0,pass,-1.416105031967163,False,50.0
2018,Drew Lock,Missouri,2019,,,16,pass,1.320413589477539,False,75.0
2018,Drew Lock,Missouri,2019,,,11,pass,1.4285907745361328,False,17.0
2018,Drew Lock,Missouri,2019,,,16,pass,2.9921867847442627,False,46.0
2018,Drew Lock,Missouri,2019,,,0,pass,-1.070632815361023,False,46.0
2018,Drew Lock,Missouri,2019,,,0,pass,-0.6607056856155396,False,46.0
2018,Drew Lock,Missouri,2019,,,14,pass,1.305659532546997,False,60.0
2018,Drew Lock,Missouri,2019,,,0,pass,-0.8166646957397461,False,11.0
2018,Drew Lock,Missouri,2019,,,12,pass,2.180619478225708,False,23.0
2018,Drew Lock,Missouri,2019,,,12,pass,1.104625940322876,False,51.0
2018,Drew Lock,Missouri,2019,,,14,pass,1.0702359676361084,False,65.0
2018,Drew Lock,Missouri,2019,,,0,pass,-1.2571579217910767,False,63.0
2018,Drew Lock,Missouri,2019,,,0,pass,-0.9921168088912964,False,64.0
2018,Drew Lock,Missouri,2019,,,-6,pass,-2.5219228267669678,False,69.0
2018,Drew Lock,Missouri,2019,,,0,pass,-0.18954667448997498,False,69.0
2018,Drew Lock,Missouri,2019,,,-3,pass,-3.6962599754333496,False,42.0
2018,Drew Lock,Missouri,2019,,,7,pass,-0.017490863800048828,False,49.0
2018,Drew Lock,Missouri,2019,,,8,pass,1.5444931983947754,False,57.0
2018,Drew Lock,Missouri,2019,,,4,pass,-0.11603701114654541,False,61.0
2018,Drew Lock,Missouri,2019,,,0,pass,-0.7213921546936035,False,73.0
2018,Drew Lock,Missouri,2019,,,2,pass,-0.6556954383850098,False,75.0
2018,Drew Lock,Missouri,2019,,,0,pass,-1.2528712749481201,False,75.0
2018,Drew Lock,Missouri,2019,,,0,pass,-0.9086927175521851,False,75.0
2018,Drew Lock,Missouri,2019,,,0,pass,-0.5620542764663696,False,75.0
2018,Drew Lock,Missouri,2019,,,43,pass,-7.5054707527160645,False,58.0
2018,Drew Lock,Missouri,2019,,,5,pass,0.5154052972793579,False,68.0
2018,Drew Lock,Missouri,2019,,,0,pass,-0.8252730369567871,False,7.0
2018,Drew Lock,Missouri,2019,,,9,pass,1.040928840637207,False,23.0
2018,Drew Lock,Missouri,2019,,,8,pass,1.2555880546569824,False,41.0
2018,Drew Lock,Missouri,2019,,,0,pass,-0.9405792951583862,False,23.0
2018,Drew Lock,Missouri,2019,,,0,pass,-0.7462327480316162,False,23.0
2018,Drew Lock,Missouri,2019,,,7,pass,0.7520768642425537,False,31.0
2018,Drew Lock,Missouri,2019,,,0,pass,-1.0124731063842773,False,40.0
2018,Drew Lock,Missouri,2019,,,25,pass,1.765021562576294,False,66.0
2018,Drew Lock,Missouri,2019,,,5,pass,0.1271207332611084,False,71.0
2018,Drew Lock,Missouri,2019,,,0,pass,0.013097874820232391,False,67.0
2018,Drew Lock,Missouri,2019,,,18,pass,0.498555064201355,False,71.0
2018,Drew Lock,Missouri,2019,,,0,pass,-2.6407763957977295,False,87.0
2018,Drew Lock,Missouri,2019,,,-2,pass,-1.8267611265182495,False,24.0
2018,Drew Lock,Missouri,2019,,,12,pass,-4.921360015869141,True,83.0
2018,Drew Lock,Missouri,2019,,,0,pass,-0.9466409683227539,False,7.0
2018,Drew Lock,Missouri,2019,,,0,pass,-1.3448317050933838,False,7.0
2018,Drew Lock,Missouri,2019,,,0,pass,-0.6623054146766663,False,81.0
2018,Drew Lock,Missouri,2019,,,4,pass,-0.06345188617706299,False,75.0
2018,Drew Lock,Missouri,2019,,,0,pass,-1.0575530529022217,False,71.0
2018,Drew Lock,Missouri,2019,,,0,pass,-1.3040361404418945,False,3.0
2018,Drew Lock,Missouri,2019,,,21,pass,2.3841378688812256,False,24.0
2018,Drew Lock,Missouri,2019,,,6,pass,1.2595645189285278,False,80.0
2018,Drew Lock,Missouri,2019,,,12,pass,0.3262099027633667,False,65.0
2018,Drew Lock,Missouri,2019,,,1,pass,-0.41980624198913574,False,53.0
2018,Drew Lock,Missouri,2019,,,7,pass,0.2794489860534668,False,52.0
2018,Drew Lock,Missouri,2019,,,2,pass,-0.6534364819526672,False,63.0
2018,Drew Lock,Missouri,2019,,,44,pass,4.01617956161499,False,61.0
2018,Drew Lock,Missouri,2019,,,13,pass,0.8141217231750488,False,27.0
2018,Drew Lock,Missouri,2019,,,0,pass,-0.7756469249725342,False,14.0
2018,Drew Lock,Missouri,2019,,,0,pass,-1.1445178985595703,False,14.0
2018,Drew Lock,Missouri,2019,,,5,pass,0.17831945419311523,False,75.0
2018,Drew Lock,Missouri,2019,,,0,pass,-0.5971392393112183,False,63.0
2018,Drew Lock,Missouri,2019,,,7,pass,0.06781566143035889,False,63.0
2018,Drew Lock,Missouri,2019,,,0,pass,-1.496895670890808,False,61.0
2018,Drew Lock,Missouri,2019,,,0,pass,-1.6695096492767334,False,4.0
2018,Drew Lock,Missouri,2019,,,7,pass,0.4387667179107666,False,62.0
2018,Drew Lock,Missouri,2019,,,18,pass,1.2395601272583008,False,55.0
2018,Drew Lock,Missouri,2019,,,12,pass,0.9186275005340576,False,75.0
2018,Drew Lock,Missouri,2019,,,-3,pass,-1.6490360498428345,False,63.0
2018,Drew Lock,Missouri,2019,,,0,pass,-0.980628490447998,False,56.0
2018,Drew Lock,Missouri,2019,,,44,pass,3.2268879413604736,False,45.0
2018,Drew Lock,Missouri,2019,,,0,pass,-3.044989824295044,False,8.0
2018,Drew Lock,Missouri,2019,,,5,pass,1.379176139831543,False,19.0
2018,Drew Lock,Missouri,2019,,,6,pass,0.18048715591430664,False,25.0
2018,Drew Lock,Missouri,2019,,,0,pass,-0.5259170532226562,False,25.0
2018,Drew Lock,Missouri,2019,,,9,pass,3.6025490760803223,False,34.0
2018,Drew Lock,Missouri,2019,,,-1,pass,-1.6039338111877441,False,33.0
2018,Drew Lock,Missouri,2019,,,4,pass,0.3336171805858612,False,57.0
2018,Drew Lock,Missouri,2019,,,0,pass,-0.23497223854064941,True,94.0
2018,Drew Lock,Missouri,2019,,,0,pass,-0.7947904467582703,False,64.0
2018,Drew Lock,Missouri,2019,,,-8,pass,-2.376420736312866,False,56.0
2018,Drew Lock,Missouri,2019,,,0,pass,-0.853980541229248,False,59.0
2018,Drew Lock,Missouri,2019,,,2,pass,-0.9864349365234375,False,74.0
2018,Drew Lock,Missouri,2019,,,6,pass,0.583057701587677,False,75.0
2018,Drew Lock,Missouri,2019,,,0,pass,-0.6506152153015137,False,52.0
2018,Drew Lock,Missouri,2019,,,6,pass,-0.059986233711242676,False,58.0
2018,Drew Lock,Missouri,2019,,,0,pass,-0.4700900912284851,False,58.0
2018,Drew Lock,Missouri,2019,,,17,pass,0.6292441487312317,False,75.0
2018,Drew Lock,Missouri,2019,,,8,pass,0.1498393714427948,False,55.0
2018,Drew Lock,Missouri,2019,,,24,pass,3.678833484649658,False,78.0
2018,Drew Lock,Missouri,2019,,,-18,pass,-4.688290596008301,False,69.0
2018,Drew Lock,Missouri,2019,,,20,pass,2.454779624938965,True,20.0
2018,Drew Lock,Missouri,2019,,,12,pass,1.2790603637695312,False,37.0
2018,Drew Lock,Missouri,2019,,,0,pass,-0.5652221441268921,False,48.0
2018,Drew Lock,Missouri,2019,,,0,pass,-1.3630000352859497,False,58.0
2018,Drew Lock,Missouri,2019,,,0,pass,-0.9254752397537231,False,58.0
2018,Drew Lock,Missouri,2019,,,23,pass,3.2861695289611816,False,83.0
2018,Drew Lock,Missouri,2019,,,33,pass,-5.692047119140625,False,68.0
2018,Drew Lock,Missouri,2019,,,6,pass,0.9800171852111816,False,65.0
2018,Drew Lock,Missouri,2019,,,23,pass,1.6496543884277344,True,23.0
2018,Drew Lock,Missouri,2019,,,19,pass,1.388442039489746,False,85.0
2018,Drew Lock,Missouri,2019,,,4,pass,1.0312705039978027,False,57.0
2018,Drew Lock,Missouri,2019,,,7,pass,0.19542932510375977,False,53.0
2018,Drew Lock,Missouri,2019,,,19,pass,0.654273509979248,False,42.0
2018,Drew Lock,Missouri,2019,,,13,pass,0.59393310546875,False,75.0
2018,Drew Lock,Missouri,2019,,,4,pass,-0.2317793369293213,False,62.0
2018,Drew Lock,Missouri,2019,,,17,pass,1.019334316253662,False,37.0
2018,Drew Lock,Missouri,2019,,,0,pass,-0.5609211921691895,False,20.0
2018,Drew Lock,Missouri,2019,,,5,pass,-0.2971158027648926,False,20.0
2018,Drew Lock,Missouri,2019,,,0,pass,-4.562475681304932,False,15.0
2018,Drew Lock,Missouri,2019,,,47,pass,5.141229629516602,True,47.0
2018,Drew Lock,Missouri,2019,,,8,pass,0.009899735450744629,False,75.0
2018,Drew Lock,Missouri,2019,,,9,pass,0.5859056711196899,False,67.0
2018,Drew Lock,Missouri,2019,,,6,pass,-0.2752307653427124,False,58.0
2018,Drew Lock,Missouri,2019,,,3,pass,-0.05796647071838379,False,52.0
2018,Drew Lock,Missouri,2019,,,44,pass,3.433690309524536,True,44.0
2018,Drew Lock,Missouri,2019,,,58,pass,3.618893623352051,True,58.0
2018,Drew Lock,Missouri,2019,,,8,pass,2.6158549785614014,False,66.0
2018,Drew Lock,Missouri,2019,,,0,pass,-0.5729255080223083,False,75.0
2018,Drew Lock,Missouri,2019,,,8,pass,0.04486984759569168,False,74.0
2018,Drew Lock,Missouri,2019,,,4,pass,-0.15282630920410156,False,75.0
2018,Drew Lock,Missouri,2019,,,0,pass,-0.9120181798934937,False,71.0
2018,Drew Lock,Missouri,2019,,,0,pass,-1.6282731294631958,False,71.0
2018,Drew Lock,Missouri,2019,,,1,pass,-1.458022117614746,False,76.0
2018,Drew Lock,Missouri,2019,,,41,pass,2.569608211517334,False,75.0
2018,Drew Lock,Missouri,2019,,,11,pass,0.48279809951782227,False,34.0
2018,Drew Lock,Missouri,2019,,,0,pass,-0.9603615999221802,False,74.0
2018,Drew Lock,Missouri,2019,,,0,pass,-0.5154646635055542,False,75.0
2018,Drew Lock,Missouri,2019,,,0,pass,-0.6712408065795898,False,75.0
2018,Drew Lock,Missouri,2019,,,9,pass,-0.18428249657154083,False,75.0
2018,Drew Lock,Missouri,2019,,,-6,pass,-1.0877082347869873,False,44.0
2018,Drew Lock,Missouri,2019,,,7,pass,-0.8814384937286377,False,48.0
2018,Drew Lock,Missouri,2019,,,9,pass,0.505730390548706,False,80.0
2018,Drew Lock,Missouri,2019,,,0,pass,-0.6095075607299805,False,45.0
2018,Drew Lock,Missouri,2019,,,5,pass,-0.3153076171875,False,45.0
2018,Drew Lock,Missouri,2019,,,-11,pass,-2.9313294887542725,False,40.0
2018,Drew Lock,Missouri,2019,,,0,pass,-1.8185995817184448,False,78.0
2018,Drew Lock,Missouri,2019,,,1,pass,-0.31681180000305176,False,58.0
2018,Drew Lock,Missouri,2019,,,4,pass,-0.9293103218078613,False,61.0
2018,Drew Lock,Missouri,2019,,,0,pass,-0.3411984443664551,False,2.0
2018,Drew Lock,Missouri,2019,,,23,pass,1.9980084896087646,False,51.0
2018,Drew Lock,Missouri,2019,,,0,pass,-0.6328660845756531,False,82.0
2018,Drew Lock,Missouri,2019,,,15,pass,2.0162270069122314,False,76.0
2018,Drew Lock,Missouri,2019,,,0,pass,-0.811895489692688,False,60.0
2018,Drew Lock,Missouri,2019,,,0,pass,-1.3874619007110596,False,60.0
2018,Drew Lock,Missouri,2019,,,0,pass,-1.0101125240325928,False,10.0
2018,Drew Lock,Missouri,2019,,,29,pass,1.9635143280029297,False,73.0
2018,Drew Lock,Missouri,2019,,,9,pass,1.8884752988815308,False,40.0
2018,Drew Lock,Missouri,2019,,,2,pass,-0.6107760667800903,False,70.0
2018,Drew Lock,Missouri,2019,,,5,pass,1.413325548171997,False,68.0
2018,Drew Lock,Missouri,2019,,,10,pass,1.323340654373169,False,61.0
2018,Drew Lock,Missouri,2019,,,22,pass,0.9610469341278076,False,51.0
2018,Drew Lock,Missouri,2019,,,0,pass,-0.5899994373321533,False,29.0
2018,Drew Lock,Missouri,2019,,,5,pass,-0.31811046600341797,False,30.0
2018,Drew Lock,Missouri,2019,,,21,pass,0.43390536308288574,False,70.0
2018,Drew Lock,Missouri,2019,,,3,pass,-0.25006651878356934,False,44.0
2018,Drew Lock,Missouri,2019,,,0,pass,-1.3889386653900146,False,22.0
2018,Drew Lock,Missouri,2019,,,4,pass,1.8098387718200684,True,4.0
2018,Drew Lock,Missouri,2019,,,21,pass,1.2073664665222168,False,44.0
2018,Drew Lock,Missouri,2019,,,0,pass,-0.6063461303710938,False,23.0
2018,Drew Lock,Missouri,2019,,,12,pass,1.7786328792572021,False,22.0
2018,Drew Lock,Missouri,2019,,,41,pass,3.1400139331817627,True,41.0
2018,Drew Lock,Missouri,2019,,,-2,pass,-1.5139135122299194,False,66.0
2018,Drew Lock,Missouri,2019,,,12,pass,2.1269917488098145,False,66.0
2018,Drew Lock,Missouri,2019,,,7,pass,0.04742789268493652,False,54.0
2018,Drew Lock,Missouri,2019,,,3,pass,1.0718817710876465,False,47.0
2018,Drew Lock,Missouri,2019,,,6,pass,-0.036803603172302246,False,75.0
2018,Drew Lock,Missouri,2019,,,0,pass,-0.5009261965751648,False,69.0
2018,Drew Lock,Missouri,2019,,,0,pass,-0.9976401329040527,False,69.0
2018,Drew Lock,Missouri,2019,,,-2,pass,-0.8969817161560059,False,52.0
2018,Drew Lock,Missouri,2019,,,41,pass,3.4857044219970703,False,54.0
2018,Drew Lock,Missouri,2019,,,0,pass,-1.7892577648162842,False,84.0
2018,Drew Lock,Missouri,2019,,,22,pass,3.2168807983398438,True,22.0
2018,Drew Lock,Missouri,2019,,,3,pass,-0.1361227035522461,False,25.0
2018,Drew Lock,Missouri,2019,,,0,pass,-0.7862861156463623,False,22.0
2018,Drew Lock,Missouri,2019,,,6,pass,0.174454927444458,False,47.0
2018,Drew Lock,Missouri,2019,,,7,pass,0.47246408462524414,False,41.0
2018,Drew Lock,Missouri,2019,,,0,pass,-0.8701422214508057,False,34.0
2018,Drew Lock,Missouri,2019,,,1,pass,-0.7909047603607178,False,73.0
2018,Drew Lock,Missouri,2019,,,10,pass,2.307457208633423,False,72.0
2018,Drew Lock,Missouri,2019,,,6,pass,0.6100342273712158,False,57.0
2018,Drew Lock,Missouri,2019,,,5,pass,0.21634578704833984,False,51.0
2018,Drew Lock,Missouri,2019,,,11,pass,0.7221667766571045,False,38.0
2018,Drew Lock,Missouri,2019,,,0,pass,-0.9918231964111328,False,92.0
2018,Drew Lock,Missouri,2019,,,3,pass,-0.7803189754486084,False,92.0
2018,Drew Lock,Missouri,2019,,,0,pass,-0.6833901405334473,False,76.0
2018,Drew Lock,Missouri,2019,,,7,pass,-0.3476128578186035,False,77.0
2018,Drew Lock,Missouri,2019,,,4,pass,-0.6071405410766602,False,17.0
2018,Drew Lock,Missouri,2019,,,42,pass,2.9107391834259033,False,63.0
2018,Drew Lock,Missouri,2019,,,2,pass,-3.4913671016693115,False,74.0
2018,Drew Lock,Missouri,2019,,,9,pass,0.7657820582389832,False,70.0
2018,Drew Lock,Missouri,2019,,,15,pass,1.7992026805877686,False,61.0
2018,Drew Lock,Missouri,2019,,,25,pass,2.6535911560058594,False,28.0
2018,Drew Lock,Missouri,2019,,,20,pass,2.377845287322998,True,20.0
2018,Drew Lock,Missouri,2019,,,7,pass,0.5926227569580078,False,42.0
2018,Drew Lock,Missouri,2019,,,10,pass,0.837756872177124,False,30.0
2018,Drew Lock,Missouri,2019,,,11,pass,1.8023009300231934,True,11.0
2018,Drew Lock,Missouri,2019,,,6,pass,0.2816591262817383,False,31.0
2018,Drew Lock,Missouri,2019,,,8,pass,0.9005472660064697,False,25.0
2018,Drew Lock,Missouri,2019,,,0,pass,-0.34326648712158203,False,25.0
2018,Drew Lock,Missouri,2019,,,4,pass,-0.4655275344848633,False,25.0
2018,Drew Lock,Missouri,2019,,,7,pass,0.5923647880554199,False,56.0
2018,Drew Lock,Missouri,2019,,,7,pass,1.4259607791900635,False,46.0
2018,Drew Lock,Missouri,2019,,,2,pass,-0.16783738136291504,False,27.0
2018,Drew Lock,Missouri,2019,,,-4,pass,-1.027557373046875,False,11.0
2018,Drew Lock,Missouri,2019,,,9,pass,1.1548230648040771,False,70.0
2018,Drew Lock,Missouri,2019,,,8,pass,0.6077694892883301,False,49.0
2018,Drew Lock,Missouri,2019,,,7,pass,0.32912421226501465,False,41.0
2018,Drew Lock,Missouri,2019,,,0,pass,-0.5833556652069092,False,34.0
2018,Drew Lock,Missouri,2019,,,0,pass,-0.7952785491943359,False,11.0
2018,Drew Lock,Missouri,2019,,,2,pass,-1.032128095626831,False,76.0
2018,Drew Lock,Missouri,2019,,,0,pass,-1.2714813947677612,False,74.0
2018,Drew Lock,Missouri,2019,,,0,pass,-0.5704413652420044,False,53.0
2018,Drew Lock,Missouri,2019,,,17,pass,-5.666315078735352,False,53.0
2018,Drew Lock,Missouri,2019,,,11,pass,1.0548062324523926,False,75.0
2018,Drew Lock,Missouri,2019,,,0,pass,-0.6272806525230408,False,64.0
2018,Drew Lock,Missouri,2019,,,35,pass,4.067895412445068,False,64.0
2018,Drew Lock,Missouri,2019,,,4,pass,-0.06938624382019043,False,29.0
2018,Drew Lock,Missouri,2019,,,0,pass,-1.1440165042877197,False,40.0
2018,Drew Lock,Missouri,2019,,,15,pass,2.1010820865631104,False,40.0
2018,Drew Lock,Missouri,2019,,,0,pass,-1.229689598083496,False,22.0
2018,Drew Lock,Missouri,2019,,,9,pass,0.5449566841125488,False,74.0
2018,Drew Lock,Missouri,2019,,,5,pass,-4.675088882446289,False,38.0
2018,Drew Lock,Missouri,2019,,,4,pass,-0.5768667459487915,False,58.0
2018,Drew Lock,Missouri,2019,,,21,pass,2.6295714378356934,False,54.0
2018,Drew Lock,Missouri,2019,,,24,pass,1.8200368881225586,False,26.0
2018,Drew Lock,Missouri,2019,,,3,pass,2.5315685272216797,True,3.0
2018,Drew Lock,Missouri,2019,,,2,pass,-0.5049281120300293,False,11.0
2018,Drew Lock,Missouri,2019,,,8,pass,2.699314594268799,True,8.0
2018,Drew Lock,Missouri,2019,,,11,pass,0.8444141745567322,False,77.0
2018,Drew Lock,Missouri,2019,,,12,pass,0.4885671138763428,False,62.0
2018,Drew Lock,Missouri,2019,,,0,pass,-0.46688199043273926,False,40.0
2018,Drew Lock,Missouri,2019,,,18,pass,1.4986164569854736,False,40.0
2018,Drew Lock,Missouri,2019,,,12,pass,0.299379825592041,False,66.0
2018,Drew Lock,Missouri,2019,,,44,pass,3.0077896118164062,False,59.0
2018,Drew Lock,Missouri,2019,,,0,pass,-0.907856822013855,False,52.0
2018,Drew Lock,Missouri,2019,,,-9,pass,-2.082156181335449,False,52.0
2018,Drew Lock,Missouri,2019,,,12,pass,0.5084474086761475,False,65.0
2018,Drew Lock,Missouri,2019,,,9,pass,1.677622675895691,False,47.0
2018,Drew Lock,Missouri,2019,,,9,pass,1.4780900478363037,False,19.0
2018,Drew Lock,Missouri,2019,,,0,pass,-1.4877276420593262,False,5.0
2018,Drew Lock,Missouri,2019,,,0,pass,-0.6374387741088867,False,53.0
2018,Drew Lock,Missouri,2019,,,0,pass,-0.9325315952301025,False,53.0
2018,Drew Lock,Missouri,2019,,,5,pass,-1.3193663358688354,False,53.0
2018,Drew Lock,Missouri,2019,,,30,pass,2.064692497253418,False,60.0
2018,Drew Lock,Missouri,2019,,,8,pass,0.7466917037963867,False,26.0
2018,Drew Lock,Missouri,2019,,,0,pass,-3.3683152198791504,False,17.0
2018,Drew Lock,Missouri,2019,,,4,pass,0.13963913917541504,False,48.0
2018,Drew Lock,Missouri,2019,,,0,pass,-0.810448408126831,False,51.0
2018,Drew Lock,Missouri,2019,,,8,pass,0.0042078495025634766,False,56.0
2018,Drew Lock,Missouri,2019,,,18,pass,1.1366052627563477,False,58.0
2018,Drew Lock,Missouri,2019,,,-15,pass,-2.719707727432251,False,9.0
2018,Drew Lock,Missouri,2019,,,67,pass,4.613668441772461,True,67.0
2018,Drew Lock,Missouri,2019,,,0,pass,-0.5535938739776611,False,81.0
2018,Drew Lock,Missouri,2019,,,9,pass,0.3489046096801758,False,81.0
2018,Drew Lock,Missouri,2019,,,0,pass,-0.584216833114624,False,70.0
2018,Drew Lock,Missouri,2019,,,6,pass,2.5002617835998535,True,6.0
2018,Drew Lock,Missouri,2019,,,9,pass,1.1362037658691406,False,11.0
2018,Drew Lock,Missouri,2019,,,6,pass,1.5150448083877563,False,55.0
2018,Drew Lock,Missouri,2019,,,38,pass,2.058260917663574,False,49.0
2018,Drew Lock,Missouri,2019,,,0,pass,-0.5268440246582031,False,11.0
2018,Drew Lock,Missouri,2019,,,5,pass,-0.5246226787567139,False,66.0
2018,Drew Lock,Missouri,2019,,,0,pass,-0.6897974014282227,False,61.0
2018,Drew Lock,Missouri,2019,,,0,pass,-1.4796987771987915,False,61.0
2018,Drew Lock,Missouri,2019,,,19,pass,1.5402169227600098,False,27.0
2018,Drew Lock,Missouri,2019,,,0,pass,-0.5818843841552734,False,51.0
2018,Drew Lock,Missouri,2019,,,5,pass,-0.7539267539978027,False,48.0
2018,Drew Lock,Missouri,2019,,,6,pass,0.4187847971916199,False,75.0
2018,Drew Lock,Missouri,2019,,,11,pass,0.6158626079559326,False,48.0
2018,Drew Lock,Missouri,2019,,,6,pass,0.17008328437805176,False,37.0
2018,Drew Lock,Missouri,2019,,,4,pass,1.0674474239349365,False,31.0
2018,Drew Lock,Missouri,2019,,,7,pass,2.382382869720459,False,25.0
2018,Drew Lock,Missouri,2019,,,32,pass,2.74668025970459,False,75.0
2018,Drew Lock,Missouri,2019,,,9,pass,0.6966032981872559,False,32.0
2018,Drew Lock,Missouri,2019,,,86,pass,7.072783470153809,True,86.0
2018,Drew Lock,Missouri,2019,,,0,pass,-2.3578133583068848,False,48.0
2018,Drew Lock,Missouri,2019,,,4,pass,-0.39314281940460205,False,52.0
2018,Drew Lock,Missouri,2019,,,12,pass,1.605145812034607,False,64.0
2018,Drew Lock,Missouri,2019,,,20,pass,3.7461116313934326,False,34.0
2018,Drew Lock,Missouri,2019,,,2,pass,-0.8634427785873413,False,36.0
2018,Drew Lock,Missouri,2019,,,30,pass,4.277254581451416,False,62.0
2018,Drew Lock,Missouri,2019,,,5,pass,-0.20409443974494934,False,71.0
2018,Drew Lock,Missouri,2019,,,11,pass,0.8500310778617859,False,67.0
2018,Drew Lock,Missouri,2019,,,6,pass,-4.851858139038086,False,80.0
2018,Drew Lock,Missouri,2019,,,5,pass,-0.47736287117004395,False,58.0
2018,Drew Lock,Missouri,2019,,,0,pass,-0.13251757621765137,False,61.0
2018,Drew Lock,Missouri,2019,,,13,pass,0.606120228767395,False,74.0
2018,Drew Lock,Missouri,2019,,,16,pass,1.2062392234802246,True,16.0
2018,Drew Lock,Missouri,2019,,,25,pass,2.332582712173462,False,69.0
2018,Drew Lock,Missouri,2019,,,2,pass,-0.4157414734363556,False,71.0
2018,Drew Lock,Missouri,2019,,,5,pass,2.668585777282715,True,5.0
2018,Drew Lock,Missouri,2019,,,0,pass,-0.5581603050231934,False,24.0
2018,Drew Lock,Missouri,2019,,,0,pass,-0.9051802158355713,False,34.0
2018,Drew Lock,Missouri,2019,,,6,pass,1.2643842697143555,False,45.0
2018,Drew Lock,Missouri,2019,,,2,pass,-0.5297633409500122,False,53.0
2018,Drew Lock,Missouri,2019,,,3,pass,-0.3651447296142578,False,65.0
2018,Drew Lock,Missouri,2019,,,14,pass,0.8457601070404053,False,67.0
2018,Drew Lock,Missouri,2019,,,0,pass,-1.3384835720062256,False,7.0
2018,Drew Lock,Missouri,2019,,,58,pass,4.540036201477051,False,64.0
2018,Drew Lock,Missouri,2019,,,0,pass,-1.6242607831954956,False,69.0
