season,player_name,college,draft_year,down,distance,yards_gained,play_type,epa,scoring,yards_to_goal
2009,Geno Smith,West Virginia,2013,,,20,pass,2.112311363220215,False,78.0
2009,Geno Smith,West Virginia,2013,,,7,pass,-0.05764198675751686,False,85.0
2009,Geno Smith,West Virginia,2013,,,2,pass,-0.13726092875003815,False,87.0
2009,Geno Smith,West Virginia,2013,,,7,pass,-0.44056272506713867,False,48.0
2009,Geno Smith,West Virginia,2013,,,0,pass,-0.506515383720398,False,48.0
2009,Geno Smith,West Virginia,2013,,,0,pass,-0.4710547924041748,False,48.0
2009,Geno Smith,West Virginia,2013,,,14,pass,1.7119437456130981,False,62.0
2009,Geno Smith,West Virginia,2013,,,0,pass,-0.8446446657180786,False,60.0
2009,Geno Smith,West Virginia,2013,,,0,pass,-2.0341970920562744,False,34.0
2009,Geno Smith,West Virginia,2013,,,9,pass,1.6040831804275513,False,62.0
2009,Geno Smith,West Virginia,2013,,,4,pass,0.05035209655761719,False,48.0
2009,Geno Smith,West Virginia,2013,,,1,pass,-0.6807548999786377,False,72.0
2009,Geno Smith,West Virginia,2013,,,0,pass,-0.9575405120849609,False,9.0
2009,Geno Smith,West Virginia,2013,,,13,pass,2.2584457397460938,False,34.0
2009,Geno Smith,West Virginia,2013,,,-1,pass,-1.0894405841827393,False,33.0
2009,Geno Smith,West Virginia,2013,,,20,pass,1.1876826286315918,False,52.0
2009,Geno Smith,West Virginia,2013,,,33,pass,2.7290830612182617,True,33.0
2009,Geno Smith,West Virginia,2013,,,5,pass,1.2547531127929688,False,38.0
2009,Geno Smith,West Virginia,2013,,,29,pass,1.5928891897201538,False,73.0
2009,Geno Smith,West Virginia,2013,,,5,pass,-1.1463342905044556,False,52.0
2009,Geno Smith,West Virginia,2013,,,13,pass,3.341121196746826,False,27.0
2009,Geno Smith,West Virginia,2013,,,5,pass,-0.12029170989990234,False,32.0
2009,Geno Smith,West Virginia,2013,,,-5,pass,-1.4728963375091553,False,27.0
2009,Geno Smith,West Virginia,2013,,,3,pass,-0.19565153121948242,False,20.0
2009,Geno Smith,West Virginia,2013,,,0,pass,-1.5054595470428467,False,55.0
2009,Geno Smith,West Virginia,2013,,,0,pass,-1.7849582433700562,False,47.0
2009,Geno Smith,West Virginia,2013,,,18,pass,1.7849582433700562,False,55.0
2009,Geno Smith,West Virginia,2013,,,0,pass,-0.606784462928772,False,55.0
2009,Geno Smith,West Virginia,2013,,,8,pass,-0.5297673940658569,False,80.0
2009,Geno Smith,West Virginia,2013,,,-5,pass,-1.5631970167160034,False,75.0
2009,Geno Smith,West Virginia,2013,,,5,pass,0.059362467378377914,False,80.0
2009,Geno Smith,West Virginia,2013,,,0,pass,-2.053919553756714,False,43.0
2009,Geno Smith,West Virginia,2013,,,-2,pass,-1.5431214570999146,False,52.0
2009,Geno Smith,West Virginia,2013,,,0,pass,-0.8538186550140381,False,30.0
2009,Geno Smith,West Virginia,2013,,,15,pass,0.8359256386756897,False,52.0
2009,Geno Smith,West Virginia,2013,,,0,pass,-0.07917800545692444,False,74.0
2009,Geno Smith,West Virginia,2013,,,0,pass,-0.5661625862121582,False,65.0
2009,Geno Smith,West Virginia,2013,,,10,pass,1.3985962867736816,False,75.0
2009,Geno Smith,West Virginia,2013,,,14,pass,-0.031884729862213135,False,89.0
2009,Geno Smith,West Virginia,2013,,,0,pass,-0.15742695331573486,False,89.0
2009,Geno Smith,West Virginia,2013,,,0,pass,-1.2143986225128174,False,80.0
2009,Geno Smith,West Virginia,2013,,,0,pass,-2.19533371925354,False,38.0
2009,Geno Smith,West Virginia,2013,,,7,pass,1.6340112686157227,False,12.0
2009,Geno Smith,West Virginia,2013,,,13,pass,1.0428292751312256,False,31.0
2009,Geno Smith,West Virginia,2013,,,9,pass,1.6808720827102661,False,40.0
2009,Geno Smith,West Virginia,2013,,,0,pass,-0.6374390125274658,False,76.0
2009,Geno Smith,West Virginia,2013,,,4,pass,-0.35381579399108887,False,20.0
2009,Geno Smith,West Virginia,2013,,,0,pass,-0.6456661224365234,False,16.0
2009,Geno Smith,West Virginia,2013,,,19,pass,2.4526374340057373,False,60.0
2009,Geno Smith,West Virginia,2013,,,0,pass,-0.8835161328315735,False,60.0
2010,Geno Smith,West Virginia,2013,,,7,pass,-0.4767746925354004,False,62.0
2010,Geno Smith,West Virginia,2013,,,0,pass,-0.586794376373291,False,62.0
2010,Geno Smith,West Virginia,2013,,,0,pass,-0.7916498184204102,False,23.0
2010,Geno Smith,West Virginia,2013,,,0,pass,-0.5196480751037598,False,18.0
2010,Geno Smith,West Virginia,2013,,,33,pass,2.005066156387329,False,56.0
2010,Geno Smith,West Virginia,2013,,,0,pass,-0.5538384914398193,False,56.0
2010,Geno Smith,West Virginia,2013,,,19,pass,1.03743577003479,False,75.0
2010,Geno Smith,West Virginia,2013,,,6,pass,1.1013703346252441,False,63.0
2010,Geno Smith,West Virginia,2013,,,2,pass,-0.6046466827392578,False,70.0
2010,Geno Smith,West Virginia,2013,,,17,pass,2.8670434951782227,True,17.0
2010,Geno Smith,West Virginia,2013,,,4,pass,-4.912718296051025,False,19.0
2010,Geno Smith,West Virginia,2013,,,0,pass,-0.08858507871627808,False,74.0
2010,Geno Smith,West Virginia,2013,,,6,pass,0.06269264221191406,False,80.0
2010,Geno Smith,West Virginia,2013,,,11,pass,-4.565242767333984,False,15.0
2010,Geno Smith,West Virginia,2013,,,22,pass,1.4387857913970947,False,40.0
2010,Geno Smith,West Virginia,2013,,,5,pass,-0.06794238090515137,False,45.0
2010,Geno Smith,West Virginia,2013,,,8,pass,0.37815332412719727,False,73.0
2010,Geno Smith,West Virginia,2013,,,30,pass,-1.7968511581420898,False,57.0
2010,Geno Smith,West Virginia,2013,,,0,pass,-1.4694945812225342,False,77.0
2010,Geno Smith,West Virginia,2013,,,6,pass,0.12140583992004395,False,81.0
2010,Geno Smith,West Virginia,2013,,,0,pass,-1.2402453422546387,False,85.0
2010,Geno Smith,West Virginia,2013,,,4,pass,3.8699309825897217,True,4.0
2010,Geno Smith,West Virginia,2013,,,10,pass,1.9371085166931152,False,37.0
2010,Geno Smith,West Virginia,2013,,,3,pass,-0.5560588836669922,False,40.0
2010,Geno Smith,West Virginia,2013,,,2,pass,-0.3897709846496582,False,42.0
2010,Geno Smith,West Virginia,2013,,,17,pass,1.9792397022247314,False,73.0
2010,Geno Smith,West Virginia,2013,,,5,pass,2.265780448913574,True,5.0
2010,Geno Smith,West Virginia,2013,,,6,pass,0.7952966690063477,False,20.0
2010,Geno Smith,West Virginia,2013,,,14,pass,1.5566480159759521,False,38.0
2010,Geno Smith,West Virginia,2013,,,7,pass,1.6579327583312988,False,45.0
2010,Geno Smith,West Virginia,2013,,,13,pass,0.3485911190509796,False,58.0
2010,Geno Smith,West Virginia,2013,,,6,pass,-0.090950608253479,False,54.0
2010,Geno Smith,West Virginia,2013,,,6,pass,1.1752039194107056,False,80.0
2010,Geno Smith,West Virginia,2013,,,7,pass,0.34537312388420105,False,87.0
2010,Geno Smith,West Virginia,2013,,,11,pass,0.5373232364654541,False,98.0
2010,Geno Smith,West Virginia,2013,,,30,pass,2.1275317668914795,False,38.0
2010,Geno Smith,West Virginia,2013,,,16,pass,1.0437521934509277,False,54.0
2010,Geno Smith,West Virginia,2013,,,8,pass,-0.31385207176208496,False,79.0
2010,Geno Smith,West Virginia,2013,,,-4,pass,-1.361215353012085,False,70.0
2010,Geno Smith,West Virginia,2013,,,26,pass,1.67485773563385,False,96.0
2010,Geno Smith,West Virginia,2013,,,0,pass,-5.774649620056152,False,70.0
2010,Geno Smith,West Virginia,2013,,,9,pass,0.47019171714782715,False,34.0
2010,Geno Smith,West Virginia,2013,,,13,pass,2.0719311237335205,False,25.0
2010,Geno Smith,West Virginia,2013,,,1,pass,-1.9021053314208984,False,40.0
2010,Geno Smith,West Virginia,2013,,,0,pass,-1.0726462602615356,False,40.0
2010,Geno Smith,West Virginia,2013,,,0,pass,-0.6339499950408936,False,40.0
2010,Geno Smith,West Virginia,2013,,,10,pass,0.6094870567321777,False,66.0
2010,Geno Smith,West Virginia,2013,,,0,pass,-1.2053086757659912,False,16.0
2010,Geno Smith,West Virginia,2013,,,2,pass,-0.5262713432312012,False,17.0
2010,Geno Smith,West Virginia,2013,,,20,pass,1.5562889575958252,False,54.0
2010,Geno Smith,West Virginia,2013,,,4,pass,-0.5993211269378662,False,60.0
2010,Geno Smith,West Virginia,2013,,,0,pass,-1.6344575881958008,False,63.0
2010,Geno Smith,West Virginia,2013,,,0,pass,-1.6768245697021484,False,58.0
2010,Geno Smith,West Virginia,2013,,,0,pass,-0.5323342084884644,False,58.0
2010,Geno Smith,West Virginia,2013,,,12,pass,2.3518996238708496,False,70.0
2010,Geno Smith,West Virginia,2013,,,0,pass,-0.8682577610015869,False,70.0
2010,Geno Smith,West Virginia,2013,,,6,pass,0.5428830981254578,False,71.0
2010,Geno Smith,West Virginia,2013,,,9,pass,0.3971078395843506,False,17.0
2010,Geno Smith,West Virginia,2013,,,7,pass,0.4150807857513428,False,30.0
2010,Geno Smith,West Virginia,2013,,,20,pass,1.960204839706421,False,50.0
2010,Geno Smith,West Virginia,2013,,,14,pass,1.848132610321045,False,64.0
2010,Geno Smith,West Virginia,2013,,,19,pass,1.5653468370437622,False,81.0
2010,Geno Smith,West Virginia,2013,,,6,pass,-0.0060384273529052734,False,24.0
2010,Geno Smith,West Virginia,2013,,,9,pass,0.6527347564697266,False,33.0
2010,Geno Smith,West Virginia,2013,,,9,pass,1.0313644409179688,False,55.0
2010,Geno Smith,West Virginia,2013,,,7,pass,0.32071638107299805,False,46.0
2010,Geno Smith,West Virginia,2013,,,14,pass,2.0140891075134277,False,60.0
2010,Geno Smith,West Virginia,2013,,,3,pass,-0.32678794860839844,False,63.0
2010,Geno Smith,West Virginia,2013,,,0,pass,-0.6930813789367676,False,74.0
2010,Geno Smith,West Virginia,2013,,,0,pass,-1.3352527618408203,False,56.0
2010,Geno Smith,West Virginia,2013,,,0,pass,-0.8620219230651855,False,56.0
2010,Geno Smith,West Virginia,2013,,,13,pass,0.4828646183013916,False,67.0
2010,Geno Smith,West Virginia,2013,,,0,pass,-1.4313424825668335,False,74.0
2010,Geno Smith,West Virginia,2013,,,0,pass,-0.5828924179077148,False,76.0
2010,Geno Smith,West Virginia,2013,,,5,pass,2.1042556762695312,True,5.0
2010,Geno Smith,West Virginia,2013,,,0,pass,-4.339180946350098,False,23.0
2010,Geno Smith,West Virginia,2013,,,15,pass,0.8227877616882324,False,38.0
2010,Geno Smith,West Virginia,2013,,,5,pass,-0.3009166717529297,False,53.0
2010,Geno Smith,West Virginia,2013,,,0,pass,-2.5561184883117676,False,34.0
2010,Geno Smith,West Virginia,2013,,,0,pass,-1.6329054832458496,False,34.0
2010,Geno Smith,West Virginia,2013,,,6,pass,0.5525956153869629,False,60.0
2010,Geno Smith,West Virginia,2013,,,27,pass,2.684556722640991,False,88.0
2010,Geno Smith,West Virginia,2013,,,0,pass,-0.8646506667137146,False,88.0
2010,Geno Smith,West Virginia,2013,,,0,pass,-0.9916681051254272,False,95.0
2010,Geno Smith,West Virginia,2013,,,26,pass,3.716597318649292,True,26.0
2010,Geno Smith,West Virginia,2013,,,0,pass,-1.5613617897033691,False,19.0
2010,Geno Smith,West Virginia,2013,,,9,pass,0.6591343879699707,False,38.0
2010,Geno Smith,West Virginia,2013,,,16,pass,0.4683253765106201,False,54.0
2010,Geno Smith,West Virginia,2013,,,13,pass,0.6213943958282471,False,45.0
2010,Geno Smith,West Virginia,2013,,,29,pass,1.2626187801361084,False,74.0
2010,Geno Smith,West Virginia,2013,,,22,pass,3.221318244934082,False,96.0
2010,Geno Smith,West Virginia,2013,,,5,pass,2.411235809326172,True,5.0
2010,Geno Smith,West Virginia,2013,,,32,pass,1.2322325706481934,False,42.0
2010,Geno Smith,West Virginia,2013,,,6,pass,1.5870037078857422,True,6.0
2010,Geno Smith,West Virginia,2013,,,15,pass,3.316080093383789,False,81.0
2010,Geno Smith,West Virginia,2013,,,0,pass,-1.3691588640213013,False,29.0
2010,Geno Smith,West Virginia,2013,,,2,pass,-0.5364885330200195,False,30.0
2010,Geno Smith,West Virginia,2013,,,10,pass,1.6935176849365234,False,40.0
2010,Geno Smith,West Virginia,2013,,,3,pass,0.34544968605041504,False,63.0
2010,Geno Smith,West Virginia,2013,,,0,pass,-0.5934464931488037,False,63.0
2010,Geno Smith,West Virginia,2013,,,0,pass,-1.267905354499817,False,68.0
2010,Geno Smith,West Virginia,2013,,,0,pass,-0.8260147571563721,False,68.0
2010,Geno Smith,West Virginia,2013,,,13,pass,2.3055009841918945,True,13.0
2010,Geno Smith,West Virginia,2013,,,17,pass,0.779360294342041,False,30.0
2010,Geno Smith,West Virginia,2013,,,17,pass,1.034400463104248,False,30.0
2010,Geno Smith,West Virginia,2013,,,5,pass,2.9585907459259033,True,5.0
2010,Geno Smith,West Virginia,2013,,,0,pass,-1.0775103569030762,False,5.0
2010,Geno Smith,West Virginia,2013,,,2,pass,-0.8957748413085938,False,7.0
2010,Geno Smith,West Virginia,2013,,,19,pass,1.7242140769958496,False,53.0
2010,Geno Smith,West Virginia,2013,,,0,pass,-1.6051597595214844,False,44.0
2010,Geno Smith,West Virginia,2013,,,0,pass,-0.8822814226150513,False,44.0
2010,Geno Smith,West Virginia,2013,,,13,pass,1.000827431678772,False,62.0
2010,Geno Smith,West Virginia,2013,,,0,pass,-0.7076514959335327,False,88.0
2010,Geno Smith,West Virginia,2013,,,1,pass,-0.803447961807251,False,89.0
2010,Geno Smith,West Virginia,2013,,,9,pass,0.903146505355835,False,80.0
2010,Geno Smith,West Virginia,2013,,,0,pass,-0.908850908279419,False,88.0
2010,Geno Smith,West Virginia,2013,,,0,pass,-0.7830562591552734,False,88.0
2010,Geno Smith,West Virginia,2013,,,0,pass,-1.3656761646270752,False,11.0
2010,Geno Smith,West Virginia,2013,,,15,pass,0.5718331336975098,False,46.0
2010,Geno Smith,West Virginia,2013,,,6,pass,0.2130213975906372,False,68.0
2010,Geno Smith,West Virginia,2013,,,4,pass,-1.019391655921936,False,77.0
2010,Geno Smith,West Virginia,2013,,,0,pass,-0.9740764498710632,False,77.0
2010,Geno Smith,West Virginia,2013,,,0,pass,-0.7578504085540771,False,74.0
2010,Geno Smith,West Virginia,2013,,,4,pass,1.7110838890075684,True,4.0
2010,Geno Smith,West Virginia,2013,,,3,pass,-1.1619596481323242,False,9.0
2010,Geno Smith,West Virginia,2013,,,18,pass,1.1540436744689941,False,27.0
2010,Geno Smith,West Virginia,2013,,,0,pass,-0.8375554084777832,False,34.0
2010,Geno Smith,West Virginia,2013,,,48,pass,5.98032283782959,True,48.0
2010,Geno Smith,West Virginia,2013,,,0,pass,-0.8461356163024902,False,48.0
2010,Geno Smith,West Virginia,2013,,,5,pass,-0.4136573076248169,False,53.0
2010,Geno Smith,West Virginia,2013,,,0,pass,-0.38440239429473877,False,53.0
2010,Geno Smith,West Virginia,2013,,,17,pass,1.8337578773498535,False,65.0
2010,Geno Smith,West Virginia,2013,,,9,pass,0.03294181823730469,False,77.0
2010,Geno Smith,West Virginia,2013,,,0,pass,-1.7301446199417114,False,55.0
2010,Geno Smith,West Virginia,2013,,,10,pass,0.13878154754638672,False,65.0
2010,Geno Smith,West Virginia,2013,,,0,pass,-1.123053789138794,False,83.0
2010,Geno Smith,West Virginia,2013,,,22,pass,1.0987906455993652,False,62.0
2010,Geno Smith,West Virginia,2013,,,38,pass,2.751488208770752,True,38.0
2010,Geno Smith,West Virginia,2013,,,41,pass,3.570173978805542,False,79.0
2010,Geno Smith,West Virginia,2013,,,0,pass,-0.5460922718048096,False,78.0
2010,Geno Smith,West Virginia,2013,,,4,pass,-1.0292248725891113,False,74.0
2010,Geno Smith,West Virginia,2013,,,3,pass,-0.5268584489822388,False,57.0
2010,Geno Smith,West Virginia,2013,,,3,pass,-0.4591357707977295,False,57.0
2010,Geno Smith,West Virginia,2013,,,0,pass,-2.075624942779541,False,54.0
2010,Geno Smith,West Virginia,2013,,,0,pass,-2.0723352432250977,False,56.0
2010,Geno Smith,West Virginia,2013,,,0,pass,-1.7184996604919434,False,7.0
2010,Geno Smith,West Virginia,2013,,,14,pass,2.683140277862549,False,40.0
2010,Geno Smith,West Virginia,2013,,,2,pass,-0.8492050170898438,False,42.0
2010,Geno Smith,West Virginia,2013,,,29,pass,3.4308218955993652,False,67.0
2010,Geno Smith,West Virginia,2013,,,-5,pass,-1.564698576927185,False,62.0
2010,Geno Smith,West Virginia,2013,,,-5,pass,-1.4497015476226807,False,62.0
2010,Geno Smith,West Virginia,2013,,,29,pass,3.3286075592041016,False,67.0
2010,Geno Smith,West Virginia,2013,,,3,pass,-0.8517546653747559,False,43.0
2010,Geno Smith,West Virginia,2013,,,14,pass,2.590425968170166,False,40.0
2010,Geno Smith,West Virginia,2013,,,-3,pass,1.9468564987182617,True,7.0
2010,Geno Smith,West Virginia,2013,,,-4,pass,1.9444737434387207,True,7.0
2010,Geno Smith,West Virginia,2013,,,1,pass,-0.26457643508911133,False,58.0
2010,Geno Smith,West Virginia,2013,,,32,pass,1.3117258548736572,False,90.0
2010,Geno Smith,West Virginia,2013,,,32,pass,1.285732626914978,False,90.0
2010,Geno Smith,West Virginia,2013,,,1,pass,-0.23855078220367432,False,58.0
2010,Geno Smith,West Virginia,2013,,,5,pass,-0.16678428649902344,False,57.0
2010,Geno Smith,West Virginia,2013,,,0,pass,-1.0282061100006104,False,52.0
2010,Geno Smith,West Virginia,2013,,,5,pass,-0.884945809841156,False,86.0
2010,Geno Smith,West Virginia,2013,,,3,pass,-0.4147072732448578,False,89.0
2010,Geno Smith,West Virginia,2013,,,3,pass,-0.026446934789419174,False,89.0
2010,Geno Smith,West Virginia,2013,,,5,pass,-0.7707939147949219,False,86.0
2010,Geno Smith,West Virginia,2013,,,4,pass,-1.2890301942825317,False,70.0
2010,Geno Smith,West Virginia,2013,,,6,pass,-0.042023658752441406,False,76.0
2010,Geno Smith,West Virginia,2013,,,-1,pass,-0.7972466945648193,False,75.0
2010,Geno Smith,West Virginia,2013,,,-1,pass,-0.8368897438049316,False,75.0
2010,Geno Smith,West Virginia,2013,,,6,pass,0.2828892469406128,False,76.0
2010,Geno Smith,West Virginia,2013,,,4,pass,-0.8518344163894653,False,70.0
2010,Geno Smith,West Virginia,2013,,,4,pass,-0.48984837532043457,False,76.0
2010,Geno Smith,West Virginia,2013,,,4,pass,-0.2081207036972046,False,76.0
2010,Geno Smith,West Virginia,2013,,,0,pass,-0.6949276924133301,False,72.0
2010,Geno Smith,West Virginia,2013,,,0,pass,-1.5564388036727905,False,72.0
2010,Geno Smith,West Virginia,2013,,,31,pass,2.60037899017334,True,31.0
2010,Geno Smith,West Virginia,2013,,,10,pass,1.4564907550811768,False,41.0
2010,Geno Smith,West Virginia,2013,,,6,pass,0.18172430992126465,False,47.0
2010,Geno Smith,West Virginia,2013,,,19,pass,2.5596537590026855,False,65.0
2010,Geno Smith,West Virginia,2013,,,0,pass,-0.9601510763168335,False,65.0
2010,Geno Smith,West Virginia,2013,,,19,pass,2.390934467315674,False,65.0
2010,Geno Smith,West Virginia,2013,,,6,pass,0.0336613655090332,False,47.0
2010,Geno Smith,West Virginia,2013,,,10,pass,1.5661730766296387,False,41.0
2010,Geno Smith,West Virginia,2013,,,13,pass,0.7258114814758301,False,39.0
2010,Geno Smith,West Virginia,2013,,,13,pass,0.7339062690734863,False,39.0
2010,Geno Smith,West Virginia,2013,,,0,pass,-0.5997381210327148,False,12.0
2010,Geno Smith,West Virginia,2013,,,0,pass,-1.162339687347412,False,10.0
2010,Geno Smith,West Virginia,2013,,,9,pass,0.9823007583618164,False,63.0
2010,Geno Smith,West Virginia,2013,,,13,pass,1.48061203956604,False,76.0
2010,Geno Smith,West Virginia,2013,,,4,pass,-0.25797712802886963,False,80.0
2010,Geno Smith,West Virginia,2013,,,4,pass,-0.016747713088989258,False,80.0
2010,Geno Smith,West Virginia,2013,,,13,pass,1.4822759628295898,False,76.0
2010,Geno Smith,West Virginia,2013,,,9,pass,0.6782975196838379,False,63.0
2010,Geno Smith,West Virginia,2013,,,0,pass,-1.58839750289917,False,32.0
2010,Geno Smith,West Virginia,2013,,,0,pass,-1.69538414478302,False,20.0
2010,Geno Smith,West Virginia,2013,,,17,pass,2.615290641784668,False,37.0
2010,Geno Smith,West Virginia,2013,,,4,pass,-0.16580212116241455,False,41.0
2010,Geno Smith,West Virginia,2013,,,2,pass,-0.4364614486694336,False,48.0
2010,Geno Smith,West Virginia,2013,,,5,pass,0.3353925943374634,False,59.0
2010,Geno Smith,West Virginia,2013,,,11,pass,-1.7408126592636108,False,70.0
2010,Geno Smith,West Virginia,2013,,,-6,pass,-1.3573651313781738,False,65.0
2010,Geno Smith,West Virginia,2013,,,0,pass,-0.783850371837616,False,63.0
2010,Geno Smith,West Virginia,2013,,,9,pass,0.1968158483505249,False,53.0
2010,Geno Smith,West Virginia,2013,,,14,pass,0.8114345073699951,False,67.0
2010,Geno Smith,West Virginia,2013,,,0,pass,-1.3256762027740479,False,76.0
2010,Geno Smith,West Virginia,2013,,,6,pass,-0.005050361156463623,False,66.0
2010,Geno Smith,West Virginia,2013,,,-6,pass,-0.6359825134277344,False,42.0
2010,Geno Smith,West Virginia,2013,,,0,pass,-0.5221776962280273,False,55.0
2010,Geno Smith,West Virginia,2013,,,5,pass,-0.22174954414367676,False,60.0
2010,Geno Smith,West Virginia,2013,,,0,pass,-0.5718964338302612,False,91.0
2010,Geno Smith,West Virginia,2013,,,0,pass,-1.3096094131469727,False,74.0
2010,Geno Smith,West Virginia,2013,,,17,pass,3.45666241645813,False,18.0
2010,Geno Smith,West Virginia,2013,,,0,pass,-2.9333443641662598,False,5.0
2010,Geno Smith,West Virginia,2013,,,8,pass,0.78594970703125,False,13.0
2010,Geno Smith,West Virginia,2013,,,20,pass,1.6377568244934082,False,33.0
2010,Geno Smith,West Virginia,2013,,,6,pass,1.8190512657165527,True,6.0
2010,Geno Smith,West Virginia,2013,,,28,pass,2.2273855209350586,False,34.0
2010,Geno Smith,West Virginia,2013,,,15,pass,0.9805710315704346,False,53.0
2010,Geno Smith,West Virginia,2013,,,12,pass,1.327654480934143,False,65.0
2010,Geno Smith,West Virginia,2013,,,11,pass,2.5506014823913574,False,71.0
2010,Geno Smith,West Virginia,2013,,,0,pass,-0.9449115991592407,False,71.0
2010,Geno Smith,West Virginia,2013,,,0,pass,-0.8280514478683472,False,71.0
2010,Geno Smith,West Virginia,2013,,,3,pass,-0.3447660207748413,False,58.0
2010,Geno Smith,West Virginia,2013,,,0,pass,-1.7849438190460205,False,50.0
2010,Geno Smith,West Virginia,2013,,,5,pass,0.13543701171875,False,58.0
2010,Geno Smith,West Virginia,2013,,,2,pass,-0.8515346050262451,False,47.0
2010,Geno Smith,West Virginia,2013,,,14,pass,2.2571115493774414,False,58.0
2010,Geno Smith,West Virginia,2013,,,0,pass,-0.877325177192688,False,58.0
2010,Geno Smith,West Virginia,2013,,,10,pass,1.2940516471862793,False,26.0
2010,Geno Smith,West Virginia,2013,,,4,pass,-0.13881921768188477,False,32.0
2010,Geno Smith,West Virginia,2013,,,2,pass,-0.526695966720581,False,27.0
2010,Geno Smith,West Virginia,2013,,,4,pass,-0.16736245155334473,False,33.0
2010,Geno Smith,West Virginia,2013,,,0,pass,-0.911351203918457,False,33.0
2010,Geno Smith,West Virginia,2013,,,5,pass,0.3012526035308838,False,38.0
2010,Geno Smith,West Virginia,2013,,,14,pass,0.8319681882858276,False,74.0
2010,Geno Smith,West Virginia,2013,,,0,pass,-0.5723276138305664,False,35.0
2010,Geno Smith,West Virginia,2013,,,7,pass,1.5612447261810303,False,55.0
2010,Geno Smith,West Virginia,2013,,,6,pass,-3.0770456790924072,False,60.0
2010,Geno Smith,West Virginia,2013,,,0,pass,-1.144522786140442,False,61.0
2010,Geno Smith,West Virginia,2013,,,0,pass,-0.483140766620636,False,61.0
2010,Geno Smith,West Virginia,2013,,,8,pass,0.4513859748840332,False,77.0
2010,Geno Smith,West Virginia,2013,,,5,pass,-0.053522780537605286,False,87.0
2010,Geno Smith,West Virginia,2013,,,0,pass,-0.5846080780029297,False,59.0
2010,Geno Smith,West Virginia,2013,,,7,pass,1.5296695232391357,False,86.0
2010,Geno Smith,West Virginia,2013,,,14,pass,0.5131181478500366,False,71.0
2010,Geno Smith,West Virginia,2013,,,0,pass,-0.9275928735733032,False,66.0
2010,Geno Smith,West Virginia,2013,,,0,pass,-0.6146526336669922,False,66.0
2010,Geno Smith,West Virginia,2013,,,20,pass,0.8289270401000977,False,33.0
2010,Geno Smith,West Virginia,2013,,,5,pass,0.0696558952331543,False,40.0
2010,Geno Smith,West Virginia,2013,,,14,pass,0.7185492515563965,False,57.0
2010,Geno Smith,West Virginia,2013,,,0,pass,-1.3764172792434692,False,35.0
2010,Geno Smith,West Virginia,2013,,,-4,pass,-1.6734898090362549,False,31.0
2010,Geno Smith,West Virginia,2013,,,13,pass,1.0911040306091309,False,78.0
2010,Geno Smith,West Virginia,2013,,,-2,pass,-1.0497275590896606,False,44.0
2010,Geno Smith,West Virginia,2013,,,7,pass,0.19063901901245117,False,20.0
2010,Geno Smith,West Virginia,2013,,,19,pass,0.7512128353118896,False,50.0
2010,Geno Smith,West Virginia,2013,,,0,pass,-0.3309488296508789,False,76.0
2010,Geno Smith,West Virginia,2013,,,0,pass,-0.46495866775512695,False,61.0
2010,Geno Smith,West Virginia,2013,,,0,pass,-0.24325072765350342,False,61.0
2010,Geno Smith,West Virginia,2013,,,0,pass,-1.2220871448516846,False,43.0
2010,Geno Smith,West Virginia,2013,,,0,pass,-0.41782212257385254,False,44.0
2010,Geno Smith,West Virginia,2013,,,1,pass,-0.4806565046310425,False,58.0
2010,Geno Smith,West Virginia,2013,,,5,pass,2.748107433319092,True,5.0
2010,Geno Smith,West Virginia,2013,,,48,pass,2.939161777496338,True,48.0
2010,Geno Smith,West Virginia,2013,,,-1,pass,-0.8708212375640869,False,45.0
2010,Geno Smith,West Virginia,2013,,,9,pass,0.6870262622833252,False,58.0
2010,Geno Smith,West Virginia,2013,,,0,pass,-0.5086407661437988,False,58.0
2010,Geno Smith,West Virginia,2013,,,10,pass,2.6949234008789062,True,10.0
2010,Geno Smith,West Virginia,2013,,,0,pass,-0.5624547004699707,False,13.0
2010,Geno Smith,West Virginia,2013,,,9,pass,0.8810806274414062,False,24.0
2010,Geno Smith,West Virginia,2013,,,0,pass,-0.5743470191955566,False,24.0
2010,Geno Smith,West Virginia,2013,,,13,pass,0.6394290924072266,False,37.0
2010,Geno Smith,West Virginia,2013,,,14,pass,1.3051352500915527,False,51.0
2010,Geno Smith,West Virginia,2013,,,0,pass,-0.7683730125427246,False,45.0
2010,Geno Smith,West Virginia,2013,,,0,pass,-1.0014455318450928,False,69.0
2010,Geno Smith,West Virginia,2013,,,5,pass,0.09543800354003906,False,91.0
2010,Geno Smith,West Virginia,2013,,,32,pass,2.4038591384887695,True,32.0
2010,Geno Smith,West Virginia,2013,,,0,pass,-1.7487430572509766,False,65.0
2010,Geno Smith,West Virginia,2013,,,5,pass,0.08052712678909302,False,70.0
2010,Geno Smith,West Virginia,2013,,,0,pass,-1.1965506076812744,False,75.0
2010,Geno Smith,West Virginia,2013,,,0,pass,-1.3975727558135986,False,62.0
2010,Geno Smith,West Virginia,2013,,,0,pass,-0.9631279706954956,False,69.0
2010,Geno Smith,West Virginia,2013,,,0,pass,-1.3412525653839111,False,69.0
2010,Geno Smith,West Virginia,2013,,,0,pass,-1.2813856601715088,False,68.0
2010,Geno Smith,West Virginia,2013,,,5,pass,0.05473923683166504,False,70.0
2010,Geno Smith,West Virginia,2013,,,0,pass,-1.1514592170715332,False,56.0
2010,Geno Smith,West Virginia,2013,,,0,pass,-0.7319200038909912,False,30.0
2010,Geno Smith,West Virginia,2013,,,8,pass,0.5121479034423828,False,28.0
2010,Geno Smith,West Virginia,2013,,,0,pass,-2.4017105102539062,False,21.0
2010,Geno Smith,West Virginia,2013,,,0,pass,-0.6247402429580688,False,80.0
2010,Geno Smith,West Virginia,2013,,,48,pass,4.172761917114258,False,50.0
2010,Geno Smith,West Virginia,2013,,,0,pass,-7.454214572906494,True,85.0
2010,Geno Smith,West Virginia,2013,,,0,pass,-0.5508031845092773,False,50.0
2010,Geno Smith,West Virginia,2013,,,13,pass,2.0653772354125977,False,63.0
2010,Geno Smith,West Virginia,2013,,,0,pass,-1.9384474754333496,False,54.0
2010,Geno Smith,West Virginia,2013,,,0,pass,-1.1776542663574219,False,65.0
2010,Geno Smith,West Virginia,2013,,,25,pass,3.525881290435791,False,76.0
2010,Geno Smith,West Virginia,2013,,,19,pass,1.4314467906951904,False,51.0
2010,Geno Smith,West Virginia,2013,,,0,pass,-0.7804665565490723,False,13.0
2010,Geno Smith,West Virginia,2013,,,11,pass,2.7326879501342773,False,13.0
2010,Geno Smith,West Virginia,2013,,,0,pass,-0.9986898899078369,False,81.0
2010,Geno Smith,West Virginia,2013,,,4,pass,-1.1065317392349243,False,81.0
2010,Geno Smith,West Virginia,2013,,,13,pass,2.4182021617889404,False,15.0
2010,Geno Smith,West Virginia,2013,,,11,pass,0.5361413955688477,False,29.0
2010,Geno Smith,West Virginia,2013,,,38,pass,3.6135313510894775,False,78.0
2010,Geno Smith,West Virginia,2013,,,12,pass,2.65602970123291,True,12.0
2010,Geno Smith,West Virginia,2013,,,71,pass,5.744196891784668,True,71.0
2010,Geno Smith,West Virginia,2013,,,0,pass,-2.4884278774261475,False,66.0
2010,Geno Smith,West Virginia,2013,,,8,pass,-2.351055145263672,False,74.0
2010,Geno Smith,West Virginia,2013,,,2,pass,0.7557306289672852,True,2.0
2010,Geno Smith,West Virginia,2013,,,48,pass,4.3535308837890625,False,50.0
2010,Geno Smith,West Virginia,2013,,,0,pass,-1.2047364711761475,False,46.0
2010,Geno Smith,West Virginia,2013,,,9,pass,1.7752145528793335,False,49.0
2010,Geno Smith,West Virginia,2013,,,0,pass,-0.8933039903640747,False,82.0
2010,Geno Smith,West Virginia,2013,,,0,pass,-1.2560913562774658,False,81.0
2010,Geno Smith,West Virginia,2013,,,46,pass,4.115704536437988,False,61.0
2010,Geno Smith,West Virginia,2013,,,10,pass,0.21401333808898926,False,65.0
2010,Geno Smith,West Virginia,2013,,,5,pass,-0.25647854804992676,False,84.0
2010,Geno Smith,West Virginia,2013,,,4,pass,-0.2874894142150879,False,50.0
2010,Geno Smith,West Virginia,2013,,,38,pass,3.1413090229034424,False,49.0
2010,Geno Smith,West Virginia,2013,,,0,pass,-1.4946520328521729,False,46.0
2010,Geno Smith,West Virginia,2013,,,9,pass,1.039717197418213,False,61.0
2010,Geno Smith,West Virginia,2013,,,11,pass,0.38426685333251953,False,6.0
2010,Geno Smith,West Virginia,2013,,,43,pass,2.0626728534698486,False,67.0
2010,Geno Smith,West Virginia,2013,,,6,pass,0.33751749992370605,False,73.0
2010,Geno Smith,West Virginia,2013,,,11,pass,0.685512900352478,False,91.0
2010,Geno Smith,West Virginia,2013,,,0,pass,-2.007079601287842,False,9.0
2010,Geno Smith,West Virginia,2013,,,10,pass,0.6331467628479004,False,37.0
2010,Geno Smith,West Virginia,2013,,,26,pass,1.7450668811798096,False,63.0
2010,Geno Smith,West Virginia,2013,,,0,pass,-1.132323145866394,False,66.0
2010,Geno Smith,West Virginia,2013,,,0,pass,-0.467698335647583,False,61.0
2010,Geno Smith,West Virginia,2013,,,5,pass,-0.16847848892211914,False,74.0
2010,Geno Smith,West Virginia,2013,,,7,pass,-0.5378832817077637,False,8.0
2010,Geno Smith,West Virginia,2013,,,19,pass,-2.2732431888580322,False,32.0
2010,Geno Smith,West Virginia,2013,,,-2,pass,-1.33345365524292,False,30.0
2010,Geno Smith,West Virginia,2013,,,21,pass,2.0840234756469727,False,52.0
2010,Geno Smith,West Virginia,2013,,,4,pass,-0.16466689109802246,False,58.0
2010,Geno Smith,West Virginia,2013,,,10,pass,0.8221464157104492,False,68.0
2010,Geno Smith,West Virginia,2013,,,19,pass,1.82542085647583,True,19.0
2010,Geno Smith,West Virginia,2013,,,9,pass,0.7877881526947021,False,28.0
2010,Geno Smith,West Virginia,2013,,,13,pass,0.7649993896484375,False,48.0
2010,Geno Smith,West Virginia,2013,,,29,pass,1.786409616470337,False,52.0
2010,Geno Smith,West Virginia,2013,,,0,pass,-0.9809988141059875,False,67.0
2010,Geno Smith,West Virginia,2013,,,0,pass,-4.835547924041748,False,38.0
2010,Geno Smith,West Virginia,2013,,,8,pass,0.6607770919799805,False,46.0
2010,Geno Smith,West Virginia,2013,,,21,pass,1.4168237447738647,False,67.0
2010,Geno Smith,West Virginia,2013,,,5,pass,-0.10467439889907837,False,72.0
2010,Geno Smith,West Virginia,2013,,,0,pass,-0.4470362067222595,False,83.0
2010,Geno Smith,West Virginia,2013,,,0,pass,-0.45323872566223145,False,83.0
2010,Geno Smith,West Virginia,2013,,,0,pass,-0.8058006763458252,False,25.0
2010,Geno Smith,West Virginia,2013,,,8,pass,0.6036725044250488,False,45.0
2010,Geno Smith,West Virginia,2013,,,13,pass,0.8050010204315186,False,52.0
2010,Geno Smith,West Virginia,2013,,,9,pass,0.9940158128738403,False,62.0
2010,Geno Smith,West Virginia,2013,,,11,pass,0.6996675729751587,False,77.0
2010,Geno Smith,West Virginia,2013,,,0,pass,-2.6746010780334473,False,34.0
2010,Geno Smith,West Virginia,2013,,,-4,pass,-2.343938112258911,False,30.0
2010,Geno Smith,West Virginia,2013,,,4,pass,-0.34914493560791016,False,34.0
2010,Geno Smith,West Virginia,2013,,,0,pass,-0.5388927459716797,False,34.0
2010,Geno Smith,West Virginia,2013,,,5,pass,0.14005368947982788,False,90.0
2010,Geno Smith,West Virginia,2013,,,0,pass,1.0653069019317627,False,53.0
2010,Geno Smith,West Virginia,2013,,,32,pass,3.215212821960449,True,32.0
2010,Geno Smith,West Virginia,2013,,,9,pass,1.4578481912612915,False,47.0
2010,Geno Smith,West Virginia,2013,,,0,pass,-0.5009071826934814,False,49.0
2010,Geno Smith,West Virginia,2013,,,14,pass,1.8324854373931885,False,63.0
2010,Geno Smith,West Virginia,2013,,,3,pass,0.015190541744232178,False,66.0
2010,Geno Smith,West Virginia,2013,,,0,pass,-1.3025561571121216,False,27.0
2010,Geno Smith,West Virginia,2013,,,0,pass,-0.767134428024292,False,27.0
2010,Geno Smith,West Virginia,2013,,,1,pass,-0.6041879653930664,False,28.0
2010,Geno Smith,West Virginia,2013,,,26,pass,1.6640170812606812,False,68.0
2010,Geno Smith,West Virginia,2013,,,7,pass,0.07742029428482056,False,70.0
2010,Geno Smith,West Virginia,2013,,,2,pass,-0.5992357134819031,False,72.0
2010,Geno Smith,West Virginia,2013,,,0,pass,-1.617445707321167,False,59.0
2010,Geno Smith,West Virginia,2013,,,0,pass,-0.9538869857788086,False,59.0
2010,Geno Smith,West Virginia,2013,,,5,pass,1.3899619579315186,False,67.0
2010,Geno Smith,West Virginia,2013,,,7,pass,0.1638510823249817,False,74.0
2010,Geno Smith,West Virginia,2013,,,0,pass,-2.784254789352417,False,38.0
2010,Geno Smith,West Virginia,2013,,,0,pass,-0.9860037565231323,False,38.0
2010,Geno Smith,West Virginia,2013,,,7,pass,1.0344569683074951,False,47.0
2010,Geno Smith,West Virginia,2013,,,3,pass,-0.25118565559387207,False,50.0
2011,Geno Smith,West Virginia,2013,,,8,pass,-0.45006871223449707,False,11.0
2011,Geno Smith,West Virginia,2013,,,9,pass,0.6498651504516602,False,23.0
2011,Geno Smith,West Virginia,2013,,,7,pass,1.1352362632751465,False,30.0
2011,Geno Smith,West Virginia,2013,,,18,pass,1.3714416027069092,False,54.0
2011,Geno Smith,West Virginia,2013,,,9,pass,0.1442936658859253,False,58.0
2011,Geno Smith,West Virginia,2013,,,0,pass,-0.9625430107116699,False,58.0
2011,Geno Smith,West Virginia,2013,,,0,pass,-0.4901905059814453,False,58.0
2011,Geno Smith,West Virginia,2013,,,6,pass,-0.05765247344970703,False,64.0
2011,Geno Smith,West Virginia,2013,,,9,pass,0.8031861782073975,False,73.0
2011,Geno Smith,West Virginia,2013,,,0,pass,-1.2741576433181763,False,51.0
2011,Geno Smith,West Virginia,2013,,,-6,pass,-2.9935569763183594,False,45.0
2011,Geno Smith,West Virginia,2013,,,2,pass,-3.636047124862671,False,47.0
2011,Geno Smith,West Virginia,2013,,,1,pass,-0.6958005428314209,False,27.0
2011,Geno Smith,West Virginia,2013,,,0,pass,-0.6136035919189453,False,27.0
2011,Geno Smith,West Virginia,2013,,,6,pass,0.28531956672668457,False,47.0
2011,Geno Smith,West Virginia,2013,,,15,pass,3.421990394592285,True,15.0
2011,Geno Smith,West Virginia,2013,,,1,pass,-0.7056200504302979,False,16.0
2011,Geno Smith,West Virginia,2013,,,29,pass,3.618403911590576,False,45.0
2011,Geno Smith,West Virginia,2013,,,11,pass,-0.26742076873779297,False,10.0
2011,Geno Smith,West Virginia,2013,,,10,pass,0.26742076873779297,False,60.0
2011,Geno Smith,West Virginia,2013,,,0,pass,-2.2652411460876465,False,45.0
2011,Geno Smith,West Virginia,2013,,,0,pass,-0.5954091548919678,False,62.0
2011,Geno Smith,West Virginia,2013,,,4,pass,1.40376615524292,True,4.0
2011,Geno Smith,West Virginia,2013,,,15,pass,1.4060115814208984,False,18.0
2011,Geno Smith,West Virginia,2013,,,14,pass,1.7100107669830322,False,32.0
2011,Geno Smith,West Virginia,2013,,,12,pass,0.9066739082336426,False,43.0
2011,Geno Smith,West Virginia,2013,,,6,pass,0.14904522895812988,False,49.0
2011,Geno Smith,West Virginia,2013,,,0,pass,-0.8798362016677856,False,57.0
2011,Geno Smith,West Virginia,2013,,,0,pass,-1.035210371017456,False,15.0
2011,Geno Smith,West Virginia,2013,,,8,pass,1.0242416858673096,False,24.0
2011,Geno Smith,West Virginia,2013,,,28,pass,1.5828676223754883,False,52.0
2011,Geno Smith,West Virginia,2013,,,15,pass,0.9167969226837158,False,72.0
2011,Geno Smith,West Virginia,2013,,,0,pass,-0.3348621726036072,False,68.0
2011,Geno Smith,West Virginia,2013,,,0,pass,-0.801924467086792,False,68.0
2011,Geno Smith,West Virginia,2013,,,2,pass,-0.779738187789917,False,70.0
2011,Geno Smith,West Virginia,2013,,,0,pass,-2.920309543609619,False,4.0
2011,Geno Smith,West Virginia,2013,,,0,pass,-1.6535921096801758,False,4.0
2011,Geno Smith,West Virginia,2013,,,55,pass,3.1723456382751465,False,60.0
2011,Geno Smith,West Virginia,2013,,,20,pass,2.0303444862365723,False,80.0
2011,Geno Smith,West Virginia,2013,,,39,pass,2.705575942993164,True,39.0
2011,Geno Smith,West Virginia,2013,,,12,pass,1.2893667221069336,True,12.0
2011,Geno Smith,West Virginia,2013,,,29,pass,1.938615083694458,False,47.0
2011,Geno Smith,West Virginia,2013,,,16,pass,1.1178274154663086,False,17.0
2011,Geno Smith,West Virginia,2013,,,7,pass,1.086756706237793,False,24.0
2011,Geno Smith,West Virginia,2013,,,11,pass,-0.4939289093017578,False,55.0
2011,Geno Smith,West Virginia,2013,,,3,pass,0.9630961418151855,True,3.0
2011,Geno Smith,West Virginia,2013,,,0,pass,-0.5502433776855469,False,16.0
2011,Geno Smith,West Virginia,2013,,,36,pass,2.194687843322754,False,80.0
2011,Geno Smith,West Virginia,2013,,,40,pass,2.4323067665100098,False,48.0
2011,Geno Smith,West Virginia,2013,,,0,pass,-0.14649783074855804,False,78.0
2011,Geno Smith,West Virginia,2013,,,0,pass,-0.5824377536773682,False,76.0
2011,Geno Smith,West Virginia,2013,,,18,pass,2.3307342529296875,True,18.0
2011,Geno Smith,West Virginia,2013,,,15,pass,1.152806282043457,False,55.0
2011,Geno Smith,West Virginia,2013,,,11,pass,1.2205723524093628,False,66.0
2011,Geno Smith,West Virginia,2013,,,0,pass,-0.5989508628845215,False,66.0
2011,Geno Smith,West Virginia,2013,,,0,pass,0.5989508628845215,False,81.0
2011,Geno Smith,West Virginia,2013,,,0,pass,-1.5811262130737305,False,1.0
2011,Geno Smith,West Virginia,2013,,,0,pass,-1.398477554321289,False,1.0
2011,Geno Smith,West Virginia,2013,,,45,pass,4.0225138664245605,False,46.0
2011,Geno Smith,West Virginia,2013,,,0,pass,-0.6283829212188721,False,46.0
2011,Geno Smith,West Virginia,2013,,,9,pass,0.8853802680969238,False,61.0
2011,Geno Smith,West Virginia,2013,,,0,pass,-0.5675201416015625,False,12.0
2011,Geno Smith,West Virginia,2013,,,0,pass,-1.1402108669281006,False,91.0
2011,Geno Smith,West Virginia,2013,,,0,pass,-0.9413202404975891,False,91.0
2011,Geno Smith,West Virginia,2013,,,0,pass,-1.327207326889038,False,18.0
2011,Geno Smith,West Virginia,2013,,,6,pass,0.3651242256164551,False,26.0
2011,Geno Smith,West Virginia,2013,,,9,pass,0.7007479667663574,False,17.0
2011,Geno Smith,West Virginia,2013,,,5,pass,0.03803062438964844,False,28.0
2011,Geno Smith,West Virginia,2013,,,13,pass,2.232266426086426,False,41.0
2011,Geno Smith,West Virginia,2013,,,0,pass,-2.111335277557373,False,33.0
2011,Geno Smith,West Virginia,2013,,,9,pass,0.8267314434051514,False,42.0
2011,Geno Smith,West Virginia,2013,,,21,pass,2.0398645401000977,False,63.0
2011,Geno Smith,West Virginia,2013,,,6,pass,-0.09531664848327637,False,69.0
2011,Geno Smith,West Virginia,2013,,,0,pass,-0.7556586265563965,False,63.0
2011,Geno Smith,West Virginia,2013,,,2,pass,-1.1561176776885986,False,75.0
2011,Geno Smith,West Virginia,2013,,,-4,pass,-1.5332468748092651,False,71.0
2011,Geno Smith,West Virginia,2013,,,6,pass,0.5139899253845215,False,74.0
2011,Geno Smith,West Virginia,2013,,,11,pass,0.43622899055480957,False,83.0
2011,Geno Smith,West Virginia,2013,,,13,pass,0.6593518257141113,False,93.0
2011,Geno Smith,West Virginia,2013,,,34,pass,2.1109390258789062,True,34.0
2011,Geno Smith,West Virginia,2013,,,7,pass,0.31261372566223145,False,48.0
2011,Geno Smith,West Virginia,2013,,,24,pass,1.8917508125305176,False,72.0
2011,Geno Smith,West Virginia,2013,,,11,pass,3.323169231414795,False,28.0
2011,Geno Smith,West Virginia,2013,,,-3,pass,-1.4077132940292358,False,25.0
2011,Geno Smith,West Virginia,2013,,,11,pass,0.7584716081619263,False,36.0
2011,Geno Smith,West Virginia,2013,,,7,pass,0.7544217109680176,False,43.0
2011,Geno Smith,West Virginia,2013,,,5,pass,-0.17992210388183594,False,70.0
2011,Geno Smith,West Virginia,2013,,,5,pass,0.09974312782287598,False,42.0
2011,Geno Smith,West Virginia,2013,,,2,pass,-0.8216583728790283,False,44.0
2011,Geno Smith,West Virginia,2013,,,12,pass,0.22751259803771973,False,70.0
2011,Geno Smith,West Virginia,2013,,,36,pass,2.981407642364502,False,61.0
2011,Geno Smith,West Virginia,2013,,,6,pass,-0.06515669822692871,False,67.0
2011,Geno Smith,West Virginia,2013,,,0,pass,-4.716340065002441,False,60.0
2011,Geno Smith,West Virginia,2013,,,-1,pass,-0.9120892286300659,False,59.0
2011,Geno Smith,West Virginia,2013,,,0,pass,-1.2487876415252686,False,18.0
2011,Geno Smith,West Virginia,2013,,,47,pass,2.995523452758789,False,68.0
2011,Geno Smith,West Virginia,2013,,,0,pass,-1.058009147644043,False,9.0
2011,Geno Smith,West Virginia,2013,,,14,pass,1.4065871238708496,False,35.0
2011,Geno Smith,West Virginia,2013,,,3,pass,-0.25656819343566895,False,38.0
2011,Geno Smith,West Virginia,2013,,,20,pass,1.4317561388015747,False,58.0
2011,Geno Smith,West Virginia,2013,,,16,pass,0.929685115814209,False,74.0
2011,Geno Smith,West Virginia,2013,,,10,pass,1.053248643875122,False,84.0
2011,Geno Smith,West Virginia,2013,,,12,pass,0.5649960041046143,False,49.0
2011,Geno Smith,West Virginia,2013,,,0,pass,-0.9783061742782593,False,56.0
2011,Geno Smith,West Virginia,2013,,,8,pass,0.6935735940933228,False,64.0
2011,Geno Smith,West Virginia,2013,,,11,pass,1.588841438293457,False,75.0
2011,Geno Smith,West Virginia,2013,,,0,pass,-0.6487182378768921,False,75.0
2011,Geno Smith,West Virginia,2013,,,0,pass,-0.3982415795326233,False,84.0
2011,Geno Smith,West Virginia,2013,,,0,pass,-0.06091205030679703,False,84.0
2011,Geno Smith,West Virginia,2013,,,10,pass,0.6309270858764648,False,92.0
2011,Geno Smith,West Virginia,2013,,,-1,pass,-0.6580183506011963,False,91.0
2011,Geno Smith,West Virginia,2013,,,18,pass,2.084674835205078,False,61.0
2011,Geno Smith,West Virginia,2013,,,8,pass,1.186291217803955,False,71.0
2011,Geno Smith,West Virginia,2013,,,9,pass,0.6844526529312134,False,80.0
2011,Geno Smith,West Virginia,2013,,,0,pass,-3.010133743286133,False,43.0
2011,Geno Smith,West Virginia,2013,,,7,pass,0.5734615325927734,False,62.0
2011,Geno Smith,West Virginia,2013,,,7,pass,0.6084064841270447,False,75.0
2011,Geno Smith,West Virginia,2013,,,19,pass,3.804408311843872,False,20.0
2011,Geno Smith,West Virginia,2013,,,3,pass,-0.31983208656311035,False,18.0
2011,Geno Smith,West Virginia,2013,,,73,pass,5.407883644104004,False,91.0
2011,Geno Smith,West Virginia,2013,,,72,pass,5.365676403045654,False,90.0
2011,Geno Smith,West Virginia,2013,,,0,pass,-1.137176752090454,False,51.0
2011,Geno Smith,West Virginia,2013,,,20,pass,3.071195125579834,False,69.0
2011,Geno Smith,West Virginia,2013,,,0,pass,-0.7589343190193176,False,69.0
2011,Geno Smith,West Virginia,2013,,,13,pass,0.9021478891372681,False,92.0
2011,Geno Smith,West Virginia,2013,,,12,pass,1.816542148590088,True,12.0
2011,Geno Smith,West Virginia,2013,,,16,pass,1.9354174137115479,False,28.0
2011,Geno Smith,West Virginia,2013,,,10,pass,1.2513256072998047,False,39.0
2011,Geno Smith,West Virginia,2013,,,38,pass,2.9493556022644043,False,80.0
2011,Geno Smith,West Virginia,2013,,,0,pass,-0.2922099232673645,False,50.0
2011,Geno Smith,West Virginia,2013,,,-1,pass,-0.3541436791419983,False,64.0
2011,Geno Smith,West Virginia,2013,,,2,pass,-0.16526341438293457,False,66.0
2011,Geno Smith,West Virginia,2013,,,11,pass,0.38169384002685547,False,77.0
2011,Geno Smith,West Virginia,2013,,,12,pass,0.3723977208137512,False,89.0
2011,Geno Smith,West Virginia,2013,,,0,pass,-0.8032847046852112,False,91.0
2011,Geno Smith,West Virginia,2013,,,0,pass,-0.5419250130653381,False,91.0
2011,Geno Smith,West Virginia,2013,,,0,pass,-1.0704368352890015,False,66.0
2011,Geno Smith,West Virginia,2013,,,5,pass,0.015468835830688477,False,71.0
2011,Geno Smith,West Virginia,2013,,,9,pass,0.9010236263275146,False,80.0
2011,Geno Smith,West Virginia,2013,,,4,pass,-0.21554940938949585,False,84.0
2011,Geno Smith,West Virginia,2013,,,7,pass,-0.09656122326850891,False,85.0
2011,Geno Smith,West Virginia,2013,,,0,pass,-0.678351879119873,False,85.0
2011,Geno Smith,West Virginia,2013,,,11,pass,0.8231614232063293,False,96.0
2011,Geno Smith,West Virginia,2013,,,20,pass,2.8736443519592285,True,20.0
2011,Geno Smith,West Virginia,2013,,,0,pass,-0.6403753757476807,False,20.0
2011,Geno Smith,West Virginia,2013,,,10,pass,0.7886412143707275,False,30.0
2011,Geno Smith,West Virginia,2013,,,6,pass,3.167163848876953,False,36.0
2011,Geno Smith,West Virginia,2013,,,6,pass,-0.5390913486480713,False,42.0
2011,Geno Smith,West Virginia,2013,,,0,pass,-3.0387797355651855,False,42.0
2011,Geno Smith,West Virginia,2013,,,14,pass,0.916779637336731,False,56.0
2011,Geno Smith,West Virginia,2013,,,7,pass,0.6141380071640015,False,63.0
2011,Geno Smith,West Virginia,2013,,,13,pass,3.0588998794555664,False,76.0
2011,Geno Smith,West Virginia,2013,,,1,pass,-0.4935111403465271,False,61.0
2011,Geno Smith,West Virginia,2013,,,15,pass,2.79288911819458,False,76.0
2011,Geno Smith,West Virginia,2013,,,0,pass,-0.9521001577377319,False,76.0
2011,Geno Smith,West Virginia,2013,,,13,pass,1.5788447856903076,False,90.0
2011,Geno Smith,West Virginia,2013,,,0,pass,-0.9197630286216736,False,90.0
2011,Geno Smith,West Virginia,2013,,,10,pass,-2.688138961791992,False,66.0
2011,Geno Smith,West Virginia,2013,,,0,pass,-0.7995523810386658,False,61.0
2011,Geno Smith,West Virginia,2013,,,0,pass,-0.4026193618774414,False,80.0
2011,Geno Smith,West Virginia,2013,,,7,pass,-0.812947690486908,False,63.0
2011,Geno Smith,West Virginia,2013,,,0,pass,-0.7151010036468506,False,51.0
2011,Geno Smith,West Virginia,2013,,,20,pass,-1.533003807067871,False,71.0
2011,Geno Smith,West Virginia,2013,,,7,pass,0.1640019416809082,False,35.0
2011,Geno Smith,West Virginia,2013,,,0,pass,-0.5221996307373047,False,35.0
2011,Geno Smith,West Virginia,2013,,,11,pass,0.9217629432678223,False,67.0
2011,Geno Smith,West Virginia,2013,,,8,pass,0.28469276428222656,False,87.0
2011,Geno Smith,West Virginia,2013,,,41,pass,3.173316478729248,False,49.0
2011,Geno Smith,West Virginia,2013,,,0,pass,-1.0907533168792725,False,46.0
2011,Geno Smith,West Virginia,2013,,,8,pass,0.13929033279418945,False,54.0
2011,Geno Smith,West Virginia,2013,,,6,pass,1.505594253540039,True,6.0
2011,Geno Smith,West Virginia,2013,,,11,pass,1.8215210437774658,False,25.0
2011,Geno Smith,West Virginia,2013,,,13,pass,0.6086678504943848,False,49.0
2011,Geno Smith,West Virginia,2013,,,18,pass,0.9251773357391357,False,48.0
2011,Geno Smith,West Virginia,2013,,,15,pass,2.1316795349121094,True,15.0
2011,Geno Smith,West Virginia,2013,,,2,pass,0.7353878021240234,False,19.0
2011,Geno Smith,West Virginia,2013,,,8,pass,-0.24828696250915527,False,20.0
2011,Geno Smith,West Virginia,2013,,,32,pass,4.238077163696289,False,51.0
2011,Geno Smith,West Virginia,2013,,,-3,pass,-1.7692694664001465,False,48.0
2011,Geno Smith,West Virginia,2013,,,0,pass,-0.6969616413116455,False,48.0
2011,Geno Smith,West Virginia,2013,,,14,pass,0.596733570098877,False,62.0
2011,Geno Smith,West Virginia,2013,,,33,pass,2.869551658630371,True,33.0
2011,Geno Smith,West Virginia,2013,,,0,pass,-1.4097306728363037,False,13.0
2011,Geno Smith,West Virginia,2013,,,0,pass,-0.9558069705963135,False,13.0
2011,Geno Smith,West Virginia,2013,,,14,pass,0.6714491844177246,False,32.0
2011,Geno Smith,West Virginia,2013,,,27,pass,3.5104753971099854,True,27.0
2011,Geno Smith,West Virginia,2013,,,51,pass,2.1060309410095215,False,81.0
2011,Geno Smith,West Virginia,2013,,,0,pass,-1.3697764873504639,False,16.0
2011,Geno Smith,West Virginia,2013,,,8,pass,0.04390859603881836,False,28.0
2011,Geno Smith,West Virginia,2013,,,9,pass,0.7440986633300781,False,37.0
2011,Geno Smith,West Virginia,2013,,,5,pass,-0.2534816265106201,False,50.0
2011,Geno Smith,West Virginia,2013,,,22,pass,2.9866373538970947,True,22.0
2011,Geno Smith,West Virginia,2013,,,0,pass,-0.7998239994049072,False,22.0
2011,Geno Smith,West Virginia,2013,,,21,pass,1.8672459125518799,False,56.0
2011,Geno Smith,West Virginia,2013,,,0,pass,-1.6873667240142822,False,45.0
2011,Geno Smith,West Virginia,2013,,,0,pass,-0.9274864196777344,False,60.0
2011,Geno Smith,West Virginia,2013,,,84,pass,4.6654462814331055,True,84.0
2011,Geno Smith,West Virginia,2013,,,12,pass,2.453256607055664,True,12.0
2011,Geno Smith,West Virginia,2013,,,0,pass,-1.256079912185669,False,58.0
2011,Geno Smith,West Virginia,2013,,,9,pass,-0.3405337333679199,False,67.0
2011,Geno Smith,West Virginia,2013,,,14,pass,2.3551974296569824,False,69.0
2011,Geno Smith,West Virginia,2013,,,0,pass,-0.8856780529022217,False,69.0
2011,Geno Smith,West Virginia,2013,,,11,pass,-0.26462891697883606,False,80.0
2011,Geno Smith,West Virginia,2013,,,1,pass,-0.6101970672607422,False,41.0
2011,Geno Smith,West Virginia,2013,,,8,pass,0.20227837562561035,False,49.0
2011,Geno Smith,West Virginia,2013,,,3,pass,-0.24880075454711914,False,61.0
2011,Geno Smith,West Virginia,2013,,,6,pass,0.08665156364440918,False,67.0
2011,Geno Smith,West Virginia,2013,,,0,pass,-0.5890605449676514,False,21.0
2011,Geno Smith,West Virginia,2013,,,24,pass,2.9015603065490723,False,45.0
2011,Geno Smith,West Virginia,2013,,,0,pass,-0.7897711992263794,False,45.0
2011,Geno Smith,West Virginia,2013,,,0,pass,-0.5002284049987793,False,45.0
2011,Geno Smith,West Virginia,2013,,,0,pass,-1.8563662767410278,False,38.0
2011,Geno Smith,West Virginia,2013,,,0,pass,-0.8596549034118652,False,38.0
2011,Geno Smith,West Virginia,2013,,,21,pass,1.3821979761123657,False,61.0
2011,Geno Smith,West Virginia,2013,,,10,pass,1.0158107280731201,False,71.0
2011,Geno Smith,West Virginia,2013,,,4,pass,-0.08933758735656738,False,75.0
2011,Geno Smith,West Virginia,2013,,,9,pass,1.6102080345153809,False,84.0
2011,Geno Smith,West Virginia,2013,,,0,pass,-0.6146689057350159,False,88.0
2011,Geno Smith,West Virginia,2013,,,0,pass,-1.7087839841842651,False,74.0
2011,Geno Smith,West Virginia,2013,,,8,pass,0.4797106981277466,False,80.0
2011,Geno Smith,West Virginia,2013,,,7,pass,-4.181438446044922,False,68.0
2011,Geno Smith,West Virginia,2013,,,17,pass,1.876535177230835,False,78.0
2011,Geno Smith,West Virginia,2013,,,9,pass,0.7883763313293457,False,18.0
2011,Geno Smith,West Virginia,2013,,,0,pass,-0.6795425415039062,False,18.0
2011,Geno Smith,West Virginia,2013,,,44,pass,2.830965757369995,False,62.0
2011,Geno Smith,West Virginia,2013,,,8,pass,0.745448112487793,False,75.0
2011,Geno Smith,West Virginia,2013,,,6,pass,-1.6619079113006592,False,44.0
2011,Geno Smith,West Virginia,2013,,,0,pass,-1.3883064985275269,False,42.0
2011,Geno Smith,West Virginia,2013,,,12,pass,0.6456153392791748,False,57.0
2011,Geno Smith,West Virginia,2013,,,11,pass,1.1622363328933716,False,77.0
2011,Geno Smith,West Virginia,2013,,,25,pass,3.5434980392456055,True,25.0
2011,Geno Smith,West Virginia,2013,,,9,pass,0.8471405506134033,False,39.0
2011,Geno Smith,West Virginia,2013,,,12,pass,1.0746220350265503,False,51.0
2011,Geno Smith,West Virginia,2013,,,9,pass,1.0767320394515991,False,63.0
2011,Geno Smith,West Virginia,2013,,,4,pass,-0.561819314956665,False,79.0
2011,Geno Smith,West Virginia,2013,,,0,pass,-2.1527299880981445,False,70.0
2011,Geno Smith,West Virginia,2013,,,4,pass,-0.3610242009162903,False,74.0
2011,Geno Smith,West Virginia,2013,,,2,pass,-0.6915123462677002,False,11.0
2011,Geno Smith,West Virginia,2013,,,7,pass,1.0461018085479736,False,29.0
2011,Geno Smith,West Virginia,2013,,,11,pass,0.5301755666732788,False,48.0
2011,Geno Smith,West Virginia,2013,,,9,pass,-0.9179788827896118,False,57.0
2011,Geno Smith,West Virginia,2013,,,0,pass,-0.37813812494277954,False,52.0
2011,Geno Smith,West Virginia,2013,,,16,pass,1.4027434587478638,False,68.0
2011,Geno Smith,West Virginia,2013,,,0,pass,-0.6748692989349365,False,10.0
2011,Geno Smith,West Virginia,2013,,,15,pass,1.7349328994750977,False,27.0
2011,Geno Smith,West Virginia,2013,,,43,pass,2.879695177078247,False,70.0
2011,Geno Smith,West Virginia,2013,,,0,pass,-1.3020659685134888,False,62.0
2011,Geno Smith,West Virginia,2013,,,0,pass,-1.8624401092529297,False,50.0
2011,Geno Smith,West Virginia,2013,,,19,pass,2.699986457824707,False,69.0
2011,Geno Smith,West Virginia,2013,,,0,pass,-0.5919594764709473,False,64.0
2011,Geno Smith,West Virginia,2013,,,6,pass,0.35534507036209106,False,70.0
2011,Geno Smith,West Virginia,2013,,,0,pass,-0.5364741086959839,False,81.0
2011,Geno Smith,West Virginia,2013,,,64,pass,6.424722671508789,True,64.0
2011,Geno Smith,West Virginia,2013,,,3,pass,-0.8102073669433594,False,67.0
2011,Geno Smith,West Virginia,2013,,,0,pass,-1.3195521831512451,False,10.0
2011,Geno Smith,West Virginia,2013,,,0,pass,-0.9710869789123535,False,9.0
2011,Geno Smith,West Virginia,2013,,,9,pass,1.8413865566253662,False,18.0
2011,Geno Smith,West Virginia,2013,,,0,pass,-0.5049104690551758,False,13.0
2011,Geno Smith,West Virginia,2013,,,16,pass,1.4809250831604004,False,38.0
2011,Geno Smith,West Virginia,2013,,,17,pass,1.412106990814209,False,55.0
2011,Geno Smith,West Virginia,2013,,,7,pass,-0.10352776944637299,False,66.0
2011,Geno Smith,West Virginia,2013,,,0,pass,-0.8827553391456604,False,68.0
2011,Geno Smith,West Virginia,2013,,,20,pass,3.2046737670898438,True,20.0
2011,Geno Smith,West Virginia,2013,,,23,pass,1.527994155883789,False,31.0
2011,Geno Smith,West Virginia,2013,,,33,pass,2.7640457153320312,False,77.0
2011,Geno Smith,West Virginia,2013,,,1,pass,-0.7953066229820251,False,74.0
2011,Geno Smith,West Virginia,2013,,,1,pass,-1.5613682270050049,False,50.0
2011,Geno Smith,West Virginia,2013,,,19,pass,2.3194546699523926,True,19.0
2011,Geno Smith,West Virginia,2013,,,11,pass,1.4993185997009277,False,35.0
2011,Geno Smith,West Virginia,2013,,,0,pass,-1.4792519807815552,False,33.0
2011,Geno Smith,West Virginia,2013,,,4,pass,0.05064678192138672,False,42.0
2011,Geno Smith,West Virginia,2013,,,14,pass,1.0917388200759888,False,56.0
2011,Geno Smith,West Virginia,2013,,,6,pass,-0.9325387477874756,False,53.0
2011,Geno Smith,West Virginia,2013,,,16,pass,0.829688310623169,False,31.0
2011,Geno Smith,West Virginia,2013,,,7,pass,0.620769739151001,False,38.0
2011,Geno Smith,West Virginia,2013,,,15,pass,0.6615726947784424,False,53.0
2011,Geno Smith,West Virginia,2013,,,4,pass,-0.10497784614562988,False,64.0
2011,Geno Smith,West Virginia,2013,,,3,pass,-0.6643685698509216,False,64.0
2011,Geno Smith,West Virginia,2013,,,10,pass,-0.11784528940916061,False,62.0
2011,Geno Smith,West Virginia,2013,,,13,pass,1.9938135147094727,False,73.0
2011,Geno Smith,West Virginia,2013,,,7,pass,0.8597428798675537,False,78.0
2011,Geno Smith,West Virginia,2013,,,0,pass,-5.00307035446167,False,75.0
2011,Geno Smith,West Virginia,2013,,,15,pass,1.0702569484710693,False,67.0
2011,Geno Smith,West Virginia,2013,,,-3,pass,-1.7774345874786377,False,96.0
2011,Geno Smith,West Virginia,2013,,,0,pass,-0.8084045052528381,False,96.0
2011,Geno Smith,West Virginia,2013,,,0,pass,-1.2637720108032227,False,77.0
2011,Geno Smith,West Virginia,2013,,,0,pass,-1.0029420852661133,False,77.0
2011,Geno Smith,West Virginia,2013,,,1,pass,0.8856973648071289,True,1.0
2011,Geno Smith,West Virginia,2013,,,4,pass,0.05844569206237793,False,23.0
2011,Geno Smith,West Virginia,2013,,,19,pass,1.4717755317687988,False,42.0
2011,Geno Smith,West Virginia,2013,,,12,pass,0.5381158590316772,False,54.0
2011,Geno Smith,West Virginia,2013,,,5,pass,0.2794210910797119,False,59.0
2011,Geno Smith,West Virginia,2013,,,6,pass,-0.10496807098388672,False,65.0
2011,Geno Smith,West Virginia,2013,,,46,pass,3.160684823989868,False,57.0
2011,Geno Smith,West Virginia,2013,,,9,pass,1.077940583229065,False,78.0
2011,Geno Smith,West Virginia,2013,,,18,pass,1.1195590496063232,False,96.0
2011,Geno Smith,West Virginia,2013,,,0,pass,-7.197936058044434,False,28.0
2011,Geno Smith,West Virginia,2013,,,9,pass,1.028573989868164,False,37.0
2011,Geno Smith,West Virginia,2013,,,16,pass,1.1087583303451538,False,65.0
2011,Geno Smith,West Virginia,2013,,,0,pass,-1.6768701076507568,False,6.0
2011,Geno Smith,West Virginia,2013,,,0,pass,-0.5708441734313965,False,14.0
2011,Geno Smith,West Virginia,2013,,,12,pass,0.4671192169189453,False,26.0
2011,Geno Smith,West Virginia,2013,,,46,pass,3.900421380996704,False,77.0
2011,Geno Smith,West Virginia,2013,,,7,pass,1.9487504959106445,False,52.0
2011,Geno Smith,West Virginia,2013,,,7,pass,0.058775365352630615,False,59.0
2011,Geno Smith,West Virginia,2013,,,0,pass,-1.3277032375335693,False,55.0
2011,Geno Smith,West Virginia,2013,,,0,pass,-0.806105375289917,False,18.0
2011,Geno Smith,West Virginia,2013,,,0,pass,-0.6687593460083008,False,18.0
2011,Geno Smith,West Virginia,2013,,,0,pass,-0.8384777307510376,False,55.0
2011,Geno Smith,West Virginia,2013,,,1,pass,-0.5839765667915344,False,56.0
2011,Geno Smith,West Virginia,2013,,,11,pass,1.0293948650360107,False,69.0
2011,Geno Smith,West Virginia,2013,,,0,pass,-0.486117422580719,False,69.0
2011,Geno Smith,West Virginia,2013,,,10,pass,2.2307491302490234,False,12.0
2011,Geno Smith,West Virginia,2013,,,0,pass,-0.8337578773498535,False,12.0
2011,Geno Smith,West Virginia,2013,,,5,pass,0.08370542526245117,False,17.0
2011,Geno Smith,West Virginia,2013,,,11,pass,1.8891692161560059,False,28.0
2011,Geno Smith,West Virginia,2013,,,0,pass,-0.44782018661499023,False,28.0
2011,Geno Smith,West Virginia,2013,,,19,pass,1.2176954746246338,False,47.0
2011,Geno Smith,West Virginia,2013,,,0,pass,-0.8484525680541992,False,56.0
2011,Geno Smith,West Virginia,2013,,,5,pass,1.0490846633911133,True,5.0
2011,Geno Smith,West Virginia,2013,,,24,pass,1.4818129539489746,False,29.0
2011,Geno Smith,West Virginia,2013,,,4,pass,-0.04985952377319336,False,43.0
2011,Geno Smith,West Virginia,2013,,,18,pass,1.297937035560608,False,61.0
2011,Geno Smith,West Virginia,2013,,,15,pass,1.2159852981567383,False,76.0
2011,Geno Smith,West Virginia,2013,,,11,pass,-0.6230932474136353,False,58.0
2011,Geno Smith,West Virginia,2013,,,0,pass,-0.9315255880355835,False,58.0
2011,Geno Smith,West Virginia,2013,,,0,pass,-1.7920161485671997,False,48.0
2011,Geno Smith,West Virginia,2013,,,7,pass,0.5624827146530151,False,64.0
2011,Geno Smith,West Virginia,2013,,,16,pass,1.6974048614501953,False,80.0
2011,Geno Smith,West Virginia,2013,,,11,pass,1.0097804069519043,False,68.0
2011,Geno Smith,West Virginia,2013,,,25,pass,3.177462339401245,True,25.0
2011,Geno Smith,West Virginia,2013,,,0,pass,-0.8776998519897461,False,25.0
2011,Geno Smith,West Virginia,2013,,,6,pass,-0.16626083850860596,False,36.0
2011,Geno Smith,West Virginia,2013,,,0,pass,-0.5614802837371826,False,52.0
2011,Geno Smith,West Virginia,2013,,,8,pass,0.37607669830322266,False,62.0
2011,Geno Smith,West Virginia,2013,,,3,pass,-0.31206607818603516,False,13.0
2011,Geno Smith,West Virginia,2013,,,23,pass,3.5047829151153564,False,36.0
2011,Geno Smith,West Virginia,2013,,,0,pass,-1.541792631149292,False,31.0
2011,Geno Smith,West Virginia,2013,,,13,pass,2.380641460418701,False,44.0
2011,Geno Smith,West Virginia,2013,,,0,pass,-0.838054895401001,False,44.0
2011,Geno Smith,West Virginia,2013,,,24,pass,1.8168213367462158,False,69.0
2011,Geno Smith,West Virginia,2013,,,0,pass,-4.937198638916016,False,47.0
2011,Geno Smith,West Virginia,2013,,,13,pass,1.0032703876495361,False,60.0
2011,Geno Smith,West Virginia,2013,,,0,pass,-0.625438928604126,False,55.0
2011,Geno Smith,West Virginia,2013,,,12,pass,1.7152570486068726,False,67.0
2011,Geno Smith,West Virginia,2013,,,-2,pass,-1.2293118238449097,False,65.0
2011,Geno Smith,West Virginia,2013,,,10,pass,-0.17629987001419067,False,79.0
2011,Geno Smith,West Virginia,2013,,,-3,pass,-1.237931489944458,False,76.0
2011,Geno Smith,West Virginia,2013,,,0,pass,-1.53855299949646,False,14.0
2011,Geno Smith,West Virginia,2013,,,0,pass,-0.691502571105957,False,26.0
2011,Geno Smith,West Virginia,2013,,,15,pass,1.3313372135162354,False,35.0
2011,Geno Smith,West Virginia,2013,,,16,pass,0.8817715644836426,False,44.0
2011,Geno Smith,West Virginia,2013,,,15,pass,0.7703661918640137,False,59.0
2011,Geno Smith,West Virginia,2013,,,3,pass,-0.12474679946899414,False,50.0
2011,Geno Smith,West Virginia,2013,,,0,pass,-0.3401721715927124,False,50.0
2011,Geno Smith,West Virginia,2013,,,8,pass,-0.05471348762512207,False,61.0
2011,Geno Smith,West Virginia,2013,,,0,pass,-0.9361302256584167,False,31.0
2011,Geno Smith,West Virginia,2013,,,0,pass,-0.748753547668457,False,31.0
2011,Geno Smith,West Virginia,2013,,,8,pass,0.11056220531463623,False,49.0
2011,Geno Smith,West Virginia,2013,,,20,pass,1.134042739868164,False,62.0
2011,Geno Smith,West Virginia,2013,,,8,pass,-0.1268928050994873,False,19.0
2011,Geno Smith,West Virginia,2013,,,0,pass,-1.7365243434906006,False,12.0
2011,Geno Smith,West Virginia,2013,,,21,pass,1.2006893157958984,False,36.0
2011,Geno Smith,West Virginia,2013,,,10,pass,1.7708725929260254,False,46.0
2011,Geno Smith,West Virginia,2013,,,2,pass,-0.5074336528778076,False,48.0
2011,Geno Smith,West Virginia,2013,,,39,pass,4.663078308105469,False,89.0
2011,Geno Smith,West Virginia,2013,,,0,pass,-1.1643149852752686,False,61.0
2011,Geno Smith,West Virginia,2013,,,4,pass,-0.345950722694397,False,50.0
2011,Geno Smith,West Virginia,2013,,,0,pass,-0.6602983474731445,False,50.0
2011,Geno Smith,West Virginia,2013,,,10,pass,0.5956821441650391,False,60.0
2011,Geno Smith,West Virginia,2013,,,17,pass,2.3644750118255615,False,84.0
2011,Geno Smith,West Virginia,2013,,,0,pass,-0.8260102272033691,False,99.0
2011,Geno Smith,West Virginia,2013,,,0,pass,-0.9454128742218018,False,99.0
2011,Geno Smith,West Virginia,2013,,,59,pass,4.3252668380737305,True,59.0
2011,Geno Smith,West Virginia,2013,,,9,pass,-0.13892579078674316,False,68.0
2011,Geno Smith,West Virginia,2013,,,6,pass,1.086955189704895,False,74.0
2011,Geno Smith,West Virginia,2013,,,0,pass,-0.8872979879379272,False,79.0
2011,Geno Smith,West Virginia,2013,,,0,pass,-0.9478466510772705,False,79.0
2011,Geno Smith,West Virginia,2013,,,0,pass,-1.5328234434127808,False,71.0
2011,Geno Smith,West Virginia,2013,,,4,pass,-0.5268027782440186,False,90.0
2011,Geno Smith,West Virginia,2013,,,3,pass,-0.9746599197387695,False,4.0
2011,Geno Smith,West Virginia,2013,,,9,pass,3.0197701454162598,False,24.0
2011,Geno Smith,West Virginia,2013,,,-5,pass,-2.4699673652648926,False,19.0
2011,Geno Smith,West Virginia,2013,,,-77,pass,-5.7758941650390625,False,5.0
2011,Geno Smith,West Virginia,2013,,,0,pass,-0.7935996055603027,False,19.0
2011,Geno Smith,West Virginia,2013,,,-1,pass,-1.0418963432312012,False,54.0
2011,Geno Smith,West Virginia,2013,,,5,pass,-0.007915496826171875,False,59.0
2011,Geno Smith,West Virginia,2013,,,24,pass,1.4252994060516357,False,83.0
2011,Geno Smith,West Virginia,2013,,,3,pass,-4.468432426452637,False,61.0
2011,Geno Smith,West Virginia,2013,,,6,pass,1.6125950813293457,False,67.0
2011,Geno Smith,West Virginia,2013,,,1,pass,-3.3158016204833984,False,30.0
2011,Geno Smith,West Virginia,2013,,,0,pass,-1.4289605617523193,False,73.0
2011,Geno Smith,West Virginia,2013,,,16,pass,1.0419907569885254,False,24.0
2011,Geno Smith,West Virginia,2013,,,0,pass,-0.7391010522842407,False,43.0
2011,Geno Smith,West Virginia,2013,,,0,pass,-0.7789150476455688,False,54.0
2011,Geno Smith,West Virginia,2013,,,0,pass,-0.6709173917770386,False,47.0
2011,Geno Smith,West Virginia,2013,,,0,pass,-0.9770016670227051,False,70.0
2011,Geno Smith,West Virginia,2013,,,0,pass,-0.5981146097183228,False,70.0
2011,Geno Smith,West Virginia,2013,,,4,pass,-0.15423941612243652,False,74.0
2011,Geno Smith,West Virginia,2013,,,63,pass,6.279370307922363,True,63.0
2011,Geno Smith,West Virginia,2013,,,0,pass,-1.3569813966751099,False,75.0
2011,Geno Smith,West Virginia,2013,,,5,pass,-0.06111335754394531,False,82.0
2011,Geno Smith,West Virginia,2013,,,6,pass,-0.8956852555274963,False,52.0
2011,Geno Smith,West Virginia,2013,,,7,pass,0.6861352920532227,False,53.0
2011,Geno Smith,West Virginia,2013,,,16,pass,1.2687726020812988,False,80.0
2011,Geno Smith,West Virginia,2013,,,0,pass,-1.7121622562408447,False,70.0
2011,Geno Smith,West Virginia,2013,,,6,pass,0.2806738018989563,False,77.0
2011,Geno Smith,West Virginia,2013,,,0,pass,-1.7853673696517944,False,45.0
2011,Geno Smith,West Virginia,2013,,,0,pass,-1.0476540327072144,False,45.0
2011,Geno Smith,West Virginia,2013,,,11,pass,0.8566300868988037,False,57.0
2011,Geno Smith,West Virginia,2013,,,25,pass,2.196256637573242,False,82.0
2011,Geno Smith,West Virginia,2013,,,0,pass,-2.928490161895752,False,65.0
2011,Geno Smith,West Virginia,2013,,,0,pass,-1.0286344289779663,False,65.0
2011,Geno Smith,West Virginia,2013,,,26,pass,2.463073253631592,False,42.0
2011,Geno Smith,West Virginia,2013,,,0,pass,-0.7224591374397278,False,42.0
2011,Geno Smith,West Virginia,2013,,,9,pass,0.0033636093139648438,False,51.0
2011,Geno Smith,West Virginia,2013,,,0,pass,-1.161995768547058,False,42.0
2011,Geno Smith,West Virginia,2013,,,10,pass,0.34993505477905273,False,65.0
2011,Geno Smith,West Virginia,2013,,,11,pass,0.5460336208343506,False,32.0
2011,Geno Smith,West Virginia,2013,,,10,pass,-1.1194958686828613,False,65.0
2011,Geno Smith,West Virginia,2013,,,-3,pass,-1.1730164289474487,False,58.0
2011,Geno Smith,West Virginia,2013,,,10,pass,2.610907793045044,False,68.0
2011,Geno Smith,West Virginia,2013,,,9,pass,0.7067821621894836,False,77.0
2011,Geno Smith,West Virginia,2013,,,0,pass,-1.633169174194336,False,57.0
2011,Geno Smith,West Virginia,2013,,,5,pass,-0.3802669048309326,False,62.0
2011,Geno Smith,West Virginia,2013,,,0,pass,-0.5883369445800781,False,62.0
2011,Geno Smith,West Virginia,2013,,,12,pass,0.5801219940185547,False,74.0
2011,Geno Smith,West Virginia,2013,,,0,pass,-0.5780996084213257,False,80.0
2011,Geno Smith,West Virginia,2013,,,28,pass,-3.0911712646484375,False,30.0
2011,Geno Smith,West Virginia,2013,,,30,pass,2.0377962589263916,False,60.0
2011,Geno Smith,West Virginia,2013,,,10,pass,-2.5715770721435547,False,60.0
2011,Geno Smith,West Virginia,2013,,,16,pass,1.1180758476257324,False,68.0
2011,Geno Smith,West Virginia,2013,,,1,pass,-1.1089144945144653,False,64.0
2011,Geno Smith,West Virginia,2013,,,7,pass,0.3174246549606323,False,72.0
2011,Geno Smith,West Virginia,2013,,,0,pass,-0.9585604667663574,False,60.0
2011,Geno Smith,West Virginia,2013,,,11,pass,2.6041386127471924,False,72.0
2011,Geno Smith,West Virginia,2013,,,0,pass,-0.9587821960449219,False,72.0
2011,Geno Smith,West Virginia,2013,,,0,pass,-1.3544559478759766,False,5.0
2011,Geno Smith,West Virginia,2013,,,7,pass,0.14232778549194336,False,31.0
2011,Geno Smith,West Virginia,2013,,,0,pass,-0.5764443874359131,False,31.0
2011,Geno Smith,West Virginia,2013,,,0,pass,-1.8865715265274048,False,37.0
2011,Geno Smith,West Virginia,2013,,,0,pass,-0.5744788646697998,False,40.0
2011,Geno Smith,West Virginia,2013,,,3,pass,-0.4293184280395508,False,46.0
2011,Geno Smith,West Virginia,2013,,,8,pass,0.24167847633361816,False,59.0
2011,Geno Smith,West Virginia,2013,,,8,pass,0.6704320907592773,False,67.0
2011,Geno Smith,West Virginia,2013,,,14,pass,2.3536136150360107,False,81.0
2011,Geno Smith,West Virginia,2013,,,7,pass,3.4917104244232178,True,7.0
2011,Geno Smith,West Virginia,2013,,,9,pass,1.7157187461853027,False,31.0
2011,Geno Smith,West Virginia,2013,,,0,pass,-0.8006763458251953,False,31.0
2011,Geno Smith,West Virginia,2013,,,20,pass,0.6954588890075684,False,71.0
2011,Geno Smith,West Virginia,2013,,,3,pass,-0.7188867330551147,False,75.0
2011,Geno Smith,West Virginia,2013,,,1,pass,-0.9548947811126709,False,81.0
2011,Geno Smith,West Virginia,2013,,,0,pass,-0.9808040261268616,False,95.0
2011,Geno Smith,West Virginia,2013,,,-2,pass,-1.2226479053497314,False,95.0
2011,Geno Smith,West Virginia,2013,,,37,pass,1.9592418670654297,True,37.0
2011,Geno Smith,West Virginia,2013,,,24,pass,1.680419921875,False,69.0
2011,Geno Smith,West Virginia,2013,,,6,pass,2.3357253074645996,True,6.0
2011,Geno Smith,West Virginia,2013,,,30,pass,1.0495758056640625,False,37.0
2011,Geno Smith,West Virginia,2013,,,10,pass,0.7350130081176758,False,47.0
2011,Geno Smith,West Virginia,2013,,,4,pass,-0.9019291400909424,False,5.0
2011,Geno Smith,West Virginia,2013,,,9,pass,1.1509921550750732,False,18.0
2011,Geno Smith,West Virginia,2013,,,3,pass,1.6283774375915527,True,3.0
2011,Geno Smith,West Virginia,2013,,,30,pass,3.056485652923584,False,32.0
2011,Geno Smith,West Virginia,2013,,,11,pass,-0.5837960243225098,False,40.0
2011,Geno Smith,West Virginia,2013,,,12,pass,0.7788412570953369,False,52.0
2011,Geno Smith,West Virginia,2013,,,17,pass,0.7415658235549927,False,64.0
2011,Geno Smith,West Virginia,2013,,,9,pass,-0.6160902976989746,False,59.0
2011,Geno Smith,West Virginia,2013,,,-4,pass,-1.522773265838623,False,55.0
2011,Geno Smith,West Virginia,2013,,,0,pass,-0.40600132942199707,False,55.0
2011,Geno Smith,West Virginia,2013,,,1,pass,-0.8131108283996582,False,65.0
2011,Geno Smith,West Virginia,2013,,,27,pass,2.5294384956359863,True,27.0
2011,Geno Smith,West Virginia,2013,,,7,pass,0.22285938262939453,False,39.0
2011,Geno Smith,West Virginia,2013,,,15,pass,1.6577180624008179,False,54.0
2011,Geno Smith,West Virginia,2013,,,13,pass,2.556887149810791,False,80.0
2011,Geno Smith,West Virginia,2013,,,0,pass,-0.9394964575767517,False,80.0
2011,Geno Smith,West Virginia,2013,,,0,pass,-0.6449006795883179,False,80.0
2011,Geno Smith,West Virginia,2013,,,4,pass,-0.02412557601928711,False,12.0
2011,Geno Smith,West Virginia,2013,,,0,pass,-0.5865554809570312,False,23.0
2011,Geno Smith,West Virginia,2013,,,34,pass,2.584951877593994,False,57.0
2011,Geno Smith,West Virginia,2013,,,16,pass,1.6114752292633057,False,26.0
2011,Geno Smith,West Virginia,2013,,,33,pass,3.0945000648498535,False,62.0
2011,Geno Smith,West Virginia,2013,,,0,pass,-0.6202511787414551,False,62.0
2011,Geno Smith,West Virginia,2013,,,0,pass,-1.8556365966796875,False,52.0
2011,Geno Smith,West Virginia,2013,,,0,pass,-1.0434370040893555,False,52.0
2011,Geno Smith,West Virginia,2013,,,7,pass,0.3955349922180176,False,66.0
2012,Geno Smith,West Virginia,2013,,,5,pass,0.9607958793640137,True,5.0
2012,Geno Smith,West Virginia,2013,,,6,pass,0.38455772399902344,False,34.0
2012,Geno Smith,West Virginia,2013,,,2,pass,-0.5015678405761719,False,36.0
2012,Geno Smith,West Virginia,2013,,,5,pass,-0.2381758689880371,False,47.0
2012,Geno Smith,West Virginia,2013,,,8,pass,0.1364288330078125,False,55.0
2012,Geno Smith,West Virginia,2013,,,7,pass,0.40299081802368164,False,71.0
2012,Geno Smith,West Virginia,2013,,,6,pass,0.15273690223693848,False,77.0
2012,Geno Smith,West Virginia,2013,,,0,pass,-1.6032029390335083,False,84.0
2012,Geno Smith,West Virginia,2013,,,9,pass,0.22183895111083984,False,84.0
2012,Geno Smith,West Virginia,2013,,,7,pass,0.22806692123413086,False,38.0
2012,Geno Smith,West Virginia,2013,,,1,pass,-0.4663734436035156,False,39.0
2012,Geno Smith,West Virginia,2013,,,17,pass,0.521733283996582,False,56.0
2012,Geno Smith,West Virginia,2013,,,8,pass,0.35816311836242676,False,64.0
2012,Geno Smith,West Virginia,2013,,,9,pass,2.311493396759033,True,9.0
2012,Geno Smith,West Virginia,2013,,,12,pass,1.4879074096679688,False,21.0
2012,Geno Smith,West Virginia,2013,,,15,pass,0.9007856845855713,False,36.0
2012,Geno Smith,West Virginia,2013,,,10,pass,0.39158010482788086,False,53.0
2012,Geno Smith,West Virginia,2013,,,7,pass,0.4291987419128418,False,43.0
2012,Geno Smith,West Virginia,2013,,,9,pass,0.025353431701660156,False,62.0
2012,Geno Smith,West Virginia,2013,,,0,pass,-0.4316825866699219,False,62.0
2012,Geno Smith,West Virginia,2013,,,6,pass,1.3082084655761719,True,6.0
2012,Geno Smith,West Virginia,2013,,,7,pass,0.5256190299987793,False,13.0
2012,Geno Smith,West Virginia,2013,,,13,pass,0.5960037708282471,False,55.0
2012,Geno Smith,West Virginia,2013,,,12,pass,1.2825666666030884,False,67.0
2012,Geno Smith,West Virginia,2013,,,1,pass,-0.5888582468032837,False,68.0
2012,Geno Smith,West Virginia,2013,,,9,pass,0.679502010345459,False,28.0
2012,Geno Smith,West Virginia,2013,,,0,pass,-0.7065246105194092,False,33.0
2012,Geno Smith,West Virginia,2013,,,0,pass,-2.1360554695129395,False,3.0
2012,Geno Smith,West Virginia,2013,,,11,pass,0.590123176574707,False,17.0
2012,Geno Smith,West Virginia,2013,,,11,pass,0.6190903186798096,False,36.0
2012,Geno Smith,West Virginia,2013,,,22,pass,0.8593709468841553,False,58.0
2012,Geno Smith,West Virginia,2013,,,32,pass,3.3323819637298584,True,32.0
2012,Geno Smith,West Virginia,2013,,,-2,pass,-1.191183090209961,False,55.0
2012,Geno Smith,West Virginia,2013,,,9,pass,0.3926401138305664,False,64.0
2012,Geno Smith,West Virginia,2013,,,8,pass,0.8412792682647705,False,72.0
2012,Geno Smith,West Virginia,2013,,,6,pass,0.6807565093040466,False,88.0
2012,Geno Smith,West Virginia,2013,,,7,pass,1.0383872985839844,True,7.0
2012,Geno Smith,West Virginia,2013,,,12,pass,0.6056461334228516,False,19.0
2012,Geno Smith,West Virginia,2013,,,30,pass,1.615187406539917,False,49.0
2012,Geno Smith,West Virginia,2013,,,27,pass,0.9070405960083008,False,80.0
2012,Geno Smith,West Virginia,2013,,,30,pass,2.330221176147461,True,30.0
2012,Geno Smith,West Virginia,2013,,,3,pass,-0.37917470932006836,False,33.0
2012,Geno Smith,West Virginia,2013,,,15,pass,0.6008915901184082,False,48.0
2012,Geno Smith,West Virginia,2013,,,2,pass,0.52530837059021,False,50.0
2012,Geno Smith,West Virginia,2013,,,4,pass,0.0033490657806396484,False,54.0
2012,Geno Smith,West Virginia,2013,,,7,pass,0.49619150161743164,False,66.0
2012,Geno Smith,West Virginia,2013,,,6,pass,0.0023746490478515625,False,57.0
2012,Geno Smith,West Virginia,2013,,,18,pass,4.811608791351318,False,40.0
2012,Geno Smith,West Virginia,2013,,,0,pass,-0.23968905210494995,False,40.0
2012,Geno Smith,West Virginia,2013,,,8,pass,0.25167155265808105,False,48.0
2012,Geno Smith,West Virginia,2013,,,9,pass,0.2698928117752075,False,52.0
2012,Geno Smith,West Virginia,2013,,,9,pass,0.18144440650939941,False,72.0
2012,Geno Smith,West Virginia,2013,,,2,pass,-0.9515542387962341,False,83.0
2012,Geno Smith,West Virginia,2013,,,4,pass,-0.19371312856674194,False,87.0
2012,Geno Smith,West Virginia,2013,,,4,pass,1.1617231369018555,True,4.0
2012,Geno Smith,West Virginia,2013,,,24,pass,1.2953686714172363,False,27.0
2012,Geno Smith,West Virginia,2013,,,7,pass,0.03880167007446289,False,46.0
2012,Geno Smith,West Virginia,2013,,,29,pass,1.9450266361236572,False,75.0
2012,Geno Smith,West Virginia,2013,,,12,pass,0.3783841133117676,False,86.0
2012,Geno Smith,West Virginia,2013,,,3,pass,0.6637539863586426,True,3.0
2012,Geno Smith,West Virginia,2013,,,11,pass,0.6097049713134766,False,18.0
2012,Geno Smith,West Virginia,2013,,,12,pass,1.1594223976135254,False,30.0
2012,Geno Smith,West Virginia,2013,,,35,pass,1.4856281280517578,False,65.0
2012,Geno Smith,West Virginia,2013,,,2,pass,-0.45718955993652344,False,70.0
2012,Geno Smith,West Virginia,2013,,,9,pass,1.3044085502624512,True,9.0
2012,Geno Smith,West Virginia,2013,,,36,pass,1.5086960792541504,False,45.0
2012,Geno Smith,West Virginia,2013,,,15,pass,2.364596366882324,False,65.0
2012,Geno Smith,West Virginia,2013,,,0,pass,-0.9299010038375854,False,65.0
2012,Geno Smith,West Virginia,2013,,,2,pass,-0.22164154052734375,False,14.0
2012,Geno Smith,West Virginia,2013,,,13,pass,0.9473497867584229,False,34.0
2012,Geno Smith,West Virginia,2013,,,5,pass,0.1413724422454834,False,39.0
2012,Geno Smith,West Virginia,2013,,,0,pass,-0.6301977634429932,False,51.0
2012,Geno Smith,West Virginia,2013,,,6,pass,0.20640230178833008,False,48.0
2012,Geno Smith,West Virginia,2013,,,5,pass,0.3150061368942261,False,66.0
2012,Geno Smith,West Virginia,2013,,,9,pass,0.29529041051864624,False,75.0
2012,Geno Smith,West Virginia,2013,,,0,pass,-1.219032883644104,False,75.0
2012,Geno Smith,West Virginia,2013,,,-2,pass,-0.9861462116241455,False,72.0
2012,Geno Smith,West Virginia,2013,,,34,pass,4.983365535736084,True,34.0
2012,Geno Smith,West Virginia,2013,,,15,pass,0.7969908714294434,False,44.0
2012,Geno Smith,West Virginia,2013,,,5,pass,0.45464253425598145,False,49.0
2012,Geno Smith,West Virginia,2013,,,5,pass,0.012499570846557617,False,54.0
2012,Geno Smith,West Virginia,2013,,,5,pass,0.9229428768157959,False,59.0
2012,Geno Smith,West Virginia,2013,,,0,pass,-0.8494906425476074,False,59.0
2012,Geno Smith,West Virginia,2013,,,0,pass,-1.8926461935043335,False,56.0
2012,Geno Smith,West Virginia,2013,,,3,pass,-0.3367643356323242,False,59.0
2012,Geno Smith,West Virginia,2013,,,11,pass,0.5532875061035156,False,73.0
2012,Geno Smith,West Virginia,2013,,,7,pass,0.4693946838378906,False,80.0
2012,Geno Smith,West Virginia,2013,,,8,pass,-0.3923008441925049,False,71.0
2012,Geno Smith,West Virginia,2013,,,0,pass,-1.575164556503296,False,63.0
2012,Geno Smith,West Virginia,2013,,,0,pass,-0.5807521343231201,False,63.0
2012,Geno Smith,West Virginia,2013,,,12,pass,1.8883452415466309,False,75.0
2012,Geno Smith,West Virginia,2013,,,6,pass,-0.7559666633605957,False,80.0
2012,Geno Smith,West Virginia,2013,,,24,pass,4.005701065063477,True,24.0
2012,Geno Smith,West Virginia,2013,,,15,pass,0.867267370223999,False,39.0
2012,Geno Smith,West Virginia,2013,,,9,pass,0.5205541849136353,False,48.0
2012,Geno Smith,West Virginia,2013,,,16,pass,1.0551245212554932,False,64.0
2012,Geno Smith,West Virginia,2013,,,0,pass,-1.4305466413497925,False,66.0
2012,Geno Smith,West Virginia,2013,,,0,pass,-1.083719253540039,False,8.0
2012,Geno Smith,West Virginia,2013,,,12,pass,1.5019664764404297,False,20.0
2012,Geno Smith,West Virginia,2013,,,0,pass,-0.5674633979797363,False,26.0
2012,Geno Smith,West Virginia,2013,,,9,pass,0.8300647735595703,False,38.0
2012,Geno Smith,West Virginia,2013,,,12,pass,2.203644037246704,False,50.0
2012,Geno Smith,West Virginia,2013,,,0,pass,-0.8388042449951172,False,50.0
2012,Geno Smith,West Virginia,2013,,,17,pass,2.2197630405426025,False,69.0
2012,Geno Smith,West Virginia,2013,,,0,pass,-0.9721131920814514,False,69.0
2012,Geno Smith,West Virginia,2013,,,0,pass,-1.0061686038970947,False,80.0
2012,Geno Smith,West Virginia,2013,,,0,pass,-0.6112090349197388,False,80.0
2012,Geno Smith,West Virginia,2013,,,44,pass,2.8712234497070312,True,44.0
2012,Geno Smith,West Virginia,2013,,,34,pass,1.833106517791748,False,78.0
2012,Geno Smith,West Virginia,2013,,,0,pass,-1.8303048610687256,False,63.0
2012,Geno Smith,West Virginia,2013,,,-2,pass,-1.5127776861190796,False,61.0
2012,Geno Smith,West Virginia,2013,,,8,pass,0.5118364095687866,False,69.0
2012,Geno Smith,West Virginia,2013,,,11,pass,1.6122435331344604,False,80.0
2012,Geno Smith,West Virginia,2013,,,8,pass,-0.0664818286895752,False,61.0
2012,Geno Smith,West Virginia,2013,,,13,pass,1.1568995714187622,False,75.0
2012,Geno Smith,West Virginia,2013,,,39,pass,4.184151649475098,True,39.0
2012,Geno Smith,West Virginia,2013,,,4,pass,0.13660144805908203,False,41.0
2012,Geno Smith,West Virginia,2013,,,12,pass,1.9322267770767212,False,72.0
2012,Geno Smith,West Virginia,2013,,,4,pass,-0.5517960786819458,False,76.0
2012,Geno Smith,West Virginia,2013,,,-1,pass,-0.8731794357299805,False,75.0
2012,Geno Smith,West Virginia,2013,,,87,pass,4.907663345336914,True,87.0
2012,Geno Smith,West Virginia,2013,,,4,pass,-0.6825222373008728,False,72.0
2012,Geno Smith,West Virginia,2013,,,0,pass,-1.0757472515106201,False,72.0
2012,Geno Smith,West Virginia,2013,,,3,pass,-1.226919174194336,False,4.0
2012,Geno Smith,West Virginia,2013,,,47,pass,3.1525397300720215,False,51.0
2012,Geno Smith,West Virginia,2013,,,52,pass,5.037420272827148,True,52.0
2012,Geno Smith,West Virginia,2013,,,0,pass,-1.447374701499939,False,52.0
2012,Geno Smith,West Virginia,2013,,,22,pass,1.0935215950012207,False,72.0
2012,Geno Smith,West Virginia,2013,,,7,pass,1.6968750953674316,False,79.0
2012,Geno Smith,West Virginia,2013,,,5,pass,-0.3413521647453308,False,84.0
2012,Geno Smith,West Virginia,2013,,,0,pass,-0.6607415676116943,False,84.0
2012,Geno Smith,West Virginia,2013,,,45,pass,3.1103029251098633,True,45.0
2012,Geno Smith,West Virginia,2013,,,11,pass,1.824547529220581,False,69.0
2012,Geno Smith,West Virginia,2013,,,6,pass,0.06381618976593018,False,75.0
2012,Geno Smith,West Virginia,2013,,,0,pass,-1.0356483459472656,False,75.0
2012,Geno Smith,West Virginia,2013,,,2,pass,1.460463523864746,True,2.0
2012,Geno Smith,West Virginia,2013,,,14,pass,1.1142334938049316,False,19.0
2012,Geno Smith,West Virginia,2013,,,8,pass,0.6540379524230957,False,27.0
2012,Geno Smith,West Virginia,2013,,,45,pass,2.5755395889282227,False,83.0
2012,Geno Smith,West Virginia,2013,,,20,pass,2.2595691680908203,True,20.0
2012,Geno Smith,West Virginia,2013,,,8,pass,0.6213481426239014,False,28.0
2012,Geno Smith,West Virginia,2013,,,6,pass,0.38277578353881836,False,45.0
2012,Geno Smith,West Virginia,2013,,,14,pass,0.8744773864746094,False,59.0
2012,Geno Smith,West Virginia,2013,,,47,pass,4.323577404022217,True,47.0
2012,Geno Smith,West Virginia,2013,,,6,pass,0.32409048080444336,False,53.0
2012,Geno Smith,West Virginia,2013,,,9,pass,0.7847632169723511,False,62.0
2012,Geno Smith,West Virginia,2013,,,2,pass,-0.4886460304260254,False,75.0
2012,Geno Smith,West Virginia,2013,,,0,pass,-1.2833423614501953,False,77.0
2012,Geno Smith,West Virginia,2013,,,8,pass,-0.004849284887313843,False,85.0
2012,Geno Smith,West Virginia,2013,,,0,pass,-0.6401252746582031,False,80.0
2012,Geno Smith,West Virginia,2013,,,7,pass,1.918405532836914,True,7.0
2012,Geno Smith,West Virginia,2013,,,2,pass,-0.9884576797485352,False,9.0
2012,Geno Smith,West Virginia,2013,,,19,pass,1.505113124847412,False,47.0
2012,Geno Smith,West Virginia,2013,,,13,pass,1.0530133247375488,False,60.0
2012,Geno Smith,West Virginia,2013,,,6,pass,-0.445157527923584,False,8.0
2012,Geno Smith,West Virginia,2013,,,10,pass,0.5796427726745605,False,18.0
2012,Geno Smith,West Virginia,2013,,,9,pass,1.0800182819366455,False,57.0
2012,Geno Smith,West Virginia,2013,,,0,pass,-1.077317237854004,False,73.0
2012,Geno Smith,West Virginia,2013,,,0,pass,-1.798878788948059,False,30.0
2012,Geno Smith,West Virginia,2013,,,9,pass,0.8773624897003174,False,45.0
2012,Geno Smith,West Virginia,2013,,,6,pass,1.449626088142395,False,51.0
2012,Geno Smith,West Virginia,2013,,,13,pass,0.8928273916244507,False,60.0
2012,Geno Smith,West Virginia,2013,,,0,pass,-6.111003398895264,False,71.0
2012,Geno Smith,West Virginia,2013,,,6,pass,1.6636204719543457,True,6.0
2012,Geno Smith,West Virginia,2013,,,11,pass,4.040957450866699,False,40.0
2012,Geno Smith,West Virginia,2013,,,0,pass,-2.0371320247650146,False,40.0
2012,Geno Smith,West Virginia,2013,,,8,pass,0.39813435077667236,False,48.0
2012,Geno Smith,West Virginia,2013,,,-4,pass,-1.4538615942001343,False,44.0
2012,Geno Smith,West Virginia,2013,,,9,pass,2.3588833808898926,True,9.0
2012,Geno Smith,West Virginia,2013,,,15,pass,1.0250940322875977,False,31.0
2012,Geno Smith,West Virginia,2013,,,26,pass,2.8717291355133057,False,57.0
2012,Geno Smith,West Virginia,2013,,,8,pass,0.39686524868011475,False,61.0
2012,Geno Smith,West Virginia,2013,,,8,pass,0.49620890617370605,False,69.0
2012,Geno Smith,West Virginia,2013,,,5,pass,0.0833902359008789,False,19.0
2012,Geno Smith,West Virginia,2013,,,24,pass,2.2935373783111572,False,43.0
2012,Geno Smith,West Virginia,2013,,,5,pass,-0.12125980854034424,False,48.0
2012,Geno Smith,West Virginia,2013,,,11,pass,0.4314833879470825,False,64.0
2012,Geno Smith,West Virginia,2013,,,0,pass,-1.7329158782958984,False,10.0
2012,Geno Smith,West Virginia,2013,,,0,pass,-0.7609548568725586,False,10.0
2012,Geno Smith,West Virginia,2013,,,7,pass,0.4644968509674072,False,41.0
2012,Geno Smith,West Virginia,2013,,,0,pass,-0.5601730346679688,False,56.0
2012,Geno Smith,West Virginia,2013,,,16,pass,1.128161907196045,False,72.0
2012,Geno Smith,West Virginia,2013,,,0,pass,-5.143401145935059,True,90.0
2012,Geno Smith,West Virginia,2013,,,-2,pass,-1.0232977867126465,False,88.0
2012,Geno Smith,West Virginia,2013,,,0,pass,-1.7627218961715698,False,66.0
2012,Geno Smith,West Virginia,2013,,,0,pass,-1.8570921421051025,False,4.0
2012,Geno Smith,West Virginia,2013,,,11,pass,3.074190616607666,False,30.0
2012,Geno Smith,West Virginia,2013,,,0,pass,-1.4641093015670776,False,30.0
2012,Geno Smith,West Virginia,2013,,,0,pass,-0.5601990222930908,False,31.0
2012,Geno Smith,West Virginia,2013,,,16,pass,1.3909968137741089,False,70.0
2012,Geno Smith,West Virginia,2013,,,40,pass,5.66710901260376,True,40.0
2012,Geno Smith,West Virginia,2013,,,6,pass,-1.0674924850463867,False,46.0
2012,Geno Smith,West Virginia,2013,,,0,pass,-0.937989354133606,False,46.0
2012,Geno Smith,West Virginia,2013,,,0,pass,-0.6630730628967285,False,46.0
2012,Geno Smith,West Virginia,2013,,,9,pass,-0.07471659779548645,False,57.0
2012,Geno Smith,West Virginia,2013,,,8,pass,1.2754082679748535,True,8.0
2012,Geno Smith,West Virginia,2013,,,9,pass,1.5316152572631836,False,47.0
2012,Geno Smith,West Virginia,2013,,,4,pass,-0.06653499603271484,False,51.0
2012,Geno Smith,West Virginia,2013,,,0,pass,-0.6630401611328125,False,7.0
2012,Geno Smith,West Virginia,2013,,,20,pass,2.251828670501709,False,27.0
2012,Geno Smith,West Virginia,2013,,,9,pass,1.0143221616744995,False,42.0
2012,Geno Smith,West Virginia,2013,,,14,pass,0.7442836165428162,False,56.0
2012,Geno Smith,West Virginia,2013,,,17,pass,0.6875439882278442,False,73.0
2012,Geno Smith,West Virginia,2013,,,0,pass,-4.889947891235352,False,2.0
2012,Geno Smith,West Virginia,2013,,,0,pass,-3.0535058975219727,False,2.0
2012,Geno Smith,West Virginia,2013,,,5,pass,0.5439069271087646,False,20.0
2012,Geno Smith,West Virginia,2013,,,5,pass,0.3090444803237915,False,40.0
2012,Geno Smith,West Virginia,2013,,,6,pass,0.6966615915298462,False,46.0
2012,Geno Smith,West Virginia,2013,,,17,pass,1.219753623008728,False,75.0
2012,Geno Smith,West Virginia,2013,,,0,pass,-1.6741383075714111,False,71.0
2012,Geno Smith,West Virginia,2013,,,4,pass,-0.19922137260437012,False,91.0
2012,Geno Smith,West Virginia,2013,,,0,pass,-2.0206475257873535,False,36.0
2012,Geno Smith,West Virginia,2013,,,0,pass,-0.7776079773902893,False,39.0
2012,Geno Smith,West Virginia,2013,,,3,pass,2.3397462368011475,False,75.0
2012,Geno Smith,West Virginia,2013,,,0,pass,-0.4030270576477051,False,32.0
2012,Geno Smith,West Virginia,2013,,,7,pass,0.2425086498260498,False,39.0
2012,Geno Smith,West Virginia,2013,,,0,pass,-0.05110430717468262,False,39.0
2012,Geno Smith,West Virginia,2013,,,11,pass,0.6789743900299072,False,50.0
2012,Geno Smith,West Virginia,2013,,,13,pass,0.874330997467041,False,75.0
2012,Geno Smith,West Virginia,2013,,,0,pass,-1.6130574941635132,False,48.0
2012,Geno Smith,West Virginia,2013,,,0,pass,-0.7915537357330322,False,59.0
2012,Geno Smith,West Virginia,2013,,,7,pass,1.935451865196228,False,71.0
2012,Geno Smith,West Virginia,2013,,,0,pass,-0.7575610280036926,False,71.0
2012,Geno Smith,West Virginia,2013,,,4,pass,-0.19993221759796143,False,75.0
2012,Geno Smith,West Virginia,2013,,,0,pass,-3.6849896907806396,False,18.0
2012,Geno Smith,West Virginia,2013,,,6,pass,-0.5600574016571045,False,24.0
2012,Geno Smith,West Virginia,2013,,,0,pass,-0.7700309753417969,False,24.0
2012,Geno Smith,West Virginia,2013,,,15,pass,0.8515429496765137,False,40.0
2012,Geno Smith,West Virginia,2013,,,16,pass,3.035554885864258,False,56.0
2012,Geno Smith,West Virginia,2013,,,0,pass,-0.4219074249267578,False,55.0
2012,Geno Smith,West Virginia,2013,,,14,pass,2.5103609561920166,False,69.0
2012,Geno Smith,West Virginia,2013,,,0,pass,-0.7701805233955383,False,70.0
2012,Geno Smith,West Virginia,2013,,,0,pass,-1.3319493532180786,False,68.0
2012,Geno Smith,West Virginia,2013,,,1,pass,-0.6297934651374817,False,69.0
2012,Geno Smith,West Virginia,2013,,,0,pass,-0.6703066229820251,False,84.0
2012,Geno Smith,West Virginia,2013,,,7,pass,1.4759435653686523,True,7.0
2012,Geno Smith,West Virginia,2013,,,38,pass,3.5332229137420654,False,40.0
2012,Geno Smith,West Virginia,2013,,,3,pass,-0.2528578042984009,False,50.0
2012,Geno Smith,West Virginia,2013,,,4,pass,-0.16144931316375732,False,54.0
2012,Geno Smith,West Virginia,2013,,,0,pass,-3.5552902221679688,False,31.0
2012,Geno Smith,West Virginia,2013,,,0,pass,-1.691704511642456,False,31.0
2012,Geno Smith,West Virginia,2013,,,13,pass,2.374927043914795,False,50.0
2012,Geno Smith,West Virginia,2013,,,4,pass,-0.23196136951446533,False,54.0
2012,Geno Smith,West Virginia,2013,,,12,pass,0.7312414050102234,False,65.0
2012,Geno Smith,West Virginia,2013,,,5,pass,1.7149081230163574,True,5.0
2012,Geno Smith,West Virginia,2013,,,4,pass,0.37279510498046875,False,21.0
2012,Geno Smith,West Virginia,2013,,,0,pass,-0.7205945253372192,False,34.0
2012,Geno Smith,West Virginia,2013,,,10,pass,1.0077400207519531,False,52.0
2012,Geno Smith,West Virginia,2013,,,0,pass,-2.9232096672058105,False,18.0
2012,Geno Smith,West Virginia,2013,,,0,pass,-1.5327682495117188,False,18.0
2012,Geno Smith,West Virginia,2013,,,9,pass,0.7845079898834229,False,27.0
2012,Geno Smith,West Virginia,2013,,,0,pass,-1.9628013372421265,False,21.0
2012,Geno Smith,West Virginia,2013,,,7,pass,3.0962185859680176,False,28.0
2012,Geno Smith,West Virginia,2013,,,13,pass,1.1786377429962158,False,47.0
2012,Geno Smith,West Virginia,2013,,,10,pass,1.9459922313690186,False,57.0
2012,Geno Smith,West Virginia,2013,,,4,pass,-0.1171298623085022,False,61.0
2012,Geno Smith,West Virginia,2013,,,0,pass,-0.4717698395252228,False,61.0
2012,Geno Smith,West Virginia,2013,,,9,pass,1.2174627780914307,False,46.0
2012,Geno Smith,West Virginia,2013,,,0,pass,-0.5496002435684204,False,46.0
2012,Geno Smith,West Virginia,2013,,,11,pass,1.4811062812805176,False,67.0
2012,Geno Smith,West Virginia,2013,,,-3,pass,-1.3022563457489014,False,64.0
2012,Geno Smith,West Virginia,2013,,,0,pass,-1.5660099983215332,False,85.0
2012,Geno Smith,West Virginia,2013,,,0,pass,-0.6087303161621094,False,93.0
2012,Geno Smith,West Virginia,2013,,,2,pass,-0.44223713874816895,False,87.0
2012,Geno Smith,West Virginia,2013,,,8,pass,-0.029603948816657066,False,66.0
2012,Geno Smith,West Virginia,2013,,,0,pass,-0.7693654894828796,False,66.0
2012,Geno Smith,West Virginia,2013,,,9,pass,0.06704683601856232,False,75.0
2012,Geno Smith,West Virginia,2013,,,6,pass,-0.719675600528717,False,56.0
2012,Geno Smith,West Virginia,2013,,,3,pass,0.03975731134414673,False,72.0
2012,Geno Smith,West Virginia,2013,,,13,pass,2.120891809463501,False,69.0
2012,Geno Smith,West Virginia,2013,,,0,pass,-0.5925803184509277,False,56.0
2012,Geno Smith,West Virginia,2013,,,0,pass,-0.8263965249061584,False,56.0
2012,Geno Smith,West Virginia,2013,,,11,pass,1.0454673767089844,False,86.0
2012,Geno Smith,West Virginia,2013,,,0,pass,-0.607760488986969,False,86.0
2012,Geno Smith,West Virginia,2013,,,0,pass,-1.9188607931137085,False,69.0
2012,Geno Smith,West Virginia,2013,,,3,pass,-0.45811089873313904,False,73.0
2012,Geno Smith,West Virginia,2013,,,0,pass,-0.7878923416137695,False,55.0
2012,Geno Smith,West Virginia,2013,,,9,pass,1.065170168876648,False,64.0
2012,Geno Smith,West Virginia,2013,,,0,pass,-1.0386950969696045,False,38.0
2012,Geno Smith,West Virginia,2013,,,5,pass,-0.012138843536376953,False,63.0
2012,Geno Smith,West Virginia,2013,,,12,pass,0.5805870294570923,False,75.0
2012,Geno Smith,West Virginia,2013,,,2,pass,-0.48760783672332764,False,53.0
2012,Geno Smith,West Virginia,2013,,,0,pass,-0.3601919412612915,False,53.0
2012,Geno Smith,West Virginia,2013,,,0,pass,-1.449872612953186,False,80.0
2012,Geno Smith,West Virginia,2013,,,0,pass,-1.7342185974121094,False,59.0
2012,Geno Smith,West Virginia,2013,,,0,pass,-0.6736038327217102,False,75.0
2012,Geno Smith,West Virginia,2013,,,6,pass,0.3290553092956543,False,25.0
2012,Geno Smith,West Virginia,2013,,,0,pass,-0.7455379962921143,False,19.0
2012,Geno Smith,West Virginia,2013,,,0,pass,-1.5257232189178467,False,19.0
2012,Geno Smith,West Virginia,2013,,,25,pass,2.564167022705078,True,25.0
2012,Geno Smith,West Virginia,2013,,,0,pass,-0.9632599353790283,False,89.0
2012,Geno Smith,West Virginia,2013,,,-1,pass,-1.0454436540603638,False,88.0
2012,Geno Smith,West Virginia,2013,,,6,pass,0.1910390853881836,False,32.0
2012,Geno Smith,West Virginia,2013,,,12,pass,1.3672292232513428,False,44.0
2012,Geno Smith,West Virginia,2013,,,5,pass,0.17249774932861328,False,54.0
2012,Geno Smith,West Virginia,2013,,,6,pass,-0.5497771501541138,False,46.0
2012,Geno Smith,West Virginia,2013,,,0,pass,-0.6132490634918213,False,36.0
2012,Geno Smith,West Virginia,2013,,,8,pass,0.38300466537475586,False,46.0
2012,Geno Smith,West Virginia,2013,,,0,pass,-0.4485219717025757,False,30.0
2012,Geno Smith,West Virginia,2013,,,8,pass,0.5124694108963013,False,38.0
2012,Geno Smith,West Virginia,2013,,,3,pass,0.16187608242034912,False,41.0
2012,Geno Smith,West Virginia,2013,,,8,pass,0.21721291542053223,False,57.0
2012,Geno Smith,West Virginia,2013,,,0,pass,-0.6363952159881592,False,58.0
2012,Geno Smith,West Virginia,2013,,,12,pass,1.7024834156036377,False,70.0
2012,Geno Smith,West Virginia,2013,,,6,pass,-0.23012861609458923,False,76.0
2012,Geno Smith,West Virginia,2013,,,0,pass,-0.9699520468711853,False,68.0
2012,Geno Smith,West Virginia,2013,,,3,pass,-0.8818292617797852,False,9.0
2012,Geno Smith,West Virginia,2013,,,0,pass,-1.6739399433135986,False,58.0
2012,Geno Smith,West Virginia,2013,,,0,pass,-0.9923323392868042,False,58.0
2012,Geno Smith,West Virginia,2013,,,43,pass,4.909188270568848,True,43.0
2012,Geno Smith,West Virginia,2013,,,5,pass,0.09495258331298828,False,49.0
2012,Geno Smith,West Virginia,2013,,,14,pass,2.3047282695770264,False,63.0
2012,Geno Smith,West Virginia,2013,,,0,pass,-0.7268074750900269,False,63.0
2012,Geno Smith,West Virginia,2013,,,22,pass,2.2777953147888184,True,22.0
2012,Geno Smith,West Virginia,2013,,,8,pass,0.7287042140960693,False,34.0
2012,Geno Smith,West Virginia,2013,,,0,pass,-1.133168339729309,False,42.0
2012,Geno Smith,West Virginia,2013,,,5,pass,0.011911153793334961,False,47.0
2012,Geno Smith,West Virginia,2013,,,10,pass,0.6857963800430298,False,67.0
2012,Geno Smith,West Virginia,2013,,,0,pass,-1.6470948457717896,False,68.0
2012,Geno Smith,West Virginia,2013,,,3,pass,-1.362215280532837,False,64.0
2012,Geno Smith,West Virginia,2013,,,0,pass,-0.8443966507911682,False,64.0
2012,Geno Smith,West Virginia,2013,,,10,pass,1.0415046215057373,False,75.0
2012,Geno Smith,West Virginia,2013,,,4,pass,-0.9186335802078247,False,65.0
2012,Geno Smith,West Virginia,2013,,,-1,pass,-1.3562036752700806,False,64.0
2012,Geno Smith,West Virginia,2013,,,0,pass,-0.6559346914291382,False,64.0
2012,Geno Smith,West Virginia,2013,,,2,pass,0.8775427341461182,False,66.0
2012,Geno Smith,West Virginia,2013,,,0,pass,-1.1647528409957886,False,66.0
2012,Geno Smith,West Virginia,2013,,,9,pass,-1.0490562915802002,False,75.0
2012,Geno Smith,West Virginia,2013,,,0,pass,-2.8506181240081787,False,5.0
2012,Geno Smith,West Virginia,2013,,,0,pass,-1.7644848823547363,False,5.0
2012,Geno Smith,West Virginia,2013,,,0,pass,-1.2200088500976562,False,5.0
2012,Geno Smith,West Virginia,2013,,,6,pass,1.0020971298217773,False,13.0
2012,Geno Smith,West Virginia,2013,,,4,pass,0.008570671081542969,False,17.0
2012,Geno Smith,West Virginia,2013,,,8,pass,1.806574821472168,False,25.0
2012,Geno Smith,West Virginia,2013,,,8,pass,0.5699756145477295,False,34.0
2012,Geno Smith,West Virginia,2013,,,13,pass,2.1114249229431152,False,47.0
2012,Geno Smith,West Virginia,2013,,,-2,pass,-0.976300835609436,False,45.0
2012,Geno Smith,West Virginia,2013,,,0,pass,-0.9715158939361572,False,74.0
2012,Geno Smith,West Virginia,2013,,,0,pass,-0.7781636714935303,False,74.0
2012,Geno Smith,West Virginia,2013,,,0,pass,-2.497908592224121,False,61.0
2012,Geno Smith,West Virginia,2013,,,0,pass,-1.4159523248672485,False,61.0
2012,Geno Smith,West Virginia,2013,,,11,pass,1.040853500366211,False,72.0
2012,Geno Smith,West Virginia,2013,,,3,pass,-0.4796484708786011,False,75.0
2012,Geno Smith,West Virginia,2013,,,0,pass,-1.9113538265228271,False,45.0
2012,Geno Smith,West Virginia,2013,,,6,pass,0.1897106170654297,False,51.0
2012,Geno Smith,West Virginia,2013,,,8,pass,1.3181464672088623,False,58.0
2012,Geno Smith,West Virginia,2013,,,0,pass,-0.869352400302887,False,58.0
2012,Geno Smith,West Virginia,2013,,,7,pass,0.46858978271484375,False,65.0
2012,Geno Smith,West Virginia,2013,,,8,pass,1.5307824611663818,False,73.0
2012,Geno Smith,West Virginia,2013,,,11,pass,0.5741610527038574,False,21.0
2012,Geno Smith,West Virginia,2013,,,22,pass,2.000096559524536,False,43.0
2012,Geno Smith,West Virginia,2013,,,6,pass,0.28948450088500977,False,49.0
2012,Geno Smith,West Virginia,2013,,,12,pass,2.916006565093994,False,61.0
2012,Geno Smith,West Virginia,2013,,,-3,pass,-1.189774513244629,False,60.0
2012,Geno Smith,West Virginia,2013,,,9,pass,2.275144100189209,True,9.0
2012,Geno Smith,West Virginia,2013,,,75,pass,5.717350959777832,False,88.0
2012,Geno Smith,West Virginia,2013,,,0,pass,-1.667742133140564,False,20.0
2012,Geno Smith,West Virginia,2013,,,0,pass,-0.5691206455230713,False,20.0
2012,Geno Smith,West Virginia,2013,,,7,pass,0.38666486740112305,False,27.0
2012,Geno Smith,West Virginia,2013,,,12,pass,0.6693737506866455,False,39.0
2012,Geno Smith,West Virginia,2013,,,17,pass,3.677382469177246,True,17.0
2012,Geno Smith,West Virginia,2013,,,5,pass,3.058777332305908,False,34.0
2012,Geno Smith,West Virginia,2013,,,13,pass,0.37805312871932983,False,47.0
2012,Geno Smith,West Virginia,2013,,,0,pass,-1.8868343830108643,False,39.0
2012,Geno Smith,West Virginia,2013,,,7,pass,1.8868343830108643,False,61.0
2012,Geno Smith,West Virginia,2013,,,0,pass,-3.2604193687438965,False,2.0
2012,Geno Smith,West Virginia,2013,,,9,pass,1.2316653728485107,False,25.0
2012,Geno Smith,West Virginia,2013,,,0,pass,-0.6949820518493652,False,32.0
2012,Geno Smith,West Virginia,2013,,,8,pass,0.547248125076294,False,40.0
2012,Geno Smith,West Virginia,2013,,,8,pass,0.8733487129211426,False,48.0
2012,Geno Smith,West Virginia,2013,,,10,pass,2.2294232845306396,False,71.0
2012,Geno Smith,West Virginia,2013,,,4,pass,-0.5101202726364136,False,75.0
2012,Geno Smith,West Virginia,2013,,,0,pass,-3.172673225402832,False,32.0
2012,Geno Smith,West Virginia,2013,,,0,pass,-0.6888673305511475,False,34.0
2012,Geno Smith,West Virginia,2013,,,19,pass,1.631325602531433,False,53.0
2012,Geno Smith,West Virginia,2013,,,7,pass,0.6263731718063354,False,60.0
2012,Geno Smith,West Virginia,2013,,,1,pass,-1.4045586585998535,False,75.0
2012,Geno Smith,West Virginia,2013,,,8,pass,0.37908369302749634,False,83.0
2012,Geno Smith,West Virginia,2013,,,9,pass,1.393940806388855,False,67.0
2012,Geno Smith,West Virginia,2013,,,8,pass,0.7944735288619995,False,75.0
2012,Geno Smith,West Virginia,2013,,,0,pass,-0.8064091801643372,False,75.0
2012,Geno Smith,West Virginia,2013,,,0,pass,-0.9619866609573364,False,77.0
2012,Geno Smith,West Virginia,2013,,,11,pass,-0.37200653553009033,False,60.0
2012,Geno Smith,West Virginia,2013,,,40,pass,4.733223915100098,True,40.0
2012,Geno Smith,West Virginia,2013,,,8,pass,1.665543556213379,True,8.0
2012,Geno Smith,West Virginia,2013,,,4,pass,0.9302153587341309,True,4.0
2012,Geno Smith,West Virginia,2013,,,33,pass,3.018268346786499,False,61.0
2012,Geno Smith,West Virginia,2013,,,35,pass,2.3931527137756348,False,97.0
2012,Geno Smith,West Virginia,2013,,,0,pass,-1.2843704223632812,False,4.0
2012,Geno Smith,West Virginia,2013,,,1,pass,-0.6138627529144287,False,14.0
2012,Geno Smith,West Virginia,2013,,,11,pass,1.4158719778060913,False,47.0
2012,Geno Smith,West Virginia,2013,,,3,pass,0.011194109916687012,False,50.0
2012,Geno Smith,West Virginia,2013,,,19,pass,2.4585256576538086,False,69.0
2012,Geno Smith,West Virginia,2013,,,9,pass,-0.3611873388290405,False,49.0
2012,Geno Smith,West Virginia,2013,,,0,pass,-0.039922744035720825,False,49.0
2012,Geno Smith,West Virginia,2013,,,33,pass,3.977296829223633,True,33.0
2012,Geno Smith,West Virginia,2013,,,15,pass,2.163708209991455,False,50.0
2012,Geno Smith,West Virginia,2013,,,0,pass,-0.6190488338470459,False,50.0
2012,Geno Smith,West Virginia,2013,,,0,pass,-0.5295827388763428,False,50.0
2012,Geno Smith,West Virginia,2013,,,41,pass,2.430786371231079,False,91.0
2012,Geno Smith,West Virginia,2013,,,0,pass,-1.4552526473999023,False,61.0
2012,Geno Smith,West Virginia,2013,,,0,pass,-0.5714730620384216,False,66.0
2012,Geno Smith,West Virginia,2013,,,3,pass,-2.14371657371521,False,4.0
2012,Geno Smith,West Virginia,2013,,,17,pass,2.8254826068878174,False,35.0
2012,Geno Smith,West Virginia,2013,,,0,pass,-1.1440454721450806,False,86.0
2012,Geno Smith,West Virginia,2013,,,0,pass,-0.7900756597518921,False,86.0
2012,Geno Smith,West Virginia,2013,,,7,pass,0.43760251998901367,False,9.0
2012,Geno Smith,West Virginia,2013,,,4,pass,0.17650306224822998,False,57.0
2012,Geno Smith,West Virginia,2013,,,11,pass,1.2434673309326172,False,75.0
2012,Geno Smith,West Virginia,2013,,,0,pass,-0.6872425079345703,False,55.0
2012,Geno Smith,West Virginia,2013,,,15,pass,2.6811695098876953,False,79.0
2012,Geno Smith,West Virginia,2013,,,75,pass,5.402222633361816,True,75.0
2012,Geno Smith,West Virginia,2013,,,0,pass,-1.43487548828125,False,18.0
2012,Geno Smith,West Virginia,2013,,,6,pass,0.22528386116027832,False,24.0
2012,Geno Smith,West Virginia,2013,,,6,pass,0.22287631034851074,False,30.0
2012,Geno Smith,West Virginia,2013,,,9,pass,1.079277753829956,False,34.0
2012,Geno Smith,West Virginia,2013,,,0,pass,-1.780333161354065,False,46.0
2012,Geno Smith,West Virginia,2013,,,0,pass,-1.309945821762085,False,69.0
2012,Geno Smith,West Virginia,2013,,,0,pass,-1.0406776666641235,False,25.0
2012,Geno Smith,West Virginia,2013,,,6,pass,-0.281130313873291,False,33.0
2012,Geno Smith,West Virginia,2013,,,4,pass,0.7952859401702881,False,27.0
2012,Geno Smith,West Virginia,2013,,,7,pass,1.7108607292175293,False,42.0
2012,Geno Smith,West Virginia,2013,,,7,pass,0.015261650085449219,False,49.0
2012,Geno Smith,West Virginia,2013,,,-2,pass,-1.1526079177856445,False,47.0
2012,Geno Smith,West Virginia,2013,,,8,pass,0.5729892253875732,False,58.0
2012,Geno Smith,West Virginia,2013,,,5,pass,0.40062427520751953,False,63.0
2012,Geno Smith,West Virginia,2013,,,6,pass,2.0141539573669434,True,6.0
2012,Geno Smith,West Virginia,2013,,,3,pass,-0.8349123001098633,False,9.0
2012,Geno Smith,West Virginia,2013,,,10,pass,0.8987812995910645,False,30.0
2012,Geno Smith,West Virginia,2013,,,23,pass,1.5208368301391602,False,28.0
2012,Geno Smith,West Virginia,2013,,,27,pass,1.3956456184387207,False,70.0
2012,Geno Smith,West Virginia,2013,,,1,pass,-0.7103060483932495,False,30.0
2012,Geno Smith,West Virginia,2013,,,8,pass,0.6193385124206543,False,43.0
2012,Geno Smith,West Virginia,2013,,,7,pass,0.48549580574035645,False,57.0
2012,Geno Smith,West Virginia,2013,,,10,pass,0.5351684093475342,False,67.0
2012,Geno Smith,West Virginia,2013,,,5,pass,1.561208963394165,False,72.0
2012,Geno Smith,West Virginia,2013,,,0,pass,-1.6318459510803223,False,25.0
2012,Geno Smith,West Virginia,2013,,,0,pass,-0.7644116878509521,False,42.0
2012,Geno Smith,West Virginia,2013,,,5,pass,-0.11608386039733887,False,67.0
2012,Geno Smith,West Virginia,2013,,,0,pass,-0.7748353481292725,False,67.0
2012,Geno Smith,West Virginia,2013,,,17,pass,0.6943886280059814,False,51.0
2012,Geno Smith,West Virginia,2013,,,1,pass,-0.46012985706329346,False,69.0
2012,Geno Smith,West Virginia,2013,,,15,pass,0.30057084560394287,False,84.0
2012,Geno Smith,West Virginia,2013,,,14,pass,-1.0374236106872559,False,45.0
2012,Geno Smith,West Virginia,2013,,,16,pass,1.1866559982299805,True,16.0
2012,Geno Smith,West Virginia,2013,,,42,pass,1.5746757984161377,False,74.0
2012,Geno Smith,West Virginia,2013,,,-1,pass,-0.9195389747619629,False,36.0
2012,Geno Smith,West Virginia,2013,,,12,pass,0.32102060317993164,False,48.0
2012,Geno Smith,West Virginia,2013,,,12,pass,0.5341355800628662,False,75.0
2012,Geno Smith,West Virginia,2013,,,8,pass,3.408555030822754,True,8.0
2012,Geno Smith,West Virginia,2013,,,32,pass,2.9205002784729004,False,42.0
2012,Geno Smith,West Virginia,2013,,,20,pass,0.42377591133117676,False,65.0
2012,Geno Smith,West Virginia,2013,,,-1,pass,-1.443467140197754,False,5.0
2012,Geno Smith,West Virginia,2013,,,44,pass,3.399632453918457,False,67.0
2012,Geno Smith,West Virginia,2013,,,0,pass,-1.5464215278625488,False,74.0
2012,Geno Smith,West Virginia,2013,,,8,pass,2.424471378326416,True,8.0
2012,Geno Smith,West Virginia,2013,,,4,pass,-0.7316474914550781,False,12.0
2012,Geno Smith,West Virginia,2013,,,19,pass,0.8222002983093262,False,30.0
2012,Geno Smith,West Virginia,2013,,,20,pass,1.95269775390625,False,23.0
2012,Geno Smith,West Virginia,2013,,,8,pass,0.5656676292419434,False,30.0
2012,Geno Smith,West Virginia,2013,,,50,pass,3.5941152572631836,False,80.0
2012,Geno Smith,West Virginia,2013,,,14,pass,1.7112890481948853,False,80.0
2012,Geno Smith,West Virginia,2013,,,8,pass,0.6355714797973633,False,19.0
2012,Geno Smith,West Virginia,2013,,,45,pass,-1.8299121856689453,False,68.0
2012,Geno Smith,West Virginia,2013,,,1,pass,-0.6542808413505554,False,92.0
2012,Geno Smith,West Virginia,2013,,,1,pass,-0.24955254793167114,False,93.0
2012,Geno Smith,West Virginia,2013,,,0,pass,-0.5637730360031128,False,65.0
2012,Geno Smith,West Virginia,2013,,,13,pass,0.5637730360031128,False,68.0
2012,Geno Smith,West Virginia,2013,,,0,pass,1.045262098312378,True,89.0
2012,Geno Smith,West Virginia,2013,,,29,pass,3.3074793815612793,True,29.0
2012,Geno Smith,West Virginia,2013,,,16,pass,1.561195731163025,False,57.0
2012,Geno Smith,West Virginia,2013,,,0,pass,-6.075167655944824,False,25.0
2012,Geno Smith,West Virginia,2013,,,6,pass,0.2957112789154053,False,35.0
2012,Geno Smith,West Virginia,2013,,,59,pass,4.371945381164551,False,95.0
2012,Geno Smith,West Virginia,2013,,,-1,pass,-0.2813241481781006,False,42.0
2012,Geno Smith,West Virginia,2013,,,0,pass,-0.367626428604126,False,27.0
2012,Geno Smith,West Virginia,2013,,,7,pass,0.24889039993286133,False,50.0
2012,Geno Smith,West Virginia,2013,,,32,pass,3.760153293609619,True,32.0
2012,Geno Smith,West Virginia,2013,,,8,pass,0.5177710056304932,False,50.0
2012,Geno Smith,West Virginia,2013,,,-1,pass,-0.5415104627609253,False,69.0
2012,Geno Smith,West Virginia,2013,,,0,pass,-1.5258073806762695,True,99.0
2012,Geno Smith,West Virginia,2013,,,0,pass,-0.9235682487487793,False,93.0
2012,Geno Smith,West Virginia,2013,,,0,pass,-1.3648370504379272,False,42.0
2012,Geno Smith,West Virginia,2013,,,0,pass,-0.6189466714859009,False,51.0
2012,Geno Smith,West Virginia,2013,,,9,pass,0.5234147310256958,False,78.0
2012,Geno Smith,West Virginia,2013,,,0,pass,-1.794621467590332,False,52.0
2012,Geno Smith,West Virginia,2013,,,4,pass,-0.05145573616027832,False,70.0
2012,Geno Smith,West Virginia,2013,,,0,pass,-0.6531715393066406,False,19.0
2012,Geno Smith,West Virginia,2013,,,-3,pass,-1.3219578266143799,False,15.0
2012,Geno Smith,West Virginia,2013,,,7,pass,0.4887251853942871,False,55.0
2012,Geno Smith,West Virginia,2013,,,0,pass,-1.3292640447616577,False,70.0
