season,player_name,college,draft_year,down,distance,yards_gained,play_type,epa,scoring,yards_to_goal
2013,Jared Goff,California,2016,,,9,pass,2.8118226528167725,False,28.0
2013,Jared Goff,California,2016,,,7,pass,-1.0287895202636719,False,35.0
2013,Jared Goff,California,2016,,,0,pass,-0.5853985548019409,False,41.0
2013,Jared Goff,California,2016,,,21,pass,1.4508622884750366,False,62.0
2013,Jared Goff,California,2016,,,0,pass,-0.4676777720451355,False,62.0
2013,Jared Goff,California,2016,,,0,pass,-0.5835554599761963,False,18.0
2013,Jared Goff,California,2016,,,3,pass,0.5835554599761963,False,40.0
2013,Jared Goff,California,2016,,,14,pass,2.262744903564453,False,54.0
2013,Jared Goff,California,2016,,,0,pass,-0.8041597604751587,False,54.0
2013,Jared Goff,California,2016,,,17,pass,1.1792023181915283,False,82.0
2013,Jared Goff,California,2016,,,3,pass,0.2883026599884033,False,67.0
2013,Jared Goff,California,2016,,,8,pass,0.5419657826423645,False,75.0
2013,Jared Goff,California,2016,,,0,pass,-1.9269617795944214,False,45.0
2013,Jared Goff,California,2016,,,0,pass,-0.9217915534973145,False,45.0
2013,Jared Goff,California,2016,,,4,pass,-0.07165956497192383,False,49.0
2013,Jared Goff,California,2016,,,12,pass,1.4585402011871338,False,61.0
2013,Jared Goff,California,2016,,,7,pass,1.4972820281982422,False,32.0
2013,Jared Goff,California,2016,,,0,pass,-0.9060842990875244,False,32.0
2013,Jared Goff,California,2016,,,12,pass,1.3072948455810547,False,53.0
2013,Jared Goff,California,2016,,,14,pass,1.8963899612426758,False,61.0
2013,Jared Goff,California,2016,,,-1,pass,-1.0625839233398438,False,60.0
2013,Jared Goff,California,2016,,,11,pass,0.8874554634094238,False,79.0
2013,Jared Goff,California,2016,,,5,pass,0.5644819736480713,False,47.0
2013,Jared Goff,California,2016,,,8,pass,0.6252877712249756,False,55.0
2013,Jared Goff,California,2016,,,6,pass,0.14525151252746582,False,64.0
2013,Jared Goff,California,2016,,,20,pass,2.837175130844116,False,86.0
2013,Jared Goff,California,2016,,,6,pass,0.2500007748603821,False,92.0
2013,Jared Goff,California,2016,,,7,pass,1.4405832290649414,True,7.0
2013,Jared Goff,California,2016,,,36,pass,3.229020595550537,False,43.0
2013,Jared Goff,California,2016,,,52,pass,5.135992050170898,True,52.0
2013,Jared Goff,California,2016,,,19,pass,3.010939121246338,False,71.0
2013,Jared Goff,California,2016,,,4,pass,-0.39828431606292725,False,75.0
2013,Jared Goff,California,2016,,,0,pass,-0.8819671869277954,False,75.0
2013,Jared Goff,California,2016,,,0,pass,-0.5340256690979004,False,10.0
2013,Jared Goff,California,2016,,,0,pass,-0.480973482131958,False,12.0
2013,Jared Goff,California,2016,,,19,pass,1.578275442123413,False,51.0
2013,Jared Goff,California,2016,,,3,pass,-0.027225971221923828,False,54.0
2013,Jared Goff,California,2016,,,0,pass,-0.24332040548324585,False,54.0
2013,Jared Goff,California,2016,,,14,pass,0.37255072593688965,False,68.0
2013,Jared Goff,California,2016,,,26,pass,0.8516709804534912,False,94.0
2013,Jared Goff,California,2016,,,0,pass,-0.5318350791931152,False,66.0
2013,Jared Goff,California,2016,,,0,pass,-1.2299084663391113,False,42.0
2013,Jared Goff,California,2016,,,0,pass,-1.0160211324691772,False,32.0
2013,Jared Goff,California,2016,,,11,pass,1.5668275356292725,False,40.0
2013,Jared Goff,California,2016,,,24,pass,3.09617018699646,False,63.0
2013,Jared Goff,California,2016,,,0,pass,-0.7419933080673218,False,63.0
2013,Jared Goff,California,2016,,,0,pass,-2.103466749191284,False,43.0
2013,Jared Goff,California,2016,,,5,pass,0.024390697479248047,False,48.0
2013,Jared Goff,California,2016,,,7,pass,0.4372587203979492,False,57.0
2013,Jared Goff,California,2016,,,7,pass,0.41934633255004883,False,64.0
2013,Jared Goff,California,2016,,,0,pass,-0.9224257469177246,False,95.0
2013,Jared Goff,California,2016,,,0,pass,-1.6905202865600586,False,83.0
2013,Jared Goff,California,2016,,,0,pass,-0.8928541541099548,False,91.0
2013,Jared Goff,California,2016,,,9,pass,0.39780688285827637,False,20.0
2013,Jared Goff,California,2016,,,6,pass,1.1319074630737305,False,21.0
2013,Jared Goff,California,2016,,,4,pass,0.12119841575622559,False,25.0
2013,Jared Goff,California,2016,,,2,pass,-0.5706756114959717,False,27.0
2013,Jared Goff,California,2016,,,11,pass,0.6518678665161133,False,55.0
2013,Jared Goff,California,2016,,,11,pass,1.5146478414535522,False,66.0
2013,Jared Goff,California,2016,,,9,pass,0.7348935604095459,False,34.0
2013,Jared Goff,California,2016,,,39,pass,3.9925549030303955,False,73.0
2013,Jared Goff,California,2016,,,0,pass,-0.7955726385116577,False,73.0
2013,Jared Goff,California,2016,,,9,pass,-0.12858594954013824,False,80.0
2013,Jared Goff,California,2016,,,0,pass,-3.909811496734619,False,34.0
2013,Jared Goff,California,2016,,,6,pass,-0.6489816904067993,False,40.0
2013,Jared Goff,California,2016,,,11,pass,0.5804221630096436,False,51.0
2013,Jared Goff,California,2016,,,12,pass,1.9808441400527954,False,63.0
2013,Jared Goff,California,2016,,,13,pass,2.3893320560455322,False,78.0
2013,Jared Goff,California,2016,,,0,pass,-1.0437120199203491,False,78.0
2013,Jared Goff,California,2016,,,11,pass,0.6533505916595459,False,91.0
2013,Jared Goff,California,2016,,,15,pass,1.6180133819580078,False,34.0
2013,Jared Goff,California,2016,,,3,pass,-0.13357877731323242,False,37.0
2013,Jared Goff,California,2016,,,19,pass,1.0758113861083984,False,60.0
2013,Jared Goff,California,2016,,,75,pass,5.471858978271484,True,75.0
2013,Jared Goff,California,2016,,,0,pass,-1.0631191730499268,False,73.0
2013,Jared Goff,California,2016,,,2,pass,-0.3217014968395233,False,75.0
2013,Jared Goff,California,2016,,,8,pass,-1.4939913749694824,False,75.0
2013,Jared Goff,California,2016,,,-3,pass,-1.1959474086761475,False,21.0
2013,Jared Goff,California,2016,,,62,pass,3.5595123767852783,False,85.0
2013,Jared Goff,California,2016,,,10,pass,2.9951987266540527,True,10.0
2013,Jared Goff,California,2016,,,11,pass,1.1657226085662842,False,48.0
2013,Jared Goff,California,2016,,,0,pass,-0.5453619956970215,False,48.0
2013,Jared Goff,California,2016,,,0,pass,-0.832990825176239,False,57.0
2013,Jared Goff,California,2016,,,5,pass,0.061499953269958496,False,66.0
2013,Jared Goff,California,2016,,,5,pass,0.425769567489624,False,80.0
2013,Jared Goff,California,2016,,,5,pass,-0.02902182936668396,False,85.0
2013,Jared Goff,California,2016,,,50,pass,3.686856269836426,False,51.0
2013,Jared Goff,California,2016,,,5,pass,1.7953014373779297,False,70.0
2013,Jared Goff,California,2016,,,6,pass,0.23151928186416626,False,76.0
2013,Jared Goff,California,2016,,,7,pass,0.18566012382507324,False,65.0
2013,Jared Goff,California,2016,,,0,pass,-1.6269376277923584,False,8.0
2013,Jared Goff,California,2016,,,0,pass,-0.9987587928771973,False,9.0
2013,Jared Goff,California,2016,,,4,pass,0.16818857192993164,False,20.0
2013,Jared Goff,California,2016,,,37,pass,2.681711435317993,False,68.0
2013,Jared Goff,California,2016,,,8,pass,0.6828446388244629,False,46.0
2013,Jared Goff,California,2016,,,12,pass,2.0260021686553955,False,58.0
2013,Jared Goff,California,2016,,,1,pass,-0.7056311964988708,False,59.0
2013,Jared Goff,California,2016,,,14,pass,0.20754092931747437,False,74.0
2013,Jared Goff,California,2016,,,5,pass,-0.04150271415710449,False,79.0
2013,Jared Goff,California,2016,,,10,pass,2.2305831909179688,False,14.0
2013,Jared Goff,California,2016,,,7,pass,0.613835334777832,False,19.0
2013,Jared Goff,California,2016,,,8,pass,0.8519585132598877,False,36.0
2013,Jared Goff,California,2016,,,0,pass,-4.072816371917725,False,7.0
2013,Jared Goff,California,2016,,,0,pass,-1.2376353740692139,False,32.0
2013,Jared Goff,California,2016,,,9,pass,1.1763725280761719,False,41.0
2013,Jared Goff,California,2016,,,26,pass,4.175851821899414,False,67.0
2013,Jared Goff,California,2016,,,14,pass,2.177687644958496,True,14.0
2013,Jared Goff,California,2016,,,10,pass,1.0952022075653076,False,24.0
2013,Jared Goff,California,2016,,,29,pass,3.172942638397217,False,53.0
2013,Jared Goff,California,2016,,,0,pass,-0.7553682327270508,False,80.0
2013,Jared Goff,California,2016,,,0,pass,-0.690388560295105,False,80.0
2013,Jared Goff,California,2016,,,2,pass,-0.3319131135940552,False,27.0
2013,Jared Goff,California,2016,,,0,pass,-0.33872365951538086,False,27.0
2013,Jared Goff,California,2016,,,0,pass,-0.16169238090515137,False,27.0
2013,Jared Goff,California,2016,,,11,pass,2.1852352619171143,False,38.0
2013,Jared Goff,California,2016,,,0,pass,-0.41986584663391113,False,38.0
2013,Jared Goff,California,2016,,,14,pass,0.409568190574646,False,55.0
2013,Jared Goff,California,2016,,,6,pass,-0.057646989822387695,False,66.0
2013,Jared Goff,California,2016,,,19,pass,1.1830583810806274,False,85.0
2013,Jared Goff,California,2016,,,0,pass,-0.3807259798049927,False,85.0
2013,Jared Goff,California,2016,,,0,pass,-1.5224807262420654,False,10.0
2013,Jared Goff,California,2016,,,0,pass,-0.3271031379699707,False,40.0
2013,Jared Goff,California,2016,,,4,pass,0.22117269039154053,False,53.0
2013,Jared Goff,California,2016,,,0,pass,-1.1718413829803467,False,66.0
2013,Jared Goff,California,2016,,,0,pass,-0.7201150059700012,False,66.0
2013,Jared Goff,California,2016,,,8,pass,0.7855793237686157,False,75.0
2013,Jared Goff,California,2016,,,42,pass,5.781677722930908,True,42.0
2013,Jared Goff,California,2016,,,0,pass,-0.6370807886123657,False,45.0
2013,Jared Goff,California,2016,,,9,pass,1.1451342105865479,False,60.0
2013,Jared Goff,California,2016,,,4,pass,0.22890251874923706,False,64.0
2013,Jared Goff,California,2016,,,8,pass,1.2851184606552124,False,79.0
2013,Jared Goff,California,2016,,,3,pass,-0.4926831126213074,False,82.0
2013,Jared Goff,California,2016,,,61,pass,6.926394462585449,True,61.0
2013,Jared Goff,California,2016,,,0,pass,-0.7336200475692749,False,61.0
2013,Jared Goff,California,2016,,,9,pass,1.1573972702026367,False,70.0
2013,Jared Goff,California,2016,,,4,pass,-0.24592643976211548,False,74.0
2013,Jared Goff,California,2016,,,5,pass,0.21328261494636536,False,75.0
2013,Jared Goff,California,2016,,,0,pass,-0.7639644145965576,False,54.0
2013,Jared Goff,California,2016,,,9,pass,1.0592217445373535,False,63.0
2013,Jared Goff,California,2016,,,12,pass,1.0598595142364502,False,75.0
2013,Jared Goff,California,2016,,,2,pass,-1.3744041919708252,False,70.0
2013,Jared Goff,California,2016,,,7,pass,0.39629021286964417,False,77.0
2013,Jared Goff,California,2016,,,2,pass,-0.9893343448638916,False,86.0
2013,Jared Goff,California,2016,,,0,pass,-0.7522541284561157,False,86.0
2013,Jared Goff,California,2016,,,0,pass,-0.5883949398994446,False,86.0
2013,Jared Goff,California,2016,,,0,pass,-0.7064121961593628,False,62.0
2013,Jared Goff,California,2016,,,3,pass,0.16730058193206787,False,69.0
2013,Jared Goff,California,2016,,,0,pass,-4.599140167236328,False,69.0
2013,Jared Goff,California,2016,,,0,pass,-0.8730802536010742,False,69.0
2013,Jared Goff,California,2016,,,6,pass,0.4025658369064331,False,75.0
2013,Jared Goff,California,2016,,,10,pass,0.47154462337493896,False,81.0
2013,Jared Goff,California,2016,,,19,pass,0.9845064282417297,False,96.0
2013,Jared Goff,California,2016,,,0,pass,-0.5542249083518982,False,77.0
2013,Jared Goff,California,2016,,,0,pass,-0.7995995879173279,False,77.0
2013,Jared Goff,California,2016,,,9,pass,0.16140437126159668,False,77.0
2013,Jared Goff,California,2016,,,0,pass,-2.3829658031463623,False,73.0
2013,Jared Goff,California,2016,,,0,pass,-0.6655322313308716,False,50.0
2013,Jared Goff,California,2016,,,5,pass,-0.16211998462677002,False,50.0
2013,Jared Goff,California,2016,,,7,pass,1.8878085613250732,False,45.0
2013,Jared Goff,California,2016,,,0,pass,-1.8072643280029297,False,37.0
2013,Jared Goff,California,2016,,,0,pass,-2.241049289703369,False,37.0
2013,Jared Goff,California,2016,,,0,pass,-0.5937764048576355,False,78.0
2013,Jared Goff,California,2016,,,11,pass,0.9895589351654053,False,78.0
2013,Jared Goff,California,2016,,,0,pass,-1.1510744094848633,False,67.0
2013,Jared Goff,California,2016,,,10,pass,0.39274489879608154,False,63.0
2013,Jared Goff,California,2016,,,4,pass,-0.09803295135498047,False,42.0
2013,Jared Goff,California,2016,,,15,pass,1.0475070476531982,False,82.0
2013,Jared Goff,California,2016,,,10,pass,0.5826562643051147,False,67.0
2013,Jared Goff,California,2016,,,1,pass,-0.4623488187789917,False,57.0
2013,Jared Goff,California,2016,,,0,pass,-0.9006747603416443,False,56.0
2013,Jared Goff,California,2016,,,0,pass,-0.6871544122695923,False,26.0
2013,Jared Goff,California,2016,,,20,pass,0.8804279565811157,False,75.0
2013,Jared Goff,California,2016,,,29,pass,2.1373867988586426,False,55.0
2013,Jared Goff,California,2016,,,0,pass,-0.4282548427581787,False,26.0
2013,Jared Goff,California,2016,,,5,pass,0.9409022331237793,False,70.0
2013,Jared Goff,California,2016,,,0,pass,-0.7788525223731995,False,65.0
2013,Jared Goff,California,2016,,,0,pass,-1.165406584739685,False,65.0
2013,Jared Goff,California,2016,,,4,pass,0.33424925804138184,False,70.0
2013,Jared Goff,California,2016,,,0,pass,-0.7786823511123657,False,89.0
2013,Jared Goff,California,2016,,,50,pass,3.864886999130249,False,76.0
2013,Jared Goff,California,2016,,,0,pass,-0.6537981033325195,False,26.0
2013,Jared Goff,California,2016,,,11,pass,2.5022995471954346,False,26.0
2013,Jared Goff,California,2016,,,0,pass,-0.5337233543395996,False,85.0
2013,Jared Goff,California,2016,,,7,pass,-0.06542682647705078,False,85.0
2013,Jared Goff,California,2016,,,24,pass,2.7797164916992188,False,78.0
2013,Jared Goff,California,2016,,,3,pass,-0.0728452205657959,False,48.0
2013,Jared Goff,California,2016,,,6,pass,1.0701789855957031,False,45.0
2013,Jared Goff,California,2016,,,38,pass,3.726457118988037,False,39.0
2013,Jared Goff,California,2016,,,4,pass,-0.28204160928726196,False,84.0
2013,Jared Goff,California,2016,,,-3,pass,-1.100229263305664,False,80.0
2013,Jared Goff,California,2016,,,0,pass,-1.024233341217041,False,83.0
2013,Jared Goff,California,2016,,,0,pass,-0.9180405139923096,False,80.0
2013,Jared Goff,California,2016,,,5,pass,-1.558032751083374,False,85.0
2013,Jared Goff,California,2016,,,2,pass,-0.4903322458267212,False,73.0
2013,Jared Goff,California,2016,,,10,pass,1.0941224098205566,False,76.0
2013,Jared Goff,California,2016,,,14,pass,1.8264286518096924,False,66.0
2013,Jared Goff,California,2016,,,3,pass,-0.29285359382629395,False,52.0
2013,Jared Goff,California,2016,,,7,pass,1.6080868244171143,False,46.0
2013,Jared Goff,California,2016,,,17,pass,0.9285037517547607,False,39.0
2013,Jared Goff,California,2016,,,0,pass,-2.198124408721924,False,22.0
2013,Jared Goff,California,2016,,,0,pass,-0.8184314966201782,False,22.0
2013,Jared Goff,California,2016,,,0,pass,-0.537837028503418,False,13.0
2013,Jared Goff,California,2016,,,23,pass,1.8989014625549316,False,36.0
2013,Jared Goff,California,2016,,,16,pass,1.253517508506775,False,52.0
2013,Jared Goff,California,2016,,,13,pass,1.0836024284362793,False,65.0
2013,Jared Goff,California,2016,,,5,pass,0.3356151580810547,False,22.0
2013,Jared Goff,California,2016,,,6,pass,1.1895334720611572,False,56.0
2013,Jared Goff,California,2016,,,4,pass,-0.1180579662322998,False,63.0
2013,Jared Goff,California,2016,,,7,pass,0.3230705261230469,False,72.0
2013,Jared Goff,California,2016,,,3,pass,-0.4166504144668579,False,75.0
2013,Jared Goff,California,2016,,,5,pass,1.6279327869415283,False,79.0
2013,Jared Goff,California,2016,,,-3,pass,-1.5193207263946533,False,46.0
2013,Jared Goff,California,2016,,,12,pass,2.5710227489471436,False,58.0
2013,Jared Goff,California,2016,,,7,pass,0.39587080478668213,False,81.0
2013,Jared Goff,California,2016,,,0,pass,-1.9557914733886719,False,70.0
2013,Jared Goff,California,2016,,,14,pass,0.1995207965373993,False,84.0
2013,Jared Goff,California,2016,,,7,pass,0.7328534126281738,False,13.0
2013,Jared Goff,California,2016,,,5,pass,0.11672425270080566,False,51.0
2013,Jared Goff,California,2016,,,23,pass,2.189868927001953,False,74.0
2013,Jared Goff,California,2016,,,23,pass,2.5228400230407715,False,89.0
2013,Jared Goff,California,2016,,,-8,pass,-1.3327245712280273,False,81.0
2013,Jared Goff,California,2016,,,0,pass,-0.8120870590209961,False,34.0
2013,Jared Goff,California,2016,,,8,pass,0.7591190338134766,False,42.0
2013,Jared Goff,California,2016,,,20,pass,2.0133657455444336,False,62.0
2013,Jared Goff,California,2016,,,0,pass,-0.5344555974006653,False,62.0
2013,Jared Goff,California,2016,,,0,pass,-1.6760108470916748,False,58.0
2013,Jared Goff,California,2016,,,5,pass,0.2534395456314087,False,67.0
2013,Jared Goff,California,2016,,,11,pass,0.969387948513031,False,80.0
2013,Jared Goff,California,2016,,,4,pass,-1.0825425386428833,False,82.0
2013,Jared Goff,California,2016,,,4,pass,-0.5623878240585327,False,86.0
2013,Jared Goff,California,2016,,,0,pass,-0.6872850656509399,False,86.0
2013,Jared Goff,California,2016,,,0,pass,-0.9592872858047485,False,76.0
2013,Jared Goff,California,2016,,,2,pass,-0.8121304512023926,False,77.0
2013,Jared Goff,California,2016,,,0,pass,-1.0747780799865723,False,77.0
2013,Jared Goff,California,2016,,,-1,pass,-0.9102307558059692,False,76.0
2013,Jared Goff,California,2016,,,1,pass,-0.8265439867973328,False,59.0
2013,Jared Goff,California,2016,,,0,pass,-0.5740973353385925,False,59.0
2013,Jared Goff,California,2016,,,7,pass,0.18779146671295166,False,66.0
2013,Jared Goff,California,2016,,,11,pass,1.593171238899231,False,77.0
2013,Jared Goff,California,2016,,,0,pass,-3.025212287902832,False,29.0
2013,Jared Goff,California,2016,,,0,pass,-1.7662373781204224,False,29.0
2013,Jared Goff,California,2016,,,-3,pass,-1.0325918197631836,False,26.0
2013,Jared Goff,California,2016,,,9,pass,0.9087929725646973,False,35.0
2013,Jared Goff,California,2016,,,22,pass,1.5041601657867432,False,57.0
2013,Jared Goff,California,2016,,,9,pass,0.7974281907081604,False,66.0
2013,Jared Goff,California,2016,,,12,pass,0.9543492794036865,False,78.0
2013,Jared Goff,California,2016,,,16,pass,0.8985534310340881,False,44.0
2013,Jared Goff,California,2016,,,9,pass,-0.11603927612304688,False,43.0
2013,Jared Goff,California,2016,,,12,pass,1.0357983112335205,False,45.0
2013,Jared Goff,California,2016,,,0,pass,-0.6230313777923584,False,33.0
2013,Jared Goff,California,2016,,,7,pass,0.5312681198120117,False,52.0
2013,Jared Goff,California,2016,,,9,pass,1.7442500591278076,False,61.0
2013,Jared Goff,California,2016,,,0,pass,-0.6235616207122803,False,61.0
2013,Jared Goff,California,2016,,,11,pass,1.0275951623916626,False,80.0
2013,Jared Goff,California,2016,,,7,pass,0.10906392335891724,False,87.0
2013,Jared Goff,California,2016,,,7,pass,-0.46170520782470703,False,11.0
2013,Jared Goff,California,2016,,,0,pass,-0.7786722183227539,False,11.0
2013,Jared Goff,California,2016,,,45,pass,3.423956871032715,False,57.0
2013,Jared Goff,California,2016,,,0,pass,-1.8592253923416138,False,52.0
2013,Jared Goff,California,2016,,,0,pass,-0.6237980127334595,False,60.0
2013,Jared Goff,California,2016,,,7,pass,0.5333149433135986,False,64.0
2013,Jared Goff,California,2016,,,2,pass,-0.6482551097869873,False,66.0
2013,Jared Goff,California,2016,,,15,pass,1.4734491109848022,False,81.0
2013,Jared Goff,California,2016,,,5,pass,-0.5488422513008118,False,86.0
2013,Jared Goff,California,2016,,,0,pass,-2.2104837894439697,False,24.0
2013,Jared Goff,California,2016,,,8,pass,0.8605585098266602,False,28.0
2013,Jared Goff,California,2016,,,32,pass,3.7217190265655518,False,60.0
2013,Jared Goff,California,2016,,,3,pass,-0.3772062063217163,False,58.0
2013,Jared Goff,California,2016,,,14,pass,0.8803135752677917,False,72.0
2013,Jared Goff,California,2016,,,12,pass,1.5401222705841064,False,38.0
2013,Jared Goff,California,2016,,,20,pass,1.514844298362732,False,65.0
2013,Jared Goff,California,2016,,,2,pass,-0.049310050904750824,False,67.0
2013,Jared Goff,California,2016,,,9,pass,1.0805262327194214,False,76.0
2013,Jared Goff,California,2016,,,28,pass,2.1660919189453125,False,97.0
2013,Jared Goff,California,2016,,,0,pass,-1.6391080617904663,False,19.0
2013,Jared Goff,California,2016,,,18,pass,2.159456253051758,False,43.0
2013,Jared Goff,California,2016,,,0,pass,-0.7811012268066406,False,43.0
2013,Jared Goff,California,2016,,,4,pass,-0.14038553833961487,False,53.0
2013,Jared Goff,California,2016,,,6,pass,0.3911699950695038,False,58.0
2013,Jared Goff,California,2016,,,-1,pass,-0.28087812662124634,False,69.0
2013,Jared Goff,California,2016,,,0,pass,-1.0418822765350342,False,49.0
2013,Jared Goff,California,2016,,,28,pass,1.233450174331665,False,78.0
2013,Jared Goff,California,2016,,,0,pass,-0.5614559054374695,False,62.0
2013,Jared Goff,California,2016,,,0,pass,-0.5244835615158081,False,62.0
2013,Jared Goff,California,2016,,,15,pass,1.0217089653015137,False,77.0
2013,Jared Goff,California,2016,,,14,pass,2.044260025024414,False,91.0
2013,Jared Goff,California,2016,,,0,pass,-0.6615350842475891,False,91.0
2013,Jared Goff,California,2016,,,0,pass,-0.32208871841430664,False,91.0
2013,Jared Goff,California,2016,,,10,pass,-0.5221220850944519,False,58.0
2013,Jared Goff,California,2016,,,2,pass,-0.5849472284317017,False,60.0
2013,Jared Goff,California,2016,,,3,pass,-0.3606150150299072,False,44.0
2013,Jared Goff,California,2016,,,49,pass,3.3338801860809326,False,93.0
2013,Jared Goff,California,2016,,,0,pass,-1.3107117414474487,False,58.0
2013,Jared Goff,California,2016,,,0,pass,-0.8461723327636719,False,58.0
2013,Jared Goff,California,2016,,,0,pass,-0.535157322883606,False,58.0
2013,Jared Goff,California,2016,,,5,pass,1.911910057067871,True,5.0
2013,Jared Goff,California,2016,,,5,pass,1.6107573509216309,False,10.0
2013,Jared Goff,California,2016,,,-1,pass,-1.0365843772888184,False,9.0
2013,Jared Goff,California,2016,,,7,pass,0.4443540573120117,False,16.0
2013,Jared Goff,California,2016,,,6,pass,1.445310354232788,False,22.0
2013,Jared Goff,California,2016,,,0,pass,-0.6936430931091309,False,28.0
2013,Jared Goff,California,2016,,,2,pass,0.6936430931091309,False,45.0
2013,Jared Goff,California,2016,,,13,pass,2.5441246032714844,False,58.0
2013,Jared Goff,California,2016,,,2,pass,-0.21816906332969666,False,60.0
2013,Jared Goff,California,2016,,,0,pass,-1.4868453741073608,False,74.0
2013,Jared Goff,California,2016,,,3,pass,-0.29192498326301575,False,65.0
2013,Jared Goff,California,2016,,,0,pass,-0.9477843046188354,False,79.0
2013,Jared Goff,California,2016,,,0,pass,-1.9053361415863037,False,56.0
2013,Jared Goff,California,2016,,,6,pass,0.19412648677825928,False,64.0
2013,Jared Goff,California,2016,,,11,pass,2.541416645050049,False,75.0
2013,Jared Goff,California,2016,,,1,pass,-1.077811360359192,False,75.0
2013,Jared Goff,California,2016,,,29,pass,3.7623984813690186,True,29.0
2013,Jared Goff,California,2016,,,12,pass,1.0471296310424805,False,41.0
2013,Jared Goff,California,2016,,,4,pass,-0.1550590991973877,False,45.0
2013,Jared Goff,California,2016,,,14,pass,0.9925659894943237,False,59.0
2013,Jared Goff,California,2016,,,2,pass,-0.4138435125350952,False,61.0
2013,Jared Goff,California,2016,,,14,pass,1.2462108135223389,False,75.0
2013,Jared Goff,California,2016,,,5,pass,-0.1168932318687439,False,80.0
2013,Jared Goff,California,2016,,,0,pass,-0.6072099208831787,False,81.0
2013,Jared Goff,California,2016,,,0,pass,-0.7231336832046509,False,81.0
2013,Jared Goff,California,2016,,,5,pass,0.04820656776428223,False,25.0
2013,Jared Goff,California,2016,,,4,pass,1.7295910120010376,False,43.0
2013,Jared Goff,California,2016,,,7,pass,0.7516891956329346,False,50.0
2013,Jared Goff,California,2016,,,6,pass,1.2518579959869385,False,58.0
2013,Jared Goff,California,2016,,,4,pass,-0.05800348520278931,False,62.0
2013,Jared Goff,California,2016,,,3,pass,1.0874614715576172,True,3.0
2013,Jared Goff,California,2016,,,6,pass,-0.8628120422363281,False,9.0
2013,Jared Goff,California,2016,,,10,pass,1.0539336204528809,False,40.0
2013,Jared Goff,California,2016,,,4,pass,0.007891416549682617,False,44.0
2013,Jared Goff,California,2016,,,11,pass,1.3157576322555542,False,55.0
2013,Jared Goff,California,2016,,,10,pass,0.6411661505699158,False,68.0
2013,Jared Goff,California,2016,,,7,pass,0.48215991258621216,False,80.0
2013,Jared Goff,California,2016,,,2,pass,-0.062077999114990234,False,35.0
2013,Jared Goff,California,2016,,,27,pass,1.4704458713531494,False,62.0
2013,Jared Goff,California,2016,,,6,pass,-0.048406124114990234,False,68.0
2013,Jared Goff,California,2016,,,17,pass,2.7106595039367676,True,17.0
2013,Jared Goff,California,2016,,,18,pass,2.683647632598877,False,61.0
2013,Jared Goff,California,2016,,,2,pass,-0.45290684700012207,False,63.0
2013,Jared Goff,California,2016,,,-4,pass,-1.372393012046814,False,74.0
2013,Jared Goff,California,2016,,,0,pass,-1.1458479166030884,False,91.0
2013,Jared Goff,California,2016,,,0,pass,-0.8456721305847168,False,91.0
2013,Jared Goff,California,2016,,,0,pass,-1.7404494285583496,False,75.0
2013,Jared Goff,California,2016,,,0,pass,-0.7005729675292969,False,80.0
2013,Jared Goff,California,2016,,,11,pass,1.4893474578857422,True,11.0
2013,Jared Goff,California,2016,,,4,pass,1.6929097175598145,False,15.0
2013,Jared Goff,California,2016,,,1,pass,-1.122706651687622,False,16.0
2013,Jared Goff,California,2016,,,5,pass,0.15291881561279297,False,23.0
2013,Jared Goff,California,2016,,,12,pass,0.7095952033996582,False,35.0
2013,Jared Goff,California,2016,,,0,pass,-1.0404542684555054,False,45.0
2013,Jared Goff,California,2016,,,0,pass,-0.6268856525421143,False,35.0
2013,Jared Goff,California,2016,,,6,pass,0.29483723640441895,False,50.0
2013,Jared Goff,California,2016,,,20,pass,1.6059218645095825,False,70.0
2013,Jared Goff,California,2016,,,5,pass,-1.0356483459472656,False,75.0
2013,Jared Goff,California,2016,,,4,pass,3.939357042312622,True,4.0
2013,Jared Goff,California,2016,,,6,pass,0.47287702560424805,False,31.0
2013,Jared Goff,California,2016,,,9,pass,0.9065580368041992,False,73.0
2013,Jared Goff,California,2016,,,0,pass,-3.406838893890381,False,13.0
2013,Jared Goff,California,2016,,,0,pass,-2.01370906829834,False,13.0
2013,Jared Goff,California,2016,,,0,pass,-0.9129629135131836,False,13.0
2013,Jared Goff,California,2016,,,5,pass,0.17589020729064941,False,18.0
2013,Jared Goff,California,2016,,,11,pass,1.6493556499481201,False,41.0
2013,Jared Goff,California,2016,,,0,pass,-0.6978459358215332,False,41.0
2013,Jared Goff,California,2016,,,8,pass,0.942700982093811,False,56.0
2013,Jared Goff,California,2016,,,7,pass,0.46861934661865234,False,68.0
2013,Jared Goff,California,2016,,,0,pass,-0.7073185443878174,False,68.0
2013,Jared Goff,California,2016,,,12,pass,0.8047757148742676,False,80.0
2013,Jared Goff,California,2016,,,8,pass,2.011577606201172,False,15.0
2013,Jared Goff,California,2016,,,7,pass,0.9051415920257568,False,22.0
2013,Jared Goff,California,2016,,,28,pass,2.560598850250244,False,62.0
2013,Jared Goff,California,2016,,,6,pass,0.3309817910194397,False,68.0
2013,Jared Goff,California,2016,,,7,pass,0.772800862789154,False,75.0
2013,Jared Goff,California,2016,,,3,pass,-0.2542576789855957,False,46.0
2013,Jared Goff,California,2016,,,4,pass,0.040077656507492065,False,50.0
2013,Jared Goff,California,2016,,,0,pass,-0.7517826557159424,False,43.0
2013,Jared Goff,California,2016,,,6,pass,-0.056748390197753906,False,49.0
2013,Jared Goff,California,2016,,,0,pass,-0.25674915313720703,False,49.0
2013,Jared Goff,California,2016,,,1,pass,-0.5297742486000061,False,52.0
2013,Jared Goff,California,2016,,,4,pass,1.2256609201431274,False,63.0
2013,Jared Goff,California,2016,,,0,pass,-0.5869486331939697,False,52.0
2013,Jared Goff,California,2016,,,12,pass,1.5915722846984863,False,62.0
2013,Jared Goff,California,2016,,,2,pass,-0.6475485563278198,False,64.0
2013,Jared Goff,California,2016,,,0,pass,-0.4330596923828125,False,83.0
2013,Jared Goff,California,2016,,,24,pass,3.7339446544647217,True,24.0
2013,Jared Goff,California,2016,,,4,pass,2.6330952644348145,True,4.0
2013,Jared Goff,California,2016,,,-3,pass,-0.9834845066070557,False,10.0
2013,Jared Goff,California,2016,,,21,pass,2.6650850772857666,False,31.0
2013,Jared Goff,California,2016,,,6,pass,0.3030787706375122,False,47.0
2013,Jared Goff,California,2016,,,16,pass,2.092982769012451,False,63.0
2013,Jared Goff,California,2016,,,7,pass,0.33394432067871094,False,81.0
2013,Jared Goff,California,2016,,,0,pass,-1.1992090940475464,False,79.0
2013,Jared Goff,California,2016,,,0,pass,-0.8483091592788696,False,79.0
2013,Jared Goff,California,2016,,,4,pass,-0.26385486125946045,False,83.0
2013,Jared Goff,California,2016,,,5,pass,-0.4060565233230591,False,68.0
2013,Jared Goff,California,2016,,,6,pass,1.1358798742294312,False,71.0
2013,Jared Goff,California,2016,,,4,pass,-0.057325780391693115,False,75.0
2013,Jared Goff,California,2016,,,0,pass,-1.437812089920044,False,64.0
2013,Jared Goff,California,2016,,,0,pass,-0.9115131497383118,False,64.0
2013,Jared Goff,California,2016,,,1,pass,-0.6890883445739746,False,65.0
2013,Jared Goff,California,2016,,,5,pass,0.7402129173278809,False,70.0
2013,Jared Goff,California,2016,,,5,pass,-1.0356483459472656,False,75.0
2013,Jared Goff,California,2016,,,0,pass,-0.37784409523010254,False,45.0
2013,Jared Goff,California,2016,,,6,pass,0.8814648389816284,False,45.0
2013,Jared Goff,California,2016,,,19,pass,3.631671905517578,False,40.0
2013,Jared Goff,California,2016,,,0,pass,-0.4070773124694824,False,26.0
2013,Jared Goff,California,2016,,,11,pass,3.2927937507629395,False,48.0
2013,Jared Goff,California,2016,,,4,pass,-0.24501752853393555,False,44.0
2013,Jared Goff,California,2016,,,22,pass,3.4906864166259766,False,54.0
2013,Jared Goff,California,2016,,,-4,pass,-1.8687267303466797,False,27.0
2013,Jared Goff,California,2016,,,5,pass,-0.7341129779815674,False,31.0
2013,Jared Goff,California,2016,,,10,pass,3.8729166984558105,False,26.0
2013,Jared Goff,California,2016,,,0,pass,-0.8450047969818115,False,75.0
2013,Jared Goff,California,2016,,,0,pass,-1.1723828315734863,False,75.0
2013,Jared Goff,California,2016,,,0,pass,-0.7261435389518738,False,86.0
2013,Jared Goff,California,2016,,,6,pass,-0.35758209228515625,False,83.0
2013,Jared Goff,California,2016,,,0,pass,-0.7130157947540283,False,38.0
2013,Jared Goff,California,2016,,,0,pass,-1.1151330471038818,False,38.0
2013,Jared Goff,California,2016,,,3,pass,-1.5480033159255981,False,38.0
2013,Jared Goff,California,2016,,,0,pass,-2.3807125091552734,False,35.0
2013,Jared Goff,California,2016,,,6,pass,0.22496357560157776,False,74.0
2013,Jared Goff,California,2016,,,6,pass,0.7256104946136475,False,68.0
2013,Jared Goff,California,2016,,,0,pass,-1.594516634941101,False,58.0
2013,Jared Goff,California,2016,,,0,pass,-0.13517004251480103,False,51.0
2013,Jared Goff,California,2016,,,6,pass,0.6880778074264526,False,51.0
2013,Jared Goff,California,2016,,,5,pass,0.2645590007305145,False,65.0
2013,Jared Goff,California,2016,,,0,pass,-0.8144216537475586,False,34.0
2013,Jared Goff,California,2016,,,9,pass,1.8459992408752441,False,34.0
2013,Jared Goff,California,2016,,,0,pass,-0.5576791763305664,False,25.0
2013,Jared Goff,California,2016,,,0,pass,-0.7777302265167236,False,25.0
2013,Jared Goff,California,2016,,,0,pass,-1.2213464975357056,False,25.0
2013,Jared Goff,California,2016,,,11,pass,1.5096921920776367,False,74.0
2013,Jared Goff,California,2016,,,14,pass,1.7781314849853516,False,64.0
2013,Jared Goff,California,2016,,,7,pass,0.3781226873397827,False,51.0
2013,Jared Goff,California,2016,,,0,pass,-1.8612697124481201,False,44.0
2013,Jared Goff,California,2016,,,11,pass,0.7423050403594971,False,61.0
2013,Jared Goff,California,2016,,,-1,pass,-1.0726666450500488,False,50.0
2013,Jared Goff,California,2016,,,0,pass,-2.040510654449463,False,46.0
2013,Jared Goff,California,2016,,,12,pass,1.0857088565826416,False,77.0
2013,Jared Goff,California,2016,,,0,pass,-0.9774766564369202,False,66.0
2013,Jared Goff,California,2016,,,0,pass,-0.6586027145385742,False,44.0
2013,Jared Goff,California,2016,,,5,pass,-0.236741304397583,False,44.0
2013,Jared Goff,California,2016,,,0,pass,-2.0857174396514893,False,39.0
2013,Jared Goff,California,2016,,,62,pass,0.46021413803100586,False,77.0
2013,Jared Goff,California,2016,,,0,pass,-0.9822656512260437,False,63.0
2013,Jared Goff,California,2016,,,0,pass,-0.6992983222007751,False,63.0
2013,Jared Goff,California,2016,,,12,pass,1.27305006980896,False,76.0
2013,Jared Goff,California,2016,,,0,pass,-1.3458541631698608,False,62.0
2013,Jared Goff,California,2016,,,0,pass,-0.778944730758667,False,62.0
2013,Jared Goff,California,2016,,,0,pass,-1.2953510284423828,False,5.0
2013,Jared Goff,California,2016,,,35,pass,3.5646727085113525,False,44.0
2013,Jared Goff,California,2016,,,0,pass,-0.6528596878051758,False,44.0
2013,Jared Goff,California,2016,,,3,pass,-0.9737989902496338,False,84.0
2013,Jared Goff,California,2016,,,2,pass,-0.7171194553375244,False,86.0
2013,Jared Goff,California,2016,,,0,pass,-0.6301765441894531,False,86.0
2013,Jared Goff,California,2016,,,0,pass,-0.8537664413452148,False,87.0
2013,Jared Goff,California,2016,,,0,pass,-0.5996862053871155,False,86.0
2013,Jared Goff,California,2016,,,15,pass,2.311473846435547,True,15.0
2013,Jared Goff,California,2016,,,3,pass,-0.6085519790649414,False,18.0
2013,Jared Goff,California,2016,,,25,pass,2.1315433979034424,False,43.0
2013,Jared Goff,California,2016,,,23,pass,1.547162652015686,False,66.0
2013,Jared Goff,California,2016,,,14,pass,1.9007982015609741,False,80.0
2014,Jared Goff,California,2016,,,10,pass,0.8239380717277527,False,85.0
2014,Jared Goff,California,2016,,,4,pass,-1.0148624181747437,False,75.0
2014,Jared Goff,California,2016,,,0,pass,-0.8124074339866638,False,75.0
2014,Jared Goff,California,2016,,,0,pass,-0.6073256134986877,False,75.0
2014,Jared Goff,California,2016,,,0,pass,-1.5647090673446655,False,34.0
2014,Jared Goff,California,2016,,,5,pass,-0.09218311309814453,False,39.0
2014,Jared Goff,California,2016,,,17,pass,0.9689793586730957,False,57.0
2014,Jared Goff,California,2016,,,-6,pass,-2.389033794403076,False,34.0
2014,Jared Goff,California,2016,,,1,pass,-0.8095409870147705,False,35.0
2014,Jared Goff,California,2016,,,17,pass,1.4460985660552979,False,52.0
2014,Jared Goff,California,2016,,,0,pass,-0.6321239471435547,False,52.0
2014,Jared Goff,California,2016,,,10,pass,1.5809721946716309,False,62.0
2014,Jared Goff,California,2016,,,0,pass,-0.6564000844955444,False,67.0
2014,Jared Goff,California,2016,,,16,pass,1.0339199304580688,False,83.0
2014,Jared Goff,California,2016,,,7,pass,-6.92811393737793,False,72.0
2014,Jared Goff,California,2016,,,0,pass,-0.826906681060791,False,15.0
2014,Jared Goff,California,2016,,,15,pass,3.216458797454834,False,31.0
2014,Jared Goff,California,2016,,,0,pass,-0.5797766447067261,False,82.0
2014,Jared Goff,California,2016,,,76,pass,5.406228065490723,True,76.0
2014,Jared Goff,California,2016,,,0,pass,-0.8378722667694092,False,27.0
2014,Jared Goff,California,2016,,,0,pass,-0.5418186187744141,False,27.0
2014,Jared Goff,California,2016,,,0,pass,-1.6321630477905273,False,6.0
2014,Jared Goff,California,2016,,,12,pass,0.7011799812316895,False,18.0
2014,Jared Goff,California,2016,,,7,pass,1.70076322555542,True,7.0
2014,Jared Goff,California,2016,,,1,pass,-0.43416357040405273,False,29.0
2014,Jared Goff,California,2016,,,40,pass,3.8357460498809814,False,69.0
2014,Jared Goff,California,2016,,,-2,pass,-0.9213948249816895,False,67.0
2014,Jared Goff,California,2016,,,16,pass,1.2195265293121338,False,84.0
2014,Jared Goff,California,2016,,,-7,pass,-1.2846577167510986,False,77.0
2014,Jared Goff,California,2016,,,1,pass,1.7992634773254395,True,1.0
2014,Jared Goff,California,2016,,,0,pass,-1.4817399978637695,False,4.0
2014,Jared Goff,California,2016,,,7,pass,0.3911590576171875,False,26.0
2014,Jared Goff,California,2016,,,13,pass,2.4967923164367676,False,46.0
2014,Jared Goff,California,2016,,,0,pass,-0.9770547151565552,False,46.0
2014,Jared Goff,California,2016,,,8,pass,0.7900238037109375,False,57.0
2014,Jared Goff,California,2016,,,7,pass,-0.6064237356185913,False,79.0
2014,Jared Goff,California,2016,,,12,pass,1.2559332847595215,True,12.0
2014,Jared Goff,California,2016,,,55,pass,2.326617479324341,False,75.0
2014,Jared Goff,California,2016,,,8,pass,0.5080888271331787,False,31.0
2014,Jared Goff,California,2016,,,6,pass,0.0968235433101654,False,75.0
2014,Jared Goff,California,2016,,,23,pass,0.6351151466369629,False,69.0
2014,Jared Goff,California,2016,,,4,pass,-0.03522348403930664,False,46.0
2014,Jared Goff,California,2016,,,11,pass,1.0937267541885376,False,42.0
2014,Jared Goff,California,2016,,,0,pass,-0.38831567764282227,False,40.0
2014,Jared Goff,California,2016,,,0,pass,-0.8258590698242188,False,49.0
2014,Jared Goff,California,2016,,,4,pass,1.0579776763916016,False,49.0
2014,Jared Goff,California,2016,,,30,pass,2.2405314445495605,False,32.0
2014,Jared Goff,California,2016,,,19,pass,1.5527725219726562,True,19.0
2014,Jared Goff,California,2016,,,7,pass,-0.020890235900878906,False,33.0
2014,Jared Goff,California,2016,,,7,pass,1.0536417961120605,False,26.0
2014,Jared Goff,California,2016,,,17,pass,2.2471094131469727,True,17.0
2014,Jared Goff,California,2016,,,4,pass,1.2372369766235352,True,4.0
2014,Jared Goff,California,2016,,,10,pass,0.7600550651550293,False,58.0
2014,Jared Goff,California,2016,,,0,pass,-0.9918988943099976,False,46.0
2014,Jared Goff,California,2016,,,8,pass,2.147057056427002,False,46.0
2014,Jared Goff,California,2016,,,0,pass,-0.6604785919189453,False,38.0
2014,Jared Goff,California,2016,,,0,pass,-1.0184966325759888,False,38.0
2014,Jared Goff,California,2016,,,4,pass,0.12456035614013672,False,25.0
2014,Jared Goff,California,2016,,,17,pass,1.2255573272705078,False,45.0
2014,Jared Goff,California,2016,,,19,pass,2.38822603225708,False,35.0
2014,Jared Goff,California,2016,,,6,pass,0.2321791648864746,False,75.0
2014,Jared Goff,California,2016,,,24,pass,-7.9214067459106445,False,63.0
2014,Jared Goff,California,2016,,,-10,pass,-1.5568366050720215,False,68.0
2014,Jared Goff,California,2016,,,0,pass,-1.0922119617462158,False,78.0
2014,Jared Goff,California,2016,,,-5,pass,-1.5812557935714722,False,73.0
2014,Jared Goff,California,2016,,,0,pass,-1.0694955587387085,False,74.0
2014,Jared Goff,California,2016,,,17,pass,2.4505882263183594,False,74.0
2014,Jared Goff,California,2016,,,27,pass,1.3990607261657715,False,52.0
2014,Jared Goff,California,2016,,,0,pass,-0.6107163429260254,False,25.0
2014,Jared Goff,California,2016,,,0,pass,-1.0130990743637085,False,27.0
2014,Jared Goff,California,2016,,,0,pass,-1.868070125579834,False,86.0
2014,Jared Goff,California,2016,,,0,pass,-0.7810311317443848,False,52.0
2014,Jared Goff,California,2016,,,0,pass,-1.5677622556686401,False,52.0
2014,Jared Goff,California,2016,,,30,pass,3.8433446884155273,True,30.0
2014,Jared Goff,California,2016,,,38,pass,3.0111865997314453,False,68.0
2014,Jared Goff,California,2016,,,26,pass,3.512477397918701,True,26.0
2014,Jared Goff,California,2016,,,41,pass,2.4628560543060303,False,71.0
2014,Jared Goff,California,2016,,,0,pass,-0.5542688369750977,False,30.0
2014,Jared Goff,California,2016,,,8,pass,1.3210430145263672,False,56.0
2014,Jared Goff,California,2016,,,2,pass,-2.1623497009277344,False,41.0
2014,Jared Goff,California,2016,,,0,pass,-0.567589282989502,False,63.0
2014,Jared Goff,California,2016,,,9,pass,1.0969738960266113,False,79.0
2014,Jared Goff,California,2016,,,12,pass,0.43969202041625977,False,70.0
2014,Jared Goff,California,2016,,,4,pass,-0.1526780128479004,False,58.0
2014,Jared Goff,California,2016,,,0,pass,-0.982947587966919,False,47.0
2014,Jared Goff,California,2016,,,-9,pass,-2.397556781768799,False,47.0
2014,Jared Goff,California,2016,,,11,pass,0.4944727420806885,False,85.0
2014,Jared Goff,California,2016,,,0,pass,-1.1175880432128906,False,72.0
2014,Jared Goff,California,2016,,,9,pass,-0.14037197828292847,False,72.0
2014,Jared Goff,California,2016,,,80,pass,4.597953796386719,True,80.0
2014,Jared Goff,California,2016,,,24,pass,1.753882646560669,False,75.0
2014,Jared Goff,California,2016,,,25,pass,4.717632293701172,True,25.0
2014,Jared Goff,California,2016,,,0,pass,0.057740211486816406,False,23.0
2014,Jared Goff,California,2016,,,0,pass,-0.05564379692077637,False,55.0
2014,Jared Goff,California,2016,,,9,pass,0.4916956424713135,False,55.0
2014,Jared Goff,California,2016,,,40,pass,5.846616268157959,True,40.0
2014,Jared Goff,California,2016,,,0,pass,-0.5656118392944336,False,35.0
2014,Jared Goff,California,2016,,,75,pass,6.180780410766602,True,75.0
2014,Jared Goff,California,2016,,,0,pass,-0.9473899602890015,False,75.0
2014,Jared Goff,California,2016,,,-5,pass,-1.6339558362960815,False,19.0
2014,Jared Goff,California,2016,,,3,pass,-0.3705465495586395,False,73.0
2014,Jared Goff,California,2016,,,13,pass,2.4311907291412354,False,70.0
2014,Jared Goff,California,2016,,,12,pass,0.9907932281494141,False,51.0
2014,Jared Goff,California,2016,,,-2,pass,-1.0702296495437622,False,91.0
2014,Jared Goff,California,2016,,,0,pass,-0.9015620946884155,False,91.0
2014,Jared Goff,California,2016,,,5,pass,1.3880629539489746,True,5.0
2014,Jared Goff,California,2016,,,0,pass,-0.9621033668518066,False,47.0
2014,Jared Goff,California,2016,,,41,pass,4.017253875732422,False,47.0
2014,Jared Goff,California,2016,,,0,pass,-1.0267783403396606,False,30.0
2014,Jared Goff,California,2016,,,12,pass,3.1750426292419434,False,30.0
2014,Jared Goff,California,2016,,,0,pass,-0.6574568748474121,False,18.0
2014,Jared Goff,California,2016,,,8,pass,0.5931277275085449,False,18.0
2014,Jared Goff,California,2016,,,26,pass,3.2934038639068604,True,26.0
2014,Jared Goff,California,2016,,,1,pass,-1.0092113018035889,False,40.0
2014,Jared Goff,California,2016,,,13,pass,-1.506655216217041,False,39.0
2014,Jared Goff,California,2016,,,0,pass,-0.21331821382045746,False,71.0
2014,Jared Goff,California,2016,,,-6,pass,-3.6447300910949707,False,71.0
2014,Jared Goff,California,2016,,,0,pass,-0.5730880498886108,False,67.0
2014,Jared Goff,California,2016,,,0,pass,-1.3575108051300049,False,65.0
2014,Jared Goff,California,2016,,,92,pass,8.438694953918457,True,92.0
2014,Jared Goff,California,2016,,,7,pass,0.7704921364784241,False,94.0
2014,Jared Goff,California,2016,,,0,pass,-0.5238075256347656,False,99.0
2014,Jared Goff,California,2016,,,7,pass,0.2984650731086731,False,50.0
2014,Jared Goff,California,2016,,,0,pass,-2.0074868202209473,False,43.0
2014,Jared Goff,California,2016,,,14,pass,1.161737084388733,False,75.0
2014,Jared Goff,California,2016,,,5,pass,0.20679143071174622,False,58.0
2014,Jared Goff,California,2016,,,5,pass,1.7758402824401855,True,5.0
2014,Jared Goff,California,2016,,,10,pass,0.33789145946502686,False,63.0
2014,Jared Goff,California,2016,,,28,pass,2.291990041732788,False,42.0
2014,Jared Goff,California,2016,,,0,pass,-0.8491480350494385,False,85.0
2014,Jared Goff,California,2016,,,0,pass,-0.8701250553131104,False,85.0
2014,Jared Goff,California,2016,,,15,pass,2.154189348220825,False,84.0
2014,Jared Goff,California,2016,,,51,pass,5.39090633392334,True,51.0
2014,Jared Goff,California,2016,,,5,pass,0.10848438739776611,False,65.0
2014,Jared Goff,California,2016,,,21,pass,2.804229736328125,True,21.0
2014,Jared Goff,California,2016,,,4,pass,-0.09487318992614746,False,48.0
2014,Jared Goff,California,2016,,,18,pass,1.0970386266708374,False,66.0
2014,Jared Goff,California,2016,,,25,pass,2.209712266921997,False,91.0
2014,Jared Goff,California,2016,,,4,pass,-0.24213501811027527,False,95.0
2014,Jared Goff,California,2016,,,5,pass,2.837735652923584,True,5.0
2014,Jared Goff,California,2016,,,0,pass,-0.3881525993347168,False,2.0
2014,Jared Goff,California,2016,,,43,pass,4.317666053771973,False,45.0
2014,Jared Goff,California,2016,,,2,pass,-0.5695654153823853,False,47.0
2014,Jared Goff,California,2016,,,8,pass,1.363063097000122,False,55.0
2014,Jared Goff,California,2016,,,6,pass,0.41115158796310425,False,61.0
2014,Jared Goff,California,2016,,,40,pass,2.2049965858459473,False,55.0
2014,Jared Goff,California,2016,,,21,pass,1.3270988464355469,False,76.0
2014,Jared Goff,California,2016,,,9,pass,0.5962996482849121,False,85.0
2014,Jared Goff,California,2016,,,27,pass,2.9486474990844727,True,27.0
2014,Jared Goff,California,2016,,,55,pass,-0.3394991159439087,False,82.0
2014,Jared Goff,California,2016,,,0,pass,0.24303150177001953,False,8.0
2014,Jared Goff,California,2016,,,0,pass,-0.505840539932251,False,23.0
2014,Jared Goff,California,2016,,,12,pass,1.8673323392868042,False,35.0
2014,Jared Goff,California,2016,,,5,pass,-0.3015153408050537,False,40.0
2014,Jared Goff,California,2016,,,0,pass,-0.3541933298110962,False,40.0
2014,Jared Goff,California,2016,,,0,pass,-0.24215912818908691,False,40.0
2014,Jared Goff,California,2016,,,11,pass,0.6610407829284668,False,51.0
2014,Jared Goff,California,2016,,,7,pass,0.4267897605895996,False,58.0
2014,Jared Goff,California,2016,,,8,pass,0.12372219562530518,False,66.0
2014,Jared Goff,California,2016,,,0,pass,-0.2502281665802002,False,66.0
2014,Jared Goff,California,2016,,,6,pass,-0.23720547556877136,False,53.0
2014,Jared Goff,California,2016,,,0,pass,-0.7422441840171814,False,53.0
2014,Jared Goff,California,2016,,,2,pass,-0.49704134464263916,False,55.0
2014,Jared Goff,California,2016,,,0,pass,-1.126554012298584,False,13.0
2014,Jared Goff,California,2016,,,0,pass,-0.7282166481018066,False,13.0
2014,Jared Goff,California,2016,,,10,pass,1.2554247379302979,False,24.0
2014,Jared Goff,California,2016,,,42,pass,0.5137495994567871,False,68.0
2014,Jared Goff,California,2016,,,8,pass,0.8955038189888,False,76.0
2014,Jared Goff,California,2016,,,27,pass,3.425626277923584,True,27.0
2014,Jared Goff,California,2016,,,0,pass,-0.8865113258361816,False,27.0
2014,Jared Goff,California,2016,,,17,pass,1.7888875007629395,False,44.0
2014,Jared Goff,California,2016,,,5,pass,1.1151336431503296,False,49.0
2014,Jared Goff,California,2016,,,0,pass,-0.9043310880661011,False,49.0
2014,Jared Goff,California,2016,,,11,pass,1.465295672416687,False,67.0
2014,Jared Goff,California,2016,,,6,pass,0.1307525932788849,False,73.0
2014,Jared Goff,California,2016,,,-9,pass,-2.4307444095611572,False,63.0
2014,Jared Goff,California,2016,,,8,pass,0.5771484375,False,82.0
2014,Jared Goff,California,2016,,,-2,pass,-0.864924430847168,False,89.0
2014,Jared Goff,California,2016,,,4,pass,-0.5914297103881836,False,93.0
2014,Jared Goff,California,2016,,,0,pass,-0.5810091495513916,False,93.0
2014,Jared Goff,California,2016,,,5,pass,-0.8100504279136658,False,62.0
2014,Jared Goff,California,2016,,,0,pass,-0.7524662017822266,False,65.0
2014,Jared Goff,California,2016,,,6,pass,0.3377891182899475,False,77.0
2014,Jared Goff,California,2016,,,0,pass,-0.8649516105651855,False,3.0
2014,Jared Goff,California,2016,,,16,pass,1.3101282119750977,False,26.0
2014,Jared Goff,California,2016,,,11,pass,0.7833712100982666,False,43.0
2014,Jared Goff,California,2016,,,9,pass,0.8720893859863281,False,52.0
2014,Jared Goff,California,2016,,,5,pass,-0.06663012504577637,False,57.0
2014,Jared Goff,California,2016,,,5,pass,0.28484150767326355,False,67.0
2014,Jared Goff,California,2016,,,0,pass,-2.496575117111206,False,20.0
2014,Jared Goff,California,2016,,,-2,pass,-2.0589194297790527,False,18.0
2014,Jared Goff,California,2016,,,6,pass,0.8890419006347656,False,24.0
2014,Jared Goff,California,2016,,,5,pass,-0.5336920022964478,False,58.0
2014,Jared Goff,California,2016,,,7,pass,0.26351863145828247,False,49.0
2014,Jared Goff,California,2016,,,16,pass,1.3146923780441284,False,65.0
2014,Jared Goff,California,2016,,,1,pass,-3.133687734603882,False,84.0
2014,Jared Goff,California,2016,,,1,pass,-0.5026088953018188,False,85.0
2014,Jared Goff,California,2016,,,4,pass,0.8517708778381348,False,14.0
2014,Jared Goff,California,2016,,,10,pass,2.03409481048584,False,24.0
2014,Jared Goff,California,2016,,,19,pass,2.6026670932769775,False,44.0
2014,Jared Goff,California,2016,,,-11,pass,-2.6847071647644043,False,33.0
2014,Jared Goff,California,2016,,,9,pass,1.1577844619750977,False,44.0
2014,Jared Goff,California,2016,,,12,pass,1.0191909074783325,False,56.0
2014,Jared Goff,California,2016,,,-12,pass,-2.773172616958618,False,58.0
2014,Jared Goff,California,2016,,,6,pass,0.6656584143638611,False,64.0
2014,Jared Goff,California,2016,,,13,pass,2.3161461353302,False,77.0
2014,Jared Goff,California,2016,,,12,pass,0.09975042939186096,False,58.0
2014,Jared Goff,California,2016,,,7,pass,0.09495291858911514,False,65.0
2014,Jared Goff,California,2016,,,3,pass,-0.33632880449295044,False,69.0
2014,Jared Goff,California,2016,,,-11,pass,-3.2369143962860107,False,23.0
2014,Jared Goff,California,2016,,,0,pass,-0.7510671615600586,False,23.0
2014,Jared Goff,California,2016,,,19,pass,1.9812140464782715,False,48.0
2014,Jared Goff,California,2016,,,0,pass,-0.5908952951431274,False,63.0
2014,Jared Goff,California,2016,,,15,pass,0.5908953547477722,False,78.0
2014,Jared Goff,California,2016,,,-8,pass,-2.3194355964660645,False,55.0
2014,Jared Goff,California,2016,,,5,pass,1.510138750076294,False,65.0
2014,Jared Goff,California,2016,,,0,pass,-0.8400043845176697,False,65.0
2014,Jared Goff,California,2016,,,5,pass,0.1582835614681244,False,70.0
2014,Jared Goff,California,2016,,,0,pass,-1.739636778831482,False,63.0
2014,Jared Goff,California,2016,,,14,pass,0.8586771488189697,False,84.0
2014,Jared Goff,California,2016,,,0,pass,-1.8661383390426636,False,41.0
2014,Jared Goff,California,2016,,,5,pass,-0.03633558750152588,False,46.0
2014,Jared Goff,California,2016,,,8,pass,0.8488132953643799,False,55.0
2014,Jared Goff,California,2016,,,5,pass,0.3512156009674072,False,65.0
2014,Jared Goff,California,2016,,,25,pass,2.006889820098877,False,27.0
2014,Jared Goff,California,2016,,,17,pass,0.9625747203826904,False,44.0
2014,Jared Goff,California,2016,,,11,pass,2.440809726715088,False,55.0
2014,Jared Goff,California,2016,,,0,pass,-0.9667482376098633,False,55.0
2014,Jared Goff,California,2016,,,10,pass,0.8982328772544861,False,80.0
2014,Jared Goff,California,2016,,,0,pass,-1.8722046613693237,False,70.0
2014,Jared Goff,California,2016,,,5,pass,0.1247357726097107,False,78.0
2014,Jared Goff,California,2016,,,0,pass,-2.4053046703338623,False,36.0
2014,Jared Goff,California,2016,,,7,pass,2.0212314128875732,False,46.0
2014,Jared Goff,California,2016,,,0,pass,-0.9673991203308105,False,46.0
2014,Jared Goff,California,2016,,,0,pass,-0.46465229988098145,False,46.0
2014,Jared Goff,California,2016,,,8,pass,0.22721707820892334,False,65.0
2014,Jared Goff,California,2016,,,12,pass,0.5866000652313232,False,77.0
2014,Jared Goff,California,2016,,,23,pass,1.8998355865478516,True,23.0
2014,Jared Goff,California,2016,,,-9,pass,-2.7091825008392334,False,34.0
2014,Jared Goff,California,2016,,,0,pass,-0.9457845687866211,False,34.0
2014,Jared Goff,California,2016,,,0,pass,-0.5520281791687012,False,34.0
2014,Jared Goff,California,2016,,,16,pass,2.5867390632629395,False,50.0
2014,Jared Goff,California,2016,,,0,pass,-0.9165308475494385,False,50.0
2014,Jared Goff,California,2016,,,7,pass,0.2629048824310303,False,64.0
2014,Jared Goff,California,2016,,,24,pass,3.6975700855255127,True,24.0
2014,Jared Goff,California,2016,,,7,pass,0.033280372619628906,False,44.0
2014,Jared Goff,California,2016,,,16,pass,1.689978837966919,False,54.0
2014,Jared Goff,California,2016,,,0,pass,-2.1404776573181152,False,49.0
2014,Jared Goff,California,2016,,,7,pass,0.17700815200805664,False,56.0
2014,Jared Goff,California,2016,,,8,pass,0.6604465246200562,False,61.0
2014,Jared Goff,California,2016,,,14,pass,1.1353294849395752,False,75.0
2014,Jared Goff,California,2016,,,49,pass,4.119213104248047,False,51.0
2014,Jared Goff,California,2016,,,0,pass,-0.6826969385147095,False,75.0
2014,Jared Goff,California,2016,,,3,pass,-0.40907490253448486,False,62.0
2014,Jared Goff,California,2016,,,11,pass,0.6031628847122192,False,75.0
2014,Jared Goff,California,2016,,,9,pass,1.9505441188812256,False,18.0
2014,Jared Goff,California,2016,,,0,pass,-0.781665563583374,False,18.0
2014,Jared Goff,California,2016,,,2,pass,-0.4491562843322754,False,20.0
2014,Jared Goff,California,2016,,,0,pass,-1.4060029983520508,False,60.0
2014,Jared Goff,California,2016,,,15,pass,0.7289738655090332,False,75.0
2014,Jared Goff,California,2016,,,18,pass,3.108994245529175,False,21.0
2014,Jared Goff,California,2016,,,-1,pass,-0.7890968322753906,False,20.0
2014,Jared Goff,California,2016,,,-8,pass,-2.9066174030303955,False,29.0
2014,Jared Goff,California,2016,,,-2,pass,-1.3870043754577637,False,32.0
2014,Jared Goff,California,2016,,,0,pass,-0.6164159774780273,False,45.0
2014,Jared Goff,California,2016,,,6,pass,0.4039660692214966,False,55.0
2014,Jared Goff,California,2016,,,0,pass,-1.282604455947876,False,53.0
2014,Jared Goff,California,2016,,,1,pass,-0.9623461961746216,False,54.0
2014,Jared Goff,California,2016,,,-12,pass,-2.1322076320648193,False,42.0
2014,Jared Goff,California,2016,,,4,pass,-0.10479307174682617,False,48.0
2014,Jared Goff,California,2016,,,39,pass,2.578494071960449,False,91.0
2014,Jared Goff,California,2016,,,11,pass,3.787686824798584,False,16.0
2014,Jared Goff,California,2016,,,0,pass,-1.4300199747085571,False,16.0
2014,Jared Goff,California,2016,,,3,pass,0.19404101371765137,False,19.0
2014,Jared Goff,California,2016,,,7,pass,0.06542539596557617,False,26.0
2014,Jared Goff,California,2016,,,5,pass,0.4300950765609741,False,53.0
2014,Jared Goff,California,2016,,,15,pass,1.5476133823394775,False,72.0
2014,Jared Goff,California,2016,,,0,pass,-2.5879461765289307,False,28.0
2014,Jared Goff,California,2016,,,0,pass,-1.0672334432601929,False,28.0
2014,Jared Goff,California,2016,,,8,pass,-0.2277085781097412,False,36.0
2014,Jared Goff,California,2016,,,6,pass,3.4542088508605957,False,43.0
2014,Jared Goff,California,2016,,,6,pass,0.0012673139572143555,False,49.0
2014,Jared Goff,California,2016,,,0,pass,-0.7064861059188843,False,49.0
2014,Jared Goff,California,2016,,,9,pass,1.0318273305892944,False,60.0
2014,Jared Goff,California,2016,,,0,pass,-1.5100759267807007,False,78.0
2014,Jared Goff,California,2016,,,9,pass,0.5725644826889038,False,87.0
2014,Jared Goff,California,2016,,,0,pass,-0.6718800663948059,False,87.0
2014,Jared Goff,California,2016,,,5,pass,1.7785286903381348,True,5.0
2014,Jared Goff,California,2016,,,0,pass,-0.6226792335510254,False,5.0
2014,Jared Goff,California,2016,,,10,pass,1.7115302085876465,False,15.0
2014,Jared Goff,California,2016,,,15,pass,3.0480620861053467,False,31.0
2014,Jared Goff,California,2016,,,7,pass,0.40013736486434937,False,79.0
2014,Jared Goff,California,2016,,,0,pass,-0.8899640440940857,False,30.0
2014,Jared Goff,California,2016,,,-9,pass,-1.589659571647644,False,29.0
2014,Jared Goff,California,2016,,,52,pass,4.144721508026123,False,76.0
2014,Jared Goff,California,2016,,,11,pass,1.447210431098938,False,87.0
2014,Jared Goff,California,2016,,,6,pass,0.16228032112121582,False,93.0
2014,Jared Goff,California,2016,,,0,pass,-0.6765823364257812,False,93.0
2014,Jared Goff,California,2016,,,0,pass,-0.7706822752952576,False,40.0
2014,Jared Goff,California,2016,,,10,pass,2.2993860244750977,False,50.0
2014,Jared Goff,California,2016,,,0,pass,-0.06045694649219513,False,81.0
2014,Jared Goff,California,2016,,,0,pass,-0.7740806341171265,False,72.0
2014,Jared Goff,California,2016,,,3,pass,-0.12242791056632996,False,75.0
2014,Jared Goff,California,2016,,,5,pass,0.5475730895996094,False,6.0
2014,Jared Goff,California,2016,,,0,pass,-0.8672146797180176,False,6.0
2014,Jared Goff,California,2016,,,11,pass,2.7964820861816406,True,11.0
2014,Jared Goff,California,2016,,,0,pass,-0.28331947326660156,False,11.0
2014,Jared Goff,California,2016,,,27,pass,2.5316579341888428,False,38.0
2014,Jared Goff,California,2016,,,5,pass,0.40067577362060547,False,44.0
2014,Jared Goff,California,2016,,,7,pass,0.8507583141326904,False,51.0
2014,Jared Goff,California,2016,,,11,pass,1.4600136280059814,False,67.0
2014,Jared Goff,California,2016,,,4,pass,-0.17093318700790405,False,71.0
2014,Jared Goff,California,2016,,,5,pass,-0.3480897545814514,False,57.0
2014,Jared Goff,California,2016,,,-7,pass,-5.705225944519043,False,55.0
2014,Jared Goff,California,2016,,,0,pass,-1.9052520990371704,False,49.0
2014,Jared Goff,California,2016,,,0,pass,-0.950714111328125,False,49.0
2014,Jared Goff,California,2016,,,27,pass,2.727461338043213,False,76.0
2014,Jared Goff,California,2016,,,15,pass,0.7833831310272217,False,39.0
2014,Jared Goff,California,2016,,,5,pass,0.12933063507080078,False,58.0
2014,Jared Goff,California,2016,,,17,pass,1.2482130527496338,False,75.0
2014,Jared Goff,California,2016,,,0,pass,-0.8876886367797852,False,12.0
2014,Jared Goff,California,2016,,,23,pass,1.8355343341827393,False,35.0
2014,Jared Goff,California,2016,,,32,pass,2.9827842712402344,False,44.0
2014,Jared Goff,California,2016,,,-3,pass,-1.4882967472076416,False,26.0
2014,Jared Goff,California,2016,,,0,pass,-0.7647480964660645,False,29.0
2014,Jared Goff,California,2016,,,10,pass,2.5787930488586426,True,10.0
2014,Jared Goff,California,2016,,,0,pass,-0.5846395492553711,False,75.0
2014,Jared Goff,California,2016,,,10,pass,1.5498158931732178,False,75.0
2014,Jared Goff,California,2016,,,0,pass,-0.6228296756744385,False,48.0
2014,Jared Goff,California,2016,,,9,pass,1.7010095119476318,False,43.0
2014,Jared Goff,California,2016,,,0,pass,-1.0729975700378418,False,81.0
2014,Jared Goff,California,2016,,,3,pass,-0.302109956741333,False,84.0
2014,Jared Goff,California,2016,,,11,pass,1.2639764547348022,False,81.0
2014,Jared Goff,California,2016,,,0,pass,-0.6703811883926392,False,70.0
2014,Jared Goff,California,2016,,,-6,pass,-1.833547830581665,False,67.0
2014,Jared Goff,California,2016,,,7,pass,-0.44337332248687744,False,82.0
2014,Jared Goff,California,2016,,,7,pass,0.3228724002838135,False,66.0
2014,Jared Goff,California,2016,,,6,pass,0.11286306381225586,False,54.0
2014,Jared Goff,California,2016,,,10,pass,0.6509671211242676,False,48.0
2014,Jared Goff,California,2016,,,14,pass,0.8122096061706543,False,33.0
2014,Jared Goff,California,2016,,,0,pass,-0.6012726426124573,False,79.0
2014,Jared Goff,California,2016,,,7,pass,1.1171720027923584,False,79.0
2014,Jared Goff,California,2016,,,20,pass,0.7025719881057739,False,72.0
2014,Jared Goff,California,2016,,,0,pass,-0.4191373586654663,False,52.0
2014,Jared Goff,California,2016,,,0,pass,-0.5587875247001648,False,52.0
2014,Jared Goff,California,2016,,,8,pass,0.6310210227966309,False,39.0
2014,Jared Goff,California,2016,,,8,pass,0.42606306076049805,False,31.0
2014,Jared Goff,California,2016,,,0,pass,-0.6119227409362793,False,33.0
2014,Jared Goff,California,2016,,,14,pass,0.800764799118042,False,70.0
2014,Jared Goff,California,2016,,,12,pass,1.9989157915115356,False,51.0
2014,Jared Goff,California,2016,,,25,pass,1.8326200246810913,False,75.0
2014,Jared Goff,California,2016,,,5,pass,0.03246760368347168,False,39.0
2014,Jared Goff,California,2016,,,0,pass,-0.589970588684082,False,17.0
2014,Jared Goff,California,2016,,,17,pass,0.7309110164642334,False,70.0
2014,Jared Goff,California,2016,,,0,pass,-1.1687536239624023,False,23.0
2014,Jared Goff,California,2016,,,2,pass,-0.38012218475341797,False,42.0
2014,Jared Goff,California,2016,,,0,pass,-1.9268200397491455,False,40.0
2014,Jared Goff,California,2016,,,0,pass,-1.0548657178878784,False,77.0
2014,Jared Goff,California,2016,,,19,pass,3.166743516921997,False,77.0
2014,Jared Goff,California,2016,,,16,pass,1.1050257682800293,False,58.0
2014,Jared Goff,California,2016,,,0,pass,-0.6509294509887695,False,32.0
2014,Jared Goff,California,2016,,,0,pass,-0.9474060535430908,False,32.0
2014,Jared Goff,California,2016,,,5,pass,-1.0740262269973755,False,37.0
2014,Jared Goff,California,2016,,,29,pass,4.181794166564941,True,29.0
2014,Jared Goff,California,2016,,,0,pass,-0.8244595527648926,False,36.0
2014,Jared Goff,California,2016,,,0,pass,-0.37802326679229736,False,45.0
2014,Jared Goff,California,2016,,,18,pass,1.7399811744689941,False,63.0
2014,Jared Goff,California,2016,,,17,pass,1.0193607807159424,False,80.0
2014,Jared Goff,California,2016,,,5,pass,1.645336627960205,True,5.0
2014,Jared Goff,California,2016,,,9,pass,3.4945998191833496,False,20.0
2014,Jared Goff,California,2016,,,0,pass,-0.9135231971740723,False,23.0
2014,Jared Goff,California,2016,,,20,pass,3.47358775138855,False,46.0
2014,Jared Goff,California,2016,,,8,pass,0.41889142990112305,False,54.0
2014,Jared Goff,California,2016,,,17,pass,2.141757011413574,False,71.0
2014,Jared Goff,California,2016,,,8,pass,0.6652965545654297,False,16.0
2014,Jared Goff,California,2016,,,11,pass,1.6765114068984985,False,36.0
2014,Jared Goff,California,2016,,,0,pass,-0.7959603071212769,False,36.0
2014,Jared Goff,California,2016,,,6,pass,0.5254656076431274,False,50.0
2014,Jared Goff,California,2016,,,7,pass,0.8812245726585388,False,74.0
2014,Jared Goff,California,2016,,,-10,pass,-2.9645915031433105,False,30.0
2014,Jared Goff,California,2016,,,0,pass,-0.6412725448608398,False,30.0
2014,Jared Goff,California,2016,,,0,pass,-5.256370544433594,False,36.0
2014,Jared Goff,California,2016,,,-1,pass,-1.3598604202270508,False,44.0
2014,Jared Goff,California,2016,,,2,pass,-0.233376145362854,False,60.0
2014,Jared Goff,California,2016,,,11,pass,0.691055953502655,False,70.0
2014,Jared Goff,California,2016,,,6,pass,2.3049864768981934,True,6.0
2014,Jared Goff,California,2016,,,7,pass,0.12542963027954102,False,13.0
2014,Jared Goff,California,2016,,,7,pass,1.0504088401794434,False,20.0
2014,Jared Goff,California,2016,,,7,pass,0.25633156299591064,False,29.0
2014,Jared Goff,California,2016,,,0,pass,-0.41789472103118896,False,29.0
2014,Jared Goff,California,2016,,,2,pass,-0.29100990295410156,False,31.0
2014,Jared Goff,California,2016,,,8,pass,0.29928159713745117,False,49.0
2014,Jared Goff,California,2016,,,11,pass,0.36040228605270386,False,60.0
2014,Jared Goff,California,2016,,,0,pass,-0.7757163643836975,False,69.0
2014,Jared Goff,California,2016,,,3,pass,-0.1763795018196106,False,72.0
2014,Jared Goff,California,2016,,,-5,pass,-1.2039539813995361,False,67.0
2014,Jared Goff,California,2016,,,8,pass,0.0872800350189209,False,95.0
2014,Jared Goff,California,2016,,,-8,pass,-1.458131194114685,False,87.0
2014,Jared Goff,California,2016,,,0,pass,-0.6255456209182739,False,87.0
2014,Jared Goff,California,2016,,,0,pass,-1.2982633113861084,False,46.0
2014,Jared Goff,California,2016,,,18,pass,1.7712292671203613,False,51.0
2014,Jared Goff,California,2016,,,21,pass,-1.7712292671203613,False,72.0
2014,Jared Goff,California,2016,,,8,pass,0.18298876285552979,False,80.0
2014,Jared Goff,California,2016,,,0,pass,-0.5943129062652588,False,80.0
2014,Jared Goff,California,2016,,,0,pass,-1.3434025049209595,False,60.0
2014,Jared Goff,California,2016,,,0,pass,-0.7920860648155212,False,60.0
2014,Jared Goff,California,2016,,,1,pass,-0.5041945576667786,False,61.0
2014,Jared Goff,California,2016,,,0,pass,-2.0206351280212402,False,51.0
2014,Jared Goff,California,2016,,,4,pass,-0.08806276321411133,False,58.0
2014,Jared Goff,California,2016,,,0,pass,-0.962794303894043,False,79.0
2014,Jared Goff,California,2016,,,0,pass,-0.7116167545318604,False,70.0
2014,Jared Goff,California,2016,,,6,pass,1.4633512496948242,False,70.0
2014,Jared Goff,California,2016,,,0,pass,-0.9796083569526672,False,64.0
2014,Jared Goff,California,2016,,,0,pass,-0.7304761409759521,False,39.0
2014,Jared Goff,California,2016,,,0,pass,-1.546421766281128,False,27.0
2014,Jared Goff,California,2016,,,8,pass,2.277024507522583,False,47.0
2014,Jared Goff,California,2016,,,0,pass,-0.8203672766685486,False,21.0
2014,Jared Goff,California,2016,,,14,pass,3.5538079738616943,False,39.0
2014,Jared Goff,California,2016,,,11,pass,1.4158668518066406,False,71.0
2014,Jared Goff,California,2016,,,0,pass,-0.6979435682296753,False,60.0
2014,Jared Goff,California,2016,,,0,pass,-0.8515075445175171,False,60.0
2014,Jared Goff,California,2016,,,0,pass,-1.4494335651397705,False,60.0
2014,Jared Goff,California,2016,,,16,pass,0.6323187947273254,False,75.0
2014,Jared Goff,California,2016,,,0,pass,-0.25150173902511597,False,59.0
2014,Jared Goff,California,2016,,,0,pass,-0.2750815749168396,False,59.0
2014,Jared Goff,California,2016,,,-6,pass,-1.116633415222168,False,59.0
2014,Jared Goff,California,2016,,,0,pass,-3.87406325340271,False,96.0
2014,Jared Goff,California,2016,,,7,pass,0.43153393268585205,False,75.0
2014,Jared Goff,California,2016,,,7,pass,0.5349171161651611,False,37.0
2014,Jared Goff,California,2016,,,2,pass,-5.2151265144348145,False,30.0
2014,Jared Goff,California,2016,,,10,pass,2.0594968795776367,True,10.0
2014,Jared Goff,California,2016,,,6,pass,-0.21771001815795898,False,16.0
2014,Jared Goff,California,2016,,,28,pass,2.5758557319641113,False,44.0
2014,Jared Goff,California,2016,,,6,pass,0.9033781290054321,False,70.0
2014,Jared Goff,California,2016,,,15,pass,1.1572821140289307,False,64.0
2014,Jared Goff,California,2016,,,18,pass,1.365119457244873,False,38.0
2014,Jared Goff,California,2016,,,8,pass,0.7942523956298828,False,15.0
2014,Jared Goff,California,2016,,,0,pass,-0.993070125579834,False,4.0
2014,Jared Goff,California,2016,,,22,pass,1.7654259204864502,False,75.0
2014,Jared Goff,California,2016,,,0,pass,-0.6012951135635376,False,53.0
2014,Jared Goff,California,2016,,,0,pass,-1.1659362316131592,False,58.0
2014,Jared Goff,California,2016,,,0,pass,-2.172978162765503,False,14.0
2014,Jared Goff,California,2016,,,0,pass,-0.49617695808410645,False,14.0
2014,Jared Goff,California,2016,,,0,pass,-0.3881063461303711,False,14.0
2014,Jared Goff,California,2016,,,0,pass,-0.585411787033081,False,14.0
2014,Jared Goff,California,2016,,,26,pass,2.873447895050049,False,35.0
2014,Jared Goff,California,2016,,,0,pass,-0.4428521394729614,False,35.0
2014,Jared Goff,California,2016,,,0,pass,-0.2493748664855957,False,35.0
2014,Jared Goff,California,2016,,,12,pass,1.8048713207244873,False,58.0
2014,Jared Goff,California,2016,,,0,pass,-0.3619645833969116,False,46.0
2014,Jared Goff,California,2016,,,9,pass,0.7786720991134644,False,46.0
2014,Jared Goff,California,2016,,,-1,pass,-0.6047089099884033,False,65.0
2014,Jared Goff,California,2016,,,11,pass,2.193300724029541,False,86.0
2014,Jared Goff,California,2016,,,0,pass,-0.9861319065093994,False,73.0
2014,Jared Goff,California,2016,,,7,pass,-0.1341836303472519,False,73.0
2014,Jared Goff,California,2016,,,23,pass,2.2853546142578125,True,23.0
2014,Jared Goff,California,2016,,,20,pass,2.2023892402648926,False,79.0
2014,Jared Goff,California,2016,,,7,pass,0.4786309003829956,False,59.0
2014,Jared Goff,California,2016,,,9,pass,0.582230806350708,False,52.0
2014,Jared Goff,California,2016,,,10,pass,0.4129406213760376,False,50.0
2014,Jared Goff,California,2016,,,0,pass,-1.9622902870178223,False,40.0
2014,Jared Goff,California,2016,,,7,pass,0.5164029598236084,False,75.0
2014,Jared Goff,California,2016,,,6,pass,0.43651247024536133,False,45.0
2014,Jared Goff,California,2016,,,10,pass,0.9836006164550781,False,19.0
2014,Jared Goff,California,2016,,,27,pass,-5.009061813354492,False,69.0
2014,Jared Goff,California,2016,,,0,pass,-0.5508788824081421,False,75.0
2014,Jared Goff,California,2016,,,14,pass,2.526949882507324,False,72.0
2014,Jared Goff,California,2016,,,0,pass,-1.6132488250732422,False,49.0
2014,Jared Goff,California,2016,,,0,pass,-0.9613914489746094,False,46.0
2014,Jared Goff,California,2016,,,0,pass,-1.834910273551941,False,46.0
2014,Jared Goff,California,2016,,,0,pass,-0.255312442779541,False,27.0
2014,Jared Goff,California,2016,,,0,pass,-0.6285706162452698,False,32.0
2014,Jared Goff,California,2016,,,9,pass,0.8724861145019531,False,89.0
2014,Jared Goff,California,2016,,,0,pass,-0.4927400052547455,False,80.0
2014,Jared Goff,California,2016,,,6,pass,1.0805586576461792,False,72.0
2014,Jared Goff,California,2016,,,16,pass,0.7425069808959961,False,66.0
2014,Jared Goff,California,2016,,,-1,pass,-0.8871338367462158,False,26.0
2014,Jared Goff,California,2016,,,1,pass,1.12770414352417,True,1.0
2014,Jared Goff,California,2016,,,8,pass,0.8693623542785645,False,64.0
2014,Jared Goff,California,2016,,,1,pass,-0.5708279609680176,False,56.0
2014,Jared Goff,California,2016,,,6,pass,0.08328819274902344,False,55.0
2014,Jared Goff,California,2016,,,7,pass,1.2751975059509277,False,49.0
2014,Jared Goff,California,2016,,,41,pass,3.0991930961608887,False,42.0
2014,Jared Goff,California,2016,,,0,pass,-1.0145601034164429,False,80.0
2014,Jared Goff,California,2016,,,-7,pass,-1.3255094289779663,False,80.0
2014,Jared Goff,California,2016,,,16,pass,1.9751510620117188,True,16.0
2014,Jared Goff,California,2016,,,22,pass,0.8183176517486572,False,52.0
2014,Jared Goff,California,2016,,,10,pass,1.267641544342041,False,26.0
2014,Jared Goff,California,2016,,,0,pass,-0.7433932423591614,False,67.0
2014,Jared Goff,California,2016,,,7,pass,0.3267178535461426,False,67.0
2014,Jared Goff,California,2016,,,8,pass,1.3714604377746582,False,60.0
2014,Jared Goff,California,2016,,,0,pass,-0.9547449350357056,False,88.0
2014,Jared Goff,California,2016,,,9,pass,2.3487277030944824,True,9.0
2014,Jared Goff,California,2016,,,14,pass,-0.10519897937774658,False,84.0
2014,Jared Goff,California,2016,,,0,pass,-0.7612008452415466,False,64.0
2014,Jared Goff,California,2016,,,8,pass,1.4613115787506104,False,64.0
2014,Jared Goff,California,2016,,,6,pass,-0.11537784337997437,False,56.0
2014,Jared Goff,California,2016,,,9,pass,1.842451810836792,False,50.0
2014,Jared Goff,California,2016,,,11,pass,0.85801100730896,False,34.0
2014,Jared Goff,California,2016,,,9,pass,1.002443790435791,False,23.0
2014,Jared Goff,California,2016,,,0,pass,-0.5600199699401855,False,14.0
2015,Jared Goff,California,2016,,,10,pass,-0.15450572967529297,False,95.0
2015,Jared Goff,California,2016,,,3,pass,-0.22360461950302124,False,81.0
2015,Jared Goff,California,2016,,,7,pass,0.7245893478393555,False,78.0
2015,Jared Goff,California,2016,,,6,pass,0.03509259223937988,False,71.0
2015,Jared Goff,California,2016,,,5,pass,0.3621305227279663,False,65.0
2015,Jared Goff,California,2016,,,8,pass,0.7938903570175171,False,57.0
2015,Jared Goff,California,2016,,,2,pass,-0.4154435396194458,False,49.0
2015,Jared Goff,California,2016,,,29,pass,2.2855353355407715,False,47.0
2015,Jared Goff,California,2016,,,0,pass,-0.9068083763122559,False,3.0
2015,Jared Goff,California,2016,,,0,pass,-1.9273784160614014,False,3.0
2015,Jared Goff,California,2016,,,16,pass,3.1700127124786377,True,16.0
2015,Jared Goff,California,2016,,,7,pass,0.1626439094543457,False,75.0
2015,Jared Goff,California,2016,,,32,pass,1.3448328971862793,False,68.0
2015,Jared Goff,California,2016,,,0,pass,-0.8448164463043213,False,33.0
2015,Jared Goff,California,2016,,,0,pass,-1.3481497764587402,False,33.0
2015,Jared Goff,California,2016,,,25,pass,3.8574392795562744,False,33.0
2015,Jared Goff,California,2016,,,19,pass,1.9249544143676758,True,19.0
2015,Jared Goff,California,2016,,,3,pass,0.48397302627563477,True,3.0
2015,Jared Goff,California,2016,,,3,pass,-0.8129947185516357,False,43.0
2015,Jared Goff,California,2016,,,9,pass,0.8212425708770752,False,40.0
2015,Jared Goff,California,2016,,,0,pass,-0.5831384658813477,False,31.0
2015,Jared Goff,California,2016,,,12,pass,1.1423640251159668,False,31.0
2015,Jared Goff,California,2016,,,0,pass,-0.5989503860473633,False,19.0
2015,Jared Goff,California,2016,,,5,pass,-0.07303869724273682,False,80.0
2015,Jared Goff,California,2016,,,4,pass,-0.06772196292877197,False,75.0
2015,Jared Goff,California,2016,,,16,pass,1.377693772315979,False,71.0
2015,Jared Goff,California,2016,,,0,pass,-0.5476799011230469,False,55.0
2015,Jared Goff,California,2016,,,51,pass,3.440586566925049,False,55.0
2015,Jared Goff,California,2016,,,0,pass,-0.46846532821655273,False,4.0
2015,Jared Goff,California,2016,,,1,pass,-5.378238677978516,False,53.0
2015,Jared Goff,California,2016,,,20,pass,0.6517000198364258,False,41.0
2015,Jared Goff,California,2016,,,17,pass,1.3236536979675293,False,21.0
2015,Jared Goff,California,2016,,,11,pass,-0.16224336624145508,False,45.0
2015,Jared Goff,California,2016,,,0,pass,-0.8368370532989502,False,18.0
2015,Jared Goff,California,2016,,,4,pass,-0.5389206409454346,False,18.0
2015,Jared Goff,California,2016,,,0,pass,-0.6555130481719971,False,69.0
2015,Jared Goff,California,2016,,,3,pass,-0.6885977983474731,False,69.0
2015,Jared Goff,California,2016,,,8,pass,1.7457131147384644,False,66.0
2015,Jared Goff,California,2016,,,-10,pass,-0.23055315017700195,False,49.0
2015,Jared Goff,California,2016,,,75,pass,4.4333391189575195,True,75.0
2015,Jared Goff,California,2016,,,13,pass,3.655548334121704,True,13.0
2015,Jared Goff,California,2016,,,28,pass,0.8859462738037109,False,65.0
2015,Jared Goff,California,2016,,,24,pass,1.3406379222869873,False,37.0
2015,Jared Goff,California,2016,,,59,pass,3.439448595046997,False,82.0
2015,Jared Goff,California,2016,,,0,pass,-1.3047854900360107,False,18.0
2015,Jared Goff,California,2016,,,0,pass,-4.882367134094238,False,70.0
2015,Jared Goff,California,2016,,,4,pass,1.4762969017028809,True,4.0
2015,Jared Goff,California,2016,,,0,pass,-1.4911214113235474,False,78.0
2015,Jared Goff,California,2016,,,8,pass,0.3373447060585022,False,78.0
2015,Jared Goff,California,2016,,,32,pass,3.48917555809021,False,34.0
2015,Jared Goff,California,2016,,,0,pass,-0.6369640231132507,False,88.0
2015,Jared Goff,California,2016,,,34,pass,3.0224175453186035,False,88.0
2015,Jared Goff,California,2016,,,-11,pass,-2.1257355213165283,False,40.0
2015,Jared Goff,California,2016,,,0,pass,-1.3188196420669556,False,48.0
2015,Jared Goff,California,2016,,,10,pass,1.3081672191619873,False,76.0
2015,Jared Goff,California,2016,,,7,pass,0.4882442355155945,False,66.0
2015,Jared Goff,California,2016,,,1,pass,-0.7699759602546692,False,64.0
2015,Jared Goff,California,2016,,,0,pass,-1.4011180400848389,False,63.0
2015,Jared Goff,California,2016,,,0,pass,-0.9380298852920532,False,44.0
2015,Jared Goff,California,2016,,,1,pass,-0.86726975440979,False,54.0
2015,Jared Goff,California,2016,,,0,pass,-1.5359251499176025,False,53.0
2015,Jared Goff,California,2016,,,11,pass,2.2357187271118164,False,73.0
2015,Jared Goff,California,2016,,,7,pass,-0.23057770729064941,False,65.0
2015,Jared Goff,California,2016,,,3,pass,0.6518411636352539,True,3.0
2015,Jared Goff,California,2016,,,13,pass,0.7448673248291016,False,30.0
2015,Jared Goff,California,2016,,,9,pass,0.3700742721557617,False,42.0
2015,Jared Goff,California,2016,,,22,pass,1.7854857444763184,False,24.0
2015,Jared Goff,California,2016,,,0,pass,-1.0968351364135742,False,17.0
2015,Jared Goff,California,2016,,,5,pass,0.08225011825561523,False,22.0
2015,Jared Goff,California,2016,,,8,pass,0.9760847091674805,False,30.0
2015,Jared Goff,California,2016,,,22,pass,2.191744565963745,False,26.0
2015,Jared Goff,California,2016,,,0,pass,-0.5538800954818726,False,80.0
2015,Jared Goff,California,2016,,,7,pass,-5.557004451751709,False,73.0
2015,Jared Goff,California,2016,,,8,pass,0.5098623633384705,False,75.0
2015,Jared Goff,California,2016,,,1,pass,-0.6599569320678711,False,22.0
2015,Jared Goff,California,2016,,,17,pass,4.2050886154174805,True,17.0
2015,Jared Goff,California,2016,,,9,pass,1.1138026714324951,False,75.0
2015,Jared Goff,California,2016,,,24,pass,1.5531233549118042,False,62.0
2015,Jared Goff,California,2016,,,14,pass,0.8316190242767334,False,38.0
2015,Jared Goff,California,2016,,,5,pass,0.2479543685913086,False,24.0
2015,Jared Goff,California,2016,,,0,pass,-0.8207309246063232,False,19.0
2015,Jared Goff,California,2016,,,0,pass,-0.6288284063339233,False,75.0
2015,Jared Goff,California,2016,,,31,pass,2.830307960510254,False,75.0
2015,Jared Goff,California,2016,,,10,pass,0.5834369659423828,False,44.0
2015,Jared Goff,California,2016,,,7,pass,0.5194592475891113,False,34.0
2015,Jared Goff,California,2016,,,6,pass,0.437791109085083,False,23.0
2015,Jared Goff,California,2016,,,7,pass,1.110295295715332,False,17.0
2015,Jared Goff,California,2016,,,6,pass,2.6549997329711914,True,6.0
2015,Jared Goff,California,2016,,,28,pass,5.605283737182617,False,34.0
2015,Jared Goff,California,2016,,,0,pass,-0.5740466117858887,False,64.0
2015,Jared Goff,California,2016,,,0,pass,-0.9205390214920044,False,64.0
2015,Jared Goff,California,2016,,,9,pass,0.9248414039611816,False,52.0
2015,Jared Goff,California,2016,,,0,pass,-0.9796304702758789,False,34.0
2015,Jared Goff,California,2016,,,6,pass,0.4187847971916199,False,75.0
2015,Jared Goff,California,2016,,,0,pass,-0.6069978475570679,False,64.0
2015,Jared Goff,California,2016,,,-6,pass,-1.33509361743927,False,64.0
2015,Jared Goff,California,2016,,,11,pass,0.8547368049621582,False,65.0
2015,Jared Goff,California,2016,,,27,pass,2.9280054569244385,False,52.0
2015,Jared Goff,California,2016,,,11,pass,1.1273210048675537,False,23.0
2015,Jared Goff,California,2016,,,0,pass,-0.546910285949707,False,23.0
2015,Jared Goff,California,2016,,,-6,pass,-2.053152561187744,False,32.0
2015,Jared Goff,California,2016,,,0,pass,-1.3507752418518066,False,38.0
2015,Jared Goff,California,2016,,,7,pass,0.5524909496307373,False,70.0
2015,Jared Goff,California,2016,,,0,pass,-0.6196668148040771,False,63.0
2015,Jared Goff,California,2016,,,13,pass,2.2178351879119873,False,63.0
2015,Jared Goff,California,2016,,,0,pass,-0.5782949924468994,False,74.0
2015,Jared Goff,California,2016,,,13,pass,2.269721031188965,False,74.0
2015,Jared Goff,California,2016,,,20,pass,2.28926157951355,False,45.0
2015,Jared Goff,California,2016,,,8,pass,2.906951904296875,True,8.0
2015,Jared Goff,California,2016,,,52,pass,1.90887451171875,False,62.0
2015,Jared Goff,California,2016,,,2,pass,-0.7328217029571533,False,10.0
2015,Jared Goff,California,2016,,,41,pass,-1.5176597833633423,False,37.0
2015,Jared Goff,California,2016,,,28,pass,4.022680282592773,True,28.0
2015,Jared Goff,California,2016,,,-7,pass,-1.3957712650299072,False,62.0
2015,Jared Goff,California,2016,,,10,pass,0.2773858904838562,False,69.0
2015,Jared Goff,California,2016,,,8,pass,1.498221755027771,False,59.0
2015,Jared Goff,California,2016,,,6,pass,0.26194119453430176,False,51.0
2015,Jared Goff,California,2016,,,6,pass,0.4741854667663574,False,20.0
2015,Jared Goff,California,2016,,,0,pass,-0.704401969909668,False,29.0
2015,Jared Goff,California,2016,,,0,pass,-1.0124759674072266,False,1.0
2015,Jared Goff,California,2016,,,0,pass,-0.788284957408905,False,69.0
2015,Jared Goff,California,2016,,,20,pass,2.0842039585113525,False,69.0
2015,Jared Goff,California,2016,,,0,pass,-0.6540024280548096,False,49.0
2015,Jared Goff,California,2016,,,5,pass,-0.3612731695175171,False,49.0
2015,Jared Goff,California,2016,,,21,pass,2.520740509033203,False,44.0
2015,Jared Goff,California,2016,,,8,pass,0.8518061637878418,False,20.0
2015,Jared Goff,California,2016,,,19,pass,1.7837276458740234,False,89.0
2015,Jared Goff,California,2016,,,-9,pass,-1.9370439052581787,False,55.0
2015,Jared Goff,California,2016,,,11,pass,1.4911229610443115,False,52.0
2015,Jared Goff,California,2016,,,15,pass,0.8690013885498047,False,29.0
2015,Jared Goff,California,2016,,,0,pass,-0.7901802062988281,False,13.0
2015,Jared Goff,California,2016,,,-2,pass,-1.0837340354919434,False,13.0
2015,Jared Goff,California,2016,,,31,pass,2.2967333793640137,False,75.0
2015,Jared Goff,California,2016,,,3,pass,-0.27292346954345703,False,44.0
2015,Jared Goff,California,2016,,,0,pass,-2.103701114654541,False,37.0
2015,Jared Goff,California,2016,,,12,pass,1.037100911140442,False,78.0
2015,Jared Goff,California,2016,,,6,pass,1.0662648677825928,False,84.0
2015,Jared Goff,California,2016,,,0,pass,-0.5036450624465942,False,84.0
2015,Jared Goff,California,2016,,,-3,pass,-2.75492262840271,False,35.0
2015,Jared Goff,California,2016,,,0,pass,-1.6777900457382202,False,35.0
2015,Jared Goff,California,2016,,,4,pass,-0.07661294937133789,False,39.0
2015,Jared Goff,California,2016,,,4,pass,0.07334232330322266,False,45.0
2015,Jared Goff,California,2016,,,9,pass,0.5441398620605469,False,54.0
2015,Jared Goff,California,2016,,,-20,pass,-2.0421552658081055,False,76.0
2015,Jared Goff,California,2016,,,9,pass,0.44466614723205566,False,85.0
2015,Jared Goff,California,2016,,,-8,pass,-2.0364115238189697,False,69.0
2015,Jared Goff,California,2016,,,7,pass,-0.007035493850708008,False,76.0
2015,Jared Goff,California,2016,,,-6,pass,-1.4224497079849243,False,70.0
2015,Jared Goff,California,2016,,,11,pass,2.5564112663269043,False,81.0
2015,Jared Goff,California,2016,,,0,pass,-0.9347652196884155,False,81.0
2015,Jared Goff,California,2016,,,24,pass,4.741876602172852,True,24.0
2015,Jared Goff,California,2016,,,3,pass,-0.5086853504180908,False,27.0
2015,Jared Goff,California,2016,,,20,pass,1.265918493270874,False,48.0
2015,Jared Goff,California,2016,,,20,pass,2.1353845596313477,True,20.0
2015,Jared Goff,California,2016,,,8,pass,0.48343658447265625,False,28.0
2015,Jared Goff,California,2016,,,17,pass,1.427638053894043,False,45.0
2015,Jared Goff,California,2016,,,8,pass,0.8019677400588989,False,53.0
2015,Jared Goff,California,2016,,,14,pass,-3.435805082321167,False,65.0
2015,Jared Goff,California,2016,,,7,pass,0.6876636147499084,False,72.0
2015,Jared Goff,California,2016,,,9,pass,0.9398379325866699,True,9.0
2015,Jared Goff,California,2016,,,8,pass,0.7531208992004395,False,29.0
2015,Jared Goff,California,2016,,,11,pass,0.5481317043304443,False,40.0
2015,Jared Goff,California,2016,,,40,pass,1.6537690162658691,False,80.0
2015,Jared Goff,California,2016,,,12,pass,1.7341643571853638,False,74.0
2015,Jared Goff,California,2016,,,-1,pass,-1.0719256401062012,False,73.0
2015,Jared Goff,California,2016,,,34,pass,3.127659559249878,True,34.0
2015,Jared Goff,California,2016,,,20,pass,1.2613552808761597,False,54.0
2015,Jared Goff,California,2016,,,14,pass,2.9685401916503906,False,68.0
2015,Jared Goff,California,2016,,,10,pass,1.3475786447525024,False,75.0
2015,Jared Goff,California,2016,,,8,pass,0.8811001777648926,False,37.0
2015,Jared Goff,California,2016,,,12,pass,2.3626251220703125,False,48.0
2015,Jared Goff,California,2016,,,0,pass,-0.9637818336486816,False,48.0
2015,Jared Goff,California,2016,,,0,pass,-0.6253318786621094,False,48.0
2015,Jared Goff,California,2016,,,9,pass,0.7249363660812378,False,61.0
2015,Jared Goff,California,2016,,,0,pass,-0.658305287361145,False,61.0
2015,Jared Goff,California,2016,,,9,pass,1.1684277057647705,False,75.0
2015,Jared Goff,California,2016,,,9,pass,-4.712996006011963,False,60.0
2015,Jared Goff,California,2016,,,0,pass,-0.6932452917098999,False,60.0
2015,Jared Goff,California,2016,,,15,pass,1.2693850994110107,False,75.0
2015,Jared Goff,California,2016,,,0,pass,-2.3583526611328125,False,21.0
2015,Jared Goff,California,2016,,,5,pass,0.09127545356750488,False,26.0
2015,Jared Goff,California,2016,,,0,pass,-0.301666259765625,False,26.0
2015,Jared Goff,California,2016,,,9,pass,1.0789473056793213,False,35.0
2015,Jared Goff,California,2016,,,8,pass,0.597041130065918,False,43.0
2015,Jared Goff,California,2016,,,0,pass,-0.39686083793640137,False,43.0
2015,Jared Goff,California,2016,,,5,pass,0.5990651845932007,False,48.0
2015,Jared Goff,California,2016,,,0,pass,-0.5173666477203369,False,48.0
2015,Jared Goff,California,2016,,,32,pass,-0.12572884559631348,False,86.0
2015,Jared Goff,California,2016,,,-7,pass,-1.2995100021362305,False,79.0
2015,Jared Goff,California,2016,,,5,pass,0.13021516799926758,False,84.0
2015,Jared Goff,California,2016,,,8,pass,-5.025485992431641,False,35.0
2015,Jared Goff,California,2016,,,0,pass,-0.9111608266830444,False,43.0
2015,Jared Goff,California,2016,,,22,pass,1.2543771266937256,False,70.0
2015,Jared Goff,California,2016,,,0,pass,-1.4293971061706543,False,61.0
2015,Jared Goff,California,2016,,,0,pass,-0.769859790802002,False,61.0
2015,Jared Goff,California,2016,,,13,pass,1.6414231061935425,False,75.0
2015,Jared Goff,California,2016,,,17,pass,1.0317716598510742,False,27.0
2015,Jared Goff,California,2016,,,0,pass,-0.9605562686920166,False,77.0
2015,Jared Goff,California,2016,,,16,pass,0.9747843742370605,False,41.0
2015,Jared Goff,California,2016,,,16,pass,1.1894203424453735,False,57.0
2015,Jared Goff,California,2016,,,1,pass,1.1762900352478027,True,1.0
2015,Jared Goff,California,2016,,,8,pass,1.046875,False,9.0
2015,Jared Goff,California,2016,,,50,pass,3.9622693061828613,False,59.0
2015,Jared Goff,California,2016,,,-12,pass,-0.9754219651222229,False,47.0
2015,Jared Goff,California,2016,,,11,pass,0.2626791000366211,False,58.0
2015,Jared Goff,California,2016,,,0,pass,-3.8500404357910156,False,79.0
2015,Jared Goff,California,2016,,,-3,pass,-0.7012004256248474,False,76.0
2015,Jared Goff,California,2016,,,4,pass,-4.075807094573975,False,29.0
2015,Jared Goff,California,2016,,,0,pass,-1.4643528461456299,False,5.0
2015,Jared Goff,California,2016,,,0,pass,-1.0349302291870117,False,5.0
2015,Jared Goff,California,2016,,,30,pass,2.059094190597534,False,37.0
2015,Jared Goff,California,2016,,,7,pass,0.4510376453399658,False,44.0
2015,Jared Goff,California,2016,,,0,pass,-1.2023595571517944,False,58.0
2015,Jared Goff,California,2016,,,14,pass,1.8233685493469238,False,65.0
2015,Jared Goff,California,2016,,,3,pass,0.03626316785812378,False,68.0
2015,Jared Goff,California,2016,,,0,pass,-4.074549198150635,False,75.0
2015,Jared Goff,California,2016,,,0,pass,-0.5944032669067383,False,75.0
2015,Jared Goff,California,2016,,,35,pass,3.0679590702056885,True,35.0
2015,Jared Goff,California,2016,,,8,pass,0.7523585557937622,False,75.0
2015,Jared Goff,California,2016,,,18,pass,-4.756215572357178,False,29.0
2015,Jared Goff,California,2016,,,0,pass,-0.8415207862854004,False,29.0
2015,Jared Goff,California,2016,,,13,pass,0.8634083271026611,False,46.0
2015,Jared Goff,California,2016,,,9,pass,0.497051477432251,False,55.0
2015,Jared Goff,California,2016,,,9,pass,-0.8602007031440735,False,75.0
2015,Jared Goff,California,2016,,,9,pass,-0.275016725063324,False,60.0
2015,Jared Goff,California,2016,,,0,pass,-0.03323531150817871,False,60.0
2015,Jared Goff,California,2016,,,6,pass,0.15423130989074707,False,66.0
2015,Jared Goff,California,2016,,,10,pass,0.023361802101135254,False,76.0
2015,Jared Goff,California,2016,,,15,pass,0.1688254177570343,False,91.0
2015,Jared Goff,California,2016,,,0,pass,-0.09137314558029175,False,91.0
2015,Jared Goff,California,2016,,,18,pass,6.256623268127441,True,18.0
2015,Jared Goff,California,2016,,,-6,pass,-2.4704132080078125,False,12.0
2015,Jared Goff,California,2016,,,3,pass,0.8359711170196533,False,22.0
2015,Jared Goff,California,2016,,,10,pass,0.4321267604827881,False,39.0
2015,Jared Goff,California,2016,,,9,pass,0.13835656642913818,False,79.0
2015,Jared Goff,California,2016,,,-6,pass,-1.4340052604675293,False,73.0
2015,Jared Goff,California,2016,,,-8,pass,-1.9843037128448486,False,34.0
2015,Jared Goff,California,2016,,,-4,pass,-2.3755674362182617,False,30.0
2015,Jared Goff,California,2016,,,0,pass,-0.7604589462280273,False,33.0
2015,Jared Goff,California,2016,,,1,pass,-0.7661339640617371,False,42.0
2015,Jared Goff,California,2016,,,0,pass,-0.898203432559967,False,57.0
2015,Jared Goff,California,2016,,,3,pass,-0.25378409028053284,False,60.0
2015,Jared Goff,California,2016,,,6,pass,-0.06250962615013123,False,66.0
2015,Jared Goff,California,2016,,,1,pass,0.19830322265625,True,1.0
2015,Jared Goff,California,2016,,,0,pass,-0.6196508407592773,False,7.0
2015,Jared Goff,California,2016,,,10,pass,3.6906914710998535,False,17.0
2015,Jared Goff,California,2016,,,0,pass,-1.5879396200180054,False,17.0
2015,Jared Goff,California,2016,,,42,pass,3.4784343242645264,False,62.0
2015,Jared Goff,California,2016,,,1,pass,-1.3611207008361816,False,65.0
2015,Jared Goff,California,2016,,,4,pass,-0.5785017013549805,False,75.0
2015,Jared Goff,California,2016,,,5,pass,0.04450571537017822,False,80.0
2015,Jared Goff,California,2016,,,7,pass,0.6098599433898926,False,93.0
2015,Jared Goff,California,2016,,,1,pass,1.0694804191589355,True,1.0
2015,Jared Goff,California,2016,,,36,pass,3.5552432537078857,False,40.0
2015,Jared Goff,California,2016,,,14,pass,0.5006027221679688,False,54.0
2015,Jared Goff,California,2016,,,11,pass,0.7965234518051147,False,65.0
2015,Jared Goff,California,2016,,,0,pass,-0.5877701044082642,False,65.0
2015,Jared Goff,California,2016,,,1,pass,-0.24049045145511627,False,75.0
2015,Jared Goff,California,2016,,,0,pass,-0.5060167908668518,False,75.0
2015,Jared Goff,California,2016,,,0,pass,-0.862930417060852,False,75.0
2015,Jared Goff,California,2016,,,0,pass,-0.7316035032272339,False,75.0
2015,Jared Goff,California,2016,,,0,pass,-0.503255307674408,False,75.0
2015,Jared Goff,California,2016,,,0,pass,-0.9782953262329102,False,75.0
2015,Jared Goff,California,2016,,,-5,pass,-2.2829408645629883,False,50.0
2015,Jared Goff,California,2016,,,0,pass,-0.8955901861190796,False,50.0
2015,Jared Goff,California,2016,,,15,pass,1.6111793518066406,False,71.0
2015,Jared Goff,California,2016,,,4,pass,0.008776932954788208,False,75.0
2015,Jared Goff,California,2016,,,0,pass,-1.7659143209457397,False,66.0
2015,Jared Goff,California,2016,,,6,pass,0.3608046770095825,False,75.0
2015,Jared Goff,California,2016,,,4,pass,-0.8617889881134033,False,13.0
2015,Jared Goff,California,2016,,,2,pass,-0.7329180240631104,False,15.0
2015,Jared Goff,California,2016,,,9,pass,2.1379995346069336,False,39.0
2015,Jared Goff,California,2016,,,0,pass,-0.9763326644897461,False,39.0
2015,Jared Goff,California,2016,,,9,pass,1.1531543731689453,False,50.0
2015,Jared Goff,California,2016,,,9,pass,0.7501258850097656,False,59.0
2015,Jared Goff,California,2016,,,14,pass,2.8401131629943848,False,73.0
2015,Jared Goff,California,2016,,,0,pass,-1.0678091049194336,False,73.0
2015,Jared Goff,California,2016,,,9,pass,1.835245132446289,True,9.0
2015,Jared Goff,California,2016,,,9,pass,0.8877590894699097,False,74.0
2015,Jared Goff,California,2016,,,0,pass,-0.4917525053024292,False,57.0
2015,Jared Goff,California,2016,,,0,pass,-0.5426039695739746,False,52.0
2015,Jared Goff,California,2016,,,7,pass,-0.21721196174621582,False,45.0
2015,Jared Goff,California,2016,,,29,pass,4.562289714813232,False,38.0
2015,Jared Goff,California,2016,,,0,pass,-0.7052439451217651,False,72.0
2015,Jared Goff,California,2016,,,-7,pass,-3.0581469535827637,False,30.0
2015,Jared Goff,California,2016,,,27,pass,-3.081526517868042,False,37.0
2015,Jared Goff,California,2016,,,11,pass,0.5309987664222717,False,91.0
2015,Jared Goff,California,2016,,,43,pass,3.1585094928741455,False,80.0
2015,Jared Goff,California,2016,,,8,pass,0.5656302571296692,False,80.0
2015,Jared Goff,California,2016,,,21,pass,1.7830281257629395,False,70.0
2015,Jared Goff,California,2016,,,15,pass,2.0796875953674316,False,48.0
2015,Jared Goff,California,2016,,,6,pass,0.43369579315185547,False,20.0
2015,Jared Goff,California,2016,,,8,pass,0.792304515838623,False,14.0
2015,Jared Goff,California,2016,,,46,pass,-6.50246524810791,True,78.0
2015,Jared Goff,California,2016,,,11,pass,2.4579427242279053,False,58.0
2015,Jared Goff,California,2016,,,0,pass,-0.016986191272735596,False,47.0
2015,Jared Goff,California,2016,,,4,pass,-0.21108520030975342,False,65.0
2015,Jared Goff,California,2016,,,7,pass,0.8064547777175903,False,61.0
2015,Jared Goff,California,2016,,,14,pass,1.4996638298034668,False,53.0
2015,Jared Goff,California,2016,,,0,pass,-0.8765658140182495,False,40.0
2015,Jared Goff,California,2016,,,0,pass,-1.5425870418548584,False,40.0
2015,Jared Goff,California,2016,,,13,pass,0.9831782579421997,False,94.0
2015,Jared Goff,California,2016,,,6,pass,2.6585254669189453,True,6.0
2015,Jared Goff,California,2016,,,5,pass,0.055708616971969604,False,83.0
2015,Jared Goff,California,2016,,,12,pass,0.8868148326873779,False,53.0
2015,Jared Goff,California,2016,,,10,pass,1.0053892135620117,False,25.0
2015,Jared Goff,California,2016,,,9,pass,0.7762603759765625,False,15.0
2015,Jared Goff,California,2016,,,22,pass,1.7151317596435547,False,75.0
2015,Jared Goff,California,2016,,,0,pass,-3.8033204078674316,False,33.0
2015,Jared Goff,California,2016,,,10,pass,0.6203930377960205,False,43.0
2015,Jared Goff,California,2016,,,7,pass,1.465821385383606,False,69.0
2015,Jared Goff,California,2016,,,80,pass,6.61150598526001,True,80.0
2015,Jared Goff,California,2016,,,9,pass,0.07724714279174805,False,80.0
2015,Jared Goff,California,2016,,,0,pass,-0.8237934112548828,False,80.0
2015,Jared Goff,California,2016,,,-1,pass,-0.6245263814926147,False,90.0
2015,Jared Goff,California,2016,,,0,pass,-0.7647534012794495,False,61.0
2015,Jared Goff,California,2016,,,0,pass,-1.0150537490844727,False,9.0
2015,Jared Goff,California,2016,,,5,pass,0.45848560333251953,False,14.0
2015,Jared Goff,California,2016,,,0,pass,-1.5367114543914795,False,31.0
2015,Jared Goff,California,2016,,,-16,pass,-3.3138256072998047,False,15.0
2015,Jared Goff,California,2016,,,57,pass,6.661869049072266,False,72.0
2015,Jared Goff,California,2016,,,13,pass,0.991908073425293,False,75.0
2015,Jared Goff,California,2016,,,21,pass,1.8082904815673828,False,33.0
2015,Jared Goff,California,2016,,,0,pass,-0.33675849437713623,False,45.0
2015,Jared Goff,California,2016,,,5,pass,-0.037099242210388184,False,50.0
2015,Jared Goff,California,2016,,,0,pass,-0.2908020317554474,False,75.0
2015,Jared Goff,California,2016,,,10,pass,2.1827211380004883,False,69.0
2015,Jared Goff,California,2016,,,0,pass,-0.8716856837272644,False,81.0
2015,Jared Goff,California,2016,,,0,pass,-0.5600090622901917,False,81.0
2015,Jared Goff,California,2016,,,0,pass,-1.7007317543029785,False,71.0
2015,Jared Goff,California,2016,,,7,pass,0.4339529275894165,False,78.0
2015,Jared Goff,California,2016,,,0,pass,-1.6886581182479858,False,69.0
2015,Jared Goff,California,2016,,,6,pass,-0.0880131721496582,False,75.0
2015,Jared Goff,California,2016,,,0,pass,-0.5024576187133789,False,75.0
2015,Jared Goff,California,2016,,,0,pass,-1.407057285308838,False,10.0
2015,Jared Goff,California,2016,,,22,pass,2.721824884414673,False,37.0
2015,Jared Goff,California,2016,,,12,pass,0.6648340225219727,False,51.0
2015,Jared Goff,California,2016,,,7,pass,2.791138172149658,True,7.0
2015,Jared Goff,California,2016,,,0,pass,-1.2696173191070557,False,7.0
2015,Jared Goff,California,2016,,,18,pass,1.0353431701660156,False,26.0
2015,Jared Goff,California,2016,,,12,pass,2.336338520050049,False,38.0
2015,Jared Goff,California,2016,,,0,pass,-0.9907197952270508,False,38.0
2015,Jared Goff,California,2016,,,0,pass,-0.6754100322723389,False,38.0
2015,Jared Goff,California,2016,,,11,pass,2.321023464202881,True,11.0
2015,Jared Goff,California,2016,,,8,pass,1.449596881866455,False,44.0
2015,Jared Goff,California,2016,,,0,pass,-1.9083757400512695,False,3.0
2015,Jared Goff,California,2016,,,0,pass,-0.5995407104492188,False,23.0
2015,Jared Goff,California,2016,,,0,pass,-0.4536609649658203,False,75.0
2015,Jared Goff,California,2016,,,2,pass,-0.4733459949493408,False,63.0
2015,Jared Goff,California,2016,,,0,pass,-3.6747500896453857,False,48.0
2015,Jared Goff,California,2016,,,29,pass,1.9792561531066895,True,29.0
2015,Jared Goff,California,2016,,,13,pass,1.6638898849487305,True,13.0
2015,Jared Goff,California,2016,,,18,pass,0.14516019821166992,False,77.0
2015,Jared Goff,California,2016,,,4,pass,-0.1687002182006836,False,38.0
2015,Jared Goff,California,2016,,,19,pass,1.2205281257629395,False,34.0
2015,Jared Goff,California,2016,,,19,pass,2.032383918762207,True,19.0
2015,Jared Goff,California,2016,,,31,pass,0.7978198528289795,False,68.0
2015,Jared Goff,California,2016,,,14,pass,0.3822665214538574,False,37.0
2015,Jared Goff,California,2016,,,45,pass,5.465065002441406,True,45.0
2015,Jared Goff,California,2016,,,24,pass,0.7911844253540039,False,73.0
2015,Jared Goff,California,2016,,,9,pass,0.6182270050048828,False,49.0
2015,Jared Goff,California,2016,,,51,pass,1.9876824617385864,False,93.0
2015,Jared Goff,California,2016,,,0,pass,-0.4737668037414551,False,42.0
2015,Jared Goff,California,2016,,,18,pass,1.9873700141906738,False,19.0
2015,Jared Goff,California,2016,,,26,pass,1.8202199935913086,False,50.0
2015,Jared Goff,California,2016,,,0,pass,-0.5323383808135986,False,24.0
2015,Jared Goff,California,2016,,,0,pass,-0.7311570644378662,False,24.0
2015,Jared Goff,California,2016,,,-4,pass,-1.5221426486968994,False,24.0
2015,Jared Goff,California,2016,,,4,pass,0.7558956146240234,True,4.0
2015,Jared Goff,California,2016,,,15,pass,1.7895058393478394,False,83.0
2015,Jared Goff,California,2016,,,4,pass,-0.17477059364318848,False,64.0
2015,Jared Goff,California,2016,,,54,pass,3.830922842025757,False,58.0
2015,Jared Goff,California,2016,,,0,pass,-1.0293422937393188,False,82.0
2015,Jared Goff,California,2016,,,7,pass,0.2136521339416504,False,46.0
2015,Jared Goff,California,2016,,,7,pass,1.2979059219360352,False,39.0
2015,Jared Goff,California,2016,,,-9,pass,-1.815324068069458,False,32.0
2015,Jared Goff,California,2016,,,4,pass,-0.9228576421737671,False,41.0
2015,Jared Goff,California,2016,,,17,pass,0.9660651683807373,False,42.0
2015,Jared Goff,California,2016,,,0,pass,-0.766733705997467,False,80.0
2015,Jared Goff,California,2016,,,0,pass,-1.0069407224655151,False,80.0
2015,Jared Goff,California,2016,,,0,pass,-1.2513823509216309,False,80.0
2015,Jared Goff,California,2016,,,31,pass,2.909813642501831,True,31.0
2015,Jared Goff,California,2016,,,6,pass,0.07880258560180664,False,37.0
2015,Jared Goff,California,2016,,,6,pass,0.005084872245788574,False,48.0
2015,Jared Goff,California,2016,,,0,pass,-0.48026394844055176,False,48.0
2015,Jared Goff,California,2016,,,0,pass,-1.2992826700210571,False,61.0
2015,Jared Goff,California,2016,,,0,pass,-2.493062734603882,False,22.0
2015,Jared Goff,California,2016,,,10,pass,0.04633617401123047,False,32.0
2015,Jared Goff,California,2016,,,-15,pass,-0.04633617401123047,False,17.0
2015,Jared Goff,California,2016,,,0,pass,-0.5857410430908203,False,17.0
2015,Jared Goff,California,2016,,,12,pass,1.6401903629302979,False,29.0
2015,Jared Goff,California,2016,,,6,pass,0.26054978370666504,False,41.0
2015,Jared Goff,California,2016,,,11,pass,2.3991622924804688,False,52.0
2015,Jared Goff,California,2016,,,9,pass,1.7510637044906616,False,64.0
2015,Jared Goff,California,2016,,,18,pass,1.2423768043518066,False,86.0
2015,Jared Goff,California,2016,,,3,pass,2.0633349418640137,True,3.0
2015,Jared Goff,California,2016,,,0,pass,-1.0934486389160156,False,3.0
2015,Jared Goff,California,2016,,,20,pass,1.7934722900390625,False,25.0
2015,Jared Goff,California,2016,,,19,pass,3.386854648590088,False,61.0
2015,Jared Goff,California,2016,,,-13,pass,-3.386854648590088,False,48.0
2015,Jared Goff,California,2016,,,5,pass,0.1959221363067627,False,53.0
2015,Jared Goff,California,2016,,,9,pass,0.9937881231307983,False,65.0
2015,Jared Goff,California,2016,,,15,pass,2.4026832580566406,False,80.0
2015,Jared Goff,California,2016,,,9,pass,0.2982269525527954,False,89.0
2015,Jared Goff,California,2016,,,-3,pass,-1.233522891998291,False,86.0
2015,Jared Goff,California,2016,,,0,pass,-1.5248384475708008,False,8.0
2015,Jared Goff,California,2016,,,6,pass,0.5820775032043457,False,14.0
2015,Jared Goff,California,2016,,,23,pass,1.8208460807800293,False,39.0
2015,Jared Goff,California,2016,,,9,pass,0.6393327116966248,False,76.0
2015,Jared Goff,California,2016,,,0,pass,-1.3203132152557373,False,11.0
2015,Jared Goff,California,2016,,,7,pass,0.5635349750518799,False,18.0
2015,Jared Goff,California,2016,,,8,pass,0.6851556301116943,False,34.0
2015,Jared Goff,California,2016,,,0,pass,-0.4355957508087158,False,45.0
2015,Jared Goff,California,2016,,,9,pass,0.3703972101211548,False,54.0
2015,Jared Goff,California,2016,,,21,pass,1.7920103073120117,False,75.0
2015,Jared Goff,California,2016,,,8,pass,0.2748573422431946,False,83.0
2015,Jared Goff,California,2016,,,15,pass,0.25064754486083984,False,70.0
2015,Jared Goff,California,2016,,,7,pass,0.209511399269104,False,62.0
2015,Jared Goff,California,2016,,,0,pass,-0.5784494876861572,False,62.0
2015,Jared Goff,California,2016,,,8,pass,0.4801141023635864,False,76.0
2015,Jared Goff,California,2016,,,7,pass,1.1497104167938232,False,83.0
2015,Jared Goff,California,2016,,,9,pass,0.7787582874298096,False,91.0
2015,Jared Goff,California,2016,,,0,pass,-1.9768099784851074,False,3.0
2015,Jared Goff,California,2016,,,0,pass,-0.9276227951049805,False,3.0
2015,Jared Goff,California,2016,,,11,pass,2.3403797149658203,False,13.0
2015,Jared Goff,California,2016,,,5,pass,0.011506319046020508,False,18.0
2015,Jared Goff,California,2016,,,19,pass,2.952684164047241,False,37.0
2015,Jared Goff,California,2016,,,0,pass,-0.6276438236236572,False,41.0
2015,Jared Goff,California,2016,,,17,pass,3.279520034790039,False,58.0
2015,Jared Goff,California,2016,,,8,pass,0.6246851682662964,False,67.0
2015,Jared Goff,California,2016,,,0,pass,-0.7258356213569641,False,67.0
2015,Jared Goff,California,2016,,,0,pass,-0.9147242307662964,False,91.0
2015,Jared Goff,California,2016,,,13,pass,1.304938554763794,False,35.0
2015,Jared Goff,California,2016,,,0,pass,-0.5079851150512695,False,73.0
2015,Jared Goff,California,2016,,,15,pass,0.9063271284103394,False,73.0
2015,Jared Goff,California,2016,,,17,pass,0.5188277959823608,False,58.0
2015,Jared Goff,California,2016,,,49,pass,5.421086311340332,True,49.0
2015,Jared Goff,California,2016,,,0,pass,-0.8751318454742432,False,72.0
2015,Jared Goff,California,2016,,,58,pass,4.439723968505859,True,58.0
2015,Jared Goff,California,2016,,,9,pass,1.658905029296875,True,9.0
2015,Jared Goff,California,2016,,,11,pass,1.5195114612579346,False,73.0
2015,Jared Goff,California,2016,,,0,pass,-0.5765420198440552,False,62.0
2015,Jared Goff,California,2016,,,0,pass,-0.8247565627098083,False,62.0
2015,Jared Goff,California,2016,,,3,pass,-0.6933127641677856,False,42.0
2015,Jared Goff,California,2016,,,9,pass,2.2760138511657715,False,39.0
2015,Jared Goff,California,2016,,,21,pass,1.624000072479248,False,30.0
2015,Jared Goff,California,2016,,,16,pass,3.4984090328216553,True,16.0
2015,Jared Goff,California,2016,,,49,pass,4.8926825523376465,False,76.0
2015,Jared Goff,California,2016,,,0,pass,-0.5667495727539062,False,16.0
2015,Jared Goff,California,2016,,,0,pass,-0.762631893157959,False,16.0
2015,Jared Goff,California,2016,,,52,pass,3.452230453491211,False,94.0
2015,Jared Goff,California,2016,,,12,pass,1.7547845840454102,False,42.0
2015,Jared Goff,California,2016,,,0,pass,-0.6896908283233643,False,30.0
2015,Jared Goff,California,2016,,,0,pass,-0.6829664707183838,False,62.0
2015,Jared Goff,California,2016,,,6,pass,0.2191610038280487,False,62.0
2015,Jared Goff,California,2016,,,0,pass,-1.8974575996398926,False,56.0
2015,Jared Goff,California,2016,,,0,pass,-0.4442458152770996,False,58.0
2015,Jared Goff,California,2016,,,8,pass,0.12500107288360596,False,58.0
2015,Jared Goff,California,2016,,,0,pass,-0.6553493738174438,False,50.0
2015,Jared Goff,California,2016,,,5,pass,-0.06979286670684814,False,75.0
2015,Jared Goff,California,2016,,,4,pass,-0.5470892190933228,False,70.0
2015,Jared Goff,California,2016,,,52,pass,5.034466743469238,True,52.0
2015,Jared Goff,California,2016,,,0,pass,-0.570311427116394,False,75.0
2015,Jared Goff,California,2016,,,11,pass,1.4128092527389526,False,75.0
2015,Jared Goff,California,2016,,,9,pass,0.97266685962677,False,64.0
2015,Jared Goff,California,2016,,,15,pass,1.369306206703186,False,75.0
2015,Jared Goff,California,2016,,,0,pass,-0.796013593673706,False,58.0
2015,Jared Goff,California,2016,,,0,pass,-1.4388105869293213,False,29.0
2015,Jared Goff,California,2016,,,0,pass,-3.6353843212127686,False,29.0
2015,Jared Goff,California,2016,,,9,pass,0.4455939531326294,False,71.0
2015,Jared Goff,California,2016,,,29,pass,3.0358588695526123,False,63.0
2015,Jared Goff,California,2016,,,0,pass,-1.135606288909912,False,70.0
2015,Jared Goff,California,2016,,,34,pass,2.9974637031555176,False,70.0
2015,Jared Goff,California,2016,,,4,pass,0.03468465805053711,False,36.0
2015,Jared Goff,California,2016,,,0,pass,-0.9083147048950195,False,32.0
2015,Jared Goff,California,2016,,,11,pass,1.837709665298462,False,32.0
2015,Jared Goff,California,2016,,,0,pass,-0.7592772245407104,False,34.0
2015,Jared Goff,California,2016,,,11,pass,0.3868941068649292,False,34.0
2015,Jared Goff,California,2016,,,15,pass,2.0334980487823486,False,42.0
2015,Jared Goff,California,2016,,,5,pass,0.1614091396331787,False,48.0
2015,Jared Goff,California,2016,,,25,pass,3.200284957885742,True,25.0
2015,Jared Goff,California,2016,,,41,pass,1.862004041671753,False,61.0
2015,Jared Goff,California,2016,,,0,pass,-1.7112782001495361,False,12.0
2015,Jared Goff,California,2016,,,0,pass,-0.5854907035827637,False,36.0
2015,Jared Goff,California,2016,,,44,pass,2.955540657043457,False,80.0
2015,Jared Goff,California,2016,,,12,pass,1.398660659790039,True,12.0
2015,Jared Goff,California,2016,,,8,pass,0.44460296630859375,False,35.0
2015,Jared Goff,California,2016,,,15,pass,0.623615026473999,False,50.0
2015,Jared Goff,California,2016,,,11,pass,0.7266511917114258,False,67.0
2015,Jared Goff,California,2016,,,14,pass,1.320618987083435,False,76.0
2015,Jared Goff,California,2016,,,0,pass,-0.7065964937210083,False,76.0
2015,Jared Goff,California,2016,,,-14,pass,0.23831313848495483,False,50.0
2015,Jared Goff,California,2016,,,14,pass,2.6451616287231445,True,14.0
2015,Jared Goff,California,2016,,,55,pass,2.7466065883636475,False,69.0
2015,Jared Goff,California,2016,,,9,pass,0.42179733514785767,False,78.0
2015,Jared Goff,California,2016,,,24,pass,2.4325637817382812,True,24.0
2015,Jared Goff,California,2016,,,5,pass,1.1206717491149902,True,5.0
2015,Jared Goff,California,2016,,,40,pass,2.6199543476104736,False,45.0
2015,Jared Goff,California,2016,,,1,pass,-0.738838791847229,False,70.0
2015,Jared Goff,California,2016,,,11,pass,1.47808837890625,False,81.0
2015,Jared Goff,California,2016,,,0,pass,-0.7155070900917053,False,81.0
2015,Jared Goff,California,2016,,,0,pass,-1.2648606300354004,False,81.0
2015,Jared Goff,California,2016,,,0,pass,-0.7052262425422668,False,81.0
2015,Jared Goff,California,2016,,,30,pass,2.471616744995117,True,30.0
2015,Jared Goff,California,2016,,,17,pass,0.38318562507629395,False,47.0
2015,Jared Goff,California,2016,,,0,pass,-0.9501504898071289,False,3.0
2015,Jared Goff,California,2016,,,29,pass,3.1730399131774902,False,39.0
2015,Jared Goff,California,2016,,,0,pass,-0.971571683883667,False,39.0
2015,Jared Goff,California,2016,,,25,pass,2.290532112121582,False,64.0
2015,Jared Goff,California,2016,,,9,pass,1.0404448509216309,False,14.0
2015,Jared Goff,California,2016,,,0,pass,-0.5410223007202148,False,14.0
2015,Jared Goff,California,2016,,,4,pass,-0.25709789991378784,False,65.0
