season,player_name,college,draft_year,down,distance,yards_gained,play_type,epa,scoring,yards_to_goal
2017,Kenny Pickett,Pittsburgh,2022,,,13,pass,0.3120521306991577,False,85.0
2017,Kenny Pickett,Pittsburgh,2022,,,0,pass,-0.25783678889274597,False,77.0
2017,Kenny Pickett,Pittsburgh,2022,,,0,pass,-0.8492987155914307,False,77.0
2017,Kenny Pickett,Pittsburgh,2022,,,0,pass,-0.4781855344772339,False,55.0
2017,Kenny Pickett,Pittsburgh,2022,,,13,pass,1.3526955842971802,False,55.0
2017,Kenny Pickett,Pittsburgh,2022,,,0,pass,-0.47187066078186035,False,42.0
2017,Kenny Pickett,Pittsburgh,2022,,,0,pass,-0.8371633291244507,False,42.0
2017,Kenny Pickett,Pittsburgh,2022,,,0,pass,-1.563090205192566,False,42.0
2017,Kenny Pickett,Pittsburgh,2022,,,23,pass,1.8621456623077393,False,77.0
2017,Kenny Pickett,Pittsburgh,2022,,,11,pass,1.549818992614746,False,53.0
2017,Kenny Pickett,Pittsburgh,2022,,,0,pass,-0.6948459148406982,False,42.0
2017,Kenny Pickett,Pittsburgh,2022,,,14,pass,1.9933462142944336,False,42.0
2017,Kenny Pickett,Pittsburgh,2022,,,0,pass,-1.5586639642715454,False,26.0
2017,Kenny Pickett,Pittsburgh,2022,,,0,pass,-1.7376165390014648,False,60.0
2017,Kenny Pickett,Pittsburgh,2022,,,0,pass,-4.888220310211182,False,1.0
2017,Kenny Pickett,Pittsburgh,2022,,,74,pass,6.313059329986572,False,75.0
2017,Kenny Pickett,Pittsburgh,2022,,,0,pass,-0.179165318608284,False,81.0
2017,Kenny Pickett,Pittsburgh,2022,,,0,pass,-0.14377664029598236,False,81.0
2017,Kenny Pickett,Pittsburgh,2022,,,12,pass,0.3777342438697815,False,79.0
2017,Kenny Pickett,Pittsburgh,2022,,,-1,pass,-0.8743520975112915,False,65.0
2017,Kenny Pickett,Pittsburgh,2022,,,8,pass,0.5529927015304565,False,75.0
2017,Kenny Pickett,Pittsburgh,2022,,,12,pass,-5.344005584716797,False,65.0
2017,Kenny Pickett,Pittsburgh,2022,,,0,pass,-1.4185700416564941,False,15.0
2017,Kenny Pickett,Pittsburgh,2022,,,44,pass,3.7192766666412354,False,73.0
2017,Kenny Pickett,Pittsburgh,2022,,,11,pass,0.7499287128448486,False,29.0
2017,Kenny Pickett,Pittsburgh,2022,,,17,pass,1.2273346185684204,False,83.0
2017,Kenny Pickett,Pittsburgh,2022,,,-7,pass,-2.140486717224121,False,63.0
2017,Kenny Pickett,Pittsburgh,2022,,,14,pass,3.2089524269104004,False,70.0
2017,Kenny Pickett,Pittsburgh,2022,,,5,pass,-0.16688191890716553,False,59.0
2017,Kenny Pickett,Pittsburgh,2022,,,1,pass,-1.7408599853515625,False,54.0
2017,Kenny Pickett,Pittsburgh,2022,,,-2,pass,-1.992127537727356,False,68.0
2017,Kenny Pickett,Pittsburgh,2022,,,10,pass,0.7020694613456726,False,78.0
2017,Kenny Pickett,Pittsburgh,2022,,,3,pass,2.141651153564453,False,52.0
2017,Kenny Pickett,Pittsburgh,2022,,,7,pass,0.16867008805274963,False,59.0
2017,Kenny Pickett,Pittsburgh,2022,,,11,pass,-0.1117173433303833,False,70.0
2017,Kenny Pickett,Pittsburgh,2022,,,5,pass,0.247802734375,False,17.0
2017,Kenny Pickett,Pittsburgh,2022,,,-1,pass,-1.652580738067627,False,47.0
2017,Kenny Pickett,Pittsburgh,2022,,,0,pass,-0.5720033645629883,False,49.0
2017,Kenny Pickett,Pittsburgh,2022,,,20,pass,1.6523464918136597,False,69.0
2017,Kenny Pickett,Pittsburgh,2022,,,0,pass,-1.3771867752075195,False,72.0
2017,Kenny Pickett,Pittsburgh,2022,,,19,pass,2.341078996658325,False,76.0
2017,Kenny Pickett,Pittsburgh,2022,,,5,pass,-1.1705479621887207,False,64.0
2017,Kenny Pickett,Pittsburgh,2022,,,-3,pass,-1.1968207359313965,False,64.0
2017,Kenny Pickett,Pittsburgh,2022,,,5,pass,1.47416353225708,True,5.0
2017,Kenny Pickett,Pittsburgh,2022,,,9,pass,0.7737264633178711,False,34.0
2017,Kenny Pickett,Pittsburgh,2022,,,29,pass,3.133026123046875,False,63.0
2017,Kenny Pickett,Pittsburgh,2022,,,5,pass,-0.15737682580947876,False,85.0
2017,Kenny Pickett,Pittsburgh,2022,,,5,pass,-0.8405436873435974,False,65.0
2017,Kenny Pickett,Pittsburgh,2022,,,0,pass,-0.5882577896118164,False,7.0
2017,Kenny Pickett,Pittsburgh,2022,,,12,pass,1.052391529083252,False,28.0
2017,Kenny Pickett,Pittsburgh,2022,,,22,pass,2.00913143157959,False,50.0
2017,Kenny Pickett,Pittsburgh,2022,,,6,pass,-0.27553248405456543,False,56.0
2017,Kenny Pickett,Pittsburgh,2022,,,8,pass,0.43972063064575195,False,68.0
2017,Kenny Pickett,Pittsburgh,2022,,,20,pass,-4.134300231933594,False,68.0
2017,Kenny Pickett,Pittsburgh,2022,,,0,pass,-1.6513481140136719,False,49.0
2017,Kenny Pickett,Pittsburgh,2022,,,0,pass,-0.9099177122116089,False,49.0
2017,Kenny Pickett,Pittsburgh,2022,,,0,pass,-0.613417387008667,False,49.0
2017,Kenny Pickett,Pittsburgh,2022,,,9,pass,1.2956470251083374,False,58.0
2017,Kenny Pickett,Pittsburgh,2022,,,16,pass,2.201223373413086,False,75.0
2017,Kenny Pickett,Pittsburgh,2022,,,0,pass,-0.9570372104644775,False,75.0
2017,Kenny Pickett,Pittsburgh,2022,,,6,pass,0.3789024353027344,False,37.0
2017,Kenny Pickett,Pittsburgh,2022,,,4,pass,-0.1034848690032959,False,67.0
2017,Kenny Pickett,Pittsburgh,2022,,,8,pass,0.734377384185791,False,78.0
2017,Kenny Pickett,Pittsburgh,2022,,,0,pass,-0.5864815711975098,False,34.0
2017,Kenny Pickett,Pittsburgh,2022,,,5,pass,-0.06626081466674805,False,63.0
2017,Kenny Pickett,Pittsburgh,2022,,,0,pass,-1.7976577281951904,False,58.0
2018,Kenny Pickett,Pittsburgh,2022,,,3,pass,-0.8540902137756348,False,78.0
2018,Kenny Pickett,Pittsburgh,2022,,,0,pass,-1.602215051651001,False,72.0
2018,Kenny Pickett,Pittsburgh,2022,,,0,pass,-1.2188979387283325,False,54.0
2018,Kenny Pickett,Pittsburgh,2022,,,0,pass,-0.5074081420898438,False,67.0
2018,Kenny Pickett,Pittsburgh,2022,,,16,pass,1.1011536121368408,False,53.0
2018,Kenny Pickett,Pittsburgh,2022,,,6,pass,0.18838071823120117,False,37.0
2018,Kenny Pickett,Pittsburgh,2022,,,0,pass,-3.5937492847442627,False,25.0
2018,Kenny Pickett,Pittsburgh,2022,,,0,pass,-0.397693395614624,False,63.0
2018,Kenny Pickett,Pittsburgh,2022,,,0,pass,-0.7476494312286377,False,63.0
2018,Kenny Pickett,Pittsburgh,2022,,,42,pass,5.20356559753418,True,42.0
2018,Kenny Pickett,Pittsburgh,2022,,,9,pass,1.4423025846481323,False,90.0
2018,Kenny Pickett,Pittsburgh,2022,,,2,pass,-0.5063053369522095,False,69.0
2018,Kenny Pickett,Pittsburgh,2022,,,3,pass,2.037665367126465,True,3.0
2018,Kenny Pickett,Pittsburgh,2022,,,4,pass,0.021509647369384766,False,41.0
2018,Kenny Pickett,Pittsburgh,2022,,,6,pass,0.30985498428344727,False,37.0
2018,Kenny Pickett,Pittsburgh,2022,,,26,pass,2.28594970703125,False,75.0
2018,Kenny Pickett,Pittsburgh,2022,,,3,pass,-0.06824898719787598,False,44.0
2018,Kenny Pickett,Pittsburgh,2022,,,12,pass,0.5447807312011719,False,49.0
2018,Kenny Pickett,Pittsburgh,2022,,,5,pass,0.19641900062561035,False,37.0
2018,Kenny Pickett,Pittsburgh,2022,,,3,pass,-0.282116174697876,False,32.0
2018,Kenny Pickett,Pittsburgh,2022,,,6,pass,0.11421632766723633,False,75.0
2018,Kenny Pickett,Pittsburgh,2022,,,8,pass,0.4910135269165039,False,65.0
2018,Kenny Pickett,Pittsburgh,2022,,,-9,pass,-1.5740692615509033,False,52.0
2018,Kenny Pickett,Pittsburgh,2022,,,4,pass,-0.2741866111755371,False,56.0
2018,Kenny Pickett,Pittsburgh,2022,,,0,pass,-0.26088210940361023,False,56.0
2018,Kenny Pickett,Pittsburgh,2022,,,13,pass,-2.3806676864624023,False,79.0
2018,Kenny Pickett,Pittsburgh,2022,,,-11,pass,-1.769783854484558,False,54.0
2018,Kenny Pickett,Pittsburgh,2022,,,0,pass,-0.6920220851898193,False,54.0
2018,Kenny Pickett,Pittsburgh,2022,,,0,pass,-0.5462117195129395,False,54.0
2018,Kenny Pickett,Pittsburgh,2022,,,8,pass,-0.5964450836181641,False,84.0
2018,Kenny Pickett,Pittsburgh,2022,,,-8,pass,-0.9634420871734619,False,76.0
2018,Kenny Pickett,Pittsburgh,2022,,,4,pass,-0.39733922481536865,False,80.0
2018,Kenny Pickett,Pittsburgh,2022,,,-3,pass,-0.9484100341796875,False,94.0
2018,Kenny Pickett,Pittsburgh,2022,,,9,pass,0.27080583572387695,False,96.0
2018,Kenny Pickett,Pittsburgh,2022,,,0,pass,-0.6933720111846924,False,85.0
2018,Kenny Pickett,Pittsburgh,2022,,,8,pass,0.23487026989459991,False,72.0
2018,Kenny Pickett,Pittsburgh,2022,,,3,pass,-0.6704919338226318,False,20.0
2018,Kenny Pickett,Pittsburgh,2022,,,6,pass,0.391146183013916,False,28.0
2018,Kenny Pickett,Pittsburgh,2022,,,0,pass,-3.5412895679473877,False,31.0
2018,Kenny Pickett,Pittsburgh,2022,,,0,pass,-0.8178239464759827,False,62.0
2018,Kenny Pickett,Pittsburgh,2022,,,0,pass,-0.6270170211791992,False,62.0
2018,Kenny Pickett,Pittsburgh,2022,,,0,pass,-0.6681623458862305,False,37.0
2018,Kenny Pickett,Pittsburgh,2022,,,0,pass,-1.5895222425460815,False,69.0
2018,Kenny Pickett,Pittsburgh,2022,,,17,pass,0.38244128227233887,False,79.0
2018,Kenny Pickett,Pittsburgh,2022,,,6,pass,1.029092788696289,False,54.0
2018,Kenny Pickett,Pittsburgh,2022,,,9,pass,0.6509679555892944,False,75.0
2018,Kenny Pickett,Pittsburgh,2022,,,0,pass,-1.220445156097412,False,76.0
2018,Kenny Pickett,Pittsburgh,2022,,,42,pass,-5.902015686035156,False,29.0
2018,Kenny Pickett,Pittsburgh,2022,,,0,pass,-0.5666728019714355,False,75.0
2018,Kenny Pickett,Pittsburgh,2022,,,14,pass,1.292551040649414,False,75.0
2018,Kenny Pickett,Pittsburgh,2022,,,0,pass,-0.9885752201080322,False,60.0
2018,Kenny Pickett,Pittsburgh,2022,,,15,pass,2.289766550064087,False,60.0
2018,Kenny Pickett,Pittsburgh,2022,,,12,pass,0.599515438079834,False,31.0
2018,Kenny Pickett,Pittsburgh,2022,,,-2,pass,-1.170579433441162,False,19.0
2018,Kenny Pickett,Pittsburgh,2022,,,7,pass,0.15002816915512085,False,79.0
2018,Kenny Pickett,Pittsburgh,2022,,,60,pass,2.7919716835021973,False,77.0
2018,Kenny Pickett,Pittsburgh,2022,,,14,pass,2.4546685218811035,False,86.0
2018,Kenny Pickett,Pittsburgh,2022,,,0,pass,-0.6985766887664795,False,72.0
2018,Kenny Pickett,Pittsburgh,2022,,,6,pass,-0.686284601688385,False,71.0
2018,Kenny Pickett,Pittsburgh,2022,,,12,pass,0.5326614379882812,False,71.0
2018,Kenny Pickett,Pittsburgh,2022,,,6,pass,0.047751426696777344,False,57.0
2018,Kenny Pickett,Pittsburgh,2022,,,0,pass,-1.9390212297439575,False,51.0
2018,Kenny Pickett,Pittsburgh,2022,,,23,pass,2.3819611072540283,False,63.0
2018,Kenny Pickett,Pittsburgh,2022,,,11,pass,1.526716947555542,False,42.0
2018,Kenny Pickett,Pittsburgh,2022,,,2,pass,-0.5375699996948242,False,75.0
2018,Kenny Pickett,Pittsburgh,2022,,,0,pass,-0.6622015237808228,False,55.0
2018,Kenny Pickett,Pittsburgh,2022,,,16,pass,2.772429943084717,True,16.0
2018,Kenny Pickett,Pittsburgh,2022,,,0,pass,-0.5119612812995911,False,79.0
2018,Kenny Pickett,Pittsburgh,2022,,,34,pass,2.6309354305267334,False,79.0
2018,Kenny Pickett,Pittsburgh,2022,,,9,pass,0.7940185070037842,False,45.0
2018,Kenny Pickett,Pittsburgh,2022,,,0,pass,-0.4758260250091553,False,36.0
2018,Kenny Pickett,Pittsburgh,2022,,,4,pass,0.16134661436080933,False,85.0
2018,Kenny Pickett,Pittsburgh,2022,,,-9,pass,-2.4745476245880127,False,56.0
2018,Kenny Pickett,Pittsburgh,2022,,,0,pass,-1.1601004600524902,False,65.0
2018,Kenny Pickett,Pittsburgh,2022,,,-12,pass,-1.9065035581588745,False,75.0
2018,Kenny Pickett,Pittsburgh,2022,,,-13,pass,-2.1117794513702393,False,78.0
2018,Kenny Pickett,Pittsburgh,2022,,,0,pass,-0.6060508489608765,False,80.0
2018,Kenny Pickett,Pittsburgh,2022,,,0,pass,-1.188018560409546,False,78.0
2018,Kenny Pickett,Pittsburgh,2022,,,1,pass,1.181187629699707,True,1.0
2018,Kenny Pickett,Pittsburgh,2022,,,5,pass,-0.02605414390563965,False,54.0
2018,Kenny Pickett,Pittsburgh,2022,,,5,pass,0.8793269395828247,False,49.0
2018,Kenny Pickett,Pittsburgh,2022,,,42,pass,3.361933946609497,False,44.0
2018,Kenny Pickett,Pittsburgh,2022,,,0,pass,-0.7001949548721313,False,85.0
2018,Kenny Pickett,Pittsburgh,2022,,,6,pass,0.7351868152618408,False,71.0
2018,Kenny Pickett,Pittsburgh,2022,,,14,pass,2.2615420818328857,False,27.0
2018,Kenny Pickett,Pittsburgh,2022,,,11,pass,1.3442530632019043,False,13.0
2018,Kenny Pickett,Pittsburgh,2022,,,9,pass,1.1554734706878662,False,37.0
2018,Kenny Pickett,Pittsburgh,2022,,,0,pass,-0.8043718338012695,False,27.0
2018,Kenny Pickett,Pittsburgh,2022,,,0,pass,-1.4847406148910522,False,70.0
2018,Kenny Pickett,Pittsburgh,2022,,,0,pass,-0.6453205347061157,False,47.0
2018,Kenny Pickett,Pittsburgh,2022,,,0,pass,-1.0093259811401367,False,47.0
2018,Kenny Pickett,Pittsburgh,2022,,,0,pass,-0.880906343460083,False,27.0
2018,Kenny Pickett,Pittsburgh,2022,,,6,pass,0.7836956977844238,False,27.0
2018,Kenny Pickett,Pittsburgh,2022,,,3,pass,-0.468652606010437,False,75.0
2018,Kenny Pickett,Pittsburgh,2022,,,8,pass,1.4235918521881104,False,72.0
2018,Kenny Pickett,Pittsburgh,2022,,,8,pass,0.7392582893371582,False,63.0
2018,Kenny Pickett,Pittsburgh,2022,,,8,pass,0.702582597732544,False,53.0
2018,Kenny Pickett,Pittsburgh,2022,,,-14,pass,-3.3212890625,False,45.0
2018,Kenny Pickett,Pittsburgh,2022,,,-3,pass,-1.273109793663025,False,59.0
2018,Kenny Pickett,Pittsburgh,2022,,,58,pass,5.504480838775635,True,58.0
2018,Kenny Pickett,Pittsburgh,2022,,,-9,pass,-0.8215999603271484,False,56.0
2018,Kenny Pickett,Pittsburgh,2022,,,7,pass,0.03597000241279602,False,65.0
2018,Kenny Pickett,Pittsburgh,2022,,,-1,pass,-1.1446328163146973,False,72.0
2018,Kenny Pickett,Pittsburgh,2022,,,4,pass,1.0222926139831543,False,66.0
2018,Kenny Pickett,Pittsburgh,2022,,,0,pass,-0.8414968848228455,False,63.0
2018,Kenny Pickett,Pittsburgh,2022,,,-2,pass,-0.8854467868804932,False,63.0
2018,Kenny Pickett,Pittsburgh,2022,,,0,pass,-0.8232221603393555,False,93.0
2018,Kenny Pickett,Pittsburgh,2022,,,6,pass,0.40035390853881836,False,75.0
2018,Kenny Pickett,Pittsburgh,2022,,,10,pass,0.9985113143920898,False,30.0
2018,Kenny Pickett,Pittsburgh,2022,,,-1,pass,-2.246886730194092,False,14.0
2018,Kenny Pickett,Pittsburgh,2022,,,-8,pass,-4.431143760681152,False,15.0
2018,Kenny Pickett,Pittsburgh,2022,,,0,pass,-0.8028799295425415,False,62.0
2018,Kenny Pickett,Pittsburgh,2022,,,0,pass,-1.2116724252700806,False,62.0
2018,Kenny Pickett,Pittsburgh,2022,,,0,pass,-0.5598369836807251,False,75.0
2018,Kenny Pickett,Pittsburgh,2022,,,-3,pass,-1.15653657913208,False,73.0
2018,Kenny Pickett,Pittsburgh,2022,,,-1,pass,-0.9223614931106567,False,74.0
2018,Kenny Pickett,Pittsburgh,2022,,,15,pass,2.718257188796997,False,75.0
2018,Kenny Pickett,Pittsburgh,2022,,,6,pass,0.5627313852310181,False,57.0
2018,Kenny Pickett,Pittsburgh,2022,,,25,pass,-6.364068984985352,False,29.0
2018,Kenny Pickett,Pittsburgh,2022,,,-6,pass,-1.6156814098358154,False,86.0
2018,Kenny Pickett,Pittsburgh,2022,,,13,pass,0.9598500728607178,False,92.0
2018,Kenny Pickett,Pittsburgh,2022,,,0,pass,-1.4897809028625488,False,79.0
2018,Kenny Pickett,Pittsburgh,2022,,,0,pass,-0.5539425611495972,False,75.0
2018,Kenny Pickett,Pittsburgh,2022,,,0,pass,-1.221125602722168,False,75.0
2018,Kenny Pickett,Pittsburgh,2022,,,14,pass,1.651840329170227,False,89.0
2018,Kenny Pickett,Pittsburgh,2022,,,6,pass,-0.6551156640052795,False,86.0
2018,Kenny Pickett,Pittsburgh,2022,,,28,pass,4.108216285705566,False,80.0
2018,Kenny Pickett,Pittsburgh,2022,,,0,pass,-1.0560674667358398,False,53.0
2018,Kenny Pickett,Pittsburgh,2022,,,0,pass,-0.6313369274139404,False,61.0
2018,Kenny Pickett,Pittsburgh,2022,,,-6,pass,-5.348415374755859,False,61.0
2018,Kenny Pickett,Pittsburgh,2022,,,8,pass,0.7037039399147034,False,75.0
2018,Kenny Pickett,Pittsburgh,2022,,,0,pass,-1.2358108758926392,False,61.0
2018,Kenny Pickett,Pittsburgh,2022,,,0,pass,-0.6325719356536865,False,61.0
2018,Kenny Pickett,Pittsburgh,2022,,,-4,pass,-1.2075717449188232,False,74.0
2018,Kenny Pickett,Pittsburgh,2022,,,0,pass,-1.0504521131515503,False,76.0
2018,Kenny Pickett,Pittsburgh,2022,,,68,pass,4.612212657928467,True,68.0
2018,Kenny Pickett,Pittsburgh,2022,,,0,pass,-3.323612689971924,False,20.0
2018,Kenny Pickett,Pittsburgh,2022,,,32,pass,2.1575350761413574,False,52.0
2018,Kenny Pickett,Pittsburgh,2022,,,0,pass,-0.6005150675773621,False,80.0
2018,Kenny Pickett,Pittsburgh,2022,,,-11,pass,-1.72538423538208,False,77.0
2018,Kenny Pickett,Pittsburgh,2022,,,2,pass,0.6220650672912598,False,40.0
2018,Kenny Pickett,Pittsburgh,2022,,,-7,pass,-2.1665561199188232,False,33.0
2018,Kenny Pickett,Pittsburgh,2022,,,4,pass,-0.9181119203567505,False,40.0
2018,Kenny Pickett,Pittsburgh,2022,,,7,pass,0.6095215082168579,False,72.0
2018,Kenny Pickett,Pittsburgh,2022,,,0,pass,-0.9481024742126465,False,52.0
2018,Kenny Pickett,Pittsburgh,2022,,,0,pass,-1.9775505065917969,False,52.0
2018,Kenny Pickett,Pittsburgh,2022,,,9,pass,1.2993425130844116,False,75.0
2018,Kenny Pickett,Pittsburgh,2022,,,11,pass,1.3994991779327393,False,63.0
2018,Kenny Pickett,Pittsburgh,2022,,,0,pass,-2.193315029144287,False,81.0
2018,Kenny Pickett,Pittsburgh,2022,,,0,pass,-0.5994828939437866,False,76.0
2018,Kenny Pickett,Pittsburgh,2022,,,-14,pass,-1.4601407051086426,False,62.0
2018,Kenny Pickett,Pittsburgh,2022,,,0,pass,-1.4412827491760254,False,55.0
2018,Kenny Pickett,Pittsburgh,2022,,,0,pass,-0.6363483667373657,False,55.0
2018,Kenny Pickett,Pittsburgh,2022,,,13,pass,1.1836931705474854,False,74.0
2018,Kenny Pickett,Pittsburgh,2022,,,-3,pass,-2.1591086387634277,False,47.0
2018,Kenny Pickett,Pittsburgh,2022,,,4,pass,-0.13577091693878174,False,51.0
2018,Kenny Pickett,Pittsburgh,2022,,,8,pass,0.5428474545478821,False,80.0
2018,Kenny Pickett,Pittsburgh,2022,,,7,pass,-0.0617525577545166,False,25.0
2018,Kenny Pickett,Pittsburgh,2022,,,9,pass,1.039186716079712,False,75.0
2018,Kenny Pickett,Pittsburgh,2022,,,1,pass,-0.7874584197998047,False,30.0
2018,Kenny Pickett,Pittsburgh,2022,,,16,pass,2.9809622764587402,False,46.0
2018,Kenny Pickett,Pittsburgh,2022,,,4,pass,-0.5990326404571533,False,50.0
2018,Kenny Pickett,Pittsburgh,2022,,,11,pass,1.5103027820587158,False,56.0
2018,Kenny Pickett,Pittsburgh,2022,,,4,pass,-0.12274408340454102,False,60.0
2018,Kenny Pickett,Pittsburgh,2022,,,14,pass,1.5949594974517822,False,76.0
2018,Kenny Pickett,Pittsburgh,2022,,,0,pass,-1.2977814674377441,False,69.0
2018,Kenny Pickett,Pittsburgh,2022,,,0,pass,-0.6938263177871704,False,69.0
2018,Kenny Pickett,Pittsburgh,2022,,,0,pass,-0.987794816493988,False,86.0
2018,Kenny Pickett,Pittsburgh,2022,,,3,pass,-0.4851517379283905,False,89.0
2018,Kenny Pickett,Pittsburgh,2022,,,1,pass,-0.779322624206543,False,61.0
2018,Kenny Pickett,Pittsburgh,2022,,,9,pass,0.9424443244934082,False,49.0
2018,Kenny Pickett,Pittsburgh,2022,,,15,pass,2.594829559326172,False,64.0
2018,Kenny Pickett,Pittsburgh,2022,,,2,pass,-0.7865327596664429,False,66.0
2018,Kenny Pickett,Pittsburgh,2022,,,0,pass,-0.7109822034835815,False,66.0
2018,Kenny Pickett,Pittsburgh,2022,,,0,pass,-1.7114737033843994,False,71.0
2018,Kenny Pickett,Pittsburgh,2022,,,8,pass,1.0916708707809448,False,85.0
2018,Kenny Pickett,Pittsburgh,2022,,,25,pass,4.876370906829834,True,25.0
2018,Kenny Pickett,Pittsburgh,2022,,,17,pass,1.2630876302719116,False,59.0
2018,Kenny Pickett,Pittsburgh,2022,,,6,pass,0.7025835514068604,False,42.0
2018,Kenny Pickett,Pittsburgh,2022,,,24,pass,0.9708774089813232,False,82.0
2018,Kenny Pickett,Pittsburgh,2022,,,-1,pass,-0.6062525510787964,False,58.0
2018,Kenny Pickett,Pittsburgh,2022,,,0,pass,-0.8437538146972656,False,30.0
2018,Kenny Pickett,Pittsburgh,2022,,,0,pass,-0.5894384384155273,False,63.0
2018,Kenny Pickett,Pittsburgh,2022,,,0,pass,-1.3462167978286743,False,36.0
2018,Kenny Pickett,Pittsburgh,2022,,,0,pass,-0.9869683980941772,False,34.0
2018,Kenny Pickett,Pittsburgh,2022,,,50,pass,4.782387733459473,True,50.0
2018,Kenny Pickett,Pittsburgh,2022,,,13,pass,0.7589769959449768,False,81.0
2018,Kenny Pickett,Pittsburgh,2022,,,0,pass,-1.0643010139465332,False,9.0
2018,Kenny Pickett,Pittsburgh,2022,,,0,pass,-0.5740315914154053,False,76.0
2018,Kenny Pickett,Pittsburgh,2022,,,6,pass,-0.4499208927154541,False,77.0
2018,Kenny Pickett,Pittsburgh,2022,,,0,pass,-0.9269514083862305,False,30.0
2018,Kenny Pickett,Pittsburgh,2022,,,9,pass,0.8347479104995728,False,63.0
2018,Kenny Pickett,Pittsburgh,2022,,,0,pass,-1.5323618650436401,False,35.0
2018,Kenny Pickett,Pittsburgh,2022,,,4,pass,0.07359075546264648,False,24.0
2018,Kenny Pickett,Pittsburgh,2022,,,0,pass,-0.9408808946609497,False,45.0
2018,Kenny Pickett,Pittsburgh,2022,,,-2,pass,-1.32928466796875,False,83.0
2018,Kenny Pickett,Pittsburgh,2022,,,0,pass,-0.4176536202430725,False,75.0
2018,Kenny Pickett,Pittsburgh,2022,,,0,pass,-0.9011354446411133,False,82.0
2018,Kenny Pickett,Pittsburgh,2022,,,5,pass,-0.25149109959602356,False,87.0
2018,Kenny Pickett,Pittsburgh,2022,,,6,pass,0.19887107610702515,False,98.0
2018,Kenny Pickett,Pittsburgh,2022,,,1,pass,-0.7781108617782593,False,56.0
2018,Kenny Pickett,Pittsburgh,2022,,,0,pass,-0.6628066301345825,False,56.0
2018,Kenny Pickett,Pittsburgh,2022,,,-10,pass,-2.8241021633148193,False,41.0
2018,Kenny Pickett,Pittsburgh,2022,,,3,pass,-0.3843402862548828,False,39.0
2018,Kenny Pickett,Pittsburgh,2022,,,11,pass,0.6335929036140442,False,61.0
2018,Kenny Pickett,Pittsburgh,2022,,,0,pass,-1.0215638875961304,False,61.0
2018,Kenny Pickett,Pittsburgh,2022,,,31,pass,3.4259142875671387,False,90.0
2018,Kenny Pickett,Pittsburgh,2022,,,0,pass,-0.5695352554321289,False,39.0
2018,Kenny Pickett,Pittsburgh,2022,,,0,pass,-0.2912008762359619,False,39.0
2018,Kenny Pickett,Pittsburgh,2022,,,43,pass,5.082401752471924,False,44.0
2018,Kenny Pickett,Pittsburgh,2022,,,-2,pass,-0.8697789907455444,False,78.0
2018,Kenny Pickett,Pittsburgh,2022,,,78,pass,4.612475872039795,True,78.0
2018,Kenny Pickett,Pittsburgh,2022,,,-8,pass,-1.5351574420928955,False,53.0
2018,Kenny Pickett,Pittsburgh,2022,,,3,pass,-0.42238903045654297,False,85.0
2018,Kenny Pickett,Pittsburgh,2022,,,9,pass,2.0033011436462402,False,82.0
2018,Kenny Pickett,Pittsburgh,2022,,,5,pass,-0.16540919244289398,False,76.0
2018,Kenny Pickett,Pittsburgh,2022,,,26,pass,3.4808619022369385,False,71.0
2018,Kenny Pickett,Pittsburgh,2022,,,0,pass,-0.8738422393798828,False,25.0
2018,Kenny Pickett,Pittsburgh,2022,,,23,pass,3.7258925437927246,True,23.0
2018,Kenny Pickett,Pittsburgh,2022,,,9,pass,0.23948049545288086,False,69.0
2018,Kenny Pickett,Pittsburgh,2022,,,63,pass,5.761658668518066,True,63.0
2018,Kenny Pickett,Pittsburgh,2022,,,0,pass,-0.9017052054405212,False,63.0
2018,Kenny Pickett,Pittsburgh,2022,,,4,pass,2.385268211364746,True,4.0
2018,Kenny Pickett,Pittsburgh,2022,,,13,pass,1.9448304176330566,False,67.0
2018,Kenny Pickett,Pittsburgh,2022,,,-9,pass,-1.8343017101287842,False,54.0
2018,Kenny Pickett,Pittsburgh,2022,,,7,pass,-0.3008664846420288,False,63.0
2018,Kenny Pickett,Pittsburgh,2022,,,11,pass,0.7686073184013367,False,56.0
2018,Kenny Pickett,Pittsburgh,2022,,,31,pass,2.3843986988067627,False,40.0
2018,Kenny Pickett,Pittsburgh,2022,,,8,pass,-0.2520483136177063,False,83.0
2018,Kenny Pickett,Pittsburgh,2022,,,0,pass,-1.1140884160995483,False,75.0
2018,Kenny Pickett,Pittsburgh,2022,,,0,pass,-0.20872628688812256,False,62.0
2018,Kenny Pickett,Pittsburgh,2022,,,-3,pass,-0.3471076488494873,False,86.0
2018,Kenny Pickett,Pittsburgh,2022,,,5,pass,0.004510223865509033,False,75.0
2018,Kenny Pickett,Pittsburgh,2022,,,4,pass,-0.11818468570709229,False,70.0
2018,Kenny Pickett,Pittsburgh,2022,,,3,pass,-0.3887716829776764,False,85.0
2018,Kenny Pickett,Pittsburgh,2022,,,4,pass,-0.17596423625946045,False,73.0
2018,Kenny Pickett,Pittsburgh,2022,,,29,pass,3.5441112518310547,False,70.0
2018,Kenny Pickett,Pittsburgh,2022,,,5,pass,0.10615944862365723,False,41.0
2018,Kenny Pickett,Pittsburgh,2022,,,9,pass,0.874408483505249,False,41.0
2018,Kenny Pickett,Pittsburgh,2022,,,31,pass,4.533078193664551,False,33.0
2018,Kenny Pickett,Pittsburgh,2022,,,11,pass,0.7444291114807129,False,55.0
2018,Kenny Pickett,Pittsburgh,2022,,,0,pass,-0.9588030576705933,False,43.0
2018,Kenny Pickett,Pittsburgh,2022,,,3,pass,-0.41782402992248535,False,78.0
2018,Kenny Pickett,Pittsburgh,2022,,,15,pass,1.741413950920105,False,75.0
2018,Kenny Pickett,Pittsburgh,2022,,,11,pass,1.4140459299087524,False,59.0
2018,Kenny Pickett,Pittsburgh,2022,,,0,pass,-2.865544557571411,False,41.0
2018,Kenny Pickett,Pittsburgh,2022,,,6,pass,-0.3470519185066223,False,73.0
2018,Kenny Pickett,Pittsburgh,2022,,,0,pass,-0.9912442564964294,False,80.0
2018,Kenny Pickett,Pittsburgh,2022,,,11,pass,-0.4809521436691284,False,85.0
2018,Kenny Pickett,Pittsburgh,2022,,,1,pass,-2.7240025997161865,False,30.0
2018,Kenny Pickett,Pittsburgh,2022,,,1,pass,-0.6579883098602295,False,37.0
2018,Kenny Pickett,Pittsburgh,2022,,,42,pass,4.159115314483643,False,79.0
2018,Kenny Pickett,Pittsburgh,2022,,,-4,pass,-1.1259126663208008,False,75.0
2018,Kenny Pickett,Pittsburgh,2022,,,-4,pass,-1.1774876117706299,False,61.0
2018,Kenny Pickett,Pittsburgh,2022,,,-9,pass,-2.3129584789276123,False,52.0
2018,Kenny Pickett,Pittsburgh,2022,,,-4,pass,-2.02008056640625,False,69.0
2018,Kenny Pickett,Pittsburgh,2022,,,0,pass,-0.5980162620544434,False,75.0
2018,Kenny Pickett,Pittsburgh,2022,,,0,pass,-0.7012455463409424,False,22.0
2018,Kenny Pickett,Pittsburgh,2022,,,-7,pass,-1.776235580444336,False,66.0
2018,Kenny Pickett,Pittsburgh,2022,,,15,pass,2.214171886444092,False,79.0
2018,Kenny Pickett,Pittsburgh,2022,,,0,pass,-0.6044480204582214,False,45.0
2018,Kenny Pickett,Pittsburgh,2022,,,16,pass,0.7785991430282593,False,56.0
2018,Kenny Pickett,Pittsburgh,2022,,,-11,pass,-1.6862947940826416,False,79.0
2018,Kenny Pickett,Pittsburgh,2022,,,0,pass,-0.5196224451065063,False,82.0
2018,Kenny Pickett,Pittsburgh,2022,,,12,pass,0.12407660484313965,False,97.0
2018,Kenny Pickett,Pittsburgh,2022,,,0,pass,-0.6212558746337891,False,87.0
2018,Kenny Pickett,Pittsburgh,2022,,,0,pass,-1.3039684295654297,False,85.0
2018,Kenny Pickett,Pittsburgh,2022,,,0,pass,-0.871959924697876,False,81.0
2018,Kenny Pickett,Pittsburgh,2022,,,-9,pass,-2.183159589767456,False,72.0
2018,Kenny Pickett,Pittsburgh,2022,,,12,pass,1.9420547485351562,False,90.0
2018,Kenny Pickett,Pittsburgh,2022,,,21,pass,1.3484026193618774,False,69.0
2018,Kenny Pickett,Pittsburgh,2022,,,9,pass,0.7879116535186768,False,81.0
2018,Kenny Pickett,Pittsburgh,2022,,,6,pass,0.06027555465698242,False,64.0
2018,Kenny Pickett,Pittsburgh,2022,,,-6,pass,-2.681007146835327,False,34.0
2018,Kenny Pickett,Pittsburgh,2022,,,3,pass,-0.21568560600280762,False,37.0
2018,Kenny Pickett,Pittsburgh,2022,,,0,pass,-2.6874802112579346,False,75.0
2018,Kenny Pickett,Pittsburgh,2022,,,0,pass,-0.5760175585746765,False,76.0
2018,Kenny Pickett,Pittsburgh,2022,,,15,pass,2.9635977745056152,False,97.0
2018,Kenny Pickett,Pittsburgh,2022,,,0,pass,-0.587417721748352,False,97.0
2018,Kenny Pickett,Pittsburgh,2022,,,0,pass,-0.48436427116394043,False,35.0
2018,Kenny Pickett,Pittsburgh,2022,,,0,pass,-1.806159257888794,False,65.0
2018,Kenny Pickett,Pittsburgh,2022,,,5,pass,-0.07450222969055176,False,70.0
2018,Kenny Pickett,Pittsburgh,2022,,,0,pass,-1.1116924285888672,False,10.0
2018,Kenny Pickett,Pittsburgh,2022,,,41,pass,2.426637649536133,False,50.0
2018,Kenny Pickett,Pittsburgh,2022,,,0,pass,-1.7085938453674316,False,70.0
2018,Kenny Pickett,Pittsburgh,2022,,,4,pass,-1.4272156953811646,False,75.0
2018,Kenny Pickett,Pittsburgh,2022,,,13,pass,-0.12674182653427124,False,55.0
2018,Kenny Pickett,Pittsburgh,2022,,,0,pass,1.1164335012435913,False,50.0
2018,Kenny Pickett,Pittsburgh,2022,,,16,pass,0.22671952843666077,False,66.0
2018,Kenny Pickett,Pittsburgh,2022,,,0,pass,-0.09226304292678833,False,66.0
2018,Kenny Pickett,Pittsburgh,2022,,,10,pass,1.3310635089874268,False,30.0
2018,Kenny Pickett,Pittsburgh,2022,,,14,pass,1.0288752317428589,False,75.0
2018,Kenny Pickett,Pittsburgh,2022,,,-7,pass,-1.863377332687378,False,4.0
2018,Kenny Pickett,Pittsburgh,2022,,,8,pass,0.6020430326461792,False,65.0
2018,Kenny Pickett,Pittsburgh,2022,,,-10,pass,-2.9622409343719482,False,30.0
2018,Kenny Pickett,Pittsburgh,2022,,,0,pass,-0.8524037599563599,False,41.0
2018,Kenny Pickett,Pittsburgh,2022,,,0,pass,-0.6252498626708984,False,41.0
2018,Kenny Pickett,Pittsburgh,2022,,,6,pass,0.28594112396240234,False,52.0
2018,Kenny Pickett,Pittsburgh,2022,,,0,pass,-1.8887605667114258,False,39.0
2018,Kenny Pickett,Pittsburgh,2022,,,4,pass,0.13795733451843262,False,50.0
2018,Kenny Pickett,Pittsburgh,2022,,,0,pass,-0.32560986280441284,False,82.0
2018,Kenny Pickett,Pittsburgh,2022,,,-11,pass,0.7237928509712219,False,75.0
2018,Kenny Pickett,Pittsburgh,2022,,,0,pass,-1.2101664543151855,False,73.0
2018,Kenny Pickett,Pittsburgh,2022,,,-9,pass,-2.4264559745788574,False,69.0
2018,Kenny Pickett,Pittsburgh,2022,,,31,pass,-4.514822483062744,False,69.0
2018,Kenny Pickett,Pittsburgh,2022,,,0,pass,-0.20352044701576233,False,69.0
2018,Kenny Pickett,Pittsburgh,2022,,,0,pass,-0.7084161043167114,False,80.0
2018,Kenny Pickett,Pittsburgh,2022,,,7,pass,1.6265299320220947,False,35.0
2018,Kenny Pickett,Pittsburgh,2022,,,2,pass,-0.5683180093765259,False,47.0
2018,Kenny Pickett,Pittsburgh,2022,,,0,pass,-0.6159477233886719,False,64.0
2018,Kenny Pickett,Pittsburgh,2022,,,0,pass,-1.676788091659546,False,19.0
2018,Kenny Pickett,Pittsburgh,2022,,,0,pass,-1.0349888801574707,False,84.0
2018,Kenny Pickett,Pittsburgh,2022,,,0,pass,-0.7614411115646362,False,84.0
2018,Kenny Pickett,Pittsburgh,2022,,,-4,pass,-1.29715895652771,False,61.0
2018,Kenny Pickett,Pittsburgh,2022,,,-9,pass,-1.067760944366455,False,76.0
2018,Kenny Pickett,Pittsburgh,2022,,,0,pass,-0.5898252725601196,False,75.0
2019,Kenny Pickett,Pittsburgh,2022,,,0,pass,-0.34260737895965576,False,26.0
2019,Kenny Pickett,Pittsburgh,2022,,,0,pass,-1.9267607927322388,False,26.0
2019,Kenny Pickett,Pittsburgh,2022,,,11,pass,0.8089174032211304,False,37.0
2019,Kenny Pickett,Pittsburgh,2022,,,0,pass,-0.3971595764160156,False,37.0
2019,Kenny Pickett,Pittsburgh,2022,,,28,pass,1.6716541051864624,False,65.0
2019,Kenny Pickett,Pittsburgh,2022,,,5,pass,-0.09619031101465225,False,70.0
2019,Kenny Pickett,Pittsburgh,2022,,,-7,pass,-0.6376617550849915,False,63.0
2019,Kenny Pickett,Pittsburgh,2022,,,0,pass,-0.333451509475708,False,63.0
2019,Kenny Pickett,Pittsburgh,2022,,,21,pass,0.6835490465164185,False,84.0
2019,Kenny Pickett,Pittsburgh,2022,,,29,pass,3.7749342918395996,False,30.0
2019,Kenny Pickett,Pittsburgh,2022,,,1,pass,-0.52461838722229,False,21.0
2019,Kenny Pickett,Pittsburgh,2022,,,36,pass,4.206139087677002,False,57.0
2019,Kenny Pickett,Pittsburgh,2022,,,0,pass,-1.3089556694030762,False,57.0
2019,Kenny Pickett,Pittsburgh,2022,,,9,pass,0.6601577401161194,False,66.0
2019,Kenny Pickett,Pittsburgh,2022,,,0,pass,-0.5320102572441101,False,66.0
2019,Kenny Pickett,Pittsburgh,2022,,,5,pass,-0.07066071033477783,False,56.0
2019,Kenny Pickett,Pittsburgh,2022,,,16,pass,3.360189914703369,False,72.0
2019,Kenny Pickett,Pittsburgh,2022,,,-1,pass,-1.2112590074539185,False,89.0
2019,Kenny Pickett,Pittsburgh,2022,,,23,pass,3.370973587036133,False,90.0
2019,Kenny Pickett,Pittsburgh,2022,,,-2,pass,-1.4230269193649292,False,66.0
2019,Kenny Pickett,Pittsburgh,2022,,,-5,pass,-1.4982719421386719,False,61.0
2019,Kenny Pickett,Pittsburgh,2022,,,3,pass,-0.41990429162979126,False,64.0
2019,Kenny Pickett,Pittsburgh,2022,,,0,pass,-1.3675332069396973,False,64.0
2019,Kenny Pickett,Pittsburgh,2022,,,2,pass,-0.8092560172080994,False,66.0
2019,Kenny Pickett,Pittsburgh,2022,,,0,pass,-0.7627831697463989,False,66.0
2019,Kenny Pickett,Pittsburgh,2022,,,1,pass,-0.7246594429016113,False,82.0
2019,Kenny Pickett,Pittsburgh,2022,,,0,pass,-0.3643937110900879,False,3.0
2019,Kenny Pickett,Pittsburgh,2022,,,27,pass,2.6512398719787598,False,30.0
2019,Kenny Pickett,Pittsburgh,2022,,,17,pass,1.102419137954712,False,47.0
2019,Kenny Pickett,Pittsburgh,2022,,,11,pass,0.3321934938430786,False,58.0
2019,Kenny Pickett,Pittsburgh,2022,,,0,pass,-0.7024238109588623,False,76.0
2019,Kenny Pickett,Pittsburgh,2022,,,-5,pass,-2.683568000793457,False,2.0
2019,Kenny Pickett,Pittsburgh,2022,,,3,pass,-0.2661399841308594,False,9.0
2019,Kenny Pickett,Pittsburgh,2022,,,11,pass,0.7405261993408203,False,20.0
2019,Kenny Pickett,Pittsburgh,2022,,,9,pass,0.6059815883636475,False,29.0
2019,Kenny Pickett,Pittsburgh,2022,,,4,pass,2.9896538257598877,False,40.0
2019,Kenny Pickett,Pittsburgh,2022,,,2,pass,-0.6601122617721558,False,46.0
2019,Kenny Pickett,Pittsburgh,2022,,,15,pass,1.7244369983673096,False,61.0
2019,Kenny Pickett,Pittsburgh,2022,,,16,pass,2.053792953491211,False,80.0
2019,Kenny Pickett,Pittsburgh,2022,,,-1,pass,-0.8741332292556763,False,79.0
2019,Kenny Pickett,Pittsburgh,2022,,,3,pass,-0.4252270460128784,False,91.0
2019,Kenny Pickett,Pittsburgh,2022,,,9,pass,1.7144454717636108,False,88.0
2019,Kenny Pickett,Pittsburgh,2022,,,1,pass,-0.4767809510231018,False,92.0
2019,Kenny Pickett,Pittsburgh,2022,,,10,pass,0.7248780727386475,False,76.0
2019,Kenny Pickett,Pittsburgh,2022,,,0,pass,-0.6446897983551025,False,40.0
2019,Kenny Pickett,Pittsburgh,2022,,,48,pass,5.345568656921387,False,88.0
2019,Kenny Pickett,Pittsburgh,2022,,,3,pass,-1.3472580909729004,False,75.0
2019,Kenny Pickett,Pittsburgh,2022,,,0,pass,-0.9666355848312378,False,75.0
2019,Kenny Pickett,Pittsburgh,2022,,,4,pass,-0.20530247688293457,False,77.0
2019,Kenny Pickett,Pittsburgh,2022,,,0,pass,-1.2067090272903442,False,73.0
2019,Kenny Pickett,Pittsburgh,2022,,,0,pass,-2.6542611122131348,False,73.0
2019,Kenny Pickett,Pittsburgh,2022,,,6,pass,0.10541927814483643,False,89.0
2019,Kenny Pickett,Pittsburgh,2022,,,4,pass,-0.15736329555511475,False,79.0
2019,Kenny Pickett,Pittsburgh,2022,,,6,pass,1.9088796377182007,False,75.0
2019,Kenny Pickett,Pittsburgh,2022,,,-2,pass,-1.2994310855865479,False,69.0
2019,Kenny Pickett,Pittsburgh,2022,,,19,pass,2.359421730041504,False,71.0
2019,Kenny Pickett,Pittsburgh,2022,,,-5,pass,-1.4424617290496826,False,36.0
2019,Kenny Pickett,Pittsburgh,2022,,,-8,pass,-1.599245309829712,False,41.0
2019,Kenny Pickett,Pittsburgh,2022,,,9,pass,-2.9677131175994873,False,49.0
2019,Kenny Pickett,Pittsburgh,2022,,,0,pass,-1.600077748298645,False,76.0
2019,Kenny Pickett,Pittsburgh,2022,,,5,pass,0.009931683540344238,False,65.0
2019,Kenny Pickett,Pittsburgh,2022,,,1,pass,-0.7513378858566284,False,47.0
2019,Kenny Pickett,Pittsburgh,2022,,,10,pass,1.3385372161865234,False,39.0
2019,Kenny Pickett,Pittsburgh,2022,,,0,pass,-0.6104793548583984,False,29.0
2019,Kenny Pickett,Pittsburgh,2022,,,-4,pass,-2.233290910720825,False,28.0
2019,Kenny Pickett,Pittsburgh,2022,,,0,pass,-0.6243746280670166,False,75.0
2019,Kenny Pickett,Pittsburgh,2022,,,0,pass,-1.0049524307250977,False,75.0
2019,Kenny Pickett,Pittsburgh,2022,,,2,pass,-3.4014530181884766,False,75.0
2019,Kenny Pickett,Pittsburgh,2022,,,3,pass,2.7209019660949707,True,3.0
2019,Kenny Pickett,Pittsburgh,2022,,,4,pass,-0.10436344146728516,False,7.0
2019,Kenny Pickett,Pittsburgh,2022,,,0,pass,-0.7355360984802246,False,15.0
2019,Kenny Pickett,Pittsburgh,2022,,,8,pass,0.48920655250549316,False,69.0
2019,Kenny Pickett,Pittsburgh,2022,,,16,pass,1.0328388214111328,False,61.0
2019,Kenny Pickett,Pittsburgh,2022,,,7,pass,0.596451997756958,False,45.0
2019,Kenny Pickett,Pittsburgh,2022,,,4,pass,-0.023877620697021484,False,33.0
2019,Kenny Pickett,Pittsburgh,2022,,,-3,pass,-1.0157221555709839,False,75.0
2019,Kenny Pickett,Pittsburgh,2022,,,3,pass,-0.40373605489730835,False,78.0
2019,Kenny Pickett,Pittsburgh,2022,,,0,pass,-1.2405399084091187,False,75.0
2019,Kenny Pickett,Pittsburgh,2022,,,59,pass,4.769894123077393,False,79.0
2019,Kenny Pickett,Pittsburgh,2022,,,6,pass,0.3097348213195801,False,20.0
2019,Kenny Pickett,Pittsburgh,2022,,,12,pass,1.4859347343444824,False,14.0
2019,Kenny Pickett,Pittsburgh,2022,,,-11,pass,-2.0145955085754395,False,61.0
2019,Kenny Pickett,Pittsburgh,2022,,,3,pass,-0.4227196276187897,False,75.0
2019,Kenny Pickett,Pittsburgh,2022,,,0,pass,-1.0423921346664429,False,72.0
2019,Kenny Pickett,Pittsburgh,2022,,,0,pass,-1.3967978954315186,False,72.0
2019,Kenny Pickett,Pittsburgh,2022,,,0,pass,-0.8398301601409912,False,71.0
2019,Kenny Pickett,Pittsburgh,2022,,,0,pass,-1.045384407043457,False,71.0
2019,Kenny Pickett,Pittsburgh,2022,,,0,pass,-1.4369118213653564,False,71.0
2019,Kenny Pickett,Pittsburgh,2022,,,8,pass,1.435534119606018,False,86.0
2019,Kenny Pickett,Pittsburgh,2022,,,4,pass,-1.1002044677734375,False,41.0
2019,Kenny Pickett,Pittsburgh,2022,,,8,pass,0.20160984992980957,False,55.0
2019,Kenny Pickett,Pittsburgh,2022,,,0,pass,-1.819791555404663,False,47.0
2019,Kenny Pickett,Pittsburgh,2022,,,11,pass,1.0689258575439453,False,55.0
2019,Kenny Pickett,Pittsburgh,2022,,,0,pass,-1.9477019309997559,False,40.0
2019,Kenny Pickett,Pittsburgh,2022,,,11,pass,1.2673821449279785,False,76.0
2019,Kenny Pickett,Pittsburgh,2022,,,20,pass,0.8873462677001953,False,65.0
2019,Kenny Pickett,Pittsburgh,2022,,,22,pass,0.9456498622894287,False,45.0
2019,Kenny Pickett,Pittsburgh,2022,,,0,pass,-1.044234275817871,False,30.0
2019,Kenny Pickett,Pittsburgh,2022,,,3,pass,-0.5628281831741333,False,61.0
2019,Kenny Pickett,Pittsburgh,2022,,,9,pass,0.11732470989227295,False,58.0
2019,Kenny Pickett,Pittsburgh,2022,,,0,pass,-0.24936014413833618,False,80.0
2019,Kenny Pickett,Pittsburgh,2022,,,-5,pass,-2.191650390625,False,22.0
2019,Kenny Pickett,Pittsburgh,2022,,,0,pass,-0.5710544586181641,False,75.0
2019,Kenny Pickett,Pittsburgh,2022,,,23,pass,2.936433792114258,False,72.0
2019,Kenny Pickett,Pittsburgh,2022,,,20,pass,0.8994965553283691,False,49.0
2019,Kenny Pickett,Pittsburgh,2022,,,2,pass,-1.0745658874511719,False,47.0
2019,Kenny Pickett,Pittsburgh,2022,,,7,pass,1.5652086734771729,False,42.0
2019,Kenny Pickett,Pittsburgh,2022,,,6,pass,0.27161502838134766,False,35.0
2019,Kenny Pickett,Pittsburgh,2022,,,8,pass,0.5275278091430664,False,29.0
2019,Kenny Pickett,Pittsburgh,2022,,,11,pass,0.47396135330200195,False,21.0
2019,Kenny Pickett,Pittsburgh,2022,,,7,pass,0.5458402633666992,False,10.0
2019,Kenny Pickett,Pittsburgh,2022,,,0,pass,-1.1835787296295166,False,80.0
2019,Kenny Pickett,Pittsburgh,2022,,,0,pass,-1.1432762145996094,False,95.0
2019,Kenny Pickett,Pittsburgh,2022,,,9,pass,0.8943403959274292,False,65.0
2019,Kenny Pickett,Pittsburgh,2022,,,12,pass,0.8770332336425781,False,53.0
2019,Kenny Pickett,Pittsburgh,2022,,,18,pass,1.007218837738037,False,41.0
2019,Kenny Pickett,Pittsburgh,2022,,,0,pass,-0.5937855243682861,False,23.0
2019,Kenny Pickett,Pittsburgh,2022,,,12,pass,1.2225477695465088,False,23.0
2019,Kenny Pickett,Pittsburgh,2022,,,0,pass,-0.6009163856506348,False,11.0
2019,Kenny Pickett,Pittsburgh,2022,,,7,pass,-0.13067150115966797,False,16.0
2019,Kenny Pickett,Pittsburgh,2022,,,0,pass,-1.0136017799377441,False,9.0
2019,Kenny Pickett,Pittsburgh,2022,,,-4,pass,-0.9464992880821228,False,80.0
2019,Kenny Pickett,Pittsburgh,2022,,,7,pass,-0.5353659987449646,False,84.0
2019,Kenny Pickett,Pittsburgh,2022,,,7,pass,-0.37272536754608154,False,77.0
2019,Kenny Pickett,Pittsburgh,2022,,,19,pass,1.3544070720672607,False,30.0
2019,Kenny Pickett,Pittsburgh,2022,,,0,pass,-1.2252260446548462,False,35.0
2019,Kenny Pickett,Pittsburgh,2022,,,0,pass,-0.6401433944702148,False,35.0
2019,Kenny Pickett,Pittsburgh,2022,,,11,pass,0.7029926776885986,False,51.0
2019,Kenny Pickett,Pittsburgh,2022,,,12,pass,0.3954482078552246,False,63.0
2019,Kenny Pickett,Pittsburgh,2022,,,0,pass,-0.7064645886421204,False,86.0
2019,Kenny Pickett,Pittsburgh,2022,,,2,pass,-0.9046714305877686,False,25.0
2019,Kenny Pickett,Pittsburgh,2022,,,4,pass,-0.33060479164123535,False,29.0
2019,Kenny Pickett,Pittsburgh,2022,,,0,pass,-1.5484929084777832,False,66.0
2019,Kenny Pickett,Pittsburgh,2022,,,25,pass,-1.3945149183273315,False,53.0
2019,Kenny Pickett,Pittsburgh,2022,,,7,pass,0.5358142256736755,False,75.0
2019,Kenny Pickett,Pittsburgh,2022,,,3,pass,-0.8382850289344788,False,75.0
2019,Kenny Pickett,Pittsburgh,2022,,,7,pass,0.31631410121917725,False,76.0
2019,Kenny Pickett,Pittsburgh,2022,,,12,pass,1.6119251251220703,False,77.0
2019,Kenny Pickett,Pittsburgh,2022,,,0,pass,-0.6249063611030579,False,77.0
2019,Kenny Pickett,Pittsburgh,2022,,,0,pass,-1.5250182151794434,False,61.0
2019,Kenny Pickett,Pittsburgh,2022,,,5,pass,-2.222069263458252,False,75.0
2019,Kenny Pickett,Pittsburgh,2022,,,0,pass,-0.9230153560638428,False,38.0
2019,Kenny Pickett,Pittsburgh,2022,,,1,pass,-0.6288433074951172,False,53.0
2019,Kenny Pickett,Pittsburgh,2022,,,9,pass,0.4717984199523926,False,65.0
2019,Kenny Pickett,Pittsburgh,2022,,,0,pass,-1.0275871753692627,False,81.0
2019,Kenny Pickett,Pittsburgh,2022,,,-1,pass,-1.3440909385681152,False,80.0
2019,Kenny Pickett,Pittsburgh,2022,,,2,pass,0.5878386497497559,True,2.0
2019,Kenny Pickett,Pittsburgh,2022,,,11,pass,3.375138282775879,False,35.0
2019,Kenny Pickett,Pittsburgh,2022,,,0,pass,-1.7060377597808838,False,35.0
2019,Kenny Pickett,Pittsburgh,2022,,,4,pass,-0.42390012741088867,False,39.0
2019,Kenny Pickett,Pittsburgh,2022,,,0,pass,-0.5834381580352783,False,39.0
2019,Kenny Pickett,Pittsburgh,2022,,,8,pass,0.5094969272613525,False,55.0
2019,Kenny Pickett,Pittsburgh,2022,,,14,pass,2.2318081855773926,False,69.0
2019,Kenny Pickett,Pittsburgh,2022,,,0,pass,-0.6824865341186523,False,72.0
2019,Kenny Pickett,Pittsburgh,2022,,,0,pass,-1.3194935321807861,False,17.0
2019,Kenny Pickett,Pittsburgh,2022,,,0,pass,-0.5500235557556152,False,20.0
2019,Kenny Pickett,Pittsburgh,2022,,,-5,pass,-1.5110154151916504,False,32.0
2019,Kenny Pickett,Pittsburgh,2022,,,10,pass,2.206690549850464,False,42.0
2019,Kenny Pickett,Pittsburgh,2022,,,0,pass,-0.6307847499847412,False,45.0
2019,Kenny Pickett,Pittsburgh,2022,,,22,pass,1.181222677230835,False,67.0
2019,Kenny Pickett,Pittsburgh,2022,,,24,pass,1.365222454071045,False,26.0
2019,Kenny Pickett,Pittsburgh,2022,,,10,pass,1.7453217506408691,False,41.0
2019,Kenny Pickett,Pittsburgh,2022,,,3,pass,-0.21446919441223145,False,44.0
2019,Kenny Pickett,Pittsburgh,2022,,,15,pass,1.7540022134780884,False,72.0
2019,Kenny Pickett,Pittsburgh,2022,,,26,pass,4.110424995422363,True,26.0
2019,Kenny Pickett,Pittsburgh,2022,,,12,pass,0.44556790590286255,False,67.0
2019,Kenny Pickett,Pittsburgh,2022,,,23,pass,1.4609912633895874,False,55.0
2019,Kenny Pickett,Pittsburgh,2022,,,6,pass,0.2965219020843506,False,32.0
2019,Kenny Pickett,Pittsburgh,2022,,,20,pass,0.864600419998169,False,58.0
2019,Kenny Pickett,Pittsburgh,2022,,,0,pass,-0.5875980854034424,False,65.0
2019,Kenny Pickett,Pittsburgh,2022,,,10,pass,0.3066054582595825,False,70.0
2019,Kenny Pickett,Pittsburgh,2022,,,17,pass,-5.26875114440918,False,60.0
2019,Kenny Pickett,Pittsburgh,2022,,,13,pass,-4.93245792388916,False,75.0
2019,Kenny Pickett,Pittsburgh,2022,,,-17,pass,-2.236607789993286,False,50.0
2019,Kenny Pickett,Pittsburgh,2022,,,0,pass,-2.085557222366333,False,74.0
2019,Kenny Pickett,Pittsburgh,2022,,,4,pass,1.1114916801452637,True,4.0
2019,Kenny Pickett,Pittsburgh,2022,,,-6,pass,-2.4853274822235107,False,41.0
2019,Kenny Pickett,Pittsburgh,2022,,,-5,pass,-0.5419431924819946,False,42.0
2019,Kenny Pickett,Pittsburgh,2022,,,0,pass,-0.18585741519927979,False,48.0
2019,Kenny Pickett,Pittsburgh,2022,,,7,pass,0.16894078254699707,False,62.0
2019,Kenny Pickett,Pittsburgh,2022,,,6,pass,0.20614326000213623,False,55.0
2019,Kenny Pickett,Pittsburgh,2022,,,-7,pass,-0.6153274774551392,False,49.0
2019,Kenny Pickett,Pittsburgh,2022,,,19,pass,2.2476894855499268,True,19.0
2019,Kenny Pickett,Pittsburgh,2022,,,4,pass,-0.7209436893463135,False,45.0
2019,Kenny Pickett,Pittsburgh,2022,,,12,pass,0.6520850658416748,False,33.0
2019,Kenny Pickett,Pittsburgh,2022,,,0,pass,-0.49413347244262695,False,21.0
2019,Kenny Pickett,Pittsburgh,2022,,,1,pass,-0.716794490814209,False,21.0
2019,Kenny Pickett,Pittsburgh,2022,,,0,pass,-1.1642436981201172,False,20.0
2019,Kenny Pickett,Pittsburgh,2022,,,7,pass,1.4741566181182861,False,71.0
2019,Kenny Pickett,Pittsburgh,2022,,,0,pass,-0.5713143348693848,False,50.0
2019,Kenny Pickett,Pittsburgh,2022,,,2,pass,-0.9064218997955322,False,60.0
2019,Kenny Pickett,Pittsburgh,2022,,,10,pass,1.1132407188415527,False,44.0
2019,Kenny Pickett,Pittsburgh,2022,,,0,pass,-0.5354835987091064,False,33.0
2019,Kenny Pickett,Pittsburgh,2022,,,11,pass,1.037471055984497,False,33.0
2019,Kenny Pickett,Pittsburgh,2022,,,0,pass,-0.7655973434448242,False,21.0
2019,Kenny Pickett,Pittsburgh,2022,,,17,pass,2.7793750762939453,False,26.0
2019,Kenny Pickett,Pittsburgh,2022,,,9,pass,-5.019566535949707,False,9.0
2019,Kenny Pickett,Pittsburgh,2022,,,10,pass,0.7007102966308594,False,34.0
2019,Kenny Pickett,Pittsburgh,2022,,,3,pass,-0.10250663757324219,False,24.0
2019,Kenny Pickett,Pittsburgh,2022,,,-7,pass,-1.0642728805541992,False,21.0
2019,Kenny Pickett,Pittsburgh,2022,,,0,pass,-0.5492784976959229,False,28.0
2019,Kenny Pickett,Pittsburgh,2022,,,2,pass,-1.143701195716858,False,27.0
2019,Kenny Pickett,Pittsburgh,2022,,,0,pass,-1.0771596431732178,False,49.0
2019,Kenny Pickett,Pittsburgh,2022,,,0,pass,-1.9454877376556396,False,46.0
2019,Kenny Pickett,Pittsburgh,2022,,,6,pass,0.12867599725723267,False,83.0
2019,Kenny Pickett,Pittsburgh,2022,,,0,pass,-0.6441683769226074,False,75.0
2019,Kenny Pickett,Pittsburgh,2022,,,0,pass,-1.0267753601074219,False,75.0
2019,Kenny Pickett,Pittsburgh,2022,,,25,pass,3.506397247314453,False,75.0
2019,Kenny Pickett,Pittsburgh,2022,,,0,pass,-0.6903507709503174,False,50.0
2019,Kenny Pickett,Pittsburgh,2022,,,-4,pass,-1.8322577476501465,False,50.0
2019,Kenny Pickett,Pittsburgh,2022,,,0,pass,-1.3140008449554443,False,54.0
2019,Kenny Pickett,Pittsburgh,2022,,,6,pass,1.4798645973205566,False,49.0
2019,Kenny Pickett,Pittsburgh,2022,,,19,pass,1.769396185874939,False,72.0
2019,Kenny Pickett,Pittsburgh,2022,,,-5,pass,-2.219377040863037,False,56.0
2019,Kenny Pickett,Pittsburgh,2022,,,6,pass,-0.15927815437316895,False,62.0
2019,Kenny Pickett,Pittsburgh,2022,,,0,pass,-1.0689791440963745,False,72.0
2019,Kenny Pickett,Pittsburgh,2022,,,5,pass,1.2864232063293457,False,73.0
2019,Kenny Pickett,Pittsburgh,2022,,,7,pass,0.44814157485961914,False,75.0
2019,Kenny Pickett,Pittsburgh,2022,,,-5,pass,-1.6097317934036255,False,57.0
2019,Kenny Pickett,Pittsburgh,2022,,,14,pass,3.348634958267212,True,14.0
2019,Kenny Pickett,Pittsburgh,2022,,,0,pass,-0.28212904930114746,False,31.0
2019,Kenny Pickett,Pittsburgh,2022,,,16,pass,1.5549992322921753,False,47.0
2019,Kenny Pickett,Pittsburgh,2022,,,6,pass,0.2274247407913208,False,85.0
2019,Kenny Pickett,Pittsburgh,2022,,,22,pass,2.263730764389038,False,35.0
2019,Kenny Pickett,Pittsburgh,2022,,,2,pass,-0.34383678436279297,False,37.0
2019,Kenny Pickett,Pittsburgh,2022,,,2,pass,-0.5533492565155029,False,39.0
2019,Kenny Pickett,Pittsburgh,2022,,,0,pass,-1.302103042602539,False,42.0
2019,Kenny Pickett,Pittsburgh,2022,,,0,pass,-0.9604555368423462,False,42.0
2019,Kenny Pickett,Pittsburgh,2022,,,14,pass,2.043524742126465,False,54.0
2019,Kenny Pickett,Pittsburgh,2022,,,0,pass,-0.5312552452087402,False,58.0
2019,Kenny Pickett,Pittsburgh,2022,,,15,pass,2.4586169719696045,False,73.0
2019,Kenny Pickett,Pittsburgh,2022,,,43,pass,3.101114273071289,True,43.0
2019,Kenny Pickett,Pittsburgh,2022,,,13,pass,0.9599072933197021,False,56.0
2019,Kenny Pickett,Pittsburgh,2022,,,0,pass,-1.3623822927474976,False,29.0
2019,Kenny Pickett,Pittsburgh,2022,,,21,pass,1.4556031227111816,False,53.0
2019,Kenny Pickett,Pittsburgh,2022,,,10,pass,0.7746596932411194,False,82.0
2019,Kenny Pickett,Pittsburgh,2022,,,0,pass,-1.4522353410720825,False,64.0
2019,Kenny Pickett,Pittsburgh,2022,,,0,pass,-0.9302884340286255,False,64.0
2019,Kenny Pickett,Pittsburgh,2022,,,11,pass,2.422250747680664,False,85.0
2019,Kenny Pickett,Pittsburgh,2022,,,-1,pass,-1.025729775428772,False,84.0
2019,Kenny Pickett,Pittsburgh,2022,,,0,pass,-2.878945827484131,False,80.0
2019,Kenny Pickett,Pittsburgh,2022,,,0,pass,-0.1575794368982315,False,75.0
2019,Kenny Pickett,Pittsburgh,2022,,,0,pass,-0.15971249341964722,False,75.0
2019,Kenny Pickett,Pittsburgh,2022,,,7,pass,0.4014699459075928,False,44.0
2019,Kenny Pickett,Pittsburgh,2022,,,6,pass,-0.6980247497558594,False,78.0
2019,Kenny Pickett,Pittsburgh,2022,,,0,pass,-1.0125535726547241,False,78.0
2019,Kenny Pickett,Pittsburgh,2022,,,-3,pass,-1.0955851078033447,False,75.0
2019,Kenny Pickett,Pittsburgh,2022,,,0,pass,-1.710873007774353,False,56.0
2019,Kenny Pickett,Pittsburgh,2022,,,0,pass,-0.9120402932167053,False,56.0
2019,Kenny Pickett,Pittsburgh,2022,,,11,pass,0.6653589010238647,False,70.0
2019,Kenny Pickett,Pittsburgh,2022,,,7,pass,-0.3920009136199951,False,18.0
2019,Kenny Pickett,Pittsburgh,2022,,,-4,pass,-1.46732497215271,False,14.0
2019,Kenny Pickett,Pittsburgh,2022,,,0,pass,-1.4817273616790771,False,7.0
2019,Kenny Pickett,Pittsburgh,2022,,,2,pass,-0.4491453170776367,False,11.0
2019,Kenny Pickett,Pittsburgh,2022,,,8,pass,1.3854236602783203,False,19.0
2019,Kenny Pickett,Pittsburgh,2022,,,16,pass,1.4762094020843506,False,35.0
2019,Kenny Pickett,Pittsburgh,2022,,,-11,pass,-1.8040618896484375,False,24.0
2019,Kenny Pickett,Pittsburgh,2022,,,0,pass,-0.6528985500335693,False,54.0
2019,Kenny Pickett,Pittsburgh,2022,,,0,pass,-1.5817186832427979,False,51.0
2019,Kenny Pickett,Pittsburgh,2022,,,8,pass,0.7401058673858643,False,55.0
2019,Kenny Pickett,Pittsburgh,2022,,,0,pass,-0.6738074421882629,False,65.0
2019,Kenny Pickett,Pittsburgh,2022,,,28,pass,-4.924750328063965,False,74.0
2019,Kenny Pickett,Pittsburgh,2022,,,0,pass,-1.0763039588928223,False,74.0
2019,Kenny Pickett,Pittsburgh,2022,,,9,pass,-4.2139716148376465,False,44.0
2019,Kenny Pickett,Pittsburgh,2022,,,8,pass,1.7370399236679077,False,57.0
2019,Kenny Pickett,Pittsburgh,2022,,,6,pass,-0.05377495288848877,False,63.0
2019,Kenny Pickett,Pittsburgh,2022,,,3,pass,0.6046780347824097,False,66.0
2019,Kenny Pickett,Pittsburgh,2022,,,7,pass,0.8220692873001099,False,73.0
2019,Kenny Pickett,Pittsburgh,2022,,,0,pass,-4.1612868309021,False,86.0
2019,Kenny Pickett,Pittsburgh,2022,,,0,pass,-1.6394884586334229,False,36.0
2019,Kenny Pickett,Pittsburgh,2022,,,-3,pass,-1.7456063032150269,False,33.0
2019,Kenny Pickett,Pittsburgh,2022,,,16,pass,2.226513147354126,False,51.0
2019,Kenny Pickett,Pittsburgh,2022,,,30,pass,3.4699203968048096,False,78.0
2019,Kenny Pickett,Pittsburgh,2022,,,5,pass,-0.347128689289093,False,83.0
2019,Kenny Pickett,Pittsburgh,2022,,,0,pass,-1.2122645378112793,False,83.0
2019,Kenny Pickett,Pittsburgh,2022,,,-7,pass,-3.0113048553466797,False,33.0
2019,Kenny Pickett,Pittsburgh,2022,,,11,pass,0.2589294910430908,False,37.0
2019,Kenny Pickett,Pittsburgh,2022,,,-3,pass,-0.9297189712524414,False,25.0
2019,Kenny Pickett,Pittsburgh,2022,,,0,pass,-0.731309175491333,False,72.0
2019,Kenny Pickett,Pittsburgh,2022,,,-5,pass,-1.6318506002426147,False,72.0
2019,Kenny Pickett,Pittsburgh,2022,,,2,pass,-0.9008780121803284,False,77.0
2019,Kenny Pickett,Pittsburgh,2022,,,4,pass,-0.012943506240844727,False,89.0
2019,Kenny Pickett,Pittsburgh,2022,,,13,pass,1.3949475288391113,False,85.0
2019,Kenny Pickett,Pittsburgh,2022,,,4,pass,-0.1610029935836792,False,80.0
2019,Kenny Pickett,Pittsburgh,2022,,,2,pass,-0.5462622046470642,False,76.0
2019,Kenny Pickett,Pittsburgh,2022,,,3,pass,-1.0620605945587158,False,74.0
2019,Kenny Pickett,Pittsburgh,2022,,,0,pass,-0.22081995010375977,False,61.0
2019,Kenny Pickett,Pittsburgh,2022,,,6,pass,-0.2776506543159485,False,61.0
2019,Kenny Pickett,Pittsburgh,2022,,,0,pass,-1.1106462478637695,False,43.0
2019,Kenny Pickett,Pittsburgh,2022,,,8,pass,0.00955653190612793,False,61.0
2019,Kenny Pickett,Pittsburgh,2022,,,0,pass,-0.4730377197265625,False,47.0
2019,Kenny Pickett,Pittsburgh,2022,,,4,pass,-0.3482046127319336,False,47.0
2019,Kenny Pickett,Pittsburgh,2022,,,12,pass,1.5242198705673218,False,73.0
2019,Kenny Pickett,Pittsburgh,2022,,,0,pass,-0.8210934400558472,False,73.0
2019,Kenny Pickett,Pittsburgh,2022,,,13,pass,2.10243821144104,False,93.0
2019,Kenny Pickett,Pittsburgh,2022,,,21,pass,2.2763490676879883,True,21.0
2019,Kenny Pickett,Pittsburgh,2022,,,8,pass,0.9851548671722412,False,29.0
2019,Kenny Pickett,Pittsburgh,2022,,,10,pass,0.6405258178710938,False,41.0
2019,Kenny Pickett,Pittsburgh,2022,,,12,pass,1.7094963788986206,False,59.0
2019,Kenny Pickett,Pittsburgh,2022,,,11,pass,0.8982386589050293,False,65.0
2019,Kenny Pickett,Pittsburgh,2022,,,5,pass,-5.023751735687256,False,54.0
2019,Kenny Pickett,Pittsburgh,2022,,,8,pass,0.4777182340621948,False,80.0
2019,Kenny Pickett,Pittsburgh,2022,,,0,pass,-4.356386661529541,False,73.0
2019,Kenny Pickett,Pittsburgh,2022,,,0,pass,-3.948996067047119,False,55.0
2019,Kenny Pickett,Pittsburgh,2022,,,23,pass,1.3093907833099365,False,38.0
2019,Kenny Pickett,Pittsburgh,2022,,,0,pass,-0.5742883682250977,False,15.0
2019,Kenny Pickett,Pittsburgh,2022,,,6,pass,0.029762983322143555,False,20.0
2019,Kenny Pickett,Pittsburgh,2022,,,0,pass,-1.0903184413909912,False,14.0
2019,Kenny Pickett,Pittsburgh,2022,,,9,pass,1.2442564964294434,False,76.0
2019,Kenny Pickett,Pittsburgh,2022,,,17,pass,0.7277452945709229,False,67.0
2019,Kenny Pickett,Pittsburgh,2022,,,0,pass,-0.03183317184448242,False,29.0
2019,Kenny Pickett,Pittsburgh,2022,,,15,pass,0.5448083877563477,False,29.0
2019,Kenny Pickett,Pittsburgh,2022,,,8,pass,0.6143643856048584,False,14.0
2019,Kenny Pickett,Pittsburgh,2022,,,5,pass,1.5007331371307373,False,69.0
2019,Kenny Pickett,Pittsburgh,2022,,,13,pass,0.7233648300170898,False,64.0
2019,Kenny Pickett,Pittsburgh,2022,,,17,pass,1.0450732707977295,False,51.0
2019,Kenny Pickett,Pittsburgh,2022,,,15,pass,1.7529218196868896,False,29.0
2019,Kenny Pickett,Pittsburgh,2022,,,4,pass,-0.6516513824462891,False,10.0
2019,Kenny Pickett,Pittsburgh,2022,,,0,pass,-0.9593613743782043,False,75.0
2019,Kenny Pickett,Pittsburgh,2022,,,0,pass,-1.4223777055740356,False,75.0
2019,Kenny Pickett,Pittsburgh,2022,,,0,pass,-0.6597486734390259,False,69.0
2019,Kenny Pickett,Pittsburgh,2022,,,-5,pass,-0.6357824802398682,False,69.0
2019,Kenny Pickett,Pittsburgh,2022,,,28,pass,2.4807329177856445,False,74.0
2019,Kenny Pickett,Pittsburgh,2022,,,3,pass,-0.18809890747070312,False,40.0
2019,Kenny Pickett,Pittsburgh,2022,,,0,pass,-0.5654916763305664,False,29.0
2019,Kenny Pickett,Pittsburgh,2022,,,10,pass,1.8977909088134766,False,26.0
2019,Kenny Pickett,Pittsburgh,2022,,,6,pass,0.032143592834472656,False,16.0
2019,Kenny Pickett,Pittsburgh,2022,,,30,pass,1.7217748165130615,False,75.0
2019,Kenny Pickett,Pittsburgh,2022,,,8,pass,0.5384423732757568,False,45.0
2019,Kenny Pickett,Pittsburgh,2022,,,0,pass,-1.9325026273727417,False,39.0
2019,Kenny Pickett,Pittsburgh,2022,,,0,pass,-0.6655611991882324,False,34.0
2019,Kenny Pickett,Pittsburgh,2022,,,-1,pass,-0.9533843994140625,False,28.0
2019,Kenny Pickett,Pittsburgh,2022,,,-4,pass,-1.2805919647216797,False,15.0
2019,Kenny Pickett,Pittsburgh,2022,,,12,pass,1.287541389465332,False,19.0
2019,Kenny Pickett,Pittsburgh,2022,,,74,pass,4.861542224884033,True,74.0
2019,Kenny Pickett,Pittsburgh,2022,,,9,pass,0.25865042209625244,False,67.0
2019,Kenny Pickett,Pittsburgh,2022,,,0,pass,-0.5946910381317139,False,58.0
2019,Kenny Pickett,Pittsburgh,2022,,,28,pass,2.483572483062744,False,58.0
2019,Kenny Pickett,Pittsburgh,2022,,,0,pass,-0.5720424652099609,False,30.0
2019,Kenny Pickett,Pittsburgh,2022,,,6,pass,1.3702120780944824,False,8.0
2019,Kenny Pickett,Pittsburgh,2022,,,48,pass,3.4140286445617676,False,75.0
2019,Kenny Pickett,Pittsburgh,2022,,,0,pass,-0.5696926116943359,False,27.0
2019,Kenny Pickett,Pittsburgh,2022,,,7,pass,1.1367318630218506,False,21.0
2019,Kenny Pickett,Pittsburgh,2022,,,0,pass,-3.150146961212158,False,7.0
2019,Kenny Pickett,Pittsburgh,2022,,,10,pass,0.3005204200744629,False,61.0
2019,Kenny Pickett,Pittsburgh,2022,,,6,pass,0.15308237075805664,False,56.0
2019,Kenny Pickett,Pittsburgh,2022,,,8,pass,0.766392707824707,False,50.0
2019,Kenny Pickett,Pittsburgh,2022,,,0,pass,-0.6268281936645508,False,41.0
2019,Kenny Pickett,Pittsburgh,2022,,,0,pass,-0.5922160148620605,False,29.0
2019,Kenny Pickett,Pittsburgh,2022,,,0,pass,-1.4008991718292236,False,23.0
2019,Kenny Pickett,Pittsburgh,2022,,,0,pass,-0.5461642742156982,False,49.0
2019,Kenny Pickett,Pittsburgh,2022,,,2,pass,-1.3703320026397705,False,44.0
2019,Kenny Pickett,Pittsburgh,2022,,,0,pass,-2.727806329727173,False,42.0
2019,Kenny Pickett,Pittsburgh,2022,,,9,pass,0.5053914785385132,False,84.0
2019,Kenny Pickett,Pittsburgh,2022,,,0,pass,-2.2374179363250732,False,75.0
2019,Kenny Pickett,Pittsburgh,2022,,,0,pass,-0.9552531242370605,False,61.0
2019,Kenny Pickett,Pittsburgh,2022,,,0,pass,-1.072073221206665,False,39.0
2019,Kenny Pickett,Pittsburgh,2022,,,-13,pass,-3.054243326187134,False,39.0
2019,Kenny Pickett,Pittsburgh,2022,,,0,pass,-0.8298553228378296,False,39.0
2019,Kenny Pickett,Pittsburgh,2022,,,0,pass,-1.4165980815887451,False,38.0
2019,Kenny Pickett,Pittsburgh,2022,,,23,pass,2.6236748695373535,False,60.0
2019,Kenny Pickett,Pittsburgh,2022,,,8,pass,1.0031859874725342,False,37.0
2019,Kenny Pickett,Pittsburgh,2022,,,20,pass,1.698512315750122,False,75.0
2019,Kenny Pickett,Pittsburgh,2022,,,0,pass,-0.07393667101860046,False,74.0
2019,Kenny Pickett,Pittsburgh,2022,,,1,pass,-0.09083893895149231,False,75.0
2019,Kenny Pickett,Pittsburgh,2022,,,0,pass,-3.8720650672912598,False,10.0
2019,Kenny Pickett,Pittsburgh,2022,,,31,pass,2.134857654571533,False,68.0
2019,Kenny Pickett,Pittsburgh,2022,,,19,pass,1.519449234008789,False,37.0
2019,Kenny Pickett,Pittsburgh,2022,,,0,pass,-0.5970523357391357,False,58.0
2019,Kenny Pickett,Pittsburgh,2022,,,-2,pass,-1.6033563613891602,False,58.0
2019,Kenny Pickett,Pittsburgh,2022,,,7,pass,-0.37537944316864014,False,60.0
2019,Kenny Pickett,Pittsburgh,2022,,,7,pass,1.6884615421295166,True,75.0
2019,Kenny Pickett,Pittsburgh,2022,,,0,pass,-1.363945484161377,False,52.0
2019,Kenny Pickett,Pittsburgh,2022,,,0,pass,-1.491748571395874,False,76.0
2019,Kenny Pickett,Pittsburgh,2022,,,0,pass,-1.324588418006897,False,76.0
2019,Kenny Pickett,Pittsburgh,2022,,,0,pass,-1.3261525630950928,False,76.0
2019,Kenny Pickett,Pittsburgh,2022,,,0,pass,-0.72153639793396,False,76.0
2019,Kenny Pickett,Pittsburgh,2022,,,3,pass,-0.3823970854282379,False,75.0
2019,Kenny Pickett,Pittsburgh,2022,,,4,pass,0.1029113233089447,False,72.0
2019,Kenny Pickett,Pittsburgh,2022,,,5,pass,1.2848272323608398,False,68.0
2019,Kenny Pickett,Pittsburgh,2022,,,0,pass,-0.7180757522583008,False,62.0
2019,Kenny Pickett,Pittsburgh,2022,,,15,pass,2.246030807495117,False,62.0
2019,Kenny Pickett,Pittsburgh,2022,,,13,pass,0.6363413333892822,False,47.0
2019,Kenny Pickett,Pittsburgh,2022,,,6,pass,0.3558938503265381,False,34.0
2019,Kenny Pickett,Pittsburgh,2022,,,0,pass,-0.6701505184173584,False,28.0
2019,Kenny Pickett,Pittsburgh,2022,,,17,pass,3.1720752716064453,False,80.0
2019,Kenny Pickett,Pittsburgh,2022,,,8,pass,0.7158771753311157,False,63.0
2019,Kenny Pickett,Pittsburgh,2022,,,3,pass,-0.7450143098831177,False,83.0
2019,Kenny Pickett,Pittsburgh,2022,,,21,pass,2.1960039138793945,False,94.0
2019,Kenny Pickett,Pittsburgh,2022,,,19,pass,2.095304012298584,False,73.0
2019,Kenny Pickett,Pittsburgh,2022,,,0,pass,-0.6459887027740479,False,42.0
2019,Kenny Pickett,Pittsburgh,2022,,,6,pass,0.09883737564086914,False,42.0
2019,Kenny Pickett,Pittsburgh,2022,,,0,pass,-1.9200081825256348,False,36.0
2019,Kenny Pickett,Pittsburgh,2022,,,9,pass,3.489131212234497,False,36.0
2019,Kenny Pickett,Pittsburgh,2022,,,36,pass,-6.7740583419799805,False,27.0
2019,Kenny Pickett,Pittsburgh,2022,,,2,pass,-0.6297910809516907,False,65.0
2019,Kenny Pickett,Pittsburgh,2022,,,0,pass,-0.8431715965270996,False,63.0
2019,Kenny Pickett,Pittsburgh,2022,,,0,pass,-1.6256639957427979,False,63.0
2019,Kenny Pickett,Pittsburgh,2022,,,27,pass,1.2785547971725464,False,64.0
2019,Kenny Pickett,Pittsburgh,2022,,,7,pass,1.0188848972320557,False,37.0
2019,Kenny Pickett,Pittsburgh,2022,,,6,pass,0.09486795961856842,False,78.0
2019,Kenny Pickett,Pittsburgh,2022,,,-10,pass,-0.8864477276802063,False,72.0
2019,Kenny Pickett,Pittsburgh,2022,,,0,pass,-0.5180226564407349,False,75.0
2019,Kenny Pickett,Pittsburgh,2022,,,-8,pass,-1.7588932514190674,False,75.0
2019,Kenny Pickett,Pittsburgh,2022,,,18,pass,3.1936893463134766,False,83.0
2019,Kenny Pickett,Pittsburgh,2022,,,29,pass,1.711258888244629,False,65.0
2019,Kenny Pickett,Pittsburgh,2022,,,27,pass,1.6760039329528809,False,36.0
2019,Kenny Pickett,Pittsburgh,2022,,,-4,pass,-1.271474838256836,False,9.0
2019,Kenny Pickett,Pittsburgh,2022,,,0,pass,-0.7503139972686768,False,13.0
2019,Kenny Pickett,Pittsburgh,2022,,,-4,pass,-0.7223296165466309,False,13.0
2019,Kenny Pickett,Pittsburgh,2022,,,0,pass,-1.527160882949829,False,5.0
2019,Kenny Pickett,Pittsburgh,2022,,,1,pass,-0.9589588642120361,False,73.0
2019,Kenny Pickett,Pittsburgh,2022,,,8,pass,2.3956222534179688,False,72.0
2019,Kenny Pickett,Pittsburgh,2022,,,22,pass,1.4147577285766602,False,64.0
2019,Kenny Pickett,Pittsburgh,2022,,,27,pass,1.8396251201629639,False,42.0
2019,Kenny Pickett,Pittsburgh,2022,,,6,pass,0.18173456192016602,False,15.0
2019,Kenny Pickett,Pittsburgh,2022,,,11,pass,-4.995812892913818,False,59.0
2019,Kenny Pickett,Pittsburgh,2022,,,3,pass,0.26007866859436035,False,70.0
2019,Kenny Pickett,Pittsburgh,2022,,,19,pass,1.6872434616088867,False,72.0
2019,Kenny Pickett,Pittsburgh,2022,,,0,pass,-0.6789788007736206,False,58.0
2019,Kenny Pickett,Pittsburgh,2022,,,-8,pass,-1.3266782760620117,False,57.0
2019,Kenny Pickett,Pittsburgh,2022,,,25,pass,3.790915012359619,True,25.0
2019,Kenny Pickett,Pittsburgh,2022,,,3,pass,0.25420546531677246,False,28.0
2019,Kenny Pickett,Pittsburgh,2022,,,23,pass,2.129286289215088,False,51.0
2019,Kenny Pickett,Pittsburgh,2022,,,0,pass,-0.34678757190704346,False,57.0
2019,Kenny Pickett,Pittsburgh,2022,,,10,pass,1.1810811758041382,False,67.0
2019,Kenny Pickett,Pittsburgh,2022,,,0,pass,-0.6370532512664795,False,67.0
2019,Kenny Pickett,Pittsburgh,2022,,,0,pass,-0.45922255516052246,False,67.0
2019,Kenny Pickett,Pittsburgh,2022,,,15,pass,0.6191762089729309,False,82.0
2019,Kenny Pickett,Pittsburgh,2022,,,-2,pass,-2.0846965312957764,False,66.0
2019,Kenny Pickett,Pittsburgh,2022,,,5,pass,0.3061225414276123,False,71.0
2019,Kenny Pickett,Pittsburgh,2022,,,19,pass,4.051024436950684,True,19.0
2019,Kenny Pickett,Pittsburgh,2022,,,-12,pass,-2.281024217605591,False,18.0
2019,Kenny Pickett,Pittsburgh,2022,,,28,pass,1.7765734195709229,False,46.0
2019,Kenny Pickett,Pittsburgh,2022,,,14,pass,0.9216620922088623,False,60.0
2019,Kenny Pickett,Pittsburgh,2022,,,0,pass,-1.2484946250915527,False,85.0
2019,Kenny Pickett,Pittsburgh,2022,,,0,pass,-0.7218949794769287,False,86.0
2019,Kenny Pickett,Pittsburgh,2022,,,8,pass,2.0165035724639893,False,76.0
2019,Kenny Pickett,Pittsburgh,2022,,,1,pass,-0.8860536813735962,False,77.0
2019,Kenny Pickett,Pittsburgh,2022,,,0,pass,-1.3210749626159668,False,73.0
2019,Kenny Pickett,Pittsburgh,2022,,,6,pass,-0.24014848470687866,False,79.0
2019,Kenny Pickett,Pittsburgh,2022,,,-15,pass,-1.6820194721221924,False,75.0
2019,Kenny Pickett,Pittsburgh,2022,,,0,pass,-0.30028194189071655,False,75.0
2019,Kenny Pickett,Pittsburgh,2022,,,0,pass,-0.22571247816085815,False,75.0
2019,Kenny Pickett,Pittsburgh,2022,,,4,pass,0.05929279327392578,False,12.0
2019,Kenny Pickett,Pittsburgh,2022,,,5,pass,0.04982900619506836,False,17.0
2019,Kenny Pickett,Pittsburgh,2022,,,32,pass,2.2756636142730713,False,75.0
2019,Kenny Pickett,Pittsburgh,2022,,,96,pass,7.092922687530518,True,96.0
2019,Kenny Pickett,Pittsburgh,2022,,,-1,pass,-1.2876830101013184,False,25.0
2019,Kenny Pickett,Pittsburgh,2022,,,5,pass,0.09788012504577637,False,30.0
2019,Kenny Pickett,Pittsburgh,2022,,,4,pass,-0.0070574283599853516,False,32.0
2019,Kenny Pickett,Pittsburgh,2022,,,9,pass,0.9310081005096436,False,41.0
2019,Kenny Pickett,Pittsburgh,2022,,,7,pass,0.866741418838501,False,48.0
2019,Kenny Pickett,Pittsburgh,2022,,,0,pass,-1.5021120309829712,False,31.0
2019,Kenny Pickett,Pittsburgh,2022,,,0,pass,-0.5862889289855957,False,33.0
2019,Kenny Pickett,Pittsburgh,2022,,,8,pass,1.8685213327407837,False,41.0
2019,Kenny Pickett,Pittsburgh,2022,,,0,pass,-0.9376863241195679,False,41.0
2019,Kenny Pickett,Pittsburgh,2022,,,13,pass,1.1487232446670532,False,75.0
2019,Kenny Pickett,Pittsburgh,2022,,,13,pass,0.7297813892364502,False,64.0
2019,Kenny Pickett,Pittsburgh,2022,,,6,pass,0.8022257685661316,False,70.0
2019,Kenny Pickett,Pittsburgh,2022,,,5,pass,0.046344637870788574,False,75.0
2020,Kenny Pickett,Pittsburgh,2022,,,1,pass,-0.7244665622711182,False,31.0
2020,Kenny Pickett,Pittsburgh,2022,,,4,pass,-1.0298614501953125,False,30.0
2020,Kenny Pickett,Pittsburgh,2022,,,0,pass,-1.425356388092041,False,60.0
2020,Kenny Pickett,Pittsburgh,2022,,,17,pass,1.697751522064209,True,17.0
2020,Kenny Pickett,Pittsburgh,2022,,,19,pass,1.6783150434494019,False,63.0
2020,Kenny Pickett,Pittsburgh,2022,,,5,pass,-0.3729362487792969,False,54.0
2020,Kenny Pickett,Pittsburgh,2022,,,25,pass,2.4481170177459717,False,49.0
2020,Kenny Pickett,Pittsburgh,2022,,,7,pass,0.6514015197753906,False,24.0
2020,Kenny Pickett,Pittsburgh,2022,,,0,pass,-1.0306406021118164,False,46.0
2020,Kenny Pickett,Pittsburgh,2022,,,3,pass,-1.3715845346450806,False,46.0
2020,Kenny Pickett,Pittsburgh,2022,,,12,pass,-5.367177963256836,False,20.0
2020,Kenny Pickett,Pittsburgh,2022,,,3,pass,-0.8995148539543152,False,75.0
2020,Kenny Pickett,Pittsburgh,2022,,,0,pass,-1.5550755262374878,False,72.0
2020,Kenny Pickett,Pittsburgh,2022,,,6,pass,-0.034584760665893555,False,34.0
2020,Kenny Pickett,Pittsburgh,2022,,,-10,pass,-1.040120005607605,False,77.0
2020,Kenny Pickett,Pittsburgh,2022,,,2,pass,-0.35433435440063477,False,43.0
2020,Kenny Pickett,Pittsburgh,2022,,,0,pass,-1.4172477722167969,False,37.0
2020,Kenny Pickett,Pittsburgh,2022,,,11,pass,2.8257884979248047,False,37.0
2020,Kenny Pickett,Pittsburgh,2022,,,-1,pass,-0.9048612117767334,False,26.0
2020,Kenny Pickett,Pittsburgh,2022,,,-8,pass,-1.1499781608581543,False,27.0
2020,Kenny Pickett,Pittsburgh,2022,,,12,pass,2.3366382122039795,False,18.0
2020,Kenny Pickett,Pittsburgh,2022,,,2,pass,-0.16185617446899414,False,6.0
2020,Kenny Pickett,Pittsburgh,2022,,,5,pass,-0.0865330696105957,False,64.0
2020,Kenny Pickett,Pittsburgh,2022,,,6,pass,1.2276313304901123,False,59.0
2020,Kenny Pickett,Pittsburgh,2022,,,5,pass,0.12603235244750977,False,42.0
2020,Kenny Pickett,Pittsburgh,2022,,,0,pass,-0.6334714889526367,False,18.0
2020,Kenny Pickett,Pittsburgh,2022,,,0,pass,-0.7824499607086182,False,18.0
2020,Kenny Pickett,Pittsburgh,2022,,,8,pass,0.4883110523223877,False,31.0
2020,Kenny Pickett,Pittsburgh,2022,,,-4,pass,-1.4738044738769531,False,23.0
2020,Kenny Pickett,Pittsburgh,2022,,,20,pass,1.1575031280517578,False,59.0
2020,Kenny Pickett,Pittsburgh,2022,,,27,pass,2.5728836059570312,True,27.0
2020,Kenny Pickett,Pittsburgh,2022,,,17,pass,1.8145278692245483,False,57.0
2020,Kenny Pickett,Pittsburgh,2022,,,0,pass,-0.5989553928375244,False,40.0
2020,Kenny Pickett,Pittsburgh,2022,,,13,pass,1.3520338535308838,False,40.0
2020,Kenny Pickett,Pittsburgh,2022,,,-1,pass,-1.1584607362747192,False,80.0
2020,Kenny Pickett,Pittsburgh,2022,,,8,pass,2.4883925914764404,False,78.0
2020,Kenny Pickett,Pittsburgh,2022,,,0,pass,-0.9139848947525024,False,86.0
2020,Kenny Pickett,Pittsburgh,2022,,,0,pass,-1.4560887813568115,False,86.0
2020,Kenny Pickett,Pittsburgh,2022,,,0,pass,-0.9311832189559937,False,62.0
2020,Kenny Pickett,Pittsburgh,2022,,,16,pass,2.1096041202545166,False,66.0
2020,Kenny Pickett,Pittsburgh,2022,,,-4,pass,-1.3095762729644775,False,38.0
2020,Kenny Pickett,Pittsburgh,2022,,,4,pass,-0.1045982837677002,False,42.0
2020,Kenny Pickett,Pittsburgh,2022,,,6,pass,-0.3550236225128174,False,38.0
2020,Kenny Pickett,Pittsburgh,2022,,,0,pass,-3.445873975753784,False,32.0
2020,Kenny Pickett,Pittsburgh,2022,,,7,pass,1.5779445171356201,False,45.0
2020,Kenny Pickett,Pittsburgh,2022,,,40,pass,-5.732246398925781,False,21.0
2020,Kenny Pickett,Pittsburgh,2022,,,9,pass,0.8947237730026245,False,80.0
2020,Kenny Pickett,Pittsburgh,2022,,,0,pass,-1.7292776107788086,False,70.0
2020,Kenny Pickett,Pittsburgh,2022,,,0,pass,-0.9765362739562988,False,45.0
2020,Kenny Pickett,Pittsburgh,2022,,,13,pass,2.123462677001953,False,45.0
2020,Kenny Pickett,Pittsburgh,2022,,,-8,pass,-1.7179088592529297,False,18.0
2020,Kenny Pickett,Pittsburgh,2022,,,4,pass,-0.7659770250320435,False,28.0
2020,Kenny Pickett,Pittsburgh,2022,,,8,pass,-0.3139037489891052,False,77.0
2020,Kenny Pickett,Pittsburgh,2022,,,5,pass,0.2552361488342285,False,69.0
2020,Kenny Pickett,Pittsburgh,2022,,,0,pass,-0.544497013092041,False,60.0
2020,Kenny Pickett,Pittsburgh,2022,,,0,pass,-0.8175817728042603,False,65.0
2020,Kenny Pickett,Pittsburgh,2022,,,40,pass,6.344366550445557,True,40.0
2020,Kenny Pickett,Pittsburgh,2022,,,2,pass,-1.2291697263717651,False,42.0
2020,Kenny Pickett,Pittsburgh,2022,,,0,pass,-0.5618797540664673,False,60.0
2020,Kenny Pickett,Pittsburgh,2022,,,15,pass,2.277493476867676,False,60.0
2020,Kenny Pickett,Pittsburgh,2022,,,4,pass,0.038176774978637695,False,45.0
2020,Kenny Pickett,Pittsburgh,2022,,,16,pass,-0.5527276992797852,False,64.0
2020,Kenny Pickett,Pittsburgh,2022,,,5,pass,0.020645856857299805,False,73.0
2020,Kenny Pickett,Pittsburgh,2022,,,-4,pass,-1.238083004951477,False,60.0
2020,Kenny Pickett,Pittsburgh,2022,,,14,pass,1.708438515663147,False,64.0
2020,Kenny Pickett,Pittsburgh,2022,,,8,pass,3.0267956256866455,True,8.0
2020,Kenny Pickett,Pittsburgh,2022,,,-1,pass,-1.122975468635559,False,41.0
2020,Kenny Pickett,Pittsburgh,2022,,,13,pass,2.3647522926330566,False,42.0
2020,Kenny Pickett,Pittsburgh,2022,,,8,pass,1.7912299633026123,False,25.0
2020,Kenny Pickett,Pittsburgh,2022,,,0,pass,-0.8734090328216553,False,8.0
2020,Kenny Pickett,Pittsburgh,2022,,,0,pass,-0.5884835720062256,False,25.0
2020,Kenny Pickett,Pittsburgh,2022,,,2,pass,-0.8290562629699707,False,25.0
2020,Kenny Pickett,Pittsburgh,2022,,,0,pass,-0.6622015237808228,False,55.0
2020,Kenny Pickett,Pittsburgh,2022,,,25,pass,3.1068928241729736,False,52.0
2020,Kenny Pickett,Pittsburgh,2022,,,0,pass,-0.6234102249145508,False,27.0
2020,Kenny Pickett,Pittsburgh,2022,,,0,pass,-0.8611714839935303,False,27.0
2020,Kenny Pickett,Pittsburgh,2022,,,0,pass,-2.6078083515167236,False,27.0
2020,Kenny Pickett,Pittsburgh,2022,,,0,pass,-0.02846205234527588,False,74.0
2020,Kenny Pickett,Pittsburgh,2022,,,28,pass,0.8792252540588379,False,74.0
2020,Kenny Pickett,Pittsburgh,2022,,,1,pass,-0.34804296493530273,False,30.0
2020,Kenny Pickett,Pittsburgh,2022,,,0,pass,-0.6115596294403076,False,29.0
2020,Kenny Pickett,Pittsburgh,2022,,,13,pass,1.8315463066101074,False,29.0
2020,Kenny Pickett,Pittsburgh,2022,,,0,pass,-0.49729251861572266,False,41.0
2020,Kenny Pickett,Pittsburgh,2022,,,-1,pass,-1.3701956272125244,False,41.0
2020,Kenny Pickett,Pittsburgh,2022,,,10,pass,1.2025375366210938,False,42.0
2020,Kenny Pickett,Pittsburgh,2022,,,0,pass,-0.6991733312606812,False,86.0
2020,Kenny Pickett,Pittsburgh,2022,,,50,pass,3.504545211791992,False,86.0
2020,Kenny Pickett,Pittsburgh,2022,,,10,pass,0.5824034214019775,False,36.0
2020,Kenny Pickett,Pittsburgh,2022,,,13,pass,2.405008316040039,False,37.0
2020,Kenny Pickett,Pittsburgh,2022,,,23,pass,2.2759203910827637,False,24.0
2020,Kenny Pickett,Pittsburgh,2022,,,0,pass,-0.7809808850288391,False,73.0
2020,Kenny Pickett,Pittsburgh,2022,,,-6,pass,-1.7664016485214233,False,73.0
2020,Kenny Pickett,Pittsburgh,2022,,,21,pass,1.4096599817276,False,58.0
2020,Kenny Pickett,Pittsburgh,2022,,,0,pass,-0.9327698945999146,False,83.0
2020,Kenny Pickett,Pittsburgh,2022,,,0,pass,-0.9431337118148804,False,83.0
2020,Kenny Pickett,Pittsburgh,2022,,,12,pass,2.8627028465270996,False,83.0
2020,Kenny Pickett,Pittsburgh,2022,,,7,pass,0.9253888130187988,False,67.0
2020,Kenny Pickett,Pittsburgh,2022,,,32,pass,2.203258514404297,False,60.0
2020,Kenny Pickett,Pittsburgh,2022,,,27,pass,2.265321731567383,False,28.0
2020,Kenny Pickett,Pittsburgh,2022,,,0,pass,-0.946711540222168,False,1.0
2020,Kenny Pickett,Pittsburgh,2022,,,0,pass,-0.4660069942474365,False,41.0
2020,Kenny Pickett,Pittsburgh,2022,,,9,pass,0.8881678581237793,False,41.0
2020,Kenny Pickett,Pittsburgh,2022,,,7,pass,2.805135726928711,False,35.0
2020,Kenny Pickett,Pittsburgh,2022,,,0,pass,-0.5130186080932617,False,19.0
2020,Kenny Pickett,Pittsburgh,2022,,,-3,pass,-1.1292321681976318,False,14.0
2020,Kenny Pickett,Pittsburgh,2022,,,10,pass,0.8807351589202881,False,17.0
2020,Kenny Pickett,Pittsburgh,2022,,,45,pass,2.885063886642456,False,86.0
2020,Kenny Pickett,Pittsburgh,2022,,,20,pass,1.7960734367370605,False,39.0
2020,Kenny Pickett,Pittsburgh,2022,,,2,pass,-0.34678077697753906,False,20.0
2020,Kenny Pickett,Pittsburgh,2022,,,0,pass,-1.611648678779602,False,66.0
2020,Kenny Pickett,Pittsburgh,2022,,,0,pass,-1.38916015625,False,74.0
2020,Kenny Pickett,Pittsburgh,2022,,,0,pass,-0.6576457023620605,False,65.0
2020,Kenny Pickett,Pittsburgh,2022,,,75,pass,6.608205318450928,True,75.0
2020,Kenny Pickett,Pittsburgh,2022,,,8,pass,0.5106992721557617,False,25.0
2020,Kenny Pickett,Pittsburgh,2022,,,0,pass,-0.054392457008361816,False,17.0
2020,Kenny Pickett,Pittsburgh,2022,,,3,pass,3.142859935760498,True,3.0
2020,Kenny Pickett,Pittsburgh,2022,,,19,pass,0.024213314056396484,False,62.0
2020,Kenny Pickett,Pittsburgh,2022,,,0,pass,-0.5886114835739136,False,43.0
2020,Kenny Pickett,Pittsburgh,2022,,,5,pass,0.32610321044921875,False,31.0
2020,Kenny Pickett,Pittsburgh,2022,,,0,pass,-0.5834999084472656,False,26.0
2020,Kenny Pickett,Pittsburgh,2022,,,-15,pass,-2.8086771965026855,False,26.0
2020,Kenny Pickett,Pittsburgh,2022,,,0,pass,-2.7924420833587646,False,40.0
2020,Kenny Pickett,Pittsburgh,2022,,,2,pass,-0.3912167549133301,False,75.0
2020,Kenny Pickett,Pittsburgh,2022,,,8,pass,1.3967361450195312,False,73.0
2020,Kenny Pickett,Pittsburgh,2022,,,8,pass,0.4829874038696289,False,65.0
2020,Kenny Pickett,Pittsburgh,2022,,,0,pass,-0.93572998046875,False,96.0
2020,Kenny Pickett,Pittsburgh,2022,,,0,pass,-3.006593942642212,False,96.0
2020,Kenny Pickett,Pittsburgh,2022,,,12,pass,1.0428104400634766,False,81.0
2020,Kenny Pickett,Pittsburgh,2022,,,15,pass,1.5984468460083008,False,62.0
2020,Kenny Pickett,Pittsburgh,2022,,,29,pass,2.7230165004730225,False,47.0
2020,Kenny Pickett,Pittsburgh,2022,,,10,pass,0.8795708417892456,False,85.0
2020,Kenny Pickett,Pittsburgh,2022,,,0,pass,-0.9208941459655762,False,80.0
2020,Kenny Pickett,Pittsburgh,2022,,,0,pass,-0.95021653175354,False,80.0
2020,Kenny Pickett,Pittsburgh,2022,,,10,pass,0.8405548334121704,False,78.0
2020,Kenny Pickett,Pittsburgh,2022,,,0,pass,-0.5781630277633667,False,53.0
2020,Kenny Pickett,Pittsburgh,2022,,,21,pass,2.2467973232269287,False,53.0
2020,Kenny Pickett,Pittsburgh,2022,,,0,pass,-0.6488842964172363,False,32.0
2020,Kenny Pickett,Pittsburgh,2022,,,2,pass,-1.4440666437149048,False,33.0
2020,Kenny Pickett,Pittsburgh,2022,,,4,pass,0.4083101749420166,False,40.0
2020,Kenny Pickett,Pittsburgh,2022,,,0,pass,-0.17080169916152954,False,51.0
2020,Kenny Pickett,Pittsburgh,2022,,,14,pass,0.005624353885650635,False,51.0
2020,Kenny Pickett,Pittsburgh,2022,,,0,pass,-0.7358144521713257,False,70.0
2020,Kenny Pickett,Pittsburgh,2022,,,10,pass,1.775047779083252,False,70.0
2020,Kenny Pickett,Pittsburgh,2022,,,15,pass,2.4286041259765625,True,15.0
2020,Kenny Pickett,Pittsburgh,2022,,,0,pass,-0.6134457588195801,False,46.0
2020,Kenny Pickett,Pittsburgh,2022,,,27,pass,2.082200050354004,False,75.0
2020,Kenny Pickett,Pittsburgh,2022,,,0,pass,-0.6527783870697021,False,48.0
2020,Kenny Pickett,Pittsburgh,2022,,,5,pass,3.179636001586914,False,41.0
2020,Kenny Pickett,Pittsburgh,2022,,,7,pass,0.47815465927124023,False,36.0
2020,Kenny Pickett,Pittsburgh,2022,,,4,pass,0.9218614101409912,False,29.0
2020,Kenny Pickett,Pittsburgh,2022,,,7,pass,0.7212884426116943,False,24.0
2020,Kenny Pickett,Pittsburgh,2022,,,25,pass,1.877948522567749,False,69.0
2020,Kenny Pickett,Pittsburgh,2022,,,6,pass,0.26627612113952637,False,44.0
2020,Kenny Pickett,Pittsburgh,2022,,,0,pass,-1.33663010597229,False,35.0
2020,Kenny Pickett,Pittsburgh,2022,,,4,pass,-0.8372990489006042,False,77.0
2020,Kenny Pickett,Pittsburgh,2022,,,19,pass,2.7951693534851074,False,20.0
2020,Kenny Pickett,Pittsburgh,2022,,,17,pass,1.9377009868621826,False,72.0
2020,Kenny Pickett,Pittsburgh,2022,,,6,pass,-0.1742076873779297,False,78.0
2020,Kenny Pickett,Pittsburgh,2022,,,-2,pass,-1.199755311012268,False,83.0
2020,Kenny Pickett,Pittsburgh,2022,,,0,pass,-1.0732468366622925,False,83.0
2020,Kenny Pickett,Pittsburgh,2022,,,3,pass,-0.11992740631103516,False,20.0
2020,Kenny Pickett,Pittsburgh,2022,,,2,pass,-0.4616125226020813,False,80.0
2020,Kenny Pickett,Pittsburgh,2022,,,0,pass,-0.5392972230911255,False,80.0
2020,Kenny Pickett,Pittsburgh,2022,,,28,pass,1.9606125354766846,False,38.0
2020,Kenny Pickett,Pittsburgh,2022,,,-3,pass,-1.6332223415374756,False,24.0
2020,Kenny Pickett,Pittsburgh,2022,,,16,pass,1.0647351741790771,False,40.0
2020,Kenny Pickett,Pittsburgh,2022,,,0,pass,-0.5351736545562744,False,27.0
2020,Kenny Pickett,Pittsburgh,2022,,,14,pass,0.8923208713531494,False,41.0
2020,Kenny Pickett,Pittsburgh,2022,,,3,pass,0.5913949012756348,False,44.0
2020,Kenny Pickett,Pittsburgh,2022,,,4,pass,0.025649070739746094,False,48.0
2020,Kenny Pickett,Pittsburgh,2022,,,5,pass,0.24721527099609375,False,53.0
2020,Kenny Pickett,Pittsburgh,2022,,,0,pass,-0.6744728088378906,False,6.0
2020,Kenny Pickett,Pittsburgh,2022,,,26,pass,2.017595052719116,False,32.0
2020,Kenny Pickett,Pittsburgh,2022,,,0,pass,-1.2523713111877441,False,72.0
2020,Kenny Pickett,Pittsburgh,2022,,,4,pass,-0.3386270999908447,False,76.0
2020,Kenny Pickett,Pittsburgh,2022,,,1,pass,-1.7991912364959717,False,58.0
2020,Kenny Pickett,Pittsburgh,2022,,,5,pass,0.06731224060058594,False,64.0
2020,Kenny Pickett,Pittsburgh,2022,,,8,pass,2.424173355102539,False,72.0
2020,Kenny Pickett,Pittsburgh,2022,,,0,pass,-1.206286072731018,False,32.0
2020,Kenny Pickett,Pittsburgh,2022,,,0,pass,-0.6032617092132568,False,31.0
2020,Kenny Pickett,Pittsburgh,2022,,,49,pass,5.052606582641602,False,80.0
2020,Kenny Pickett,Pittsburgh,2022,,,-1,pass,-0.5328431129455566,False,81.0
2020,Kenny Pickett,Pittsburgh,2022,,,16,pass,2.187171697616577,False,83.0
2020,Kenny Pickett,Pittsburgh,2022,,,14,pass,3.3437585830688477,False,19.0
2020,Kenny Pickett,Pittsburgh,2022,,,2,pass,-0.3808770179748535,False,13.0
2020,Kenny Pickett,Pittsburgh,2022,,,15,pass,0.6960880756378174,False,54.0
2020,Kenny Pickett,Pittsburgh,2022,,,7,pass,0.7647919654846191,False,36.0
2020,Kenny Pickett,Pittsburgh,2022,,,0,pass,-0.8185396194458008,False,24.0
2020,Kenny Pickett,Pittsburgh,2022,,,7,pass,1.6228418350219727,False,24.0
2020,Kenny Pickett,Pittsburgh,2022,,,64,pass,3.7447640895843506,True,64.0
2020,Kenny Pickett,Pittsburgh,2022,,,0,pass,-1.892043113708496,False,99.0
2020,Kenny Pickett,Pittsburgh,2022,,,10,pass,1.6268250942230225,False,99.0
2020,Kenny Pickett,Pittsburgh,2022,,,-2,pass,-1.5477347373962402,False,35.0
2020,Kenny Pickett,Pittsburgh,2022,,,10,pass,1.2158539295196533,False,37.0
2020,Kenny Pickett,Pittsburgh,2022,,,-8,pass,-3.2181098461151123,False,27.0
2020,Kenny Pickett,Pittsburgh,2022,,,0,pass,-0.1848849654197693,False,70.0
2020,Kenny Pickett,Pittsburgh,2022,,,11,pass,2.6441397666931152,True,11.0
2020,Kenny Pickett,Pittsburgh,2022,,,4,pass,-0.10012280941009521,False,65.0
2020,Kenny Pickett,Pittsburgh,2022,,,27,pass,1.657048225402832,False,61.0
2020,Kenny Pickett,Pittsburgh,2022,,,5,pass,0.1376664638519287,False,34.0
2020,Kenny Pickett,Pittsburgh,2022,,,8,pass,1.3114094734191895,False,29.0
2020,Kenny Pickett,Pittsburgh,2022,,,7,pass,0.6362159252166748,False,21.0
2020,Kenny Pickett,Pittsburgh,2022,,,12,pass,0.7450466156005859,False,75.0
2020,Kenny Pickett,Pittsburgh,2022,,,25,pass,1.3347985744476318,False,63.0
2020,Kenny Pickett,Pittsburgh,2022,,,9,pass,0.8098931312561035,False,38.0
2020,Kenny Pickett,Pittsburgh,2022,,,6,pass,0.7054476737976074,False,29.0
2020,Kenny Pickett,Pittsburgh,2022,,,7,pass,0.6539549827575684,False,23.0
2020,Kenny Pickett,Pittsburgh,2022,,,15,pass,1.5791029930114746,False,16.0
2020,Kenny Pickett,Pittsburgh,2022,,,8,pass,0.7540309429168701,False,93.0
2020,Kenny Pickett,Pittsburgh,2022,,,17,pass,0.8727612495422363,False,56.0
2020,Kenny Pickett,Pittsburgh,2022,,,0,pass,-0.6202201843261719,False,39.0
2020,Kenny Pickett,Pittsburgh,2022,,,-3,pass,-0.9026436805725098,False,34.0
2020,Kenny Pickett,Pittsburgh,2022,,,0,pass,-1.6746855974197388,False,34.0
2020,Kenny Pickett,Pittsburgh,2022,,,6,pass,0.38787734508514404,False,68.0
2020,Kenny Pickett,Pittsburgh,2022,,,9,pass,1.2594683170318604,False,28.0
2020,Kenny Pickett,Pittsburgh,2022,,,0,pass,-1.5612759590148926,False,12.0
2020,Kenny Pickett,Pittsburgh,2022,,,16,pass,1.305406928062439,False,64.0
2020,Kenny Pickett,Pittsburgh,2022,,,14,pass,0.7189176082611084,False,48.0
2020,Kenny Pickett,Pittsburgh,2022,,,6,pass,0.37087249755859375,False,34.0
2020,Kenny Pickett,Pittsburgh,2022,,,3,pass,-5.009738922119141,False,59.0
2020,Kenny Pickett,Pittsburgh,2022,,,0,pass,-0.70411217212677,False,79.0
2020,Kenny Pickett,Pittsburgh,2022,,,0,pass,-0.9586809277534485,False,79.0
2020,Kenny Pickett,Pittsburgh,2022,,,0,pass,-1.3074288368225098,False,79.0
2020,Kenny Pickett,Pittsburgh,2022,,,8,pass,0.8232324719429016,False,75.0
2020,Kenny Pickett,Pittsburgh,2022,,,0,pass,-0.6720064878463745,False,64.0
2020,Kenny Pickett,Pittsburgh,2022,,,6,pass,-0.09878039360046387,False,64.0
2020,Kenny Pickett,Pittsburgh,2022,,,7,pass,1.569730281829834,False,58.0
2020,Kenny Pickett,Pittsburgh,2022,,,11,pass,0.8902773857116699,False,51.0
2020,Kenny Pickett,Pittsburgh,2022,,,15,pass,0.6792340278625488,False,25.0
2020,Kenny Pickett,Pittsburgh,2022,,,0,pass,-1.1097688674926758,False,4.0
2020,Kenny Pickett,Pittsburgh,2022,,,0,pass,-4.031245231628418,False,4.0
2020,Kenny Pickett,Pittsburgh,2022,,,5,pass,-0.5017972588539124,False,77.0
2020,Kenny Pickett,Pittsburgh,2022,,,-8,pass,-1.105847716331482,False,69.0
2020,Kenny Pickett,Pittsburgh,2022,,,-6,pass,-1.4914956092834473,False,59.0
2020,Kenny Pickett,Pittsburgh,2022,,,0,pass,-3.693059206008911,False,66.0
2020,Kenny Pickett,Pittsburgh,2022,,,2,pass,-0.2546389102935791,False,54.0
2020,Kenny Pickett,Pittsburgh,2022,,,9,pass,1.6246730089187622,False,53.0
2020,Kenny Pickett,Pittsburgh,2022,,,22,pass,1.850355625152588,False,75.0
2020,Kenny Pickett,Pittsburgh,2022,,,0,pass,-1.0326859951019287,False,73.0
2020,Kenny Pickett,Pittsburgh,2022,,,3,pass,-0.6488787531852722,False,76.0
2020,Kenny Pickett,Pittsburgh,2022,,,4,pass,1.4742646217346191,True,4.0
2020,Kenny Pickett,Pittsburgh,2022,,,15,pass,1.712627649307251,False,19.0
2020,Kenny Pickett,Pittsburgh,2022,,,15,pass,-0.4804920256137848,False,45.0
2020,Kenny Pickett,Pittsburgh,2022,,,5,pass,-0.32371944189071655,False,50.0
2020,Kenny Pickett,Pittsburgh,2022,,,18,pass,3.163003921508789,True,18.0
2020,Kenny Pickett,Pittsburgh,2022,,,7,pass,0.5449981689453125,False,25.0
2020,Kenny Pickett,Pittsburgh,2022,,,6,pass,1.2350380420684814,False,31.0
2020,Kenny Pickett,Pittsburgh,2022,,,0,pass,-0.3237130641937256,False,36.0
2020,Kenny Pickett,Pittsburgh,2022,,,29,pass,2.1549923419952393,False,65.0
2020,Kenny Pickett,Pittsburgh,2022,,,1,pass,-0.1863509565591812,False,66.0
2020,Kenny Pickett,Pittsburgh,2022,,,-10,pass,-1.0137876272201538,False,56.0
2020,Kenny Pickett,Pittsburgh,2022,,,12,pass,1.1819874048233032,False,68.0
2020,Kenny Pickett,Pittsburgh,2022,,,0,pass,-0.526911199092865,False,68.0
2020,Kenny Pickett,Pittsburgh,2022,,,7,pass,0.34910380840301514,False,75.0
2020,Kenny Pickett,Pittsburgh,2022,,,5,pass,-0.27774012088775635,False,73.0
2020,Kenny Pickett,Pittsburgh,2022,,,11,pass,0.14996886253356934,False,16.0
2020,Kenny Pickett,Pittsburgh,2022,,,-10,pass,-3.0020511150360107,False,6.0
2020,Kenny Pickett,Pittsburgh,2022,,,0,pass,-0.9126582741737366,False,40.0
2020,Kenny Pickett,Pittsburgh,2022,,,0,pass,-0.9170138835906982,False,60.0
2020,Kenny Pickett,Pittsburgh,2022,,,-8,pass,-1.6905627250671387,False,55.0
2020,Kenny Pickett,Pittsburgh,2022,,,18,pass,1.9467802047729492,False,73.0
2020,Kenny Pickett,Pittsburgh,2022,,,-2,pass,-1.7314661741256714,False,68.0
2020,Kenny Pickett,Pittsburgh,2022,,,6,pass,0.4097346067428589,False,75.0
2020,Kenny Pickett,Pittsburgh,2022,,,5,pass,-5.04868745803833,False,64.0
2020,Kenny Pickett,Pittsburgh,2022,,,11,pass,1.6494569778442383,False,75.0
2020,Kenny Pickett,Pittsburgh,2022,,,0,pass,-0.5738033056259155,False,75.0
2020,Kenny Pickett,Pittsburgh,2022,,,0,pass,-2.754462718963623,False,75.0
2020,Kenny Pickett,Pittsburgh,2022,,,0,pass,-1.1657365560531616,False,72.0
2020,Kenny Pickett,Pittsburgh,2022,,,8,pass,-4.6168036460876465,False,80.0
2020,Kenny Pickett,Pittsburgh,2022,,,0,pass,-1.0646008253097534,False,80.0
2020,Kenny Pickett,Pittsburgh,2022,,,-11,pass,-1.751888632774353,False,72.0
2020,Kenny Pickett,Pittsburgh,2022,,,0,pass,-1.1004432439804077,False,72.0
2020,Kenny Pickett,Pittsburgh,2022,,,68,pass,5.39619255065918,False,69.0
2020,Kenny Pickett,Pittsburgh,2022,,,16,pass,-0.5543351173400879,False,70.0
2020,Kenny Pickett,Pittsburgh,2022,,,0,pass,-0.5377888679504395,False,30.0
2020,Kenny Pickett,Pittsburgh,2022,,,10,pass,1.581141471862793,False,25.0
2020,Kenny Pickett,Pittsburgh,2022,,,1,pass,-0.6590070724487305,False,13.0
2020,Kenny Pickett,Pittsburgh,2022,,,7,pass,1.8229727745056152,False,12.0
2020,Kenny Pickett,Pittsburgh,2022,,,2,pass,-0.4953958988189697,False,50.0
2020,Kenny Pickett,Pittsburgh,2022,,,25,pass,1.363447904586792,False,48.0
2020,Kenny Pickett,Pittsburgh,2022,,,6,pass,0.21759510040283203,False,23.0
2020,Kenny Pickett,Pittsburgh,2022,,,0,pass,-0.5439491271972656,False,10.0
2020,Kenny Pickett,Pittsburgh,2022,,,9,pass,1.0391778945922852,False,10.0
2020,Kenny Pickett,Pittsburgh,2022,,,51,pass,3.968674421310425,True,51.0
2020,Kenny Pickett,Pittsburgh,2022,,,5,pass,-0.06237983703613281,False,64.0
2020,Kenny Pickett,Pittsburgh,2022,,,5,pass,0.49755263328552246,False,59.0
2020,Kenny Pickett,Pittsburgh,2022,,,0,pass,-0.5708534717559814,False,54.0
2020,Kenny Pickett,Pittsburgh,2022,,,68,pass,3.2438340187072754,False,74.0
2020,Kenny Pickett,Pittsburgh,2022,,,6,pass,0.8804953098297119,False,55.0
2020,Kenny Pickett,Pittsburgh,2022,,,0,pass,-0.6952378749847412,False,49.0
2020,Kenny Pickett,Pittsburgh,2022,,,8,pass,0.46514225006103516,False,32.0
2020,Kenny Pickett,Pittsburgh,2022,,,0,pass,-0.5544981956481934,False,57.0
2020,Kenny Pickett,Pittsburgh,2022,,,2,pass,-0.4732966423034668,False,11.0
2020,Kenny Pickett,Pittsburgh,2022,,,2,pass,-1.0045682191848755,False,80.0
2020,Kenny Pickett,Pittsburgh,2022,,,0,pass,-0.6557762622833252,False,49.0
2020,Kenny Pickett,Pittsburgh,2022,,,9,pass,2.112856388092041,False,47.0
2020,Kenny Pickett,Pittsburgh,2022,,,8,pass,0.4953732490539551,False,27.0
2020,Kenny Pickett,Pittsburgh,2022,,,5,pass,0.8186917304992676,False,7.0
2020,Kenny Pickett,Pittsburgh,2022,,,-9,pass,-0.8075288534164429,False,39.0
2020,Kenny Pickett,Pittsburgh,2022,,,3,pass,0.7457848787307739,False,42.0
2020,Kenny Pickett,Pittsburgh,2022,,,0,pass,-0.24763274192810059,False,39.0
2020,Kenny Pickett,Pittsburgh,2022,,,0,pass,-0.4322381019592285,False,39.0
2020,Kenny Pickett,Pittsburgh,2022,,,0,pass,-0.7657666206359863,False,96.0
2020,Kenny Pickett,Pittsburgh,2022,,,19,pass,2.381443500518799,False,61.0
2020,Kenny Pickett,Pittsburgh,2022,,,9,pass,0.7770795822143555,False,27.0
2020,Kenny Pickett,Pittsburgh,2022,,,0,pass,-0.711510419845581,False,16.0
2020,Kenny Pickett,Pittsburgh,2022,,,60,pass,4.703375816345215,True,60.0
2020,Kenny Pickett,Pittsburgh,2022,,,33,pass,1.926645040512085,False,93.0
2020,Kenny Pickett,Pittsburgh,2022,,,10,pass,1.25469970703125,False,26.0
2020,Kenny Pickett,Pittsburgh,2022,,,0,pass,-0.6148271560668945,False,16.0
2020,Kenny Pickett,Pittsburgh,2022,,,0,pass,-1.3294105529785156,False,7.0
2020,Kenny Pickett,Pittsburgh,2022,,,5,pass,-7.239765167236328,False,42.0
2020,Kenny Pickett,Pittsburgh,2022,,,11,pass,1.2893890142440796,False,53.0
2020,Kenny Pickett,Pittsburgh,2022,,,0,pass,-1.9494855403900146,False,54.0
2020,Kenny Pickett,Pittsburgh,2022,,,1,pass,-0.7078194618225098,False,55.0
2020,Kenny Pickett,Pittsburgh,2022,,,12,pass,0.6953105926513672,False,53.0
2020,Kenny Pickett,Pittsburgh,2022,,,4,pass,-0.22838973999023438,False,20.0
2020,Kenny Pickett,Pittsburgh,2022,,,7,pass,1.3187546730041504,False,16.0
2020,Kenny Pickett,Pittsburgh,2022,,,2,pass,0.03331708908081055,False,3.0
2020,Kenny Pickett,Pittsburgh,2022,,,0,pass,-3.522165298461914,False,1.0
2020,Kenny Pickett,Pittsburgh,2022,,,0,pass,-0.7274751663208008,False,9.0
2020,Kenny Pickett,Pittsburgh,2022,,,0,pass,-1.0529804229736328,False,9.0
2021,Kenny Pickett,Pittsburgh,2022,,,0,pass,-1.3750824928283691,False,75.0
2021,Kenny Pickett,Pittsburgh,2022,,,0,pass,-0.9839640259742737,False,75.0
2021,Kenny Pickett,Pittsburgh,2022,,,0,pass,-0.4882141351699829,False,75.0
2021,Kenny Pickett,Pittsburgh,2022,,,5,pass,2.265143871307373,True,5.0
2021,Kenny Pickett,Pittsburgh,2022,,,21,pass,0.9785714149475098,False,32.0
2021,Kenny Pickett,Pittsburgh,2022,,,40,pass,2.7028770446777344,False,72.0
2021,Kenny Pickett,Pittsburgh,2022,,,-4,pass,-1.5337600708007812,False,70.0
2021,Kenny Pickett,Pittsburgh,2022,,,0,pass,-1.031477928161621,False,5.0
2021,Kenny Pickett,Pittsburgh,2022,,,5,pass,-0.021775245666503906,False,41.0
2021,Kenny Pickett,Pittsburgh,2022,,,18,pass,1.4861063957214355,False,59.0
2021,Kenny Pickett,Pittsburgh,2022,,,-11,pass,-2.749709367752075,False,27.0
2021,Kenny Pickett,Pittsburgh,2022,,,1,pass,-0.20467185974121094,False,3.0
2021,Kenny Pickett,Pittsburgh,2022,,,8,pass,0.9380807876586914,False,11.0
2021,Kenny Pickett,Pittsburgh,2022,,,27,pass,1.5989856719970703,False,38.0
2021,Kenny Pickett,Pittsburgh,2022,,,20,pass,1.7630395889282227,False,58.0
2021,Kenny Pickett,Pittsburgh,2022,,,0,pass,-0.42798733711242676,False,58.0
2021,Kenny Pickett,Pittsburgh,2022,,,15,pass,1.2528834342956543,False,28.0
2021,Kenny Pickett,Pittsburgh,2022,,,14,pass,1.8609216213226318,False,44.0
2021,Kenny Pickett,Pittsburgh,2022,,,0,pass,-0.4172708988189697,False,48.0
2021,Kenny Pickett,Pittsburgh,2022,,,0,pass,-0.8280718326568604,False,20.0
2021,Kenny Pickett,Pittsburgh,2022,,,23,pass,6.03581428527832,False,39.0
2021,Kenny Pickett,Pittsburgh,2022,,,4,pass,0.05420255661010742,False,44.0
2021,Kenny Pickett,Pittsburgh,2022,,,31,pass,2.2488391399383545,False,75.0
2021,Kenny Pickett,Pittsburgh,2022,,,11,pass,3.3319036960601807,True,11.0
2021,Kenny Pickett,Pittsburgh,2022,,,16,pass,2.381788730621338,False,42.0
2021,Kenny Pickett,Pittsburgh,2022,,,4,pass,-0.08724641799926758,False,47.0
2021,Kenny Pickett,Pittsburgh,2022,,,22,pass,1.5597747564315796,False,69.0
2021,Kenny Pickett,Pittsburgh,2022,,,12,pass,1.9743717908859253,False,81.0
2021,Kenny Pickett,Pittsburgh,2022,,,-2,pass,-1.0409162044525146,False,79.0
2021,Kenny Pickett,Pittsburgh,2022,,,5,pass,-0.37742018699645996,False,94.0
2021,Kenny Pickett,Pittsburgh,2022,,,6,pass,-0.5165892839431763,False,69.0
2021,Kenny Pickett,Pittsburgh,2022,,,0,pass,-0.7714453935623169,False,88.0
2021,Kenny Pickett,Pittsburgh,2022,,,0,pass,-0.9212159514427185,False,88.0
2021,Kenny Pickett,Pittsburgh,2022,,,-4,pass,-1.994462251663208,False,84.0
2021,Kenny Pickett,Pittsburgh,2022,,,22,pass,2.697416305541992,True,22.0
2021,Kenny Pickett,Pittsburgh,2022,,,10,pass,1.390491247177124,False,75.0
2021,Kenny Pickett,Pittsburgh,2022,,,9,pass,0.6877049207687378,False,65.0
2021,Kenny Pickett,Pittsburgh,2022,,,29,pass,1.8620760440826416,False,51.0
2021,Kenny Pickett,Pittsburgh,2022,,,0,pass,-3.5151047706604004,False,48.0
2021,Kenny Pickett,Pittsburgh,2022,,,-1,pass,-1.0693174600601196,False,56.0
2021,Kenny Pickett,Pittsburgh,2022,,,18,pass,1.5535459518432617,False,72.0
2021,Kenny Pickett,Pittsburgh,2022,,,8,pass,-0.572780191898346,False,56.0
2021,Kenny Pickett,Pittsburgh,2022,,,24,pass,2.6080827713012695,True,24.0
2021,Kenny Pickett,Pittsburgh,2022,,,10,pass,0.6720287799835205,False,34.0
2021,Kenny Pickett,Pittsburgh,2022,,,-1,pass,-1.4792871475219727,False,71.0
2021,Kenny Pickett,Pittsburgh,2022,,,7,pass,0.6308552026748657,False,76.0
2021,Kenny Pickett,Pittsburgh,2022,,,0,pass,-0.6395270824432373,False,69.0
2021,Kenny Pickett,Pittsburgh,2022,,,6,pass,0.6210486888885498,False,65.0
2021,Kenny Pickett,Pittsburgh,2022,,,31,pass,1.5841431617736816,False,59.0
2021,Kenny Pickett,Pittsburgh,2022,,,10,pass,-4.844223976135254,False,57.0
2021,Kenny Pickett,Pittsburgh,2022,,,23,pass,2.847109317779541,True,23.0
2021,Kenny Pickett,Pittsburgh,2022,,,38,pass,2.424525260925293,False,71.0
2021,Kenny Pickett,Pittsburgh,2022,,,5,pass,0.13803982734680176,False,57.0
2021,Kenny Pickett,Pittsburgh,2022,,,11,pass,1.037436604499817,False,52.0
2021,Kenny Pickett,Pittsburgh,2022,,,27,pass,1.9266955852508545,False,41.0
2021,Kenny Pickett,Pittsburgh,2022,,,2,pass,-3.068803548812866,False,42.0
2021,Kenny Pickett,Pittsburgh,2022,,,0,pass,-0.6286557912826538,False,75.0
2021,Kenny Pickett,Pittsburgh,2022,,,67,pass,5.229450702667236,True,67.0
2021,Kenny Pickett,Pittsburgh,2022,,,7,pass,0.36978211998939514,False,75.0
2021,Kenny Pickett,Pittsburgh,2022,,,0,pass,-1.6017301082611084,False,68.0
2021,Kenny Pickett,Pittsburgh,2022,,,46,pass,2.2702293395996094,True,46.0
2021,Kenny Pickett,Pittsburgh,2022,,,6,pass,-0.18390798568725586,False,76.0
2021,Kenny Pickett,Pittsburgh,2022,,,24,pass,-2.6875295639038086,False,70.0
2021,Kenny Pickett,Pittsburgh,2022,,,7,pass,3.365165948867798,True,7.0
2021,Kenny Pickett,Pittsburgh,2022,,,0,pass,-1.3998514413833618,False,21.0
2021,Kenny Pickett,Pittsburgh,2022,,,25,pass,2.8647990226745605,False,32.0
2021,Kenny Pickett,Pittsburgh,2022,,,10,pass,0.3336995840072632,False,66.0
2021,Kenny Pickett,Pittsburgh,2022,,,9,pass,0.41829729080200195,False,56.0
2021,Kenny Pickett,Pittsburgh,2022,,,11,pass,0.811025857925415,False,45.0
2021,Kenny Pickett,Pittsburgh,2022,,,9,pass,0.631688117980957,False,34.0
2021,Kenny Pickett,Pittsburgh,2022,,,0,pass,-1.0603333711624146,False,67.0
2021,Kenny Pickett,Pittsburgh,2022,,,47,pass,3.930778980255127,True,47.0
2021,Kenny Pickett,Pittsburgh,2022,,,0,pass,-0.9083037376403809,False,57.0
2021,Kenny Pickett,Pittsburgh,2022,,,11,pass,2.2161717414855957,False,58.0
2021,Kenny Pickett,Pittsburgh,2022,,,24,pass,3.2347891330718994,True,24.0
2021,Kenny Pickett,Pittsburgh,2022,,,18,pass,1.19647216796875,False,82.0
2021,Kenny Pickett,Pittsburgh,2022,,,6,pass,-0.10014510154724121,False,64.0
2021,Kenny Pickett,Pittsburgh,2022,,,9,pass,0.5760905742645264,False,58.0
2021,Kenny Pickett,Pittsburgh,2022,,,19,pass,1.2209718227386475,False,47.0
2021,Kenny Pickett,Pittsburgh,2022,,,0,pass,-0.552159309387207,False,28.0
2021,Kenny Pickett,Pittsburgh,2022,,,4,pass,-0.5300493240356445,False,28.0
2021,Kenny Pickett,Pittsburgh,2022,,,12,pass,1.2968363761901855,True,12.0
2021,Kenny Pickett,Pittsburgh,2022,,,12,pass,0.42841386795043945,False,58.0
2021,Kenny Pickett,Pittsburgh,2022,,,15,pass,0.4748344421386719,False,46.0
2021,Kenny Pickett,Pittsburgh,2022,,,9,pass,0.6876413822174072,False,50.0
2021,Kenny Pickett,Pittsburgh,2022,,,12,pass,0.5343227386474609,False,38.0
2021,Kenny Pickett,Pittsburgh,2022,,,11,pass,0.554074764251709,False,26.0
2021,Kenny Pickett,Pittsburgh,2022,,,47,pass,4.172069072723389,False,80.0
2021,Kenny Pickett,Pittsburgh,2022,,,15,pass,1.1638615131378174,False,54.0
2021,Kenny Pickett,Pittsburgh,2022,,,6,pass,0.4157748222351074,False,36.0
2021,Kenny Pickett,Pittsburgh,2022,,,0,pass,-0.9949932098388672,False,79.0
2021,Kenny Pickett,Pittsburgh,2022,,,2,pass,1.0992083549499512,True,2.0
2021,Kenny Pickett,Pittsburgh,2022,,,14,pass,1.0520479679107666,False,77.0
2021,Kenny Pickett,Pittsburgh,2022,,,21,pass,0.9230475425720215,False,45.0
2021,Kenny Pickett,Pittsburgh,2022,,,16,pass,2.458108901977539,True,16.0
2021,Kenny Pickett,Pittsburgh,2022,,,29,pass,1.822791337966919,False,45.0
2021,Kenny Pickett,Pittsburgh,2022,,,7,pass,0.24090099334716797,False,75.0
2021,Kenny Pickett,Pittsburgh,2022,,,25,pass,1.494114637374878,False,68.0
2021,Kenny Pickett,Pittsburgh,2022,,,20,pass,3.8070101737976074,False,37.0
2021,Kenny Pickett,Pittsburgh,2022,,,7,pass,0.18453407287597656,False,17.0
2021,Kenny Pickett,Pittsburgh,2022,,,55,pass,3.541074514389038,True,55.0
2021,Kenny Pickett,Pittsburgh,2022,,,11,pass,1.5010490417480469,True,11.0
2021,Kenny Pickett,Pittsburgh,2022,,,47,pass,2.319166421890259,False,58.0
2021,Kenny Pickett,Pittsburgh,2022,,,16,pass,2.4786875247955322,False,73.0
2021,Kenny Pickett,Pittsburgh,2022,,,10,pass,1.1276023387908936,False,57.0
2021,Kenny Pickett,Pittsburgh,2022,,,0,pass,-1.821332573890686,False,45.0
2021,Kenny Pickett,Pittsburgh,2022,,,7,pass,-0.8889706134796143,False,52.0
2021,Kenny Pickett,Pittsburgh,2022,,,14,pass,1.4317107200622559,False,40.0
2021,Kenny Pickett,Pittsburgh,2022,,,8,pass,0.6284070014953613,False,26.0
2021,Kenny Pickett,Pittsburgh,2022,,,8,pass,0.767878532409668,False,48.0
2021,Kenny Pickett,Pittsburgh,2022,,,0,pass,-0.8608534336090088,False,40.0
2021,Kenny Pickett,Pittsburgh,2022,,,4,pass,0.36075925827026367,False,68.0
2021,Kenny Pickett,Pittsburgh,2022,,,16,pass,1.092572569847107,False,64.0
2021,Kenny Pickett,Pittsburgh,2022,,,0,pass,-0.715559720993042,False,48.0
2021,Kenny Pickett,Pittsburgh,2022,,,0,pass,-1.3684636354446411,False,46.0
2021,Kenny Pickett,Pittsburgh,2022,,,0,pass,-2.3560922145843506,False,16.0
2021,Kenny Pickett,Pittsburgh,2022,,,12,pass,1.3521323204040527,False,84.0
2021,Kenny Pickett,Pittsburgh,2022,,,5,pass,-1.0867706537246704,False,46.0
2021,Kenny Pickett,Pittsburgh,2022,,,-1,pass,-0.9294700622558594,False,42.0
2021,Kenny Pickett,Pittsburgh,2022,,,14,pass,1.395076036453247,False,56.0
2021,Kenny Pickett,Pittsburgh,2022,,,9,pass,0.3082010746002197,False,33.0
2021,Kenny Pickett,Pittsburgh,2022,,,4,pass,-0.1414792537689209,False,33.0
2021,Kenny Pickett,Pittsburgh,2022,,,12,pass,1.2294602394104004,False,45.0
2021,Kenny Pickett,Pittsburgh,2022,,,36,pass,4.087047576904297,True,36.0
2021,Kenny Pickett,Pittsburgh,2022,,,22,pass,0.9189243316650391,False,81.0
2021,Kenny Pickett,Pittsburgh,2022,,,28,pass,3.7799232006073,False,31.0
2021,Kenny Pickett,Pittsburgh,2022,,,-6,pass,-2.3703720569610596,False,36.0
2021,Kenny Pickett,Pittsburgh,2022,,,0,pass,-0.7818729877471924,False,58.0
2021,Kenny Pickett,Pittsburgh,2022,,,4,pass,-0.06343400478363037,False,67.0
2021,Kenny Pickett,Pittsburgh,2022,,,4,pass,0.1736283302307129,False,73.0
2021,Kenny Pickett,Pittsburgh,2022,,,4,pass,-0.26266634464263916,False,67.0
2021,Kenny Pickett,Pittsburgh,2022,,,-2,pass,-1.139803409576416,False,65.0
2021,Kenny Pickett,Pittsburgh,2022,,,8,pass,1.765202522277832,True,8.0
2021,Kenny Pickett,Pittsburgh,2022,,,3,pass,-0.5369884967803955,False,29.0
2021,Kenny Pickett,Pittsburgh,2022,,,0,pass,-0.6082794666290283,False,29.0
2021,Kenny Pickett,Pittsburgh,2022,,,11,pass,0.8508341312408447,False,53.0
2021,Kenny Pickett,Pittsburgh,2022,,,10,pass,0.08754310011863708,False,65.0
2021,Kenny Pickett,Pittsburgh,2022,,,0,pass,-1.0295560359954834,False,65.0
2021,Kenny Pickett,Pittsburgh,2022,,,0,pass,-0.6399728059768677,False,65.0
2021,Kenny Pickett,Pittsburgh,2022,,,18,pass,1.25931978225708,False,83.0
2021,Kenny Pickett,Pittsburgh,2022,,,8,pass,0.7622963190078735,False,89.0
2021,Kenny Pickett,Pittsburgh,2022,,,0,pass,-1.0711607933044434,False,76.0
2021,Kenny Pickett,Pittsburgh,2022,,,0,pass,-1.0514756441116333,False,76.0
2021,Kenny Pickett,Pittsburgh,2022,,,0,pass,-0.546069860458374,False,75.0
2021,Kenny Pickett,Pittsburgh,2022,,,0,pass,-1.0764873027801514,False,16.0
2021,Kenny Pickett,Pittsburgh,2022,,,12,pass,0.3333625793457031,False,28.0
2021,Kenny Pickett,Pittsburgh,2022,,,13,pass,1.4797825813293457,False,51.0
2021,Kenny Pickett,Pittsburgh,2022,,,10,pass,-0.25746405124664307,False,36.0
2021,Kenny Pickett,Pittsburgh,2022,,,-8,pass,-1.0107214450836182,False,34.0
2021,Kenny Pickett,Pittsburgh,2022,,,22,pass,1.7156541347503662,False,48.0
2021,Kenny Pickett,Pittsburgh,2022,,,0,pass,-0.5995969772338867,False,48.0
2021,Kenny Pickett,Pittsburgh,2022,,,13,pass,1.2578065395355225,False,61.0
2021,Kenny Pickett,Pittsburgh,2022,,,7,pass,0.591447114944458,False,69.0
2021,Kenny Pickett,Pittsburgh,2022,,,39,pass,6.30647611618042,True,39.0
2021,Kenny Pickett,Pittsburgh,2022,,,0,pass,-0.5652241706848145,False,39.0
2021,Kenny Pickett,Pittsburgh,2022,,,0,pass,-0.469743013381958,False,39.0
2021,Kenny Pickett,Pittsburgh,2022,,,7,pass,0.4338502883911133,False,51.0
2021,Kenny Pickett,Pittsburgh,2022,,,7,pass,0.0004360675811767578,False,58.0
2021,Kenny Pickett,Pittsburgh,2022,,,15,pass,-0.0004360675811767578,False,73.0
2021,Kenny Pickett,Pittsburgh,2022,,,23,pass,3.6747844219207764,True,23.0
2021,Kenny Pickett,Pittsburgh,2022,,,3,pass,-0.809025764465332,False,26.0
2021,Kenny Pickett,Pittsburgh,2022,,,0,pass,-0.44776463508605957,False,26.0
2021,Kenny Pickett,Pittsburgh,2022,,,29,pass,1.7565839290618896,False,55.0
2021,Kenny Pickett,Pittsburgh,2022,,,0,pass,-0.6134871244430542,False,58.0
2021,Kenny Pickett,Pittsburgh,2022,,,8,pass,0.5989660024642944,False,66.0
2021,Kenny Pickett,Pittsburgh,2022,,,13,pass,2.384427547454834,False,79.0
2021,Kenny Pickett,Pittsburgh,2022,,,0,pass,-0.5184075832366943,False,79.0
2021,Kenny Pickett,Pittsburgh,2022,,,6,pass,0.503319263458252,False,87.0
2021,Kenny Pickett,Pittsburgh,2022,,,-9,pass,-2.1152210235595703,False,37.0
2021,Kenny Pickett,Pittsburgh,2022,,,25,pass,1.7403881549835205,False,65.0
2021,Kenny Pickett,Pittsburgh,2022,,,16,pass,-4.864177703857422,False,51.0
2021,Kenny Pickett,Pittsburgh,2022,,,9,pass,0.9535069465637207,False,60.0
2021,Kenny Pickett,Pittsburgh,2022,,,4,pass,-0.13595843315124512,False,64.0
2021,Kenny Pickett,Pittsburgh,2022,,,11,pass,1.5785727500915527,False,75.0
2021,Kenny Pickett,Pittsburgh,2022,,,0,pass,-0.5504226684570312,False,75.0
2021,Kenny Pickett,Pittsburgh,2022,,,0,pass,-1.2514290809631348,False,58.0
2021,Kenny Pickett,Pittsburgh,2022,,,0,pass,-0.6366962194442749,False,56.0
2021,Kenny Pickett,Pittsburgh,2022,,,9,pass,2.026731252670288,False,65.0
2021,Kenny Pickett,Pittsburgh,2022,,,0,pass,-0.9076024293899536,False,65.0
2021,Kenny Pickett,Pittsburgh,2022,,,6,pass,-0.2846357822418213,False,91.0
2021,Kenny Pickett,Pittsburgh,2022,,,0,pass,-0.8644041419029236,False,91.0
2021,Kenny Pickett,Pittsburgh,2022,,,-3,pass,-1.4238307476043701,False,83.0
2021,Kenny Pickett,Pittsburgh,2022,,,3,pass,-0.5949358940124512,False,81.0
2021,Kenny Pickett,Pittsburgh,2022,,,0,pass,-2.1089696884155273,False,31.0
2021,Kenny Pickett,Pittsburgh,2022,,,19,pass,1.025451898574829,False,95.0
2021,Kenny Pickett,Pittsburgh,2022,,,23,pass,1.5633368492126465,False,76.0
2021,Kenny Pickett,Pittsburgh,2022,,,5,pass,0.1396498680114746,False,54.0
2021,Kenny Pickett,Pittsburgh,2022,,,26,pass,2.6296169757843018,False,49.0
2021,Kenny Pickett,Pittsburgh,2022,,,0,pass,-1.5386526584625244,False,23.0
2021,Kenny Pickett,Pittsburgh,2022,,,0,pass,-0.6011444330215454,False,65.0
2021,Kenny Pickett,Pittsburgh,2022,,,7,pass,-1.0309851169586182,False,65.0
2021,Kenny Pickett,Pittsburgh,2022,,,10,pass,2.4326658248901367,False,15.0
2021,Kenny Pickett,Pittsburgh,2022,,,0,pass,-2.174617052078247,False,36.0
2021,Kenny Pickett,Pittsburgh,2022,,,6,pass,0.5907635688781738,False,23.0
2021,Kenny Pickett,Pittsburgh,2022,,,20,pass,1.2861754894256592,False,91.0
2021,Kenny Pickett,Pittsburgh,2022,,,14,pass,1.4827662706375122,False,69.0
2021,Kenny Pickett,Pittsburgh,2022,,,16,pass,1.2379916906356812,False,55.0
2021,Kenny Pickett,Pittsburgh,2022,,,20,pass,1.6598920822143555,False,39.0
2021,Kenny Pickett,Pittsburgh,2022,,,11,pass,1.6528699398040771,False,27.0
2021,Kenny Pickett,Pittsburgh,2022,,,2,pass,-0.6047465801239014,False,16.0
2021,Kenny Pickett,Pittsburgh,2022,,,2,pass,-0.500941276550293,False,14.0
2021,Kenny Pickett,Pittsburgh,2022,,,0,pass,-0.45286881923675537,False,31.0
2021,Kenny Pickett,Pittsburgh,2022,,,-4,pass,-0.9067639112472534,False,75.0
2021,Kenny Pickett,Pittsburgh,2022,,,18,pass,1.1541047096252441,False,65.0
2021,Kenny Pickett,Pittsburgh,2022,,,8,pass,0.6763033866882324,False,47.0
2021,Kenny Pickett,Pittsburgh,2022,,,3,pass,-0.48520994186401367,False,34.0
2021,Kenny Pickett,Pittsburgh,2022,,,0,pass,-5.67800235748291,False,45.0
2021,Kenny Pickett,Pittsburgh,2022,,,5,pass,0.09291824698448181,False,78.0
2021,Kenny Pickett,Pittsburgh,2022,,,6,pass,0.8334928750991821,False,73.0
2021,Kenny Pickett,Pittsburgh,2022,,,12,pass,0.7845170497894287,False,67.0
2021,Kenny Pickett,Pittsburgh,2022,,,16,pass,1.4941635131835938,False,55.0
2021,Kenny Pickett,Pittsburgh,2022,,,39,pass,1.9835901260375977,False,84.0
2021,Kenny Pickett,Pittsburgh,2022,,,13,pass,2.004373550415039,False,46.0
2021,Kenny Pickett,Pittsburgh,2022,,,8,pass,0.5367751121520996,False,75.0
2021,Kenny Pickett,Pittsburgh,2022,,,33,pass,3.5197784900665283,False,67.0
2021,Kenny Pickett,Pittsburgh,2022,,,8,pass,0.7226579189300537,False,34.0
2021,Kenny Pickett,Pittsburgh,2022,,,7,pass,-0.2514690160751343,False,87.0
2021,Kenny Pickett,Pittsburgh,2022,,,8,pass,-0.11281824111938477,False,80.0
2021,Kenny Pickett,Pittsburgh,2022,,,0,pass,-1.5714443922042847,False,72.0
2021,Kenny Pickett,Pittsburgh,2022,,,23,pass,1.6142812967300415,False,75.0
2021,Kenny Pickett,Pittsburgh,2022,,,0,pass,-0.650554895401001,False,52.0
2021,Kenny Pickett,Pittsburgh,2022,,,0,pass,-2.0461950302124023,False,45.0
2021,Kenny Pickett,Pittsburgh,2022,,,24,pass,3.510897397994995,False,24.0
2021,Kenny Pickett,Pittsburgh,2022,,,0,pass,-1.079433560371399,False,71.0
2021,Kenny Pickett,Pittsburgh,2022,,,37,pass,3.928110122680664,False,71.0
2021,Kenny Pickett,Pittsburgh,2022,,,10,pass,0.4398219585418701,False,34.0
2021,Kenny Pickett,Pittsburgh,2022,,,0,pass,-1.42756986618042,False,29.0
2021,Kenny Pickett,Pittsburgh,2022,,,14,pass,-1.9830493927001953,False,38.0
2021,Kenny Pickett,Pittsburgh,2022,,,11,pass,1.4913158416748047,False,25.0
2021,Kenny Pickett,Pittsburgh,2022,,,21,pass,1.5333056449890137,False,61.0
2021,Kenny Pickett,Pittsburgh,2022,,,0,pass,-1.3226898908615112,False,29.0
2021,Kenny Pickett,Pittsburgh,2022,,,0,pass,-1.351987600326538,False,71.0
2021,Kenny Pickett,Pittsburgh,2022,,,-1,pass,-1.1034923791885376,False,68.0
2021,Kenny Pickett,Pittsburgh,2022,,,12,pass,1.6115716695785522,False,69.0
2021,Kenny Pickett,Pittsburgh,2022,,,8,pass,0.43959808349609375,False,47.0
2021,Kenny Pickett,Pittsburgh,2022,,,0,pass,-0.603764533996582,False,22.0
2021,Kenny Pickett,Pittsburgh,2022,,,17,pass,-4.54391622543335,False,72.0
2021,Kenny Pickett,Pittsburgh,2022,,,29,pass,2.2835378646850586,True,29.0
2021,Kenny Pickett,Pittsburgh,2022,,,15,pass,1.7965542078018188,False,68.0
2021,Kenny Pickett,Pittsburgh,2022,,,23,pass,-2.6901729106903076,False,52.0
2021,Kenny Pickett,Pittsburgh,2022,,,-1,pass,-0.39109736680984497,False,57.0
2021,Kenny Pickett,Pittsburgh,2022,,,0,pass,-0.13672086596488953,False,58.0
2021,Kenny Pickett,Pittsburgh,2022,,,11,pass,0.8575857877731323,False,58.0
2021,Kenny Pickett,Pittsburgh,2022,,,13,pass,1.1921589374542236,False,47.0
2021,Kenny Pickett,Pittsburgh,2022,,,0,pass,-0.3581557273864746,False,34.0
2021,Kenny Pickett,Pittsburgh,2022,,,46,pass,2.6169228553771973,False,63.0
2021,Kenny Pickett,Pittsburgh,2022,,,1,pass,-0.3257465362548828,False,17.0
2021,Kenny Pickett,Pittsburgh,2022,,,0,pass,-0.6488437652587891,False,16.0
2021,Kenny Pickett,Pittsburgh,2022,,,0,pass,-0.8369176387786865,False,16.0
2021,Kenny Pickett,Pittsburgh,2022,,,18,pass,1.4855127334594727,False,49.0
2021,Kenny Pickett,Pittsburgh,2022,,,11,pass,0.45421791076660156,False,70.0
2021,Kenny Pickett,Pittsburgh,2022,,,11,pass,0.7678167819976807,False,59.0
2021,Kenny Pickett,Pittsburgh,2022,,,9,pass,0.9212038516998291,False,48.0
2021,Kenny Pickett,Pittsburgh,2022,,,0,pass,-0.59230637550354,False,36.0
2021,Kenny Pickett,Pittsburgh,2022,,,7,pass,0.35712695121765137,False,36.0
2021,Kenny Pickett,Pittsburgh,2022,,,15,pass,1.6936733722686768,False,29.0
2021,Kenny Pickett,Pittsburgh,2022,,,0,pass,-0.5666685104370117,False,14.0
2021,Kenny Pickett,Pittsburgh,2022,,,47,pass,4.3531599044799805,True,47.0
2021,Kenny Pickett,Pittsburgh,2022,,,3,pass,-0.35117071866989136,False,72.0
2021,Kenny Pickett,Pittsburgh,2022,,,1,pass,-1.1581324338912964,False,69.0
2021,Kenny Pickett,Pittsburgh,2022,,,15,pass,2.64750599861145,False,70.0
2021,Kenny Pickett,Pittsburgh,2022,,,8,pass,0.7232711315155029,False,55.0
2021,Kenny Pickett,Pittsburgh,2022,,,0,pass,-1.3487513065338135,False,36.0
2021,Kenny Pickett,Pittsburgh,2022,,,12,pass,0.7246332168579102,False,47.0
2021,Kenny Pickett,Pittsburgh,2022,,,0,pass,-1.014941692352295,False,36.0
2021,Kenny Pickett,Pittsburgh,2022,,,-2,pass,-5.8378682136535645,False,75.0
2021,Kenny Pickett,Pittsburgh,2022,,,10,pass,2.7217822074890137,True,10.0
2021,Kenny Pickett,Pittsburgh,2022,,,37,pass,2.994107246398926,False,72.0
2021,Kenny Pickett,Pittsburgh,2022,,,7,pass,0.5521409511566162,False,35.0
2021,Kenny Pickett,Pittsburgh,2022,,,0,pass,-0.5896806716918945,False,14.0
2021,Kenny Pickett,Pittsburgh,2022,,,8,pass,0.23183655738830566,False,25.0
2021,Kenny Pickett,Pittsburgh,2022,,,11,pass,4.463531494140625,True,11.0
2021,Kenny Pickett,Pittsburgh,2022,,,13,pass,-0.33233949542045593,False,60.0
2021,Kenny Pickett,Pittsburgh,2022,,,0,pass,-0.1309688687324524,False,60.0
2021,Kenny Pickett,Pittsburgh,2022,,,8,pass,0.1415632963180542,False,68.0
2021,Kenny Pickett,Pittsburgh,2022,,,7,pass,0.15242373943328857,False,75.0
2021,Kenny Pickett,Pittsburgh,2022,,,0,pass,-4.641209602355957,False,75.0
2021,Kenny Pickett,Pittsburgh,2022,,,0,pass,-1.4418671131134033,False,49.0
2021,Kenny Pickett,Pittsburgh,2022,,,4,pass,0.639136552810669,False,52.0
2021,Kenny Pickett,Pittsburgh,2022,,,7,pass,0.388669490814209,False,59.0
2021,Kenny Pickett,Pittsburgh,2022,,,0,pass,-1.3073439598083496,False,35.0
2021,Kenny Pickett,Pittsburgh,2022,,,-10,pass,-1.6986404657363892,False,25.0
2021,Kenny Pickett,Pittsburgh,2022,,,-4,pass,-1.3557584285736084,False,21.0
2021,Kenny Pickett,Pittsburgh,2022,,,7,pass,0.2805290222167969,False,32.0
2021,Kenny Pickett,Pittsburgh,2022,,,7,pass,0.35289978981018066,False,45.0
2021,Kenny Pickett,Pittsburgh,2022,,,12,pass,1.6151224374771118,False,57.0
2021,Kenny Pickett,Pittsburgh,2022,,,0,pass,-0.8234962224960327,False,57.0
2021,Kenny Pickett,Pittsburgh,2022,,,6,pass,0.10633635520935059,False,63.0
2021,Kenny Pickett,Pittsburgh,2022,,,12,pass,0.736688494682312,False,75.0
2021,Kenny Pickett,Pittsburgh,2022,,,-10,pass,-2.1930136680603027,False,73.0
2021,Kenny Pickett,Pittsburgh,2022,,,20,pass,0.7863385677337646,False,33.0
2021,Kenny Pickett,Pittsburgh,2022,,,0,pass,-0.5661771297454834,False,18.0
2021,Kenny Pickett,Pittsburgh,2022,,,16,pass,0.8846466541290283,False,37.0
2021,Kenny Pickett,Pittsburgh,2022,,,0,pass,-0.40426337718963623,False,40.0
2021,Kenny Pickett,Pittsburgh,2022,,,32,pass,3.167694330215454,True,32.0
2021,Kenny Pickett,Pittsburgh,2022,,,27,pass,1.1239264011383057,False,77.0
2021,Kenny Pickett,Pittsburgh,2022,,,0,pass,-1.5622349977493286,False,57.0
2021,Kenny Pickett,Pittsburgh,2022,,,-9,pass,-1.5911900997161865,False,65.0
2021,Kenny Pickett,Pittsburgh,2022,,,0,pass,-0.42455267906188965,False,55.0
2021,Kenny Pickett,Pittsburgh,2022,,,0,pass,-1.8236439228057861,False,16.0
2021,Kenny Pickett,Pittsburgh,2022,,,42,pass,1.7564654350280762,False,65.0
2021,Kenny Pickett,Pittsburgh,2022,,,1,pass,0.8724298477172852,True,1.0
2021,Kenny Pickett,Pittsburgh,2022,,,44,pass,2.6000304222106934,False,48.0
2021,Kenny Pickett,Pittsburgh,2022,,,10,pass,1.4536237716674805,False,12.0
2021,Kenny Pickett,Pittsburgh,2022,,,5,pass,0.20435237884521484,False,20.0
2021,Kenny Pickett,Pittsburgh,2022,,,0,pass,-3.813652753829956,False,6.0
2021,Kenny Pickett,Pittsburgh,2022,,,12,pass,1.1148898601531982,False,18.0
2021,Kenny Pickett,Pittsburgh,2022,,,0,pass,-0.5780730247497559,False,15.0
2021,Kenny Pickett,Pittsburgh,2022,,,11,pass,0.6987004280090332,False,26.0
2021,Kenny Pickett,Pittsburgh,2022,,,21,pass,2.8743414878845215,False,47.0
2021,Kenny Pickett,Pittsburgh,2022,,,3,pass,-0.6967291831970215,False,50.0
2021,Kenny Pickett,Pittsburgh,2022,,,0,pass,-0.7121214866638184,False,50.0
2021,Kenny Pickett,Pittsburgh,2022,,,0,pass,-0.5407447218894958,False,75.0
2021,Kenny Pickett,Pittsburgh,2022,,,62,pass,6.056063175201416,True,62.0
2021,Kenny Pickett,Pittsburgh,2022,,,-11,pass,-2.6914143562316895,False,48.0
2021,Kenny Pickett,Pittsburgh,2022,,,9,pass,1.151890754699707,False,10.0
2021,Kenny Pickett,Pittsburgh,2022,,,11,pass,0.9752061367034912,False,61.0
2021,Kenny Pickett,Pittsburgh,2022,,,13,pass,1.594545841217041,False,78.0
2021,Kenny Pickett,Pittsburgh,2022,,,2,pass,-0.6332244873046875,False,7.0
2021,Kenny Pickett,Pittsburgh,2022,,,12,pass,0.8458871841430664,False,19.0
2021,Kenny Pickett,Pittsburgh,2022,,,21,pass,1.7148034572601318,False,40.0
2021,Kenny Pickett,Pittsburgh,2022,,,34,pass,3.9279263019561768,True,34.0
2021,Kenny Pickett,Pittsburgh,2022,,,4,pass,-0.1437211036682129,False,43.0
2021,Kenny Pickett,Pittsburgh,2022,,,0,pass,-1.2728270292282104,False,72.0
2021,Kenny Pickett,Pittsburgh,2022,,,0,pass,-0.6463336944580078,False,75.0
2021,Kenny Pickett,Pittsburgh,2022,,,33,pass,-5.672344207763672,False,75.0
2021,Kenny Pickett,Pittsburgh,2022,,,0,pass,-0.4971693158149719,False,57.0
2021,Kenny Pickett,Pittsburgh,2022,,,6,pass,0.056741535663604736,False,63.0
2021,Kenny Pickett,Pittsburgh,2022,,,7,pass,-0.08980622887611389,False,70.0
2021,Kenny Pickett,Pittsburgh,2022,,,5,pass,0.07294511795043945,False,75.0
2021,Kenny Pickett,Pittsburgh,2022,,,8,pass,-0.11553490161895752,False,26.0
2021,Kenny Pickett,Pittsburgh,2022,,,-10,pass,-1.9330165386199951,False,16.0
2021,Kenny Pickett,Pittsburgh,2022,,,15,pass,1.4843227863311768,False,31.0
2021,Kenny Pickett,Pittsburgh,2022,,,18,pass,4.397149085998535,True,18.0
2021,Kenny Pickett,Pittsburgh,2022,,,7,pass,-0.5887320041656494,False,25.0
2021,Kenny Pickett,Pittsburgh,2022,,,-1,pass,-1.1132755279541016,False,24.0
2021,Kenny Pickett,Pittsburgh,2022,,,17,pass,0.8830254077911377,False,41.0
2021,Kenny Pickett,Pittsburgh,2022,,,15,pass,2.2120144367218018,False,70.0
2021,Kenny Pickett,Pittsburgh,2022,,,0,pass,-0.5906192064285278,False,75.0
2021,Kenny Pickett,Pittsburgh,2022,,,11,pass,1.8528480529785156,True,11.0
2021,Kenny Pickett,Pittsburgh,2022,,,5,pass,0.4874415397644043,False,16.0
2021,Kenny Pickett,Pittsburgh,2022,,,12,pass,0.941892147064209,False,35.0
2021,Kenny Pickett,Pittsburgh,2022,,,15,pass,1.2043249607086182,False,50.0
2021,Kenny Pickett,Pittsburgh,2022,,,12,pass,1.3874775171279907,False,62.0
2021,Kenny Pickett,Pittsburgh,2022,,,0,pass,-0.6993741989135742,False,88.0
2021,Kenny Pickett,Pittsburgh,2022,,,-5,pass,-2.4742584228515625,False,36.0
2021,Kenny Pickett,Pittsburgh,2022,,,0,pass,-0.6330502033233643,False,41.0
2021,Kenny Pickett,Pittsburgh,2022,,,8,pass,0.928528368473053,False,63.0
2021,Kenny Pickett,Pittsburgh,2022,,,12,pass,0.9747684001922607,False,75.0
2021,Kenny Pickett,Pittsburgh,2022,,,0,pass,-2.9355807304382324,False,39.0
2021,Kenny Pickett,Pittsburgh,2022,,,2,pass,-0.5236966609954834,False,50.0
2021,Kenny Pickett,Pittsburgh,2022,,,3,pass,-0.7596256732940674,False,48.0
2021,Kenny Pickett,Pittsburgh,2022,,,4,pass,1.1903895139694214,False,68.0
2021,Kenny Pickett,Pittsburgh,2022,,,5,pass,0.7669887542724609,True,5.0
2021,Kenny Pickett,Pittsburgh,2022,,,3,pass,-1.1539912223815918,False,73.0
2021,Kenny Pickett,Pittsburgh,2022,,,25,pass,3.2181928157806396,False,75.0
2021,Kenny Pickett,Pittsburgh,2022,,,10,pass,0.5316789150238037,False,50.0
2021,Kenny Pickett,Pittsburgh,2022,,,0,pass,-0.5989010334014893,False,40.0
2021,Kenny Pickett,Pittsburgh,2022,,,20,pass,1.5408673286437988,False,33.0
2021,Kenny Pickett,Pittsburgh,2022,,,8,pass,0.5978784561157227,False,13.0
2021,Kenny Pickett,Pittsburgh,2022,,,4,pass,1.2186903953552246,True,4.0
2021,Kenny Pickett,Pittsburgh,2022,,,7,pass,0.48320674896240234,False,59.0
2021,Kenny Pickett,Pittsburgh,2022,,,7,pass,0.626528263092041,False,26.0
2021,Kenny Pickett,Pittsburgh,2022,,,0,pass,-0.5842318534851074,False,19.0
2021,Kenny Pickett,Pittsburgh,2022,,,5,pass,-0.2970595359802246,False,19.0
2021,Kenny Pickett,Pittsburgh,2022,,,0,pass,-0.08048194646835327,False,55.0
2021,Kenny Pickett,Pittsburgh,2022,,,0,pass,-0.20835542678833008,False,55.0
2021,Kenny Pickett,Pittsburgh,2022,,,7,pass,0.23767924308776855,False,64.0
2021,Kenny Pickett,Pittsburgh,2022,,,-11,pass,-1.2358620166778564,False,49.0
2021,Kenny Pickett,Pittsburgh,2022,,,25,pass,3.089174270629883,True,25.0
2021,Kenny Pickett,Pittsburgh,2022,,,5,pass,0.31137776374816895,False,45.0
2021,Kenny Pickett,Pittsburgh,2022,,,0,pass,-0.8681104183197021,False,40.0
2021,Kenny Pickett,Pittsburgh,2022,,,6,pass,1.2186386585235596,False,40.0
2021,Kenny Pickett,Pittsburgh,2022,,,0,pass,-0.5514187812805176,False,25.0
2021,Kenny Pickett,Pittsburgh,2022,,,15,pass,2.1877331733703613,True,15.0
2021,Kenny Pickett,Pittsburgh,2022,,,18,pass,1.7586075067520142,False,58.0
2021,Kenny Pickett,Pittsburgh,2022,,,7,pass,0.5573484897613525,False,39.0
2021,Kenny Pickett,Pittsburgh,2022,,,7,pass,0.6439661979675293,False,29.0
2021,Kenny Pickett,Pittsburgh,2022,,,1,pass,-0.7703520655632019,False,79.0
2021,Kenny Pickett,Pittsburgh,2022,,,0,pass,-1.6402206420898438,False,78.0
2021,Kenny Pickett,Pittsburgh,2022,,,9,pass,0.8740019798278809,False,82.0
2021,Kenny Pickett,Pittsburgh,2022,,,2,pass,-1.4262583255767822,False,73.0
2021,Kenny Pickett,Pittsburgh,2022,,,0,pass,-1.7062156200408936,False,75.0
2021,Kenny Pickett,Pittsburgh,2022,,,0,pass,-2.683368682861328,False,43.0
2021,Kenny Pickett,Pittsburgh,2022,,,7,pass,-0.06975725293159485,False,57.0
2021,Kenny Pickett,Pittsburgh,2022,,,7,pass,-0.8734216690063477,False,50.0
2021,Kenny Pickett,Pittsburgh,2022,,,2,pass,0.05764007568359375,False,3.0
2021,Kenny Pickett,Pittsburgh,2022,,,20,pass,0.7912673950195312,False,32.0
2021,Kenny Pickett,Pittsburgh,2022,,,-14,pass,-2.6403298377990723,False,24.0
2021,Kenny Pickett,Pittsburgh,2022,,,0,pass,-0.7421596050262451,False,19.0
2021,Kenny Pickett,Pittsburgh,2022,,,0,pass,-0.5700812339782715,False,19.0
2021,Kenny Pickett,Pittsburgh,2022,,,9,pass,0.8003354072570801,False,43.0
2021,Kenny Pickett,Pittsburgh,2022,,,12,pass,2.2656326293945312,False,55.0
2021,Kenny Pickett,Pittsburgh,2022,,,0,pass,-1.847157597541809,False,50.0
2021,Kenny Pickett,Pittsburgh,2022,,,6,pass,0.2392568588256836,False,58.0
2021,Kenny Pickett,Pittsburgh,2022,,,6,pass,0.22109532356262207,False,68.0
2021,Kenny Pickett,Pittsburgh,2022,,,10,pass,1.3456493616104126,False,78.0
2021,Kenny Pickett,Pittsburgh,2022,,,22,pass,1.3117870092391968,False,88.0
2021,Kenny Pickett,Pittsburgh,2022,,,32,pass,1.969190239906311,False,65.0
2021,Kenny Pickett,Pittsburgh,2022,,,-11,pass,-2.5967142581939697,False,49.0
2021,Kenny Pickett,Pittsburgh,2022,,,-3,pass,-0.9260768890380859,False,46.0
2021,Kenny Pickett,Pittsburgh,2022,,,4,pass,2.608236312866211,True,4.0
2021,Kenny Pickett,Pittsburgh,2022,,,0,pass,-1.1269512176513672,False,4.0
2021,Kenny Pickett,Pittsburgh,2022,,,0,pass,-4.645602226257324,False,25.0
2021,Kenny Pickett,Pittsburgh,2022,,,5,pass,0.1986382007598877,False,34.0
2021,Kenny Pickett,Pittsburgh,2022,,,0,pass,-0.5234964489936829,False,64.0
2021,Kenny Pickett,Pittsburgh,2022,,,-13,pass,-2.2476658821105957,False,65.0
2021,Kenny Pickett,Pittsburgh,2022,,,7,pass,0.5550937652587891,False,64.0
2021,Kenny Pickett,Pittsburgh,2022,,,0,pass,-0.8624763488769531,False,31.0
2021,Kenny Pickett,Pittsburgh,2022,,,0,pass,-0.5759010314941406,False,31.0
2021,Kenny Pickett,Pittsburgh,2022,,,15,pass,0.8894283771514893,False,46.0
2021,Kenny Pickett,Pittsburgh,2022,,,19,pass,1.398276448249817,False,75.0
2021,Kenny Pickett,Pittsburgh,2022,,,22,pass,1.9762120246887207,True,22.0
2021,Kenny Pickett,Pittsburgh,2022,,,35,pass,1.5167393684387207,False,57.0
2021,Kenny Pickett,Pittsburgh,2022,,,18,pass,1.8794348239898682,False,75.0
2021,Kenny Pickett,Pittsburgh,2022,,,0,pass,-0.6135748624801636,False,75.0
2021,Kenny Pickett,Pittsburgh,2022,,,5,pass,-1.284281611442566,False,63.0
2021,Kenny Pickett,Pittsburgh,2022,,,0,pass,-0.6822916269302368,False,63.0
2021,Kenny Pickett,Pittsburgh,2022,,,7,pass,0.7218384742736816,False,70.0
