season,player_name,college,draft_year,down,distance,yards_gained,play_type,epa,scoring,yards_to_goal
2009,Landry Jones,Oklahoma,2013,,,0,pass,-0.5947940945625305,False,37.0
2009,Landry Jones,Oklahoma,2013,,,0,pass,-0.498232364654541,False,32.0
2009,Landry Jones,Oklahoma,2013,,,12,pass,1.1140636205673218,False,45.0
2009,Landry Jones,Oklahoma,2013,,,3,pass,-0.43614423274993896,False,48.0
2009,Landry Jones,Oklahoma,2013,,,12,pass,1.2920175790786743,False,60.0
2009,Landry Jones,Oklahoma,2013,,,0,pass,-0.5470422506332397,False,60.0
2009,Landry Jones,Oklahoma,2013,,,0,pass,-0.42142951488494873,False,60.0
2009,Landry Jones,Oklahoma,2013,,,0,pass,-1.38148832321167,False,2.0
2009,Landry Jones,Oklahoma,2013,,,0,pass,-1.649637222290039,False,51.0
2009,Landry Jones,Oklahoma,2013,,,8,pass,-0.0960015058517456,False,59.0
2009,Landry Jones,Oklahoma,2013,,,3,pass,-0.5682798624038696,False,62.0
2009,Landry Jones,Oklahoma,2013,,,0,pass,-1.4928970336914062,False,57.0
2009,Landry Jones,Oklahoma,2013,,,13,pass,0.269788920879364,False,70.0
2009,Landry Jones,Oklahoma,2013,,,0,pass,-1.3189313411712646,False,62.0
2009,Landry Jones,Oklahoma,2013,,,5,pass,-0.23424291610717773,False,67.0
2009,Landry Jones,Oklahoma,2013,,,4,pass,-1.2413690090179443,False,51.0
2009,Landry Jones,Oklahoma,2013,,,0,pass,-0.47698354721069336,False,51.0
2009,Landry Jones,Oklahoma,2013,,,0,pass,-1.7461342811584473,False,39.0
2009,Landry Jones,Oklahoma,2013,,,0,pass,-0.7261080741882324,False,39.0
2009,Landry Jones,Oklahoma,2013,,,4,pass,-0.11770820617675781,False,43.0
2009,Landry Jones,Oklahoma,2013,,,17,pass,0.5665431022644043,False,60.0
2009,Landry Jones,Oklahoma,2013,,,4,pass,-0.2888011932373047,False,69.0
2009,Landry Jones,Oklahoma,2013,,,0,pass,-0.9008946418762207,False,9.0
2009,Landry Jones,Oklahoma,2013,,,17,pass,0.5574722290039062,False,26.0
2009,Landry Jones,Oklahoma,2013,,,15,pass,1.7761644124984741,False,28.0
2009,Landry Jones,Oklahoma,2013,,,0,pass,-0.42297589778900146,False,28.0
2009,Landry Jones,Oklahoma,2013,,,13,pass,0.6066509485244751,False,53.0
2009,Landry Jones,Oklahoma,2013,,,10,pass,0.25803160667419434,False,59.0
2009,Landry Jones,Oklahoma,2013,,,0,pass,-1.1655259132385254,False,2.0
2009,Landry Jones,Oklahoma,2013,,,11,pass,0.7758274078369141,False,17.0
2009,Landry Jones,Oklahoma,2013,,,8,pass,0.39070582389831543,False,48.0
2009,Landry Jones,Oklahoma,2013,,,11,pass,1.4927668571472168,True,11.0
2009,Landry Jones,Oklahoma,2013,,,27,pass,0.8217563629150391,False,47.0
2009,Landry Jones,Oklahoma,2013,,,51,pass,2.49753475189209,True,51.0
2009,Landry Jones,Oklahoma,2013,,,14,pass,0.8887250423431396,False,65.0
2009,Landry Jones,Oklahoma,2013,,,0,pass,-1.9929922819137573,False,43.0
2009,Landry Jones,Oklahoma,2013,,,24,pass,2.1760921478271484,True,24.0
2009,Landry Jones,Oklahoma,2013,,,0,pass,-0.645545482635498,False,19.0
2009,Landry Jones,Oklahoma,2013,,,17,pass,2.1495256423950195,False,19.0
2009,Landry Jones,Oklahoma,2013,,,0,pass,-0.4269404411315918,False,31.0
2009,Landry Jones,Oklahoma,2013,,,34,pass,2.1296706199645996,False,70.0
2009,Landry Jones,Oklahoma,2013,,,10,pass,0.8146569728851318,False,33.0
2009,Landry Jones,Oklahoma,2013,,,14,pass,1.3308298587799072,False,54.0
2009,Landry Jones,Oklahoma,2013,,,8,pass,-0.15852904319763184,False,70.0
2009,Landry Jones,Oklahoma,2013,,,0,pass,-0.7833378314971924,False,62.0
2009,Landry Jones,Oklahoma,2013,,,5,pass,-0.8306969404220581,False,62.0
2009,Landry Jones,Oklahoma,2013,,,35,pass,2.6413917541503906,True,35.0
2009,Landry Jones,Oklahoma,2013,,,12,pass,0.4671635627746582,False,50.0
2009,Landry Jones,Oklahoma,2013,,,16,pass,2.1204891204833984,False,87.0
2009,Landry Jones,Oklahoma,2013,,,14,pass,2.719486713409424,True,14.0
2009,Landry Jones,Oklahoma,2013,,,10,pass,2.859809398651123,True,10.0
2009,Landry Jones,Oklahoma,2013,,,0,pass,-0.6527225971221924,False,45.0
2009,Landry Jones,Oklahoma,2013,,,0,pass,-0.4637751579284668,False,30.0
2009,Landry Jones,Oklahoma,2013,,,8,pass,0.7622804641723633,False,19.0
2009,Landry Jones,Oklahoma,2013,,,13,pass,2.416281223297119,True,13.0
2009,Landry Jones,Oklahoma,2013,,,8,pass,0.45627307891845703,False,57.0
2009,Landry Jones,Oklahoma,2013,,,5,pass,0.40160369873046875,False,22.0
2009,Landry Jones,Oklahoma,2013,,,0,pass,-0.552424430847168,False,13.0
2009,Landry Jones,Oklahoma,2013,,,63,pass,3.8867037296295166,True,63.0
2009,Landry Jones,Oklahoma,2013,,,11,pass,0.09985184669494629,False,74.0
2009,Landry Jones,Oklahoma,2013,,,7,pass,2.6741132736206055,True,7.0
2009,Landry Jones,Oklahoma,2013,,,5,pass,-0.28624677658081055,False,12.0
2009,Landry Jones,Oklahoma,2013,,,20,pass,1.2021102905273438,False,67.0
2009,Landry Jones,Oklahoma,2013,,,0,pass,-1.2512977123260498,False,94.0
2009,Landry Jones,Oklahoma,2013,,,7,pass,-0.6158416271209717,False,15.0
2009,Landry Jones,Oklahoma,2013,,,6,pass,0.6921548843383789,False,11.0
2009,Landry Jones,Oklahoma,2013,,,12,pass,1.7823691368103027,False,38.0
2009,Landry Jones,Oklahoma,2013,,,0,pass,-0.7992684841156006,False,38.0
2009,Landry Jones,Oklahoma,2013,,,11,pass,0.8728663921356201,False,49.0
2009,Landry Jones,Oklahoma,2013,,,5,pass,-0.8728663921356201,False,44.0
2009,Landry Jones,Oklahoma,2013,,,6,pass,0.3110499382019043,False,55.0
2009,Landry Jones,Oklahoma,2013,,,25,pass,1.774749755859375,False,80.0
2009,Landry Jones,Oklahoma,2013,,,0,pass,-0.5896892547607422,False,22.0
2009,Landry Jones,Oklahoma,2013,,,6,pass,0.09514942765235901,False,87.0
2009,Landry Jones,Oklahoma,2013,,,0,pass,-1.7922816276550293,False,71.0
2009,Landry Jones,Oklahoma,2013,,,6,pass,0.202400803565979,False,78.0
2009,Landry Jones,Oklahoma,2013,,,21,pass,1.8798222541809082,False,23.0
2009,Landry Jones,Oklahoma,2013,,,4,pass,-0.8826082944869995,False,42.0
2009,Landry Jones,Oklahoma,2013,,,0,pass,-1.122746229171753,False,42.0
2009,Landry Jones,Oklahoma,2013,,,25,pass,2.5560998916625977,False,81.0
2009,Landry Jones,Oklahoma,2013,,,8,pass,0.7427252531051636,False,56.0
2009,Landry Jones,Oklahoma,2013,,,0,pass,-0.9127280712127686,False,33.0
2009,Landry Jones,Oklahoma,2013,,,0,pass,-2.121570348739624,False,51.0
2009,Landry Jones,Oklahoma,2013,,,0,pass,-0.6168365478515625,False,33.0
2009,Landry Jones,Oklahoma,2013,,,12,pass,2.206184148788452,False,66.0
2009,Landry Jones,Oklahoma,2013,,,0,pass,-0.6429947018623352,False,66.0
2009,Landry Jones,Oklahoma,2013,,,0,pass,-4.707230091094971,False,84.0
2009,Landry Jones,Oklahoma,2013,,,0,pass,-2.0971837043762207,False,40.0
2009,Landry Jones,Oklahoma,2013,,,4,pass,-0.14016199111938477,False,44.0
2009,Landry Jones,Oklahoma,2013,,,9,pass,1.2075632810592651,False,42.0
2009,Landry Jones,Oklahoma,2013,,,9,pass,0.18553698062896729,False,53.0
2009,Landry Jones,Oklahoma,2013,,,4,pass,-1.194746971130371,False,61.0
2009,Landry Jones,Oklahoma,2013,,,4,pass,-0.9921209812164307,False,8.0
2009,Landry Jones,Oklahoma,2013,,,0,pass,-0.9161181449890137,False,8.0
2009,Landry Jones,Oklahoma,2013,,,9,pass,0.27144479751586914,False,31.0
2009,Landry Jones,Oklahoma,2013,,,5,pass,-0.478513240814209,False,33.0
2009,Landry Jones,Oklahoma,2013,,,0,pass,-0.5893795490264893,False,36.0
2009,Landry Jones,Oklahoma,2013,,,0,pass,-0.9739084243774414,False,83.0
2009,Landry Jones,Oklahoma,2013,,,0,pass,-1.6794779300689697,False,77.0
2009,Landry Jones,Oklahoma,2013,,,16,pass,1.5915393829345703,True,16.0
2009,Landry Jones,Oklahoma,2013,,,9,pass,2.073312759399414,False,41.0
2009,Landry Jones,Oklahoma,2013,,,0,pass,-0.9157562255859375,False,41.0
2009,Landry Jones,Oklahoma,2013,,,37,pass,2.751664400100708,False,79.0
2009,Landry Jones,Oklahoma,2013,,,4,pass,-0.7985059022903442,False,65.0
2009,Landry Jones,Oklahoma,2013,,,1,pass,-0.4891514778137207,False,66.0
2009,Landry Jones,Oklahoma,2013,,,4,pass,0.01559603214263916,False,70.0
2009,Landry Jones,Oklahoma,2013,,,4,pass,-0.3792049288749695,False,91.0
2009,Landry Jones,Oklahoma,2013,,,0,pass,-0.6760043501853943,False,91.0
2009,Landry Jones,Oklahoma,2013,,,19,pass,1.3235695362091064,False,70.0
2009,Landry Jones,Oklahoma,2013,,,0,pass,-0.8168255090713501,False,70.0
2009,Landry Jones,Oklahoma,2013,,,0,pass,-0.5204811096191406,False,60.0
2009,Landry Jones,Oklahoma,2013,,,19,pass,1.3129079341888428,False,79.0
2009,Landry Jones,Oklahoma,2013,,,0,pass,-1.5906400680541992,False,84.0
2009,Landry Jones,Oklahoma,2013,,,6,pass,-0.24727272987365723,False,90.0
2009,Landry Jones,Oklahoma,2013,,,0,pass,-0.8190341591835022,False,90.0
2009,Landry Jones,Oklahoma,2013,,,35,pass,3.717766046524048,True,35.0
2009,Landry Jones,Oklahoma,2013,,,7,pass,0.6447603702545166,False,57.0
2009,Landry Jones,Oklahoma,2013,,,18,pass,2.462480068206787,False,75.0
2009,Landry Jones,Oklahoma,2013,,,3,pass,-0.3087370693683624,False,68.0
2009,Landry Jones,Oklahoma,2013,,,0,pass,-1.050134301185608,False,65.0
2009,Landry Jones,Oklahoma,2013,,,6,pass,-2.606745719909668,False,99.0
2009,Landry Jones,Oklahoma,2013,,,0,pass,-1.0497428178787231,False,70.0
2009,Landry Jones,Oklahoma,2013,,,0,pass,-0.8019269108772278,False,70.0
2009,Landry Jones,Oklahoma,2013,,,10,pass,0.6657894849777222,False,75.0
2009,Landry Jones,Oklahoma,2013,,,12,pass,0.7212091684341431,False,87.0
2009,Landry Jones,Oklahoma,2013,,,0,pass,-0.9126102924346924,False,71.0
2009,Landry Jones,Oklahoma,2013,,,14,pass,0.8018927574157715,False,81.0
2009,Landry Jones,Oklahoma,2013,,,22,pass,2.6800856590270996,False,46.0
2009,Landry Jones,Oklahoma,2013,,,0,pass,-0.8856796026229858,False,28.0
2009,Landry Jones,Oklahoma,2013,,,0,pass,-1.0099860429763794,False,33.0
2009,Landry Jones,Oklahoma,2013,,,16,pass,1.3858733177185059,False,60.0
2009,Landry Jones,Oklahoma,2013,,,0,pass,-0.6177995204925537,False,60.0
2009,Landry Jones,Oklahoma,2013,,,2,pass,0.643887996673584,False,62.0
2009,Landry Jones,Oklahoma,2013,,,3,pass,-0.21253442764282227,False,65.0
2009,Landry Jones,Oklahoma,2013,,,0,pass,-1.1686325073242188,False,20.0
2009,Landry Jones,Oklahoma,2013,,,0,pass,-0.7586507797241211,False,20.0
2009,Landry Jones,Oklahoma,2013,,,16,pass,1.0570082664489746,False,38.0
2009,Landry Jones,Oklahoma,2013,,,-2,pass,-1.0798358917236328,False,50.0
2009,Landry Jones,Oklahoma,2013,,,20,pass,1.584197759628296,False,70.0
2009,Landry Jones,Oklahoma,2013,,,11,pass,-0.7667988538742065,False,66.0
2009,Landry Jones,Oklahoma,2013,,,0,pass,-0.7405332326889038,False,66.0
2009,Landry Jones,Oklahoma,2013,,,17,pass,1.633874535560608,False,59.0
2009,Landry Jones,Oklahoma,2013,,,45,pass,3.260462760925293,False,89.0
2009,Landry Jones,Oklahoma,2013,,,7,pass,0.06181669235229492,False,85.0
2009,Landry Jones,Oklahoma,2013,,,3,pass,-0.34829187393188477,False,77.0
2009,Landry Jones,Oklahoma,2013,,,0,pass,-1.9489858150482178,False,74.0
2009,Landry Jones,Oklahoma,2013,,,8,pass,0.9836506843566895,True,8.0
2009,Landry Jones,Oklahoma,2013,,,9,pass,0.7155578136444092,False,57.0
2009,Landry Jones,Oklahoma,2013,,,14,pass,0.3995485305786133,False,48.0
2009,Landry Jones,Oklahoma,2013,,,13,pass,0.49498629570007324,False,70.0
2009,Landry Jones,Oklahoma,2013,,,9,pass,1.9824175834655762,True,9.0
2009,Landry Jones,Oklahoma,2013,,,4,pass,-1.1533901691436768,False,33.0
2009,Landry Jones,Oklahoma,2013,,,18,pass,-3.2596709728240967,False,29.0
2009,Landry Jones,Oklahoma,2013,,,5,pass,-1.9569910764694214,False,75.0
2009,Landry Jones,Oklahoma,2013,,,4,pass,-0.5348676443099976,False,70.0
2009,Landry Jones,Oklahoma,2013,,,13,pass,2.1151437759399414,False,71.0
2009,Landry Jones,Oklahoma,2013,,,0,pass,-4.048151016235352,False,33.0
2009,Landry Jones,Oklahoma,2013,,,0,pass,-1.1920692920684814,False,67.0
2009,Landry Jones,Oklahoma,2013,,,0,pass,-0.6303337812423706,False,67.0
2009,Landry Jones,Oklahoma,2013,,,0,pass,-0.6920639276504517,False,67.0
2009,Landry Jones,Oklahoma,2013,,,9,pass,0.5077241659164429,False,82.0
2009,Landry Jones,Oklahoma,2013,,,6,pass,0.08054649829864502,False,73.0
2009,Landry Jones,Oklahoma,2013,,,5,pass,-0.846476674079895,False,70.0
2009,Landry Jones,Oklahoma,2013,,,13,pass,1.465539813041687,False,96.0
2009,Landry Jones,Oklahoma,2013,,,4,pass,-0.865592360496521,False,73.0
2009,Landry Jones,Oklahoma,2013,,,0,pass,-0.998521625995636,False,73.0
2009,Landry Jones,Oklahoma,2013,,,2,pass,-0.4492260217666626,False,75.0
2009,Landry Jones,Oklahoma,2013,,,0,pass,-0.9133342504501343,False,62.0
2009,Landry Jones,Oklahoma,2013,,,0,pass,-1.605277180671692,False,57.0
2009,Landry Jones,Oklahoma,2013,,,9,pass,0.7993960380554199,False,71.0
2009,Landry Jones,Oklahoma,2013,,,0,pass,-0.5628859996795654,False,62.0
2009,Landry Jones,Oklahoma,2013,,,5,pass,0.0724945068359375,False,76.0
2009,Landry Jones,Oklahoma,2013,,,9,pass,1.056352138519287,False,11.0
2009,Landry Jones,Oklahoma,2013,,,13,pass,1.0273115634918213,False,44.0
2009,Landry Jones,Oklahoma,2013,,,5,pass,0.11786031723022461,False,31.0
2009,Landry Jones,Oklahoma,2013,,,0,pass,-0.560150146484375,False,11.0
2009,Landry Jones,Oklahoma,2013,,,2,pass,-3.0649611949920654,False,46.0
2009,Landry Jones,Oklahoma,2013,,,10,pass,-1.3660221099853516,False,27.0
2009,Landry Jones,Oklahoma,2013,,,13,pass,1.325031042098999,False,43.0
2009,Landry Jones,Oklahoma,2013,,,13,pass,1.0972843170166016,False,17.0
2009,Landry Jones,Oklahoma,2013,,,26,pass,1.6980234384536743,False,64.0
2009,Landry Jones,Oklahoma,2013,,,9,pass,0.8841712474822998,False,38.0
2009,Landry Jones,Oklahoma,2013,,,6,pass,0.15347003936767578,False,33.0
2009,Landry Jones,Oklahoma,2013,,,6,pass,1.9811081886291504,True,6.0
2009,Landry Jones,Oklahoma,2013,,,7,pass,0.652855396270752,False,15.0
2009,Landry Jones,Oklahoma,2013,,,18,pass,-1.1276835203170776,False,60.0
2009,Landry Jones,Oklahoma,2013,,,25,pass,3.958836078643799,False,42.0
2009,Landry Jones,Oklahoma,2013,,,9,pass,1.5320416688919067,False,61.0
2009,Landry Jones,Oklahoma,2013,,,11,pass,0.3282346725463867,False,62.0
2009,Landry Jones,Oklahoma,2013,,,12,pass,1.3984570503234863,False,51.0
2009,Landry Jones,Oklahoma,2013,,,6,pass,0.3732588291168213,False,39.0
2009,Landry Jones,Oklahoma,2013,,,0,pass,-0.7411761283874512,False,74.0
2009,Landry Jones,Oklahoma,2013,,,5,pass,-0.3046337366104126,False,74.0
2009,Landry Jones,Oklahoma,2013,,,0,pass,-1.5757356882095337,False,69.0
2009,Landry Jones,Oklahoma,2013,,,-3,pass,-0.55209881067276,False,73.0
2009,Landry Jones,Oklahoma,2013,,,0,pass,-0.978398859500885,False,78.0
2009,Landry Jones,Oklahoma,2013,,,13,pass,2.286118268966675,False,78.0
2009,Landry Jones,Oklahoma,2013,,,9,pass,0.6146104335784912,False,65.0
2009,Landry Jones,Oklahoma,2013,,,0,pass,-0.7932631969451904,False,56.0
2009,Landry Jones,Oklahoma,2013,,,14,pass,0.5181198120117188,False,92.0
2009,Landry Jones,Oklahoma,2013,,,0,pass,-0.5163998603820801,False,78.0
2009,Landry Jones,Oklahoma,2013,,,0,pass,-1.5177862644195557,False,76.0
2009,Landry Jones,Oklahoma,2013,,,2,pass,0.32024049758911133,True,2.0
2009,Landry Jones,Oklahoma,2013,,,0,pass,-0.9047996997833252,False,56.0
2009,Landry Jones,Oklahoma,2013,,,6,pass,1.3797001838684082,False,56.0
2009,Landry Jones,Oklahoma,2013,,,0,pass,-0.8840663433074951,False,46.0
2009,Landry Jones,Oklahoma,2013,,,11,pass,1.660811185836792,False,46.0
2009,Landry Jones,Oklahoma,2013,,,9,pass,0.4776339530944824,False,35.0
2009,Landry Jones,Oklahoma,2013,,,23,pass,2.5942282676696777,True,23.0
2009,Landry Jones,Oklahoma,2013,,,0,pass,-0.5906286239624023,False,23.0
2009,Landry Jones,Oklahoma,2013,,,15,pass,1.729313850402832,True,15.0
2009,Landry Jones,Oklahoma,2013,,,19,pass,-3.681119680404663,False,34.0
2009,Landry Jones,Oklahoma,2013,,,5,pass,0.1561119556427002,False,39.0
2009,Landry Jones,Oklahoma,2013,,,5,pass,-0.1291799545288086,False,49.0
2009,Landry Jones,Oklahoma,2013,,,0,pass,-0.452772855758667,False,49.0
2009,Landry Jones,Oklahoma,2013,,,14,pass,0.789535641670227,False,63.0
2009,Landry Jones,Oklahoma,2013,,,6,pass,1.480888843536377,False,69.0
2009,Landry Jones,Oklahoma,2013,,,5,pass,-0.05647774040699005,False,74.0
2009,Landry Jones,Oklahoma,2013,,,0,pass,-3.1321611404418945,False,24.0
2009,Landry Jones,Oklahoma,2013,,,0,pass,-1.168923020362854,False,24.0
2009,Landry Jones,Oklahoma,2013,,,10,pass,2.1750059127807617,False,37.0
2009,Landry Jones,Oklahoma,2013,,,0,pass,-0.9249262809753418,False,37.0
2009,Landry Jones,Oklahoma,2013,,,15,pass,0.7459661960601807,False,52.0
2009,Landry Jones,Oklahoma,2013,,,15,pass,1.0773451328277588,False,67.0
2009,Landry Jones,Oklahoma,2013,,,33,pass,2.7791860103607178,False,72.0
2009,Landry Jones,Oklahoma,2013,,,8,pass,0.7764308452606201,False,28.0
2009,Landry Jones,Oklahoma,2013,,,0,pass,-1.2250980138778687,False,75.0
2009,Landry Jones,Oklahoma,2013,,,11,pass,0.4311961829662323,False,86.0
2009,Landry Jones,Oklahoma,2013,,,12,pass,1.2454932928085327,False,67.0
2009,Landry Jones,Oklahoma,2013,,,0,pass,-1.7607128620147705,False,72.0
2009,Landry Jones,Oklahoma,2013,,,4,pass,-0.6230719089508057,False,15.0
2009,Landry Jones,Oklahoma,2013,,,3,pass,-0.23868632316589355,False,18.0
2009,Landry Jones,Oklahoma,2013,,,9,pass,0.604576587677002,False,32.0
2009,Landry Jones,Oklahoma,2013,,,22,pass,1.2605284452438354,False,54.0
2009,Landry Jones,Oklahoma,2013,,,0,pass,-0.46989548206329346,False,54.0
2009,Landry Jones,Oklahoma,2013,,,16,pass,0.8851308822631836,False,70.0
2009,Landry Jones,Oklahoma,2013,,,0,pass,-0.5244333148002625,False,69.0
2009,Landry Jones,Oklahoma,2013,,,-5,pass,-1.6065540313720703,False,64.0
2009,Landry Jones,Oklahoma,2013,,,1,pass,-0.46558988094329834,False,79.0
2009,Landry Jones,Oklahoma,2013,,,4,pass,0.07664728164672852,False,24.0
2009,Landry Jones,Oklahoma,2013,,,0,pass,-0.8150184154510498,False,24.0
2009,Landry Jones,Oklahoma,2013,,,17,pass,1.0014102458953857,False,46.0
2009,Landry Jones,Oklahoma,2013,,,8,pass,1.0016733407974243,False,54.0
2009,Landry Jones,Oklahoma,2013,,,9,pass,0.8884154558181763,False,56.0
2009,Landry Jones,Oklahoma,2013,,,0,pass,-0.572460412979126,False,56.0
2009,Landry Jones,Oklahoma,2013,,,13,pass,2.4458839893341064,False,69.0
2009,Landry Jones,Oklahoma,2013,,,0,pass,-0.7721470594406128,False,69.0
2009,Landry Jones,Oklahoma,2013,,,0,pass,-0.9834221601486206,False,92.0
2009,Landry Jones,Oklahoma,2013,,,0,pass,-0.782480776309967,False,92.0
2009,Landry Jones,Oklahoma,2013,,,0,pass,-0.9031305313110352,False,96.0
2009,Landry Jones,Oklahoma,2013,,,0,pass,-2.5101943016052246,False,48.0
2009,Landry Jones,Oklahoma,2013,,,0,pass,-0.9602420330047607,False,48.0
2009,Landry Jones,Oklahoma,2013,,,0,pass,-1.3736422061920166,False,28.0
2009,Landry Jones,Oklahoma,2013,,,0,pass,-0.6267762184143066,False,30.0
2009,Landry Jones,Oklahoma,2013,,,0,pass,-1.518703818321228,False,29.0
2009,Landry Jones,Oklahoma,2013,,,5,pass,-0.09099578857421875,False,34.0
2009,Landry Jones,Oklahoma,2013,,,10,pass,2.389554023742676,True,10.0
2009,Landry Jones,Oklahoma,2013,,,0,pass,-0.7016341686248779,False,32.0
2009,Landry Jones,Oklahoma,2013,,,44,pass,1.2390453815460205,False,74.0
2009,Landry Jones,Oklahoma,2013,,,18,pass,0.840939998626709,False,30.0
2009,Landry Jones,Oklahoma,2013,,,0,pass,-1.4711015224456787,False,9.0
2009,Landry Jones,Oklahoma,2013,,,31,pass,1.071927547454834,False,55.0
2009,Landry Jones,Oklahoma,2013,,,0,pass,-0.5365900993347168,False,12.0
2009,Landry Jones,Oklahoma,2013,,,9,pass,0.3751375675201416,False,67.0
2009,Landry Jones,Oklahoma,2013,,,31,pass,0.9759597778320312,False,52.0
2009,Landry Jones,Oklahoma,2013,,,0,pass,-1.4056105613708496,False,18.0
2009,Landry Jones,Oklahoma,2013,,,67,pass,4.179684638977051,True,67.0
2009,Landry Jones,Oklahoma,2013,,,9,pass,-0.022638045251369476,False,81.0
2009,Landry Jones,Oklahoma,2013,,,7,pass,-1.2421154975891113,False,78.0
2009,Landry Jones,Oklahoma,2013,,,11,pass,3.771707057952881,True,11.0
2009,Landry Jones,Oklahoma,2013,,,36,pass,4.616316795349121,True,36.0
2009,Landry Jones,Oklahoma,2013,,,0,pass,-1.0980350971221924,False,90.0
2009,Landry Jones,Oklahoma,2013,,,19,pass,1.0564327239990234,False,75.0
2009,Landry Jones,Oklahoma,2013,,,2,pass,-0.4697575569152832,False,56.0
2009,Landry Jones,Oklahoma,2013,,,2,pass,-0.6406878232955933,False,54.0
2009,Landry Jones,Oklahoma,2013,,,31,pass,3.5616846084594727,False,52.0
2009,Landry Jones,Oklahoma,2013,,,0,pass,-0.9587931632995605,False,6.0
2009,Landry Jones,Oklahoma,2013,,,5,pass,2.238345146179199,True,5.0
2009,Landry Jones,Oklahoma,2013,,,3,pass,-0.35709142684936523,False,8.0
2009,Landry Jones,Oklahoma,2013,,,0,pass,-1.6135097742080688,False,84.0
2009,Landry Jones,Oklahoma,2013,,,0,pass,-0.7302621603012085,False,82.0
2009,Landry Jones,Oklahoma,2013,,,3,pass,-0.8498560190200806,False,82.0
2009,Landry Jones,Oklahoma,2013,,,0,pass,-1.0511586666107178,False,79.0
2009,Landry Jones,Oklahoma,2013,,,6,pass,0.13950693607330322,False,86.0
2009,Landry Jones,Oklahoma,2013,,,-1,pass,-1.102787733078003,False,80.0
2009,Landry Jones,Oklahoma,2013,,,2,pass,-0.5791926383972168,False,27.0
2009,Landry Jones,Oklahoma,2013,,,29,pass,1.4533138275146484,False,56.0
2009,Landry Jones,Oklahoma,2013,,,0,pass,-0.9879748225212097,False,65.0
2009,Landry Jones,Oklahoma,2013,,,7,pass,-0.733086109161377,False,65.0
2009,Landry Jones,Oklahoma,2013,,,0,pass,-0.3756190538406372,False,84.0
2009,Landry Jones,Oklahoma,2013,,,11,pass,2.2210612297058105,False,84.0
2009,Landry Jones,Oklahoma,2013,,,0,pass,-1.767396092414856,False,66.0
2009,Landry Jones,Oklahoma,2013,,,51,pass,6.853353977203369,True,51.0
2009,Landry Jones,Oklahoma,2013,,,8,pass,0.9068800210952759,False,63.0
2009,Landry Jones,Oklahoma,2013,,,0,pass,-0.5684995651245117,False,51.0
2009,Landry Jones,Oklahoma,2013,,,0,pass,-0.981179416179657,False,51.0
2009,Landry Jones,Oklahoma,2013,,,57,pass,5.374000549316406,False,73.0
2009,Landry Jones,Oklahoma,2013,,,6,pass,0.10843849182128906,False,80.0
2009,Landry Jones,Oklahoma,2013,,,0,pass,-0.814732551574707,False,74.0
2009,Landry Jones,Oklahoma,2013,,,5,pass,2.6472156047821045,False,74.0
2009,Landry Jones,Oklahoma,2013,,,0,pass,-0.9852770566940308,False,51.0
2009,Landry Jones,Oklahoma,2013,,,0,pass,-0.9107420444488525,False,66.0
2009,Landry Jones,Oklahoma,2013,,,2,pass,-0.5595442056655884,False,79.0
2009,Landry Jones,Oklahoma,2013,,,5,pass,-0.002276301383972168,False,77.0
2009,Landry Jones,Oklahoma,2013,,,23,pass,1.9157960414886475,False,80.0
2009,Landry Jones,Oklahoma,2013,,,0,pass,-0.5965708494186401,False,57.0
2009,Landry Jones,Oklahoma,2013,,,12,pass,1.4441919326782227,False,57.0
2009,Landry Jones,Oklahoma,2013,,,0,pass,-3.015512704849243,False,41.0
2009,Landry Jones,Oklahoma,2013,,,14,pass,0.03647488355636597,False,90.0
2009,Landry Jones,Oklahoma,2013,,,0,pass,-0.8875820636749268,False,80.0
2009,Landry Jones,Oklahoma,2013,,,0,pass,-0.47696593403816223,False,80.0
2009,Landry Jones,Oklahoma,2013,,,0,pass,-0.6339262127876282,False,80.0
2009,Landry Jones,Oklahoma,2013,,,0,pass,-1.549403429031372,False,80.0
2009,Landry Jones,Oklahoma,2013,,,-1,pass,-0.8409661054611206,False,88.0
2009,Landry Jones,Oklahoma,2013,,,0,pass,-0.5720930099487305,False,15.0
2009,Landry Jones,Oklahoma,2013,,,0,pass,-1.3605022430419922,False,5.0
2009,Landry Jones,Oklahoma,2013,,,0,pass,-2.0816361904144287,False,5.0
2009,Landry Jones,Oklahoma,2013,,,3,pass,-0.4526963233947754,False,56.0
2009,Landry Jones,Oklahoma,2013,,,0,pass,-0.938024640083313,False,53.0
2009,Landry Jones,Oklahoma,2013,,,13,pass,2.4588418006896973,False,53.0
2009,Landry Jones,Oklahoma,2013,,,35,pass,2.2267532348632812,False,69.0
2009,Landry Jones,Oklahoma,2013,,,0,pass,-1.0129106044769287,False,35.0
2009,Landry Jones,Oklahoma,2013,,,5,pass,-0.40285158157348633,False,35.0
2009,Landry Jones,Oklahoma,2013,,,9,pass,0.9334700703620911,False,80.0
2009,Landry Jones,Oklahoma,2013,,,8,pass,0.3188619613647461,False,71.0
2009,Landry Jones,Oklahoma,2013,,,7,pass,2.8563220500946045,False,75.0
2009,Landry Jones,Oklahoma,2013,,,0,pass,-0.9309176802635193,False,53.0
2009,Landry Jones,Oklahoma,2013,,,0,pass,-1.7136318683624268,False,53.0
2009,Landry Jones,Oklahoma,2013,,,8,pass,-0.3963383436203003,False,43.0
2009,Landry Jones,Oklahoma,2013,,,5,pass,-0.8660504817962646,False,48.0
2009,Landry Jones,Oklahoma,2013,,,8,pass,1.3420438766479492,False,48.0
2009,Landry Jones,Oklahoma,2013,,,0,pass,-0.5344507694244385,False,67.0
2009,Landry Jones,Oklahoma,2013,,,16,pass,-0.8544032573699951,False,18.0
2009,Landry Jones,Oklahoma,2013,,,-2,pass,-1.054715633392334,False,25.0
2009,Landry Jones,Oklahoma,2013,,,9,pass,2.265377998352051,False,27.0
2009,Landry Jones,Oklahoma,2013,,,10,pass,0.8653931617736816,False,35.0
2009,Landry Jones,Oklahoma,2013,,,18,pass,0.8069148063659668,False,75.0
2009,Landry Jones,Oklahoma,2013,,,6,pass,-0.8303216695785522,False,66.0
2009,Landry Jones,Oklahoma,2013,,,0,pass,-0.573173999786377,False,66.0
2009,Landry Jones,Oklahoma,2013,,,9,pass,1.7612249851226807,False,75.0
2009,Landry Jones,Oklahoma,2013,,,0,pass,-1.1465344429016113,False,39.0
2009,Landry Jones,Oklahoma,2013,,,0,pass,-0.292650043964386,False,45.0
2009,Landry Jones,Oklahoma,2013,,,20,pass,0.6292549967765808,False,65.0
2009,Landry Jones,Oklahoma,2013,,,0,pass,-0.6007199883460999,False,84.0
2009,Landry Jones,Oklahoma,2013,,,0,pass,-0.9803056716918945,False,84.0
2009,Landry Jones,Oklahoma,2013,,,0,pass,-1.3698012828826904,False,60.0
2009,Landry Jones,Oklahoma,2013,,,0,pass,-0.8371056318283081,False,60.0
2009,Landry Jones,Oklahoma,2013,,,47,pass,3.2240827083587646,False,60.0
2009,Landry Jones,Oklahoma,2013,,,5,pass,0.02665877342224121,False,65.0
2009,Landry Jones,Oklahoma,2013,,,0,pass,-1.0796256065368652,False,6.0
2009,Landry Jones,Oklahoma,2013,,,29,pass,1.5541930198669434,False,42.0
2009,Landry Jones,Oklahoma,2013,,,6,pass,-0.6340212821960449,False,71.0
2009,Landry Jones,Oklahoma,2013,,,3,pass,-0.5739996433258057,False,21.0
2009,Landry Jones,Oklahoma,2013,,,10,pass,1.1938362121582031,False,31.0
2009,Landry Jones,Oklahoma,2013,,,0,pass,-0.5706205368041992,False,31.0
2009,Landry Jones,Oklahoma,2013,,,18,pass,1.258779764175415,False,49.0
2009,Landry Jones,Oklahoma,2013,,,0,pass,-0.9990184307098389,False,81.0
2009,Landry Jones,Oklahoma,2013,,,0,pass,-0.9870953559875488,False,81.0
2009,Landry Jones,Oklahoma,2013,,,-1,pass,-1.026763916015625,False,80.0
2009,Landry Jones,Oklahoma,2013,,,0,pass,-1.5481691360473633,False,62.0
2009,Landry Jones,Oklahoma,2013,,,0,pass,-0.923621416091919,False,62.0
2009,Landry Jones,Oklahoma,2013,,,8,pass,1.090177059173584,False,23.0
2009,Landry Jones,Oklahoma,2013,,,11,pass,2.271397113800049,False,41.0
2009,Landry Jones,Oklahoma,2013,,,11,pass,0.645453929901123,False,51.0
2009,Landry Jones,Oklahoma,2013,,,8,pass,0.5144870281219482,False,66.0
2009,Landry Jones,Oklahoma,2013,,,21,pass,2.770423173904419,False,87.0
2009,Landry Jones,Oklahoma,2013,,,36,pass,3.1274595260620117,False,38.0
2009,Landry Jones,Oklahoma,2013,,,5,pass,-0.1461489200592041,False,61.0
2009,Landry Jones,Oklahoma,2013,,,14,pass,1.6397258043289185,False,58.0
2009,Landry Jones,Oklahoma,2013,,,6,pass,1.9712719917297363,True,6.0
2009,Landry Jones,Oklahoma,2013,,,28,pass,2.968682050704956,False,35.0
2009,Landry Jones,Oklahoma,2013,,,19,pass,2.3191890716552734,False,54.0
2009,Landry Jones,Oklahoma,2013,,,7,pass,0.6906419396400452,False,61.0
2009,Landry Jones,Oklahoma,2013,,,13,pass,1.2021732330322266,False,74.0
2009,Landry Jones,Oklahoma,2013,,,6,pass,0.6809538006782532,False,80.0
2009,Landry Jones,Oklahoma,2013,,,-3,pass,-0.5663374662399292,False,54.0
2009,Landry Jones,Oklahoma,2013,,,0,pass,-0.3613628149032593,False,54.0
2009,Landry Jones,Oklahoma,2013,,,16,pass,2.0342800617218018,False,81.0
2009,Landry Jones,Oklahoma,2013,,,6,pass,0.3832601010799408,False,86.0
2009,Landry Jones,Oklahoma,2013,,,13,pass,2.51523494720459,True,13.0
2009,Landry Jones,Oklahoma,2013,,,2,pass,-0.5752077102661133,False,15.0
2009,Landry Jones,Oklahoma,2013,,,22,pass,1.4179937839508057,False,37.0
2009,Landry Jones,Oklahoma,2013,,,17,pass,1.0393303632736206,False,93.0
2009,Landry Jones,Oklahoma,2013,,,15,pass,2.102053165435791,False,79.0
2009,Landry Jones,Oklahoma,2013,,,0,pass,-1.0439207553863525,False,69.0
2009,Landry Jones,Oklahoma,2013,,,1,pass,-1.322066068649292,False,7.0
2009,Landry Jones,Oklahoma,2013,,,5,pass,0.12967872619628906,False,12.0
2009,Landry Jones,Oklahoma,2013,,,20,pass,1.1996467113494873,False,34.0
2009,Landry Jones,Oklahoma,2013,,,16,pass,2.430974006652832,False,50.0
2009,Landry Jones,Oklahoma,2013,,,4,pass,-0.18543577194213867,False,54.0
2009,Landry Jones,Oklahoma,2013,,,22,pass,2.552295684814453,False,76.0
2009,Landry Jones,Oklahoma,2013,,,7,pass,0.0893917828798294,False,83.0
2009,Landry Jones,Oklahoma,2013,,,38,pass,3.7958428859710693,False,84.0
2009,Landry Jones,Oklahoma,2013,,,0,pass,-1.037265419960022,False,84.0
2009,Landry Jones,Oklahoma,2013,,,30,pass,3.773012161254883,True,30.0
2010,Landry Jones,Oklahoma,2013,,,8,pass,0.33492064476013184,False,59.0
2010,Landry Jones,Oklahoma,2013,,,15,pass,-0.042614102363586426,False,70.0
2010,Landry Jones,Oklahoma,2013,,,0,pass,-1.7701619863510132,False,62.0
2010,Landry Jones,Oklahoma,2013,,,24,pass,1.7765800952911377,False,34.0
2010,Landry Jones,Oklahoma,2013,,,13,pass,0.5680112838745117,False,49.0
2010,Landry Jones,Oklahoma,2013,,,11,pass,0.5229804515838623,False,60.0
2010,Landry Jones,Oklahoma,2013,,,0,pass,-1.5712900161743164,False,48.0
2010,Landry Jones,Oklahoma,2013,,,9,pass,0.6872720718383789,False,23.0
2010,Landry Jones,Oklahoma,2013,,,10,pass,1.2803585529327393,False,33.0
2010,Landry Jones,Oklahoma,2013,,,5,pass,0.02800273895263672,False,71.0
2010,Landry Jones,Oklahoma,2013,,,0,pass,-1.0288571119308472,False,73.0
2010,Landry Jones,Oklahoma,2013,,,21,pass,1.8267707824707031,True,21.0
2010,Landry Jones,Oklahoma,2013,,,14,pass,0.6856374740600586,False,35.0
2010,Landry Jones,Oklahoma,2013,,,35,pass,3.4955058097839355,False,70.0
2010,Landry Jones,Oklahoma,2013,,,7,pass,-0.14134299755096436,False,83.0
2010,Landry Jones,Oklahoma,2013,,,2,pass,-0.5794999599456787,False,65.0
2010,Landry Jones,Oklahoma,2013,,,0,pass,-1.737865924835205,False,6.0
2010,Landry Jones,Oklahoma,2013,,,13,pass,3.4141077995300293,False,28.0
2010,Landry Jones,Oklahoma,2013,,,0,pass,-1.438376545906067,False,28.0
2010,Landry Jones,Oklahoma,2013,,,7,pass,-0.1908050775527954,False,96.0
2010,Landry Jones,Oklahoma,2013,,,12,pass,3.072364091873169,True,12.0
2010,Landry Jones,Oklahoma,2013,,,0,pass,-0.8313655853271484,False,12.0
2010,Landry Jones,Oklahoma,2013,,,11,pass,0.6628155708312988,False,25.0
2010,Landry Jones,Oklahoma,2013,,,6,pass,1.1138126850128174,False,56.0
2010,Landry Jones,Oklahoma,2013,,,0,pass,-1.5201165676116943,False,27.0
2010,Landry Jones,Oklahoma,2013,,,4,pass,-0.40310871601104736,False,84.0
2010,Landry Jones,Oklahoma,2013,,,0,pass,1.7215248346328735,False,80.0
2010,Landry Jones,Oklahoma,2013,,,10,pass,1.1619362831115723,False,55.0
2010,Landry Jones,Oklahoma,2013,,,9,pass,0.757664680480957,False,29.0
2010,Landry Jones,Oklahoma,2013,,,7,pass,-0.5766868591308594,False,29.0
2010,Landry Jones,Oklahoma,2013,,,4,pass,-0.7977551817893982,False,96.0
2010,Landry Jones,Oklahoma,2013,,,12,pass,-0.22074484825134277,False,92.0
2010,Landry Jones,Oklahoma,2013,,,12,pass,2.792454957962036,False,13.0
2010,Landry Jones,Oklahoma,2013,,,0,pass,-0.5890300273895264,False,13.0
2010,Landry Jones,Oklahoma,2013,,,0,pass,-0.40953993797302246,False,13.0
2010,Landry Jones,Oklahoma,2013,,,30,pass,2.3036000728607178,False,43.0
2010,Landry Jones,Oklahoma,2013,,,6,pass,0.0521472692489624,False,49.0
2010,Landry Jones,Oklahoma,2013,,,0,pass,-0.910655677318573,False,71.0
2010,Landry Jones,Oklahoma,2013,,,0,pass,-0.30769187211990356,False,71.0
2010,Landry Jones,Oklahoma,2013,,,19,pass,0.7264914512634277,False,56.0
2010,Landry Jones,Oklahoma,2013,,,6,pass,0.26985490322113037,False,62.0
2010,Landry Jones,Oklahoma,2013,,,6,pass,0.04528450965881348,False,68.0
2010,Landry Jones,Oklahoma,2013,,,46,pass,3.68984055519104,True,46.0
2010,Landry Jones,Oklahoma,2013,,,18,pass,1.4079651832580566,False,64.0
2010,Landry Jones,Oklahoma,2013,,,5,pass,-0.16444718837738037,False,80.0
2010,Landry Jones,Oklahoma,2013,,,36,pass,2.5715255737304688,True,36.0
2010,Landry Jones,Oklahoma,2013,,,7,pass,0.19872236251831055,False,43.0
2010,Landry Jones,Oklahoma,2013,,,8,pass,0.48094964027404785,False,54.0
2010,Landry Jones,Oklahoma,2013,,,18,pass,2.3335609436035156,True,18.0
2010,Landry Jones,Oklahoma,2013,,,5,pass,0.14632463455200195,False,53.0
2010,Landry Jones,Oklahoma,2013,,,22,pass,1.7306122779846191,False,75.0
2010,Landry Jones,Oklahoma,2013,,,10,pass,1.5107340812683105,False,30.0
2010,Landry Jones,Oklahoma,2013,,,9,pass,0.17167949676513672,False,30.0
2010,Landry Jones,Oklahoma,2013,,,14,pass,1.7921266555786133,False,21.0
2010,Landry Jones,Oklahoma,2013,,,0,pass,-0.9383485317230225,False,30.0
2010,Landry Jones,Oklahoma,2013,,,16,pass,1.7193076610565186,False,49.0
2010,Landry Jones,Oklahoma,2013,,,0,pass,-0.7071034908294678,False,49.0
2010,Landry Jones,Oklahoma,2013,,,9,pass,1.667728304862976,False,72.0
2010,Landry Jones,Oklahoma,2013,,,14,pass,1.060771107673645,False,63.0
2010,Landry Jones,Oklahoma,2013,,,5,pass,-0.6301519870758057,False,80.0
2010,Landry Jones,Oklahoma,2013,,,11,pass,0.7948079109191895,False,64.0
2010,Landry Jones,Oklahoma,2013,,,0,pass,-2.4018843173980713,False,35.0
2010,Landry Jones,Oklahoma,2013,,,0,pass,-1.5574761629104614,False,35.0
2010,Landry Jones,Oklahoma,2013,,,2,pass,-0.5798695087432861,False,37.0
2010,Landry Jones,Oklahoma,2013,,,-2,pass,-0.5833220481872559,False,37.0
2010,Landry Jones,Oklahoma,2013,,,10,pass,0.9476876258850098,False,47.0
2010,Landry Jones,Oklahoma,2013,,,5,pass,-0.05524754524230957,False,60.0
2010,Landry Jones,Oklahoma,2013,,,17,pass,2.763031482696533,True,17.0
2010,Landry Jones,Oklahoma,2013,,,6,pass,-0.04224729537963867,False,23.0
2010,Landry Jones,Oklahoma,2013,,,5,pass,0.1507887840270996,False,24.0
2010,Landry Jones,Oklahoma,2013,,,9,pass,0.5160675048828125,False,33.0
2010,Landry Jones,Oklahoma,2013,,,9,pass,1.0197885036468506,False,64.0
2010,Landry Jones,Oklahoma,2013,,,0,pass,-0.9235661029815674,False,24.0
2010,Landry Jones,Oklahoma,2013,,,0,pass,-0.7642762660980225,False,24.0
2010,Landry Jones,Oklahoma,2013,,,36,pass,2.3775439262390137,False,41.0
2010,Landry Jones,Oklahoma,2013,,,0,pass,0.49030935764312744,False,39.0
2010,Landry Jones,Oklahoma,2013,,,0,pass,-0.31608569622039795,False,39.0
2010,Landry Jones,Oklahoma,2013,,,10,pass,0.9579373598098755,False,49.0
2010,Landry Jones,Oklahoma,2013,,,0,pass,-0.3471252918243408,False,49.0
2010,Landry Jones,Oklahoma,2013,,,6,pass,0.14630544185638428,False,55.0
2010,Landry Jones,Oklahoma,2013,,,14,pass,0.3827219605445862,False,69.0
2010,Landry Jones,Oklahoma,2013,,,0,pass,-0.15238434076309204,False,69.0
2010,Landry Jones,Oklahoma,2013,,,5,pass,0.08791661262512207,False,74.0
2010,Landry Jones,Oklahoma,2013,,,9,pass,0.5881483554840088,False,83.0
2010,Landry Jones,Oklahoma,2013,,,0,pass,-0.9925919771194458,False,88.0
2010,Landry Jones,Oklahoma,2013,,,0,pass,-0.7060993909835815,False,83.0
2010,Landry Jones,Oklahoma,2013,,,0,pass,-0.4851219952106476,False,83.0
2010,Landry Jones,Oklahoma,2013,,,0,pass,-0.8765041828155518,False,15.0
2010,Landry Jones,Oklahoma,2013,,,5,pass,0.16758441925048828,False,20.0
2010,Landry Jones,Oklahoma,2013,,,15,pass,0.9173705577850342,False,42.0
2010,Landry Jones,Oklahoma,2013,,,23,pass,1.1169018745422363,False,65.0
2010,Landry Jones,Oklahoma,2013,,,11,pass,0.5797882080078125,False,76.0
2010,Landry Jones,Oklahoma,2013,,,8,pass,0.4819679260253906,False,84.0
2010,Landry Jones,Oklahoma,2013,,,-3,pass,-1.6239750385284424,False,67.0
2010,Landry Jones,Oklahoma,2013,,,0,pass,-0.9125974774360657,False,67.0
2010,Landry Jones,Oklahoma,2013,,,0,pass,-1.2244787216186523,False,88.0
2010,Landry Jones,Oklahoma,2013,,,9,pass,0.7814216613769531,False,15.0
2010,Landry Jones,Oklahoma,2013,,,20,pass,2.541313648223877,False,35.0
2010,Landry Jones,Oklahoma,2013,,,0,pass,-1.840012550354004,False,26.0
2010,Landry Jones,Oklahoma,2013,,,8,pass,1.2112042903900146,False,58.0
2010,Landry Jones,Oklahoma,2013,,,5,pass,1.7431426048278809,True,5.0
2010,Landry Jones,Oklahoma,2013,,,11,pass,0.9143602848052979,False,56.0
2010,Landry Jones,Oklahoma,2013,,,-1,pass,-1.182263731956482,False,88.0
2010,Landry Jones,Oklahoma,2013,,,6,pass,0.07903361320495605,False,44.0
2010,Landry Jones,Oklahoma,2013,,,14,pass,2.2705636024475098,False,58.0
2010,Landry Jones,Oklahoma,2013,,,0,pass,-0.910128116607666,False,58.0
2010,Landry Jones,Oklahoma,2013,,,1,pass,-0.5400431156158447,False,59.0
2010,Landry Jones,Oklahoma,2013,,,21,pass,1.0428146123886108,False,80.0
2010,Landry Jones,Oklahoma,2013,,,0,pass,-1.127590537071228,False,79.0
2010,Landry Jones,Oklahoma,2013,,,0,pass,1.1275904178619385,False,64.0
2010,Landry Jones,Oklahoma,2013,,,-2,pass,-1.7036714553833008,False,33.0
2010,Landry Jones,Oklahoma,2013,,,0,pass,-1.6108503341674805,False,27.0
2010,Landry Jones,Oklahoma,2013,,,31,pass,2.30798602104187,False,57.0
2010,Landry Jones,Oklahoma,2013,,,9,pass,0.822664737701416,False,17.0
2010,Landry Jones,Oklahoma,2013,,,19,pass,1.7288485765457153,False,68.0
2010,Landry Jones,Oklahoma,2013,,,7,pass,0.7464073300361633,False,92.0
2010,Landry Jones,Oklahoma,2013,,,0,pass,-0.7901577949523926,False,25.0
2010,Landry Jones,Oklahoma,2013,,,0,pass,-0.3954348564147949,False,25.0
2010,Landry Jones,Oklahoma,2013,,,0,pass,-0.2790515422821045,False,25.0
2010,Landry Jones,Oklahoma,2013,,,37,pass,2.8853342533111572,False,62.0
2010,Landry Jones,Oklahoma,2013,,,4,pass,-0.3304102122783661,False,66.0
2010,Landry Jones,Oklahoma,2013,,,9,pass,0.7468095421791077,False,63.0
2010,Landry Jones,Oklahoma,2013,,,15,pass,0.6046803593635559,False,80.0
2010,Landry Jones,Oklahoma,2013,,,0,pass,-1.7680974006652832,False,71.0
2010,Landry Jones,Oklahoma,2013,,,0,pass,-0.9973862171173096,False,71.0
2010,Landry Jones,Oklahoma,2013,,,6,pass,0.10427796840667725,False,77.0
2010,Landry Jones,Oklahoma,2013,,,0,pass,-1.1392745971679688,False,25.0
2010,Landry Jones,Oklahoma,2013,,,5,pass,0.11072707176208496,False,30.0
2010,Landry Jones,Oklahoma,2013,,,0,pass,-0.6313953399658203,False,30.0
2010,Landry Jones,Oklahoma,2013,,,20,pass,2.2072958946228027,False,45.0
2010,Landry Jones,Oklahoma,2013,,,25,pass,1.3084912300109863,False,68.0
2010,Landry Jones,Oklahoma,2013,,,0,pass,-1.8233641386032104,False,39.0
2010,Landry Jones,Oklahoma,2013,,,0,pass,-0.5930323600769043,False,42.0
2010,Landry Jones,Oklahoma,2013,,,5,pass,1.3097243309020996,True,5.0
2010,Landry Jones,Oklahoma,2013,,,29,pass,2.8435373306274414,False,35.0
2010,Landry Jones,Oklahoma,2013,,,-1,pass,-1.0002639293670654,False,34.0
2010,Landry Jones,Oklahoma,2013,,,9,pass,2.006000518798828,False,43.0
2010,Landry Jones,Oklahoma,2013,,,11,pass,0.7361407279968262,False,57.0
2010,Landry Jones,Oklahoma,2013,,,4,pass,-0.15943574905395508,False,69.0
2010,Landry Jones,Oklahoma,2013,,,3,pass,-1.0212368965148926,False,6.0
2010,Landry Jones,Oklahoma,2013,,,11,pass,0.801109790802002,False,17.0
2010,Landry Jones,Oklahoma,2013,,,7,pass,0.525327205657959,False,24.0
2010,Landry Jones,Oklahoma,2013,,,8,pass,0.43001842498779297,False,32.0
2010,Landry Jones,Oklahoma,2013,,,12,pass,1.793766736984253,False,44.0
2010,Landry Jones,Oklahoma,2013,,,17,pass,0.9821035861968994,False,68.0
2010,Landry Jones,Oklahoma,2013,,,8,pass,-0.0983595997095108,False,80.0
2010,Landry Jones,Oklahoma,2013,,,0,pass,-0.48098134994506836,False,80.0
2010,Landry Jones,Oklahoma,2013,,,0,pass,-1.4541257619857788,False,67.0
2010,Landry Jones,Oklahoma,2013,,,0,pass,-0.9895758032798767,False,67.0
2010,Landry Jones,Oklahoma,2013,,,7,pass,1.4033069610595703,False,77.0
2010,Landry Jones,Oklahoma,2013,,,0,pass,-1.091078758239746,False,80.0
2010,Landry Jones,Oklahoma,2013,,,32,pass,3.1054704189300537,False,64.0
2010,Landry Jones,Oklahoma,2013,,,19,pass,1.7656705379486084,False,39.0
2010,Landry Jones,Oklahoma,2013,,,0,pass,1.0721783638000488,False,52.0
2010,Landry Jones,Oklahoma,2013,,,0,pass,-1.9619895219802856,False,42.0
2010,Landry Jones,Oklahoma,2013,,,3,pass,-0.5046403408050537,False,54.0
2010,Landry Jones,Oklahoma,2013,,,0,pass,-1.7573860883712769,False,56.0
2010,Landry Jones,Oklahoma,2013,,,0,pass,-0.5497448444366455,False,58.0
2010,Landry Jones,Oklahoma,2013,,,4,pass,-0.10729408264160156,False,60.0
2010,Landry Jones,Oklahoma,2013,,,20,pass,2.2362465858459473,False,80.0
2010,Landry Jones,Oklahoma,2013,,,0,pass,-0.7076770067214966,False,81.0
2010,Landry Jones,Oklahoma,2013,,,0,pass,-0.4299105405807495,False,58.0
2010,Landry Jones,Oklahoma,2013,,,28,pass,1.0806957483291626,False,90.0
2010,Landry Jones,Oklahoma,2013,,,9,pass,-0.4647315740585327,False,66.0
2010,Landry Jones,Oklahoma,2013,,,10,pass,1.8170554637908936,False,75.0
2010,Landry Jones,Oklahoma,2013,,,2,pass,1.5254592895507812,True,2.0
2010,Landry Jones,Oklahoma,2013,,,15,pass,1.7552762031555176,False,19.0
2010,Landry Jones,Oklahoma,2013,,,9,pass,0.535226583480835,False,36.0
2010,Landry Jones,Oklahoma,2013,,,5,pass,0.038414716720581055,False,68.0
2010,Landry Jones,Oklahoma,2013,,,0,pass,-2.557595729827881,False,31.0
2010,Landry Jones,Oklahoma,2013,,,0,pass,-1.4607514142990112,False,31.0
2010,Landry Jones,Oklahoma,2013,,,0,pass,-0.8185887336730957,False,31.0
2010,Landry Jones,Oklahoma,2013,,,3,pass,1.4622702598571777,False,34.0
2010,Landry Jones,Oklahoma,2013,,,6,pass,0.14094042778015137,False,57.0
2010,Landry Jones,Oklahoma,2013,,,16,pass,1.5512423515319824,True,16.0
2010,Landry Jones,Oklahoma,2013,,,0,pass,-0.5966029167175293,False,40.0
2010,Landry Jones,Oklahoma,2013,,,13,pass,0.7561225891113281,False,53.0
2010,Landry Jones,Oklahoma,2013,,,3,pass,-0.18004393577575684,False,69.0
2010,Landry Jones,Oklahoma,2013,,,6,pass,0.21872949600219727,False,75.0
2010,Landry Jones,Oklahoma,2013,,,3,pass,0.06432104110717773,False,25.0
2010,Landry Jones,Oklahoma,2013,,,8,pass,0.49559450149536133,False,33.0
2010,Landry Jones,Oklahoma,2013,,,11,pass,0.7754156589508057,False,44.0
2010,Landry Jones,Oklahoma,2013,,,0,pass,-0.596724271774292,False,59.0
2010,Landry Jones,Oklahoma,2013,,,8,pass,1.6998099088668823,False,66.0
2010,Landry Jones,Oklahoma,2013,,,5,pass,0.10839986801147461,False,70.0
2010,Landry Jones,Oklahoma,2013,,,-2,pass,-0.10839986801147461,False,83.0
2010,Landry Jones,Oklahoma,2013,,,5,pass,0.3645133972167969,False,17.0
2010,Landry Jones,Oklahoma,2013,,,12,pass,1.04176664352417,False,33.0
2010,Landry Jones,Oklahoma,2013,,,0,pass,-0.6405491828918457,False,33.0
2010,Landry Jones,Oklahoma,2013,,,15,pass,2.7798690795898438,True,15.0
2010,Landry Jones,Oklahoma,2013,,,0,pass,-0.7536616325378418,False,15.0
2010,Landry Jones,Oklahoma,2013,,,14,pass,0.36834049224853516,False,40.0
2010,Landry Jones,Oklahoma,2013,,,40,pass,1.4688379764556885,False,80.0
2010,Landry Jones,Oklahoma,2013,,,4,pass,-0.0350339412689209,False,10.0
2010,Landry Jones,Oklahoma,2013,,,29,pass,2.7745962142944336,False,39.0
2010,Landry Jones,Oklahoma,2013,,,2,pass,0.03342795372009277,False,41.0
2010,Landry Jones,Oklahoma,2013,,,5,pass,-0.07620000839233398,False,46.0
2010,Landry Jones,Oklahoma,2013,,,13,pass,0.07922935485839844,False,59.0
2010,Landry Jones,Oklahoma,2013,,,6,pass,-0.3941469192504883,False,7.0
2010,Landry Jones,Oklahoma,2013,,,5,pass,0.15302300453186035,False,54.0
2010,Landry Jones,Oklahoma,2013,,,39,pass,2.6712522506713867,True,39.0
2010,Landry Jones,Oklahoma,2013,,,8,pass,0.23000478744506836,False,50.0
2010,Landry Jones,Oklahoma,2013,,,0,pass,-0.597346305847168,False,50.0
2010,Landry Jones,Oklahoma,2013,,,10,pass,1.0369224548339844,False,60.0
2010,Landry Jones,Oklahoma,2013,,,6,pass,0.5025215148925781,False,67.0
2010,Landry Jones,Oklahoma,2013,,,2,pass,-1.227078914642334,False,22.0
2010,Landry Jones,Oklahoma,2013,,,0,pass,-0.5692901611328125,False,25.0
2010,Landry Jones,Oklahoma,2013,,,29,pass,1.5882298946380615,False,54.0
2010,Landry Jones,Oklahoma,2013,,,11,pass,0.5629470348358154,False,71.0
2010,Landry Jones,Oklahoma,2013,,,8,pass,0.42562222480773926,False,83.0
2010,Landry Jones,Oklahoma,2013,,,8,pass,0.4940149784088135,False,79.0
2010,Landry Jones,Oklahoma,2013,,,10,pass,0.6317402124404907,False,89.0
2010,Landry Jones,Oklahoma,2013,,,3,pass,1.5104618072509766,True,3.0
2010,Landry Jones,Oklahoma,2013,,,8,pass,0.6907119750976562,False,29.0
2010,Landry Jones,Oklahoma,2013,,,5,pass,0.3190310001373291,False,39.0
2010,Landry Jones,Oklahoma,2013,,,5,pass,0.5441064834594727,False,48.0
2010,Landry Jones,Oklahoma,2013,,,6,pass,0.24683332443237305,False,54.0
2010,Landry Jones,Oklahoma,2013,,,11,pass,0.6318087577819824,False,65.0
2010,Landry Jones,Oklahoma,2013,,,6,pass,0.14084744453430176,False,71.0
2010,Landry Jones,Oklahoma,2013,,,9,pass,-0.7382681965827942,False,80.0
2010,Landry Jones,Oklahoma,2013,,,0,pass,-0.4117196798324585,False,93.0
2010,Landry Jones,Oklahoma,2013,,,0,pass,-0.7481833100318909,False,93.0
2010,Landry Jones,Oklahoma,2013,,,0,pass,-0.4489836096763611,False,93.0
2010,Landry Jones,Oklahoma,2013,,,0,pass,-1.4430837631225586,False,75.0
2010,Landry Jones,Oklahoma,2013,,,0,pass,-0.565271258354187,False,80.0
2010,Landry Jones,Oklahoma,2013,,,1,pass,-0.901491641998291,False,79.0
2010,Landry Jones,Oklahoma,2013,,,3,pass,1.1850285530090332,True,3.0
2010,Landry Jones,Oklahoma,2013,,,5,pass,1.5103387832641602,False,9.0
2010,Landry Jones,Oklahoma,2013,,,7,pass,0.14060354232788086,False,16.0
2010,Landry Jones,Oklahoma,2013,,,6,pass,0.4050936698913574,False,22.0
2010,Landry Jones,Oklahoma,2013,,,12,pass,1.3697808980941772,False,55.0
2010,Landry Jones,Oklahoma,2013,,,3,pass,-0.2739061117172241,False,58.0
2010,Landry Jones,Oklahoma,2013,,,8,pass,0.44195353984832764,False,69.0
2010,Landry Jones,Oklahoma,2013,,,2,pass,-0.8032033443450928,False,16.0
2010,Landry Jones,Oklahoma,2013,,,7,pass,0.45633554458618164,False,22.0
2010,Landry Jones,Oklahoma,2013,,,0,pass,-1.3706499338150024,False,76.0
2010,Landry Jones,Oklahoma,2013,,,1,pass,-0.6148315668106079,False,77.0
2010,Landry Jones,Oklahoma,2013,,,4,pass,1.5245099067687988,True,4.0
2010,Landry Jones,Oklahoma,2013,,,5,pass,-0.5865602493286133,False,9.0
2010,Landry Jones,Oklahoma,2013,,,4,pass,0.12486886978149414,False,15.0
2010,Landry Jones,Oklahoma,2013,,,4,pass,0.05750226974487305,False,19.0
2010,Landry Jones,Oklahoma,2013,,,16,pass,1.8076424598693848,False,45.0
2010,Landry Jones,Oklahoma,2013,,,7,pass,0.10856592655181885,False,52.0
2010,Landry Jones,Oklahoma,2013,,,0,pass,-0.5042802095413208,False,52.0
2010,Landry Jones,Oklahoma,2013,,,31,pass,3.934633255004883,False,83.0
2010,Landry Jones,Oklahoma,2013,,,12,pass,0.6255267858505249,False,89.0
2010,Landry Jones,Oklahoma,2013,,,0,pass,-5.7747955322265625,False,14.0
2010,Landry Jones,Oklahoma,2013,,,0,pass,-0.5624427795410156,False,14.0
2010,Landry Jones,Oklahoma,2013,,,13,pass,1.5591175556182861,False,27.0
2010,Landry Jones,Oklahoma,2013,,,0,pass,-0.5969893932342529,False,27.0
2010,Landry Jones,Oklahoma,2013,,,39,pass,3.3747847080230713,False,66.0
2010,Landry Jones,Oklahoma,2013,,,13,pass,0.5895586013793945,False,25.0
2010,Landry Jones,Oklahoma,2013,,,4,pass,0.1087493896484375,False,39.0
2010,Landry Jones,Oklahoma,2013,,,11,pass,0.7560923099517822,False,55.0
2010,Landry Jones,Oklahoma,2013,,,7,pass,0.42736566066741943,False,79.0
2010,Landry Jones,Oklahoma,2013,,,0,pass,-1.6382651329040527,False,57.0
2010,Landry Jones,Oklahoma,2013,,,25,pass,1.4173552989959717,False,82.0
2010,Landry Jones,Oklahoma,2013,,,8,pass,0.8532149195671082,False,90.0
2010,Landry Jones,Oklahoma,2013,,,27,pass,3.0320053100585938,True,27.0
2010,Landry Jones,Oklahoma,2013,,,7,pass,0.4862191677093506,False,37.0
2010,Landry Jones,Oklahoma,2013,,,8,pass,0.7419219017028809,False,45.0
2010,Landry Jones,Oklahoma,2013,,,0,pass,-1.1586658954620361,False,77.0
2010,Landry Jones,Oklahoma,2013,,,0,pass,-0.7313349843025208,False,77.0
2010,Landry Jones,Oklahoma,2013,,,3,pass,-0.4220421612262726,False,80.0
2010,Landry Jones,Oklahoma,2013,,,0,pass,-1.595784306526184,False,57.0
2010,Landry Jones,Oklahoma,2013,,,5,pass,-0.29644131660461426,False,62.0
2010,Landry Jones,Oklahoma,2013,,,0,pass,-1.3306703567504883,False,5.0
2010,Landry Jones,Oklahoma,2013,,,15,pass,2.649531602859497,False,20.0
2010,Landry Jones,Oklahoma,2013,,,7,pass,-0.38884520530700684,False,27.0
2010,Landry Jones,Oklahoma,2013,,,1,pass,-0.6077027320861816,False,28.0
2010,Landry Jones,Oklahoma,2013,,,47,pass,1.7413694858551025,False,65.0
2010,Landry Jones,Oklahoma,2013,,,7,pass,0.313037633895874,False,85.0
2010,Landry Jones,Oklahoma,2013,,,4,pass,-0.39503300189971924,False,95.0
2010,Landry Jones,Oklahoma,2013,,,0,pass,-1.3364107608795166,False,67.0
2010,Landry Jones,Oklahoma,2013,,,0,pass,-0.49195408821105957,False,67.0
2010,Landry Jones,Oklahoma,2013,,,64,pass,2.792827606201172,True,64.0
2010,Landry Jones,Oklahoma,2013,,,12,pass,0.8748347759246826,False,76.0
2010,Landry Jones,Oklahoma,2013,,,7,pass,2.4243998527526855,True,7.0
2010,Landry Jones,Oklahoma,2013,,,5,pass,0.14127254486083984,False,12.0
2010,Landry Jones,Oklahoma,2013,,,10,pass,1.3384170532226562,False,22.0
2010,Landry Jones,Oklahoma,2013,,,15,pass,1.2264091968536377,False,37.0
2010,Landry Jones,Oklahoma,2013,,,0,pass,-0.19165968894958496,False,37.0
2010,Landry Jones,Oklahoma,2013,,,11,pass,0.8094592094421387,False,48.0
2010,Landry Jones,Oklahoma,2013,,,0,pass,-0.35207152366638184,False,48.0
2010,Landry Jones,Oklahoma,2013,,,8,pass,0.14035820960998535,False,67.0
2010,Landry Jones,Oklahoma,2013,,,0,pass,-0.5759801864624023,False,67.0
2010,Landry Jones,Oklahoma,2013,,,81,pass,6.914003372192383,True,81.0
2010,Landry Jones,Oklahoma,2013,,,0,pass,-1.3618743419647217,False,81.0
2010,Landry Jones,Oklahoma,2013,,,16,pass,1.8527603149414062,True,16.0
2010,Landry Jones,Oklahoma,2013,,,24,pass,1.448237419128418,False,52.0
2010,Landry Jones,Oklahoma,2013,,,3,pass,-0.5735936760902405,False,79.0
2010,Landry Jones,Oklahoma,2013,,,9,pass,1.0672812461853027,False,24.0
2010,Landry Jones,Oklahoma,2013,,,16,pass,1.537224292755127,False,43.0
2010,Landry Jones,Oklahoma,2013,,,0,pass,-0.6162352561950684,False,43.0
2010,Landry Jones,Oklahoma,2013,,,9,pass,1.6986974477767944,False,52.0
2010,Landry Jones,Oklahoma,2013,,,0,pass,-0.9649182558059692,False,52.0
2010,Landry Jones,Oklahoma,2013,,,5,pass,0.13437318801879883,False,57.0
2010,Landry Jones,Oklahoma,2013,,,11,pass,1.2533023357391357,False,68.0
2010,Landry Jones,Oklahoma,2013,,,0,pass,-1.1906068325042725,False,16.0
2010,Landry Jones,Oklahoma,2013,,,-2,pass,-1.081195592880249,False,14.0
2010,Landry Jones,Oklahoma,2013,,,5,pass,0.10224246978759766,False,19.0
2010,Landry Jones,Oklahoma,2013,,,18,pass,1.2087993621826172,False,37.0
2010,Landry Jones,Oklahoma,2013,,,8,pass,0.44439005851745605,False,45.0
2010,Landry Jones,Oklahoma,2013,,,7,pass,0.44660449028015137,False,52.0
2010,Landry Jones,Oklahoma,2013,,,6,pass,0.5475728511810303,False,60.0
2010,Landry Jones,Oklahoma,2013,,,3,pass,-0.45648622512817383,False,63.0
2010,Landry Jones,Oklahoma,2013,,,0,pass,-1.071408987045288,False,77.0
2010,Landry Jones,Oklahoma,2013,,,16,pass,1.1351118087768555,False,92.0
2010,Landry Jones,Oklahoma,2013,,,4,pass,-0.09039640426635742,False,70.0
2010,Landry Jones,Oklahoma,2013,,,21,pass,1.6095218658447266,False,66.0
2010,Landry Jones,Oklahoma,2013,,,0,pass,-0.5026159286499023,False,45.0
2010,Landry Jones,Oklahoma,2013,,,12,pass,1.426943302154541,False,45.0
2010,Landry Jones,Oklahoma,2013,,,29,pass,3.613666534423828,False,33.0
2010,Landry Jones,Oklahoma,2013,,,0,pass,-1.021254539489746,False,4.0
2010,Landry Jones,Oklahoma,2013,,,6,pass,-0.21254479885101318,False,61.0
2010,Landry Jones,Oklahoma,2013,,,12,pass,1.0466878414154053,False,55.0
2010,Landry Jones,Oklahoma,2013,,,5,pass,0.026529788970947266,False,38.0
2010,Landry Jones,Oklahoma,2013,,,5,pass,0.3191952705383301,False,21.0
2010,Landry Jones,Oklahoma,2013,,,4,pass,0.01921987533569336,False,16.0
2010,Landry Jones,Oklahoma,2013,,,5,pass,-0.25315093994140625,False,10.0
2010,Landry Jones,Oklahoma,2013,,,0,pass,-0.9293186664581299,False,39.0
2010,Landry Jones,Oklahoma,2013,,,16,pass,1.7740964889526367,False,40.0
2010,Landry Jones,Oklahoma,2013,,,5,pass,-0.6761746406555176,False,24.0
2010,Landry Jones,Oklahoma,2013,,,0,pass,-1.0682226419448853,False,32.0
2010,Landry Jones,Oklahoma,2013,,,-1,pass,-1.28562331199646,False,31.0
2010,Landry Jones,Oklahoma,2013,,,13,pass,0.7205471992492676,False,44.0
2010,Landry Jones,Oklahoma,2013,,,0,pass,-4.3407769203186035,False,70.0
2010,Landry Jones,Oklahoma,2013,,,5,pass,2.4007415771484375,True,5.0
2010,Landry Jones,Oklahoma,2013,,,6,pass,0.38339805603027344,False,11.0
2010,Landry Jones,Oklahoma,2013,,,0,pass,-0.936774730682373,False,5.0
2010,Landry Jones,Oklahoma,2013,,,8,pass,0.9559330940246582,False,31.0
2010,Landry Jones,Oklahoma,2013,,,3,pass,-0.10660314559936523,False,34.0
2010,Landry Jones,Oklahoma,2013,,,-2,pass,-1.4053187370300293,False,32.0
2010,Landry Jones,Oklahoma,2013,,,0,pass,-0.9391396641731262,False,28.0
2010,Landry Jones,Oklahoma,2013,,,1,pass,-0.7206723690032959,False,71.0
2010,Landry Jones,Oklahoma,2013,,,24,pass,1.81264328956604,False,35.0
2010,Landry Jones,Oklahoma,2013,,,0,pass,-0.9045898914337158,False,9.0
2010,Landry Jones,Oklahoma,2013,,,8,pass,2.83496356010437,False,9.0
2010,Landry Jones,Oklahoma,2013,,,0,pass,-0.8574540019035339,False,68.0
2010,Landry Jones,Oklahoma,2013,,,0,pass,-1.7158466577529907,False,68.0
2010,Landry Jones,Oklahoma,2013,,,10,pass,0.5088591575622559,False,80.0
2010,Landry Jones,Oklahoma,2013,,,2,pass,-0.5006866455078125,False,70.0
2010,Landry Jones,Oklahoma,2013,,,6,pass,-0.11903238296508789,False,30.0
2010,Landry Jones,Oklahoma,2013,,,0,pass,-0.5212619304656982,False,24.0
2010,Landry Jones,Oklahoma,2013,,,-6,pass,-1.9305111169815063,False,24.0
2010,Landry Jones,Oklahoma,2013,,,0,pass,-1.9409672021865845,False,30.0
2010,Landry Jones,Oklahoma,2013,,,10,pass,0.9242312908172607,False,45.0
2010,Landry Jones,Oklahoma,2013,,,3,pass,-0.29213380813598633,False,48.0
2010,Landry Jones,Oklahoma,2013,,,0,pass,-1.5422148704528809,False,52.0
2010,Landry Jones,Oklahoma,2013,,,0,pass,-0.8405969142913818,False,19.0
2010,Landry Jones,Oklahoma,2013,,,14,pass,3.501382350921631,False,36.0
2010,Landry Jones,Oklahoma,2013,,,0,pass,-1.111876368522644,False,36.0
2010,Landry Jones,Oklahoma,2013,,,-2,pass,-1.3612563610076904,False,34.0
2010,Landry Jones,Oklahoma,2013,,,9,pass,1.017307996749878,False,62.0
2010,Landry Jones,Oklahoma,2013,,,19,pass,1.0369782447814941,False,53.0
2010,Landry Jones,Oklahoma,2013,,,4,pass,-1.558817982673645,False,48.0
2010,Landry Jones,Oklahoma,2013,,,0,pass,-0.9118183255195618,False,48.0
2010,Landry Jones,Oklahoma,2013,,,-2,pass,-1.22044837474823,False,67.0
2010,Landry Jones,Oklahoma,2013,,,0,pass,-0.9688973426818848,False,69.0
2010,Landry Jones,Oklahoma,2013,,,21,pass,3.5532398223876953,False,69.0
2010,Landry Jones,Oklahoma,2013,,,0,pass,-0.6291359663009644,False,48.0
2010,Landry Jones,Oklahoma,2013,,,13,pass,0.9718612432479858,False,80.0
2010,Landry Jones,Oklahoma,2013,,,8,pass,0.9164824485778809,True,8.0
2010,Landry Jones,Oklahoma,2013,,,0,pass,-0.5400023460388184,False,25.0
2010,Landry Jones,Oklahoma,2013,,,9,pass,0.5501904487609863,False,34.0
2010,Landry Jones,Oklahoma,2013,,,16,pass,1.1689839363098145,False,50.0
2010,Landry Jones,Oklahoma,2013,,,7,pass,-0.04251265525817871,False,51.0
2010,Landry Jones,Oklahoma,2013,,,1,pass,-0.866046667098999,False,90.0
2010,Landry Jones,Oklahoma,2013,,,18,pass,3.629591941833496,True,18.0
2010,Landry Jones,Oklahoma,2013,,,19,pass,1.4718736410140991,False,37.0
2010,Landry Jones,Oklahoma,2013,,,7,pass,0.3679436445236206,False,44.0
2010,Landry Jones,Oklahoma,2013,,,9,pass,0.4337196350097656,False,53.0
2010,Landry Jones,Oklahoma,2013,,,0,pass,-0.70625239610672,False,83.0
2010,Landry Jones,Oklahoma,2013,,,0,pass,-0.33977046608924866,False,83.0
2010,Landry Jones,Oklahoma,2013,,,0,pass,-0.9755556583404541,False,57.0
2010,Landry Jones,Oklahoma,2013,,,1,pass,-0.6416580677032471,False,58.0
2010,Landry Jones,Oklahoma,2013,,,0,pass,1.1373704671859741,False,43.0
2010,Landry Jones,Oklahoma,2013,,,29,pass,2.5336146354675293,True,29.0
2010,Landry Jones,Oklahoma,2013,,,30,pass,2.6543827056884766,False,59.0
2010,Landry Jones,Oklahoma,2013,,,0,pass,-0.9930198192596436,False,60.0
2010,Landry Jones,Oklahoma,2013,,,12,pass,0.5549378395080566,False,72.0
2010,Landry Jones,Oklahoma,2013,,,3,pass,-0.5180099010467529,False,33.0
2010,Landry Jones,Oklahoma,2013,,,4,pass,0.15965795516967773,False,37.0
2010,Landry Jones,Oklahoma,2013,,,19,pass,-0.03284192085266113,False,58.0
2010,Landry Jones,Oklahoma,2013,,,59,pass,4.382400989532471,True,59.0
2010,Landry Jones,Oklahoma,2013,,,0,pass,-1.185631275177002,False,17.0
2010,Landry Jones,Oklahoma,2013,,,0,pass,-0.6414327621459961,False,59.0
2010,Landry Jones,Oklahoma,2013,,,11,pass,0.5051695108413696,False,70.0
2010,Landry Jones,Oklahoma,2013,,,12,pass,2.592484474182129,True,12.0
2010,Landry Jones,Oklahoma,2013,,,11,pass,-0.04427671432495117,False,23.0
2010,Landry Jones,Oklahoma,2013,,,28,pass,3.073436737060547,False,36.0
2010,Landry Jones,Oklahoma,2013,,,15,pass,0.8669700622558594,False,65.0
2010,Landry Jones,Oklahoma,2013,,,11,pass,2.2272818088531494,False,29.0
2010,Landry Jones,Oklahoma,2013,,,0,pass,-1.1015026569366455,False,62.0
2010,Landry Jones,Oklahoma,2013,,,0,pass,-0.4751923084259033,False,64.0
2010,Landry Jones,Oklahoma,2013,,,49,pass,2.4609827995300293,True,49.0
2010,Landry Jones,Oklahoma,2013,,,0,pass,-1.2288460731506348,False,78.0
2010,Landry Jones,Oklahoma,2013,,,-3,pass,-1.2529113292694092,False,75.0
2010,Landry Jones,Oklahoma,2013,,,20,pass,1.4124195575714111,False,38.0
2010,Landry Jones,Oklahoma,2013,,,9,pass,0.1727888584136963,False,48.0
2010,Landry Jones,Oklahoma,2013,,,0,pass,-0.4716970920562744,False,48.0
2010,Landry Jones,Oklahoma,2013,,,0,pass,-0.4202321767807007,False,48.0
2010,Landry Jones,Oklahoma,2013,,,0,pass,-1.1613199710845947,False,11.0
2010,Landry Jones,Oklahoma,2013,,,0,pass,-0.755610466003418,False,11.0
2010,Landry Jones,Oklahoma,2013,,,28,pass,1.3009271621704102,False,41.0
2010,Landry Jones,Oklahoma,2013,,,12,pass,1.4862170219421387,False,64.0
2010,Landry Jones,Oklahoma,2013,,,11,pass,0.5757086277008057,False,52.0
2010,Landry Jones,Oklahoma,2013,,,5,pass,0.7882905006408691,True,5.0
2010,Landry Jones,Oklahoma,2013,,,7,pass,1.3944087028503418,False,12.0
2010,Landry Jones,Oklahoma,2013,,,7,pass,0.11420392990112305,False,19.0
2010,Landry Jones,Oklahoma,2013,,,0,pass,-0.5777287483215332,False,19.0
2010,Landry Jones,Oklahoma,2013,,,6,pass,0.0753321647644043,False,32.0
2010,Landry Jones,Oklahoma,2013,,,14,pass,0.6251299381256104,False,46.0
2010,Landry Jones,Oklahoma,2013,,,0,pass,-1.6862740516662598,False,54.0
2010,Landry Jones,Oklahoma,2013,,,0,pass,-0.9024167060852051,False,54.0
2010,Landry Jones,Oklahoma,2013,,,9,pass,0.9780535697937012,False,67.0
2010,Landry Jones,Oklahoma,2013,,,13,pass,1.3362340927124023,False,26.0
2010,Landry Jones,Oklahoma,2013,,,76,pass,6.51485013961792,True,76.0
2010,Landry Jones,Oklahoma,2013,,,2,pass,-0.6230696439743042,False,78.0
2010,Landry Jones,Oklahoma,2013,,,4,pass,-1.082457184791565,False,42.0
2010,Landry Jones,Oklahoma,2013,,,0,pass,-1.0534731149673462,False,42.0
2010,Landry Jones,Oklahoma,2013,,,9,pass,1.1427339315414429,False,83.0
2010,Landry Jones,Oklahoma,2013,,,8,pass,0.3639887571334839,False,74.0
2010,Landry Jones,Oklahoma,2013,,,15,pass,2.2360589504241943,False,70.0
2010,Landry Jones,Oklahoma,2013,,,4,pass,-0.17782974243164062,False,55.0
2010,Landry Jones,Oklahoma,2013,,,6,pass,0.8563539981842041,False,51.0
2010,Landry Jones,Oklahoma,2013,,,3,pass,-3.063786506652832,False,45.0
2010,Landry Jones,Oklahoma,2013,,,76,pass,6.378393173217773,True,76.0
2010,Landry Jones,Oklahoma,2013,,,86,pass,7.6085309982299805,True,86.0
2010,Landry Jones,Oklahoma,2013,,,0,pass,-0.6437424421310425,False,86.0
2010,Landry Jones,Oklahoma,2013,,,8,pass,0.1471998691558838,False,17.0
2010,Landry Jones,Oklahoma,2013,,,0,pass,-1.0206215381622314,False,14.0
2010,Landry Jones,Oklahoma,2013,,,5,pass,-0.025732994079589844,False,19.0
2010,Landry Jones,Oklahoma,2013,,,17,pass,2.247537612915039,False,54.0
2010,Landry Jones,Oklahoma,2013,,,0,pass,-1.5313727855682373,False,7.0
2010,Landry Jones,Oklahoma,2013,,,6,pass,0.30615758895874023,False,13.0
2010,Landry Jones,Oklahoma,2013,,,5,pass,1.2503180503845215,False,18.0
2010,Landry Jones,Oklahoma,2013,,,0,pass,-0.5972867012023926,False,23.0
2010,Landry Jones,Oklahoma,2013,,,8,pass,1.5873198509216309,False,31.0
2010,Landry Jones,Oklahoma,2013,,,1,pass,-0.4881594181060791,False,35.0
2010,Landry Jones,Oklahoma,2013,,,9,pass,1.8157058954238892,False,44.0
2010,Landry Jones,Oklahoma,2013,,,0,pass,-1.0493139028549194,False,44.0
2010,Landry Jones,Oklahoma,2013,,,19,pass,1.267204999923706,False,68.0
2010,Landry Jones,Oklahoma,2013,,,5,pass,0.11736339330673218,False,77.0
2010,Landry Jones,Oklahoma,2013,,,4,pass,-0.23709636926651,False,81.0
2010,Landry Jones,Oklahoma,2013,,,0,pass,-3.1949169635772705,False,64.0
2010,Landry Jones,Oklahoma,2013,,,8,pass,0.6518109440803528,False,72.0
2010,Landry Jones,Oklahoma,2013,,,0,pass,-0.8452544808387756,False,72.0
2010,Landry Jones,Oklahoma,2013,,,8,pass,0.705457866191864,False,82.0
2010,Landry Jones,Oklahoma,2013,,,1,pass,-1.534414529800415,False,57.0
2010,Landry Jones,Oklahoma,2013,,,7,pass,-0.02637481689453125,False,64.0
2010,Landry Jones,Oklahoma,2013,,,0,pass,-0.6640543937683105,False,64.0
2010,Landry Jones,Oklahoma,2013,,,18,pass,1.3388108015060425,False,30.0
2010,Landry Jones,Oklahoma,2013,,,4,pass,-0.3076575994491577,False,34.0
2010,Landry Jones,Oklahoma,2013,,,0,pass,-0.3050253391265869,False,34.0
2010,Landry Jones,Oklahoma,2013,,,7,pass,0.6255755424499512,False,41.0
2010,Landry Jones,Oklahoma,2013,,,7,pass,0.31499218940734863,False,48.0
2010,Landry Jones,Oklahoma,2013,,,20,pass,0.5395082235336304,False,68.0
2010,Landry Jones,Oklahoma,2013,,,2,pass,-0.9740993976593018,False,85.0
2010,Landry Jones,Oklahoma,2013,,,11,pass,0.6365041732788086,False,53.0
2010,Landry Jones,Oklahoma,2013,,,8,pass,1.6141548156738281,True,8.0
2010,Landry Jones,Oklahoma,2013,,,16,pass,2.2449636459350586,False,24.0
2010,Landry Jones,Oklahoma,2013,,,0,pass,-1.551485300064087,False,35.0
2010,Landry Jones,Oklahoma,2013,,,0,pass,-1.8055663108825684,False,35.0
2010,Landry Jones,Oklahoma,2013,,,11,pass,1.1033985614776611,False,46.0
2010,Landry Jones,Oklahoma,2013,,,0,pass,-0.5863428115844727,False,46.0
2010,Landry Jones,Oklahoma,2013,,,0,pass,-0.5110857486724854,False,56.0
2010,Landry Jones,Oklahoma,2013,,,9,pass,0.020838022232055664,False,56.0
2010,Landry Jones,Oklahoma,2013,,,2,pass,1.5086965560913086,True,2.0
2010,Landry Jones,Oklahoma,2013,,,0,pass,-1.7649086713790894,False,59.0
2010,Landry Jones,Oklahoma,2013,,,8,pass,0.44394707679748535,False,67.0
2010,Landry Jones,Oklahoma,2013,,,0,pass,-0.7064082622528076,False,67.0
2010,Landry Jones,Oklahoma,2013,,,10,pass,2.2854461669921875,False,77.0
2010,Landry Jones,Oklahoma,2013,,,0,pass,-1.0325509309768677,False,77.0
2010,Landry Jones,Oklahoma,2013,,,-2,pass,-0.9656289219856262,False,80.0
2010,Landry Jones,Oklahoma,2013,,,25,pass,2.0404815673828125,False,34.0
2010,Landry Jones,Oklahoma,2013,,,0,pass,-0.9594196081161499,False,52.0
2010,Landry Jones,Oklahoma,2013,,,9,pass,0.7787352800369263,False,69.0
2010,Landry Jones,Oklahoma,2013,,,9,pass,0.8987619876861572,False,82.0
2010,Landry Jones,Oklahoma,2013,,,1,pass,-1.4272927045822144,False,60.0
2010,Landry Jones,Oklahoma,2013,,,0,pass,-0.9683458805084229,False,60.0
2010,Landry Jones,Oklahoma,2013,,,0,pass,-0.6960324048995972,False,60.0
2010,Landry Jones,Oklahoma,2013,,,20,pass,3.1828956604003906,False,80.0
2010,Landry Jones,Oklahoma,2013,,,0,pass,-1.0201234817504883,False,80.0
2010,Landry Jones,Oklahoma,2013,,,0,pass,-0.5377475619316101,False,80.0
2010,Landry Jones,Oklahoma,2013,,,4,pass,-0.7663899660110474,False,85.0
2010,Landry Jones,Oklahoma,2013,,,5,pass,0.4685378074645996,False,21.0
2010,Landry Jones,Oklahoma,2013,,,11,pass,2.0196280479431152,False,37.0
2010,Landry Jones,Oklahoma,2013,,,23,pass,2.0245180130004883,False,60.0
2010,Landry Jones,Oklahoma,2013,,,0,pass,-2.3363289833068848,False,46.0
2010,Landry Jones,Oklahoma,2013,,,19,pass,1.1045260429382324,False,65.0
2010,Landry Jones,Oklahoma,2013,,,3,pass,-0.8327344655990601,False,88.0
2010,Landry Jones,Oklahoma,2013,,,0,pass,-2.7903082370758057,False,40.0
2010,Landry Jones,Oklahoma,2013,,,0,pass,-1.6875028610229492,False,3.0
2010,Landry Jones,Oklahoma,2013,,,47,pass,4.172390937805176,False,50.0
2010,Landry Jones,Oklahoma,2013,,,7,pass,0.691386342048645,False,57.0
2010,Landry Jones,Oklahoma,2013,,,14,pass,1.1121623516082764,False,71.0
2010,Landry Jones,Oklahoma,2013,,,2,pass,-1.09320068359375,False,9.0
2010,Landry Jones,Oklahoma,2013,,,10,pass,0.692662239074707,False,24.0
2010,Landry Jones,Oklahoma,2013,,,30,pass,2.5414154529571533,False,31.0
2010,Landry Jones,Oklahoma,2013,,,15,pass,1.161384105682373,False,49.0
2010,Landry Jones,Oklahoma,2013,,,10,pass,0.6823222637176514,False,51.0
2010,Landry Jones,Oklahoma,2013,,,17,pass,1.020909309387207,False,68.0
2010,Landry Jones,Oklahoma,2013,,,12,pass,1.1995458602905273,False,80.0
2010,Landry Jones,Oklahoma,2013,,,49,pass,4.878836631774902,True,49.0
2010,Landry Jones,Oklahoma,2013,,,12,pass,0.9345203042030334,False,80.0
2010,Landry Jones,Oklahoma,2013,,,16,pass,1.1643933057785034,False,60.0
2010,Landry Jones,Oklahoma,2013,,,10,pass,0.8061328530311584,False,80.0
2010,Landry Jones,Oklahoma,2013,,,4,pass,-0.17165109515190125,False,80.0
2010,Landry Jones,Oklahoma,2013,,,4,pass,-0.3814091682434082,False,39.0
2010,Landry Jones,Oklahoma,2013,,,0,pass,-1.4669113159179688,False,39.0
2010,Landry Jones,Oklahoma,2013,,,17,pass,2.0328054428100586,False,56.0
2010,Landry Jones,Oklahoma,2013,,,0,pass,-1.566408634185791,False,80.0
2010,Landry Jones,Oklahoma,2013,,,5,pass,1.7242116928100586,True,5.0
2010,Landry Jones,Oklahoma,2013,,,20,pass,1.9308412075042725,False,40.0
2010,Landry Jones,Oklahoma,2013,,,5,pass,0.008334636688232422,False,45.0
2010,Landry Jones,Oklahoma,2013,,,38,pass,2.96805739402771,False,83.0
2010,Landry Jones,Oklahoma,2013,,,5,pass,-0.011000871658325195,False,88.0
2010,Landry Jones,Oklahoma,2013,,,3,pass,-1.381029486656189,False,33.0
2010,Landry Jones,Oklahoma,2013,,,6,pass,0.6973695755004883,False,39.0
2010,Landry Jones,Oklahoma,2013,,,12,pass,0.5535473823547363,False,55.0
2010,Landry Jones,Oklahoma,2013,,,15,pass,0.6133668422698975,False,70.0
2010,Landry Jones,Oklahoma,2013,,,8,pass,0.40173888206481934,False,83.0
2010,Landry Jones,Oklahoma,2013,,,-1,pass,-2.4397008419036865,False,74.0
2010,Landry Jones,Oklahoma,2013,,,59,pass,3.6234042644500732,True,59.0
2010,Landry Jones,Oklahoma,2013,,,20,pass,2.7533655166625977,False,79.0
2010,Landry Jones,Oklahoma,2013,,,5,pass,-0.3430551290512085,False,78.0
2010,Landry Jones,Oklahoma,2013,,,0,pass,-1.192124843597412,False,8.0
2010,Landry Jones,Oklahoma,2013,,,0,pass,-0.9009890556335449,False,8.0
2010,Landry Jones,Oklahoma,2013,,,18,pass,2.0586752891540527,False,26.0
2010,Landry Jones,Oklahoma,2013,,,10,pass,1.4339405298233032,False,36.0
2010,Landry Jones,Oklahoma,2013,,,9,pass,0.868757963180542,False,51.0
2010,Landry Jones,Oklahoma,2013,,,9,pass,0.7584439516067505,False,64.0
2010,Landry Jones,Oklahoma,2013,,,8,pass,0.24053287506103516,False,75.0
2010,Landry Jones,Oklahoma,2013,,,0,pass,-0.5601077079772949,False,24.0
2010,Landry Jones,Oklahoma,2013,,,19,pass,1.4590163230895996,False,39.0
2010,Landry Jones,Oklahoma,2013,,,0,pass,-0.5787181854248047,False,39.0
2010,Landry Jones,Oklahoma,2013,,,35,pass,2.8271450996398926,False,74.0
2010,Landry Jones,Oklahoma,2013,,,7,pass,0.29830002784729004,False,80.0
2010,Landry Jones,Oklahoma,2013,,,2,pass,-0.41146135330200195,False,60.0
2010,Landry Jones,Oklahoma,2013,,,4,pass,-0.2234325408935547,False,64.0
2010,Landry Jones,Oklahoma,2013,,,39,pass,2.169637441635132,False,45.0
2010,Landry Jones,Oklahoma,2013,,,4,pass,0.5928759574890137,False,49.0
2010,Landry Jones,Oklahoma,2013,,,1,pass,-0.422161340713501,False,50.0
2010,Landry Jones,Oklahoma,2013,,,12,pass,0.7016512155532837,False,81.0
2010,Landry Jones,Oklahoma,2013,,,8,pass,2.7085084915161133,True,8.0
2010,Landry Jones,Oklahoma,2013,,,5,pass,-0.03746485710144043,False,13.0
2010,Landry Jones,Oklahoma,2013,,,12,pass,0.5860252380371094,False,23.0
2010,Landry Jones,Oklahoma,2013,,,14,pass,0.8279199600219727,False,48.0
2010,Landry Jones,Oklahoma,2013,,,6,pass,0.21500444412231445,False,59.0
2010,Landry Jones,Oklahoma,2013,,,11,pass,0.5995781421661377,False,70.0
2011,Landry Jones,Oklahoma,2013,,,0,pass,-1.3719639778137207,False,10.0
2011,Landry Jones,Oklahoma,2013,,,0,pass,0.04024553298950195,False,10.0
2011,Landry Jones,Oklahoma,2013,,,41,pass,2.3290371894836426,False,52.0
2011,Landry Jones,Oklahoma,2013,,,4,pass,-0.5615301132202148,False,54.0
2011,Landry Jones,Oklahoma,2013,,,5,pass,-0.45819544792175293,False,59.0
2011,Landry Jones,Oklahoma,2013,,,0,pass,-0.5173554420471191,False,59.0
2011,Landry Jones,Oklahoma,2013,,,19,pass,1.8679614067077637,False,78.0
2011,Landry Jones,Oklahoma,2013,,,5,pass,-0.46440815925598145,False,83.0
2011,Landry Jones,Oklahoma,2013,,,0,pass,-0.5831658840179443,False,83.0
2011,Landry Jones,Oklahoma,2013,,,8,pass,1.474692702293396,False,91.0
2011,Landry Jones,Oklahoma,2013,,,8,pass,0.30753087997436523,False,19.0
2011,Landry Jones,Oklahoma,2013,,,14,pass,1.0106797218322754,False,33.0
2011,Landry Jones,Oklahoma,2013,,,11,pass,0.56072998046875,False,46.0
2011,Landry Jones,Oklahoma,2013,,,5,pass,-0.05783843994140625,False,51.0
2011,Landry Jones,Oklahoma,2013,,,8,pass,-2.1231675148010254,False,9.0
2011,Landry Jones,Oklahoma,2013,,,21,pass,1.7666730880737305,False,35.0
2011,Landry Jones,Oklahoma,2013,,,4,pass,-0.10512161254882812,False,39.0
2011,Landry Jones,Oklahoma,2013,,,8,pass,0.8365281820297241,False,47.0
2011,Landry Jones,Oklahoma,2013,,,3,pass,-0.31599241495132446,False,80.0
2011,Landry Jones,Oklahoma,2013,,,4,pass,2.569916248321533,True,4.0
2011,Landry Jones,Oklahoma,2013,,,0,pass,-1.5561714172363281,False,4.0
2011,Landry Jones,Oklahoma,2013,,,16,pass,2.3253490924835205,False,22.0
2011,Landry Jones,Oklahoma,2013,,,6,pass,0.5178399085998535,False,12.0
2011,Landry Jones,Oklahoma,2013,,,9,pass,1.0388860702514648,False,23.0
2011,Landry Jones,Oklahoma,2013,,,11,pass,0.4814491271972656,False,36.0
2011,Landry Jones,Oklahoma,2013,,,0,pass,-1.4649991989135742,False,51.0
2011,Landry Jones,Oklahoma,2013,,,0,pass,-0.8237204551696777,False,51.0
2011,Landry Jones,Oklahoma,2013,,,50,pass,2.4675378799438477,False,60.0
2011,Landry Jones,Oklahoma,2013,,,4,pass,1.0768773555755615,False,64.0
2011,Landry Jones,Oklahoma,2013,,,2,pass,-0.5535593032836914,False,66.0
2011,Landry Jones,Oklahoma,2013,,,15,pass,2.292409658432007,False,30.0
2011,Landry Jones,Oklahoma,2013,,,0,pass,-0.8358089923858643,False,30.0
2011,Landry Jones,Oklahoma,2013,,,15,pass,2.482912540435791,False,45.0
2011,Landry Jones,Oklahoma,2013,,,3,pass,-0.8188061714172363,False,48.0
2011,Landry Jones,Oklahoma,2013,,,0,pass,-0.6588385105133057,False,48.0
2011,Landry Jones,Oklahoma,2013,,,5,pass,0.18237519264221191,False,66.0
2011,Landry Jones,Oklahoma,2013,,,0,pass,-1.8307478427886963,False,6.0
2011,Landry Jones,Oklahoma,2013,,,0,pass,-1.1462526321411133,False,6.0
2011,Landry Jones,Oklahoma,2013,,,6,pass,0.8032569885253906,False,12.0
2011,Landry Jones,Oklahoma,2013,,,5,pass,-0.1004796028137207,False,17.0
2011,Landry Jones,Oklahoma,2013,,,5,pass,0.0783071517944336,False,22.0
2011,Landry Jones,Oklahoma,2013,,,9,pass,0.8396573066711426,False,31.0
2011,Landry Jones,Oklahoma,2013,,,35,pass,3.635420322418213,False,66.0
2011,Landry Jones,Oklahoma,2013,,,4,pass,1.1529165506362915,False,70.0
2011,Landry Jones,Oklahoma,2013,,,0,pass,-1.9245517253875732,False,54.0
2011,Landry Jones,Oklahoma,2013,,,8,pass,-1.2429002523422241,False,74.0
2011,Landry Jones,Oklahoma,2013,,,22,pass,2.788583755493164,False,59.0
2011,Landry Jones,Oklahoma,2013,,,37,pass,3.2578284740448,True,37.0
2011,Landry Jones,Oklahoma,2013,,,0,pass,-1.2805206775665283,False,59.0
2011,Landry Jones,Oklahoma,2013,,,-2,pass,-0.9623298645019531,False,57.0
2011,Landry Jones,Oklahoma,2013,,,11,pass,0.6396352052688599,False,68.0
2011,Landry Jones,Oklahoma,2013,,,5,pass,0.06212818622589111,False,79.0
2011,Landry Jones,Oklahoma,2013,,,0,pass,-1.819502353668213,False,56.0
2011,Landry Jones,Oklahoma,2013,,,0,pass,-0.8371376991271973,False,56.0
2011,Landry Jones,Oklahoma,2013,,,16,pass,0.8847379684448242,False,80.0
2011,Landry Jones,Oklahoma,2013,,,0,pass,-1.8849713802337646,False,55.0
2011,Landry Jones,Oklahoma,2013,,,-1,pass,-0.9435341358184814,False,54.0
2011,Landry Jones,Oklahoma,2013,,,3,pass,0.5178678035736084,False,73.0
2011,Landry Jones,Oklahoma,2013,,,0,pass,0.0962374210357666,False,12.0
2011,Landry Jones,Oklahoma,2013,,,0,pass,-1.9631528854370117,False,3.0
2011,Landry Jones,Oklahoma,2013,,,17,pass,1.3176031112670898,False,26.0
2011,Landry Jones,Oklahoma,2013,,,38,pass,2.1289076805114746,False,67.0
2011,Landry Jones,Oklahoma,2013,,,0,pass,-1.370178461074829,False,65.0
2011,Landry Jones,Oklahoma,2013,,,0,pass,-0.6072080135345459,False,56.0
2011,Landry Jones,Oklahoma,2013,,,15,pass,0.8843333721160889,False,71.0
2011,Landry Jones,Oklahoma,2013,,,8,pass,1.1252115964889526,False,79.0
2011,Landry Jones,Oklahoma,2013,,,4,pass,0.9962496757507324,False,18.0
2011,Landry Jones,Oklahoma,2013,,,12,pass,1.4164824485778809,False,48.0
2011,Landry Jones,Oklahoma,2013,,,5,pass,0.13165998458862305,False,59.0
2011,Landry Jones,Oklahoma,2013,,,3,pass,-0.40229225158691406,False,62.0
2011,Landry Jones,Oklahoma,2013,,,6,pass,-0.7382681965827942,False,80.0
2011,Landry Jones,Oklahoma,2013,,,4,pass,1.0002260208129883,True,4.0
2011,Landry Jones,Oklahoma,2013,,,9,pass,1.2893624305725098,False,13.0
2011,Landry Jones,Oklahoma,2013,,,22,pass,2.3000807762145996,False,39.0
2011,Landry Jones,Oklahoma,2013,,,25,pass,1.841195821762085,False,60.0
2011,Landry Jones,Oklahoma,2013,,,12,pass,1.3023326396942139,False,57.0
2011,Landry Jones,Oklahoma,2013,,,13,pass,1.446224331855774,False,69.0
2011,Landry Jones,Oklahoma,2013,,,3,pass,-0.2630305290222168,False,74.0
2011,Landry Jones,Oklahoma,2013,,,0,pass,-1.1583266258239746,False,68.0
2011,Landry Jones,Oklahoma,2013,,,0,pass,-0.5449748039245605,False,61.0
2011,Landry Jones,Oklahoma,2013,,,5,pass,0.09881830215454102,False,69.0
2011,Landry Jones,Oklahoma,2013,,,3,pass,-0.47581958770751953,False,72.0
2011,Landry Jones,Oklahoma,2013,,,19,pass,1.209214210510254,False,22.0
2011,Landry Jones,Oklahoma,2013,,,11,pass,0.5614027976989746,False,45.0
2011,Landry Jones,Oklahoma,2013,,,33,pass,2.550752639770508,False,89.0
2011,Landry Jones,Oklahoma,2013,,,5,pass,-0.11095571517944336,False,47.0
2011,Landry Jones,Oklahoma,2013,,,7,pass,0.3227193355560303,False,70.0
2011,Landry Jones,Oklahoma,2013,,,6,pass,0.18359839916229248,False,80.0
2011,Landry Jones,Oklahoma,2013,,,4,pass,-0.7595043182373047,False,5.0
2011,Landry Jones,Oklahoma,2013,,,27,pass,2.0874826908111572,False,32.0
2011,Landry Jones,Oklahoma,2013,,,24,pass,1.7582781314849854,False,56.0
2011,Landry Jones,Oklahoma,2013,,,0,pass,-0.4777991771697998,False,56.0
2011,Landry Jones,Oklahoma,2013,,,4,pass,2.5495405197143555,True,4.0
2011,Landry Jones,Oklahoma,2013,,,0,pass,-1.478259563446045,False,4.0
2011,Landry Jones,Oklahoma,2013,,,5,pass,1.0212388038635254,False,7.0
2011,Landry Jones,Oklahoma,2013,,,12,pass,0.7962918281555176,False,25.0
2011,Landry Jones,Oklahoma,2013,,,13,pass,0.7603456974029541,False,38.0
2011,Landry Jones,Oklahoma,2013,,,39,pass,4.0671234130859375,False,77.0
2011,Landry Jones,Oklahoma,2013,,,0,pass,-1.514094591140747,False,60.0
2011,Landry Jones,Oklahoma,2013,,,9,pass,0.7981375455856323,False,63.0
2011,Landry Jones,Oklahoma,2013,,,0,pass,-1.9618644714355469,False,41.0
2011,Landry Jones,Oklahoma,2013,,,0,pass,-0.9210711717605591,False,41.0
2011,Landry Jones,Oklahoma,2013,,,29,pass,3.562159299850464,False,71.0
2011,Landry Jones,Oklahoma,2013,,,0,pass,-0.9354053735733032,False,71.0
2011,Landry Jones,Oklahoma,2013,,,9,pass,0.6901237964630127,False,83.0
2011,Landry Jones,Oklahoma,2013,,,24,pass,2.7386207580566406,True,24.0
2011,Landry Jones,Oklahoma,2013,,,17,pass,0.6985771656036377,False,41.0
2011,Landry Jones,Oklahoma,2013,,,6,pass,0.29671287536621094,False,47.0
2011,Landry Jones,Oklahoma,2013,,,12,pass,0.8771461248397827,False,70.0
2011,Landry Jones,Oklahoma,2013,,,10,pass,0.8413680791854858,False,80.0
2011,Landry Jones,Oklahoma,2013,,,0,pass,-1.674713134765625,False,9.0
2011,Landry Jones,Oklahoma,2013,,,7,pass,0.3145017623901367,False,16.0
2011,Landry Jones,Oklahoma,2013,,,8,pass,0.8028619289398193,False,47.0
2011,Landry Jones,Oklahoma,2013,,,5,pass,-0.12299036979675293,False,87.0
2011,Landry Jones,Oklahoma,2013,,,0,pass,-0.7120990753173828,False,87.0
2011,Landry Jones,Oklahoma,2013,,,7,pass,-0.7382681965827942,False,80.0
2011,Landry Jones,Oklahoma,2013,,,2,pass,-0.6524574756622314,False,43.0
2011,Landry Jones,Oklahoma,2013,,,6,pass,-0.1323409080505371,False,73.0
2011,Landry Jones,Oklahoma,2013,,,56,pass,2.4861974716186523,True,56.0
2011,Landry Jones,Oklahoma,2013,,,64,pass,3.3691835403442383,True,64.0
2011,Landry Jones,Oklahoma,2013,,,0,pass,-0.745856761932373,False,13.0
2011,Landry Jones,Oklahoma,2013,,,0,pass,-0.5377099514007568,False,13.0
2011,Landry Jones,Oklahoma,2013,,,62,pass,3.2086968421936035,False,75.0
2011,Landry Jones,Oklahoma,2013,,,13,pass,0.24744415283203125,False,66.0
2011,Landry Jones,Oklahoma,2013,,,27,pass,4.467863082885742,True,27.0
2011,Landry Jones,Oklahoma,2013,,,0,pass,-0.18707847595214844,False,27.0
2011,Landry Jones,Oklahoma,2013,,,47,pass,3.1915817260742188,False,75.0
2011,Landry Jones,Oklahoma,2013,,,7,pass,1.9285049438476562,True,7.0
2011,Landry Jones,Oklahoma,2013,,,3,pass,-0.4160916805267334,False,46.0
2011,Landry Jones,Oklahoma,2013,,,5,pass,1.0260772705078125,False,51.0
2011,Landry Jones,Oklahoma,2013,,,8,pass,0.17798566818237305,False,59.0
2011,Landry Jones,Oklahoma,2013,,,0,pass,-0.540534496307373,False,59.0
2011,Landry Jones,Oklahoma,2013,,,10,pass,1.1735330820083618,False,69.0
2011,Landry Jones,Oklahoma,2013,,,0,pass,-1.606829047203064,False,27.0
2011,Landry Jones,Oklahoma,2013,,,0,pass,-0.7918076515197754,False,27.0
2011,Landry Jones,Oklahoma,2013,,,0,pass,-0.553647518157959,False,27.0
2011,Landry Jones,Oklahoma,2013,,,12,pass,0.6692111492156982,False,39.0
2011,Landry Jones,Oklahoma,2013,,,15,pass,0.873725414276123,False,54.0
2011,Landry Jones,Oklahoma,2013,,,10,pass,1.3235331773757935,False,64.0
2011,Landry Jones,Oklahoma,2013,,,6,pass,0.29660820960998535,False,70.0
2011,Landry Jones,Oklahoma,2013,,,6,pass,0.9691629409790039,True,6.0
2011,Landry Jones,Oklahoma,2013,,,21,pass,1.2851548194885254,False,27.0
2011,Landry Jones,Oklahoma,2013,,,12,pass,1.3750367164611816,False,43.0
2011,Landry Jones,Oklahoma,2013,,,0,pass,-0.5805408954620361,False,43.0
2011,Landry Jones,Oklahoma,2013,,,15,pass,1.076904296875,False,58.0
2011,Landry Jones,Oklahoma,2013,,,7,pass,0.7753149271011353,False,65.0
2011,Landry Jones,Oklahoma,2013,,,11,pass,0.7381385564804077,False,85.0
2011,Landry Jones,Oklahoma,2013,,,0,pass,-1.8346595764160156,False,26.0
2011,Landry Jones,Oklahoma,2013,,,0,pass,-0.7392110824584961,False,34.0
2011,Landry Jones,Oklahoma,2013,,,0,pass,-0.49715447425842285,False,34.0
2011,Landry Jones,Oklahoma,2013,,,4,pass,0.7668304443359375,False,38.0
2011,Landry Jones,Oklahoma,2013,,,6,pass,0.09899520874023438,False,44.0
2011,Landry Jones,Oklahoma,2013,,,11,pass,1.5771584510803223,False,55.0
2011,Landry Jones,Oklahoma,2013,,,0,pass,-0.7803020477294922,False,55.0
2011,Landry Jones,Oklahoma,2013,,,2,pass,-0.5346527099609375,False,75.0
2011,Landry Jones,Oklahoma,2013,,,5,pass,-0.11444711685180664,False,80.0
2011,Landry Jones,Oklahoma,2013,,,13,pass,0.5271990299224854,False,93.0
2011,Landry Jones,Oklahoma,2013,,,17,pass,0.036360740661621094,False,72.0
2011,Landry Jones,Oklahoma,2013,,,4,pass,0.9127728939056396,False,61.0
2011,Landry Jones,Oklahoma,2013,,,0,pass,-0.4899327754974365,False,61.0
2011,Landry Jones,Oklahoma,2013,,,14,pass,3.1746296882629395,True,14.0
2011,Landry Jones,Oklahoma,2013,,,36,pass,2.649928569793701,False,50.0
2011,Landry Jones,Oklahoma,2013,,,16,pass,0.28497475385665894,False,66.0
2011,Landry Jones,Oklahoma,2013,,,0,pass,-0.39943987131118774,False,66.0
2011,Landry Jones,Oklahoma,2013,,,9,pass,0.3860628604888916,False,83.0
2011,Landry Jones,Oklahoma,2013,,,0,pass,-2.080758810043335,False,33.0
2011,Landry Jones,Oklahoma,2013,,,0,pass,-1.4605993032455444,False,33.0
2011,Landry Jones,Oklahoma,2013,,,0,pass,-2.0033209323883057,False,30.0
2011,Landry Jones,Oklahoma,2013,,,0,pass,-0.8479979038238525,False,30.0
2011,Landry Jones,Oklahoma,2013,,,0,pass,-0.519120454788208,False,30.0
2011,Landry Jones,Oklahoma,2013,,,19,pass,0.9008684158325195,False,49.0
2011,Landry Jones,Oklahoma,2013,,,8,pass,1.0440847873687744,False,57.0
2011,Landry Jones,Oklahoma,2013,,,4,pass,-0.4448702335357666,False,61.0
2011,Landry Jones,Oklahoma,2013,,,3,pass,-0.6463143825531006,False,64.0
2011,Landry Jones,Oklahoma,2013,,,5,pass,2.383511543273926,True,5.0
2011,Landry Jones,Oklahoma,2013,,,0,pass,-1.747169017791748,False,5.0
2011,Landry Jones,Oklahoma,2013,,,30,pass,4.126183986663818,False,35.0
2011,Landry Jones,Oklahoma,2013,,,0,pass,-0.8230160474777222,False,35.0
2011,Landry Jones,Oklahoma,2013,,,0,pass,-0.8352646827697754,False,35.0
2011,Landry Jones,Oklahoma,2013,,,8,pass,0.5034279823303223,False,28.0
2011,Landry Jones,Oklahoma,2013,,,19,pass,2.5520668029785156,True,19.0
2011,Landry Jones,Oklahoma,2013,,,7,pass,0.28482723236083984,False,26.0
2011,Landry Jones,Oklahoma,2013,,,7,pass,0.6507549285888672,False,28.0
2011,Landry Jones,Oklahoma,2013,,,9,pass,0.8861207962036133,False,41.0
2011,Landry Jones,Oklahoma,2013,,,18,pass,2.534334182739258,False,63.0
2011,Landry Jones,Oklahoma,2013,,,0,pass,-0.8852500319480896,False,63.0
2011,Landry Jones,Oklahoma,2013,,,0,pass,-1.7305822372436523,False,7.0
2011,Landry Jones,Oklahoma,2013,,,6,pass,0.22449398040771484,False,14.0
2011,Landry Jones,Oklahoma,2013,,,11,pass,1.2000033855438232,False,25.0
2011,Landry Jones,Oklahoma,2013,,,8,pass,0.26371026039123535,False,33.0
2011,Landry Jones,Oklahoma,2013,,,0,pass,-0.5254049301147461,False,33.0
2011,Landry Jones,Oklahoma,2013,,,0,pass,-1.238724946975708,False,9.0
2011,Landry Jones,Oklahoma,2013,,,4,pass,-0.33385634422302246,False,13.0
2011,Landry Jones,Oklahoma,2013,,,14,pass,1.4891433715820312,False,24.0
2011,Landry Jones,Oklahoma,2013,,,10,pass,0.7954916954040527,False,34.0
2011,Landry Jones,Oklahoma,2013,,,40,pass,-1.5168899297714233,False,71.0
2011,Landry Jones,Oklahoma,2013,,,13,pass,2.503716230392456,False,23.0
2011,Landry Jones,Oklahoma,2013,,,43,pass,4.528847694396973,True,43.0
2011,Landry Jones,Oklahoma,2013,,,0,pass,-0.8985552787780762,False,43.0
2011,Landry Jones,Oklahoma,2013,,,0,pass,-3.3287672996520996,False,3.0
2011,Landry Jones,Oklahoma,2013,,,-3,pass,-1.8417727947235107,False,7.0
2011,Landry Jones,Oklahoma,2013,,,1,pass,0.21631336212158203,False,8.0
2011,Landry Jones,Oklahoma,2013,,,6,pass,0.5978560447692871,False,19.0
2011,Landry Jones,Oklahoma,2013,,,4,pass,-0.2145242691040039,False,23.0
2011,Landry Jones,Oklahoma,2013,,,16,pass,0.8627548217773438,False,39.0
2011,Landry Jones,Oklahoma,2013,,,16,pass,2.890791416168213,False,55.0
2011,Landry Jones,Oklahoma,2013,,,19,pass,-4.111865997314453,False,21.0
2011,Landry Jones,Oklahoma,2013,,,3,pass,-0.06261587142944336,False,24.0
2011,Landry Jones,Oklahoma,2013,,,13,pass,2.2524876594543457,False,42.0
2011,Landry Jones,Oklahoma,2013,,,3,pass,-0.45186829566955566,False,45.0
2011,Landry Jones,Oklahoma,2013,,,4,pass,-0.4820280075073242,False,49.0
2011,Landry Jones,Oklahoma,2013,,,0,pass,-2.2524733543395996,False,2.0
2011,Landry Jones,Oklahoma,2013,,,0,pass,-1.9877874851226807,False,2.0
2011,Landry Jones,Oklahoma,2013,,,4,pass,-0.04167938232421875,False,17.0
2011,Landry Jones,Oklahoma,2013,,,8,pass,0.6940188407897949,False,25.0
2011,Landry Jones,Oklahoma,2013,,,19,pass,1.4778211116790771,False,44.0
2011,Landry Jones,Oklahoma,2013,,,5,pass,-0.17334747314453125,False,49.0
2011,Landry Jones,Oklahoma,2013,,,18,pass,0.916448712348938,False,67.0
2011,Landry Jones,Oklahoma,2013,,,57,pass,4.09044075012207,True,57.0
2011,Landry Jones,Oklahoma,2013,,,15,pass,0.6172471046447754,False,23.0
2011,Landry Jones,Oklahoma,2013,,,0,pass,-1.1682748794555664,False,8.0
2011,Landry Jones,Oklahoma,2013,,,9,pass,0.5835614204406738,False,46.0
2011,Landry Jones,Oklahoma,2013,,,6,pass,0.2910728454589844,False,52.0
2011,Landry Jones,Oklahoma,2013,,,7,pass,0.021219491958618164,False,59.0
2011,Landry Jones,Oklahoma,2013,,,5,pass,0.14506816864013672,False,70.0
2011,Landry Jones,Oklahoma,2013,,,0,pass,-0.941270112991333,False,19.0
2011,Landry Jones,Oklahoma,2013,,,0,pass,-0.49457693099975586,False,18.0
2011,Landry Jones,Oklahoma,2013,,,30,pass,3.1190297603607178,False,48.0
2011,Landry Jones,Oklahoma,2013,,,0,pass,-0.9624693393707275,False,48.0
2011,Landry Jones,Oklahoma,2013,,,8,pass,0.7494244575500488,False,57.0
2011,Landry Jones,Oklahoma,2013,,,17,pass,1.6189980506896973,True,17.0
2011,Landry Jones,Oklahoma,2013,,,15,pass,2.4021646976470947,False,32.0
2011,Landry Jones,Oklahoma,2013,,,0,pass,-0.9874722957611084,False,32.0
2011,Landry Jones,Oklahoma,2013,,,0,pass,-1.5477644205093384,False,63.0
2011,Landry Jones,Oklahoma,2013,,,0,pass,-0.9899505376815796,False,63.0
2011,Landry Jones,Oklahoma,2013,,,0,pass,-2.366736650466919,False,63.0
2011,Landry Jones,Oklahoma,2013,,,22,pass,3.1498873233795166,True,22.0
2011,Landry Jones,Oklahoma,2013,,,17,pass,1.4579501152038574,False,39.0
2011,Landry Jones,Oklahoma,2013,,,0,pass,-0.2002582550048828,False,39.0
2011,Landry Jones,Oklahoma,2013,,,21,pass,0.8728965520858765,False,60.0
2011,Landry Jones,Oklahoma,2013,,,12,pass,2.6050047874450684,False,23.0
2011,Landry Jones,Oklahoma,2013,,,7,pass,0.3742811679840088,False,30.0
2011,Landry Jones,Oklahoma,2013,,,17,pass,2.457284927368164,False,47.0
2011,Landry Jones,Oklahoma,2013,,,-2,pass,-0.8505139350891113,False,45.0
2011,Landry Jones,Oklahoma,2013,,,55,pass,4.735337257385254,True,55.0
2011,Landry Jones,Oklahoma,2013,,,0,pass,-0.7429957389831543,False,64.0
2011,Landry Jones,Oklahoma,2013,,,7,pass,0.5644546151161194,False,71.0
2011,Landry Jones,Oklahoma,2013,,,0,pass,-0.6439633369445801,False,55.0
2011,Landry Jones,Oklahoma,2013,,,3,pass,1.0160284042358398,True,3.0
2011,Landry Jones,Oklahoma,2013,,,10,pass,0.963294506072998,False,13.0
2011,Landry Jones,Oklahoma,2013,,,9,pass,0.8767082691192627,False,34.0
2011,Landry Jones,Oklahoma,2013,,,7,pass,2.2252614498138428,False,41.0
2011,Landry Jones,Oklahoma,2013,,,0,pass,-2.5918567180633545,False,5.0
2011,Landry Jones,Oklahoma,2013,,,17,pass,1.5544061660766602,False,22.0
2011,Landry Jones,Oklahoma,2013,,,7,pass,0.8256592750549316,False,29.0
2011,Landry Jones,Oklahoma,2013,,,8,pass,0.7595624923706055,False,40.0
2011,Landry Jones,Oklahoma,2013,,,58,pass,5.944424152374268,True,58.0
2011,Landry Jones,Oklahoma,2013,,,0,pass,-1.0196528434753418,False,80.0
2011,Landry Jones,Oklahoma,2013,,,0,pass,-0.8104283809661865,False,80.0
2011,Landry Jones,Oklahoma,2013,,,0,pass,-0.6382474303245544,False,80.0
2011,Landry Jones,Oklahoma,2013,,,0,pass,-0.3869509696960449,False,66.0
2011,Landry Jones,Oklahoma,2013,,,0,pass,-0.2372775673866272,False,66.0
2011,Landry Jones,Oklahoma,2013,,,0,pass,-1.1236767768859863,False,82.0
2011,Landry Jones,Oklahoma,2013,,,0,pass,-1.5456843376159668,False,63.0
2011,Landry Jones,Oklahoma,2013,,,4,pass,0.21385514736175537,False,67.0
2011,Landry Jones,Oklahoma,2013,,,27,pass,-4.34279727935791,False,58.0
2011,Landry Jones,Oklahoma,2013,,,8,pass,0.3302474021911621,False,30.0
2011,Landry Jones,Oklahoma,2013,,,0,pass,-1.0191751718521118,False,34.0
2011,Landry Jones,Oklahoma,2013,,,3,pass,-0.3734269142150879,False,27.0
2011,Landry Jones,Oklahoma,2013,,,10,pass,2.269806146621704,False,37.0
2011,Landry Jones,Oklahoma,2013,,,0,pass,-0.949486494064331,False,37.0
2011,Landry Jones,Oklahoma,2013,,,12,pass,1.4615647792816162,False,50.0
2011,Landry Jones,Oklahoma,2013,,,0,pass,-0.6585078239440918,False,50.0
2011,Landry Jones,Oklahoma,2013,,,10,pass,0.6065249443054199,False,60.0
2011,Landry Jones,Oklahoma,2013,,,17,pass,2.6975319385528564,False,77.0
2011,Landry Jones,Oklahoma,2013,,,10,pass,1.0007131099700928,False,91.0
2011,Landry Jones,Oklahoma,2013,,,0,pass,-1.4290801286697388,False,74.0
2011,Landry Jones,Oklahoma,2013,,,8,pass,0.7964088320732117,False,76.0
2011,Landry Jones,Oklahoma,2013,,,12,pass,0.6332005262374878,False,88.0
2011,Landry Jones,Oklahoma,2013,,,0,pass,-1.7627161741256714,False,61.0
2011,Landry Jones,Oklahoma,2013,,,15,pass,2.7717928886413574,True,15.0
2011,Landry Jones,Oklahoma,2013,,,12,pass,1.1078273057937622,False,73.0
2011,Landry Jones,Oklahoma,2013,,,12,pass,2.0099620819091797,True,12.0
2011,Landry Jones,Oklahoma,2013,,,54,pass,2.079184055328369,False,67.0
2011,Landry Jones,Oklahoma,2013,,,0,pass,-0.8456110954284668,False,31.0
2011,Landry Jones,Oklahoma,2013,,,14,pass,0.42760133743286133,False,45.0
2011,Landry Jones,Oklahoma,2013,,,12,pass,0.41309595108032227,False,62.0
2011,Landry Jones,Oklahoma,2013,,,8,pass,1.1325669288635254,True,8.0
2011,Landry Jones,Oklahoma,2013,,,35,pass,2.5191991329193115,False,43.0
2011,Landry Jones,Oklahoma,2013,,,4,pass,-0.2087399959564209,False,47.0
2011,Landry Jones,Oklahoma,2013,,,11,pass,0.35250210762023926,False,60.0
2011,Landry Jones,Oklahoma,2013,,,8,pass,0.606438398361206,False,68.0
2011,Landry Jones,Oklahoma,2013,,,29,pass,2.404582977294922,True,29.0
2011,Landry Jones,Oklahoma,2013,,,16,pass,1.7987018823623657,False,64.0
2011,Landry Jones,Oklahoma,2013,,,0,pass,-0.5973471999168396,False,36.0
2011,Landry Jones,Oklahoma,2013,,,0,pass,-0.2776902914047241,False,36.0
2011,Landry Jones,Oklahoma,2013,,,0,pass,-0.2382204532623291,False,36.0
2011,Landry Jones,Oklahoma,2013,,,14,pass,0.964938759803772,False,62.0
2011,Landry Jones,Oklahoma,2013,,,7,pass,0.25404059886932373,False,69.0
2011,Landry Jones,Oklahoma,2013,,,0,pass,-0.5700143575668335,False,69.0
2011,Landry Jones,Oklahoma,2013,,,8,pass,0.8300799131393433,False,77.0
2011,Landry Jones,Oklahoma,2013,,,10,pass,-0.8300799131393433,False,77.0
2011,Landry Jones,Oklahoma,2013,,,18,pass,2.1172080039978027,True,18.0
2011,Landry Jones,Oklahoma,2013,,,25,pass,1.7596712112426758,False,43.0
2011,Landry Jones,Oklahoma,2013,,,3,pass,-0.3582611083984375,False,46.0
2011,Landry Jones,Oklahoma,2013,,,16,pass,1.0869187116622925,False,62.0
2011,Landry Jones,Oklahoma,2013,,,6,pass,1.0636508464813232,False,49.0
2011,Landry Jones,Oklahoma,2013,,,8,pass,0.6794061660766602,False,57.0
2011,Landry Jones,Oklahoma,2013,,,0,pass,-0.8704779148101807,False,49.0
2011,Landry Jones,Oklahoma,2013,,,11,pass,0.4772162437438965,False,68.0
2011,Landry Jones,Oklahoma,2013,,,7,pass,0.18580913543701172,False,49.0
2011,Landry Jones,Oklahoma,2013,,,1,pass,-0.5221962928771973,False,50.0
2011,Landry Jones,Oklahoma,2013,,,27,pass,3.0842669010162354,False,77.0
2011,Landry Jones,Oklahoma,2013,,,11,pass,2.863189220428467,True,11.0
2011,Landry Jones,Oklahoma,2013,,,0,pass,-0.8244895935058594,False,11.0
2011,Landry Jones,Oklahoma,2013,,,0,pass,-0.5595989227294922,False,11.0
2011,Landry Jones,Oklahoma,2013,,,23,pass,1.1100969314575195,False,34.0
2011,Landry Jones,Oklahoma,2013,,,17,pass,0.8709125518798828,False,51.0
2011,Landry Jones,Oklahoma,2013,,,11,pass,-0.8709125518798828,False,77.0
2011,Landry Jones,Oklahoma,2013,,,17,pass,1.9534330368041992,False,18.0
2011,Landry Jones,Oklahoma,2013,,,10,pass,0.5806412696838379,False,29.0
2011,Landry Jones,Oklahoma,2013,,,18,pass,1.7382760047912598,False,47.0
2011,Landry Jones,Oklahoma,2013,,,0,pass,-0.7411777973175049,False,47.0
2011,Landry Jones,Oklahoma,2013,,,21,pass,2.286086082458496,False,68.0
2011,Landry Jones,Oklahoma,2013,,,1,pass,-0.8471412658691406,False,69.0
2011,Landry Jones,Oklahoma,2013,,,4,pass,-0.2819986343383789,False,45.0
2011,Landry Jones,Oklahoma,2013,,,11,pass,0.5759193897247314,False,56.0
2011,Landry Jones,Oklahoma,2013,,,17,pass,1.5378224849700928,False,73.0
2011,Landry Jones,Oklahoma,2013,,,3,pass,-1.0002038478851318,False,70.0
2011,Landry Jones,Oklahoma,2013,,,0,pass,-0.5129318237304688,False,61.0
2011,Landry Jones,Oklahoma,2013,,,39,pass,2.3660688400268555,True,39.0
2011,Landry Jones,Oklahoma,2013,,,30,pass,1.4520018100738525,False,52.0
2011,Landry Jones,Oklahoma,2013,,,8,pass,0.5269498825073242,False,17.0
2011,Landry Jones,Oklahoma,2013,,,31,pass,2.622209072113037,True,31.0
2011,Landry Jones,Oklahoma,2013,,,0,pass,-0.6191959381103516,False,60.0
2011,Landry Jones,Oklahoma,2013,,,0,pass,-0.3742784857749939,False,60.0
2011,Landry Jones,Oklahoma,2013,,,0,pass,-0.348740816116333,False,60.0
2011,Landry Jones,Oklahoma,2013,,,0,pass,-0.3898603916168213,False,21.0
2011,Landry Jones,Oklahoma,2013,,,9,pass,0.6145336627960205,False,33.0
2011,Landry Jones,Oklahoma,2013,,,0,pass,-0.487393856048584,False,33.0
2011,Landry Jones,Oklahoma,2013,,,0,pass,-0.8589283227920532,False,59.0
2011,Landry Jones,Oklahoma,2013,,,3,pass,-0.270841121673584,False,67.0
2011,Landry Jones,Oklahoma,2013,,,5,pass,-0.10795152187347412,False,79.0
2011,Landry Jones,Oklahoma,2013,,,0,pass,-1.3034735918045044,False,59.0
2011,Landry Jones,Oklahoma,2013,,,0,pass,-0.8250606060028076,False,59.0
2011,Landry Jones,Oklahoma,2013,,,0,pass,-1.7318410873413086,False,12.0
2011,Landry Jones,Oklahoma,2013,,,0,pass,-2.0094778537750244,False,19.0
2011,Landry Jones,Oklahoma,2013,,,7,pass,0.48442578315734863,False,23.0
2011,Landry Jones,Oklahoma,2013,,,0,pass,-0.5633652210235596,False,23.0
2011,Landry Jones,Oklahoma,2013,,,57,pass,3.8231453895568848,False,80.0
2011,Landry Jones,Oklahoma,2013,,,0,pass,-1.3643405437469482,False,67.0
2011,Landry Jones,Oklahoma,2013,,,1,pass,-0.8160852193832397,False,68.0
2011,Landry Jones,Oklahoma,2013,,,0,pass,-0.8783573508262634,False,68.0
2011,Landry Jones,Oklahoma,2013,,,8,pass,-0.3982508182525635,False,49.0
2011,Landry Jones,Oklahoma,2013,,,7,pass,0.5177841186523438,False,55.0
2011,Landry Jones,Oklahoma,2013,,,9,pass,0.9036393165588379,False,64.0
2011,Landry Jones,Oklahoma,2013,,,6,pass,0.6243395805358887,False,77.0
2011,Landry Jones,Oklahoma,2013,,,5,pass,1.4021856784820557,False,11.0
2011,Landry Jones,Oklahoma,2013,,,7,pass,0.41696810722351074,False,18.0
2011,Landry Jones,Oklahoma,2013,,,0,pass,-0.4515244960784912,False,18.0
2011,Landry Jones,Oklahoma,2013,,,3,pass,0.14122939109802246,False,21.0
2011,Landry Jones,Oklahoma,2013,,,8,pass,0.5742871761322021,False,29.0
2011,Landry Jones,Oklahoma,2013,,,24,pass,1.9826105833053589,False,53.0
2011,Landry Jones,Oklahoma,2013,,,6,pass,-0.0722808837890625,False,59.0
2011,Landry Jones,Oklahoma,2013,,,24,pass,2.402510643005371,False,28.0
2011,Landry Jones,Oklahoma,2013,,,0,pass,-0.5054669380187988,False,28.0
2011,Landry Jones,Oklahoma,2013,,,12,pass,0.9055864810943604,False,40.0
2011,Landry Jones,Oklahoma,2013,,,10,pass,0.8357833623886108,False,62.0
2011,Landry Jones,Oklahoma,2013,,,0,pass,-2.6262638568878174,False,25.0
2011,Landry Jones,Oklahoma,2013,,,0,pass,-0.8596968054771423,False,25.0
2011,Landry Jones,Oklahoma,2013,,,0,pass,-0.665982723236084,False,21.0
2011,Landry Jones,Oklahoma,2013,,,2,pass,-0.47243332862854004,False,44.0
2011,Landry Jones,Oklahoma,2013,,,21,pass,2.069087266921997,False,65.0
2011,Landry Jones,Oklahoma,2013,,,0,pass,-0.6429435014724731,False,46.0
2011,Landry Jones,Oklahoma,2013,,,7,pass,1.4283894300460815,False,53.0
2011,Landry Jones,Oklahoma,2013,,,6,pass,0.09020125865936279,False,59.0
2011,Landry Jones,Oklahoma,2013,,,0,pass,-1.157672643661499,False,66.0
2011,Landry Jones,Oklahoma,2013,,,0,pass,-1.8160772323608398,False,59.0
2011,Landry Jones,Oklahoma,2013,,,5,pass,-1.1343775987625122,False,51.0
2011,Landry Jones,Oklahoma,2013,,,2,pass,-0.823215126991272,False,53.0
2011,Landry Jones,Oklahoma,2013,,,0,pass,-0.61507248878479,False,53.0
2011,Landry Jones,Oklahoma,2013,,,9,pass,0.8492293357849121,False,75.0
2011,Landry Jones,Oklahoma,2013,,,11,pass,0.45342326164245605,False,86.0
2011,Landry Jones,Oklahoma,2013,,,31,pass,2.3686084747314453,False,32.0
2011,Landry Jones,Oklahoma,2013,,,54,pass,4.837747573852539,False,67.0
2011,Landry Jones,Oklahoma,2013,,,11,pass,0.4076259732246399,False,60.0
2011,Landry Jones,Oklahoma,2013,,,10,pass,0.5545051097869873,False,21.0
2011,Landry Jones,Oklahoma,2013,,,0,pass,-0.2893381118774414,False,21.0
2011,Landry Jones,Oklahoma,2013,,,20,pass,1.5845491886138916,False,40.0
2011,Landry Jones,Oklahoma,2013,,,8,pass,0.5388062000274658,False,58.0
2011,Landry Jones,Oklahoma,2013,,,0,pass,-2.5327863693237305,False,29.0
2011,Landry Jones,Oklahoma,2013,,,17,pass,1.9903662204742432,False,50.0
2011,Landry Jones,Oklahoma,2013,,,13,pass,2.197392702102661,False,70.0
2011,Landry Jones,Oklahoma,2013,,,3,pass,-0.46295157074928284,False,73.0
2011,Landry Jones,Oklahoma,2013,,,17,pass,-4.870704174041748,False,48.0
2011,Landry Jones,Oklahoma,2013,,,26,pass,3.4798569679260254,False,74.0
2011,Landry Jones,Oklahoma,2013,,,0,pass,-1.0148868560791016,False,74.0
2011,Landry Jones,Oklahoma,2013,,,0,pass,-0.861004114151001,False,74.0
2011,Landry Jones,Oklahoma,2013,,,0,pass,-1.483465552330017,False,30.0
2011,Landry Jones,Oklahoma,2013,,,4,pass,-0.04157257080078125,False,34.0
2011,Landry Jones,Oklahoma,2013,,,21,pass,1.4494786262512207,False,53.0
2011,Landry Jones,Oklahoma,2013,,,0,pass,-1.3850882053375244,False,44.0
2011,Landry Jones,Oklahoma,2013,,,0,pass,-0.954228401184082,False,29.0
2011,Landry Jones,Oklahoma,2013,,,-3,pass,-1.2922241687774658,False,26.0
2011,Landry Jones,Oklahoma,2013,,,16,pass,1.6404714584350586,False,42.0
2011,Landry Jones,Oklahoma,2013,,,2,pass,-0.5791792869567871,False,44.0
2011,Landry Jones,Oklahoma,2013,,,30,pass,2.76828932762146,False,74.0
2011,Landry Jones,Oklahoma,2013,,,0,pass,-0.8790479898452759,False,74.0
2011,Landry Jones,Oklahoma,2013,,,7,pass,0.2105787992477417,False,84.0
2011,Landry Jones,Oklahoma,2013,,,0,pass,-2.5663740634918213,False,4.0
2011,Landry Jones,Oklahoma,2013,,,24,pass,2.5936574935913086,False,56.0
2011,Landry Jones,Oklahoma,2013,,,0,pass,-1.7286772727966309,False,63.0
2011,Landry Jones,Oklahoma,2013,,,7,pass,0.04844379425048828,False,70.0
2011,Landry Jones,Oklahoma,2013,,,8,pass,2.1371045112609863,False,78.0
2011,Landry Jones,Oklahoma,2013,,,0,pass,-0.6433629989624023,False,81.0
2011,Landry Jones,Oklahoma,2013,,,9,pass,0.45969700813293457,False,40.0
2011,Landry Jones,Oklahoma,2013,,,0,pass,-0.6084773540496826,False,40.0
2011,Landry Jones,Oklahoma,2013,,,11,pass,-0.48544609546661377,False,68.0
2011,Landry Jones,Oklahoma,2013,,,10,pass,1.0199813842773438,False,63.0
2011,Landry Jones,Oklahoma,2013,,,0,pass,-0.5223605632781982,False,63.0
2011,Landry Jones,Oklahoma,2013,,,0,pass,-0.26419878005981445,False,19.0
2011,Landry Jones,Oklahoma,2013,,,22,pass,1.9290366172790527,False,41.0
2011,Landry Jones,Oklahoma,2013,,,0,pass,-0.7678818702697754,False,10.0
2011,Landry Jones,Oklahoma,2013,,,0,pass,-0.3619813919067383,False,10.0
2011,Landry Jones,Oklahoma,2013,,,0,pass,-0.3155021667480469,False,10.0
2011,Landry Jones,Oklahoma,2013,,,11,pass,1.4462320804595947,False,21.0
2011,Landry Jones,Oklahoma,2013,,,12,pass,1.285215139389038,False,33.0
2011,Landry Jones,Oklahoma,2013,,,0,pass,-0.40749621391296387,False,33.0
2011,Landry Jones,Oklahoma,2013,,,9,pass,0.6462619304656982,False,37.0
2011,Landry Jones,Oklahoma,2013,,,20,pass,1.3046250343322754,False,27.0
2011,Landry Jones,Oklahoma,2013,,,10,pass,0.7156431674957275,False,37.0
2011,Landry Jones,Oklahoma,2013,,,8,pass,0.5419833660125732,False,44.0
2011,Landry Jones,Oklahoma,2013,,,15,pass,0.9915525913238525,False,59.0
2011,Landry Jones,Oklahoma,2013,,,20,pass,1.4618556499481201,False,79.0
2011,Landry Jones,Oklahoma,2013,,,6,pass,-0.6063976287841797,False,7.0
2011,Landry Jones,Oklahoma,2013,,,12,pass,1.4663305282592773,False,19.0
2011,Landry Jones,Oklahoma,2013,,,0,pass,-0.5865764617919922,False,19.0
2011,Landry Jones,Oklahoma,2013,,,16,pass,2.087602376937866,False,35.0
2011,Landry Jones,Oklahoma,2013,,,19,pass,1.394197940826416,False,59.0
2011,Landry Jones,Oklahoma,2013,,,0,pass,-1.9670376777648926,False,52.0
2011,Landry Jones,Oklahoma,2013,,,6,pass,0.2482442855834961,False,57.0
2011,Landry Jones,Oklahoma,2013,,,1,pass,-1.7682971954345703,False,56.0
2011,Landry Jones,Oklahoma,2013,,,0,pass,-0.642961859703064,False,61.0
2011,Landry Jones,Oklahoma,2013,,,0,pass,-2.169602632522583,False,4.0
2011,Landry Jones,Oklahoma,2013,,,5,pass,0.1646578311920166,False,37.0
2011,Landry Jones,Oklahoma,2013,,,0,pass,-0.5762454271316528,False,48.0
2011,Landry Jones,Oklahoma,2013,,,16,pass,1.8450902700424194,False,64.0
2011,Landry Jones,Oklahoma,2013,,,0,pass,-1.2813435792922974,False,54.0
2011,Landry Jones,Oklahoma,2013,,,0,pass,-0.8099391460418701,False,54.0
2011,Landry Jones,Oklahoma,2013,,,0,pass,-0.660689115524292,False,75.0
2011,Landry Jones,Oklahoma,2013,,,0,pass,-1.391418695449829,False,87.0
2011,Landry Jones,Oklahoma,2013,,,5,pass,0.044354915618896484,False,92.0
2011,Landry Jones,Oklahoma,2013,,,16,pass,2.3138535022735596,False,49.0
2011,Landry Jones,Oklahoma,2013,,,10,pass,1.1747686862945557,False,70.0
2011,Landry Jones,Oklahoma,2013,,,0,pass,-5.075742244720459,True,80.0
2011,Landry Jones,Oklahoma,2013,,,0,pass,-0.7774224877357483,False,31.0
2011,Landry Jones,Oklahoma,2013,,,0,pass,-0.09892880916595459,False,31.0
2011,Landry Jones,Oklahoma,2013,,,11,pass,0.7866880893707275,False,42.0
2011,Landry Jones,Oklahoma,2013,,,13,pass,0.31818994879722595,False,55.0
2011,Landry Jones,Oklahoma,2013,,,6,pass,0.05803397297859192,False,61.0
2011,Landry Jones,Oklahoma,2013,,,14,pass,0.19473260641098022,False,75.0
2011,Landry Jones,Oklahoma,2013,,,5,pass,-0.02986663579940796,False,80.0
2011,Landry Jones,Oklahoma,2013,,,0,pass,-0.5402625799179077,False,92.0
2011,Landry Jones,Oklahoma,2013,,,0,pass,-0.61803138256073,False,92.0
2011,Landry Jones,Oklahoma,2013,,,0,pass,-8.767497062683105,False,19.0
2011,Landry Jones,Oklahoma,2013,,,0,pass,-0.7908849716186523,False,19.0
2011,Landry Jones,Oklahoma,2013,,,15,pass,1.1954066753387451,False,38.0
2011,Landry Jones,Oklahoma,2013,,,13,pass,0.9875626564025879,False,53.0
2011,Landry Jones,Oklahoma,2013,,,12,pass,0.6652045249938965,False,65.0
2011,Landry Jones,Oklahoma,2013,,,9,pass,0.6522254943847656,False,78.0
2011,Landry Jones,Oklahoma,2013,,,0,pass,-1.2890141010284424,False,39.0
2011,Landry Jones,Oklahoma,2013,,,-4,pass,-1.673157811164856,False,35.0
2011,Landry Jones,Oklahoma,2013,,,0,pass,-0.49634432792663574,False,35.0
2011,Landry Jones,Oklahoma,2013,,,11,pass,1.927109956741333,False,46.0
2011,Landry Jones,Oklahoma,2013,,,-2,pass,-1.0467140674591064,False,44.0
2011,Landry Jones,Oklahoma,2013,,,11,pass,0.9891071319580078,False,60.0
2011,Landry Jones,Oklahoma,2013,,,0,pass,-1.8468397855758667,False,44.0
2011,Landry Jones,Oklahoma,2013,,,3,pass,-0.7750832438468933,False,52.0
2011,Landry Jones,Oklahoma,2013,,,23,pass,2.302698850631714,False,68.0
2011,Landry Jones,Oklahoma,2013,,,6,pass,0.8652439713478088,False,74.0
2011,Landry Jones,Oklahoma,2013,,,11,pass,1.4986319541931152,False,50.0
2011,Landry Jones,Oklahoma,2013,,,0,pass,-0.6047154664993286,False,50.0
2011,Landry Jones,Oklahoma,2013,,,12,pass,2.103980541229248,False,62.0
2011,Landry Jones,Oklahoma,2013,,,4,pass,-0.46529287099838257,False,66.0
2011,Landry Jones,Oklahoma,2013,,,0,pass,-0.6341458559036255,False,66.0
2011,Landry Jones,Oklahoma,2013,,,14,pass,1.2854676246643066,False,80.0
2011,Landry Jones,Oklahoma,2013,,,0,pass,-1.3973276615142822,False,69.0
2011,Landry Jones,Oklahoma,2013,,,0,pass,-1.0289926528930664,False,69.0
2011,Landry Jones,Oklahoma,2013,,,0,pass,-1.2477751970291138,False,69.0
2011,Landry Jones,Oklahoma,2013,,,0,pass,-1.0282418727874756,False,69.0
2011,Landry Jones,Oklahoma,2013,,,0,pass,-0.8257010579109192,False,69.0
2011,Landry Jones,Oklahoma,2013,,,5,pass,0.7401479482650757,False,74.0
2011,Landry Jones,Oklahoma,2013,,,6,pass,-0.7559666633605957,False,80.0
2011,Landry Jones,Oklahoma,2013,,,11,pass,0.39955759048461914,False,62.0
2011,Landry Jones,Oklahoma,2013,,,0,pass,-1.559099793434143,False,59.0
2011,Landry Jones,Oklahoma,2013,,,4,pass,-0.25870728492736816,False,73.0
2011,Landry Jones,Oklahoma,2013,,,3,pass,0.6758389472961426,True,3.0
2011,Landry Jones,Oklahoma,2013,,,22,pass,1.7418384552001953,False,29.0
2011,Landry Jones,Oklahoma,2013,,,8,pass,0.5272996425628662,False,47.0
2011,Landry Jones,Oklahoma,2013,,,11,pass,1.1344890594482422,False,63.0
2011,Landry Jones,Oklahoma,2013,,,9,pass,1.0404400825500488,False,18.0
2011,Landry Jones,Oklahoma,2013,,,17,pass,1.6874818801879883,False,37.0
2011,Landry Jones,Oklahoma,2013,,,6,pass,-3.587778091430664,False,43.0
2011,Landry Jones,Oklahoma,2013,,,6,pass,0.028723955154418945,False,70.0
2011,Landry Jones,Oklahoma,2013,,,12,pass,0.6573586463928223,False,33.0
2011,Landry Jones,Oklahoma,2013,,,0,pass,-0.5792832374572754,False,25.0
2011,Landry Jones,Oklahoma,2013,,,15,pass,1.2217791080474854,False,40.0
2011,Landry Jones,Oklahoma,2013,,,0,pass,-0.5728490352630615,False,40.0
2011,Landry Jones,Oklahoma,2013,,,15,pass,2.59183406829834,False,55.0
2011,Landry Jones,Oklahoma,2013,,,0,pass,-1.3207308053970337,False,54.0
2011,Landry Jones,Oklahoma,2013,,,8,pass,0.6251397132873535,False,62.0
2011,Landry Jones,Oklahoma,2013,,,11,pass,-0.33021309971809387,False,87.0
2011,Landry Jones,Oklahoma,2013,,,0,pass,-1.9039794206619263,False,78.0
2011,Landry Jones,Oklahoma,2013,,,0,pass,-0.9411523342132568,False,97.0
2011,Landry Jones,Oklahoma,2013,,,0,pass,-1.0155930519104004,False,97.0
2011,Landry Jones,Oklahoma,2013,,,3,pass,-0.9381139278411865,False,70.0
2012,Landry Jones,Oklahoma,2013,,,0,pass,-2.4557995796203613,False,43.0
2012,Landry Jones,Oklahoma,2013,,,18,pass,1.9884371757507324,True,18.0
2012,Landry Jones,Oklahoma,2013,,,9,pass,0.7749450206756592,False,41.0
2012,Landry Jones,Oklahoma,2013,,,0,pass,-0.5680491924285889,False,41.0
2012,Landry Jones,Oklahoma,2013,,,0,pass,-1.5510313510894775,False,59.0
2012,Landry Jones,Oklahoma,2013,,,0,pass,-0.920901894569397,False,59.0
2012,Landry Jones,Oklahoma,2013,,,10,pass,0.5391147136688232,False,69.0
2012,Landry Jones,Oklahoma,2013,,,7,pass,0.6553194522857666,False,76.0
2012,Landry Jones,Oklahoma,2013,,,0,pass,-1.782200574874878,False,58.0
2012,Landry Jones,Oklahoma,2013,,,9,pass,0.6431148052215576,False,73.0
2012,Landry Jones,Oklahoma,2013,,,4,pass,-0.13553690910339355,False,39.0
2012,Landry Jones,Oklahoma,2013,,,7,pass,0.7809398174285889,False,48.0
2012,Landry Jones,Oklahoma,2013,,,10,pass,0.5941975116729736,False,60.0
2012,Landry Jones,Oklahoma,2013,,,11,pass,1.2103573083877563,False,71.0
2012,Landry Jones,Oklahoma,2013,,,0,pass,1.6043479442596436,False,43.0
2012,Landry Jones,Oklahoma,2013,,,0,pass,-1.2505760192871094,False,41.0
2012,Landry Jones,Oklahoma,2013,,,10,pass,0.32537078857421875,False,37.0
2012,Landry Jones,Oklahoma,2013,,,0,pass,-1.4778978824615479,False,31.0
2012,Landry Jones,Oklahoma,2013,,,12,pass,0.7278778553009033,False,43.0
2012,Landry Jones,Oklahoma,2013,,,4,pass,0.5397984981536865,False,53.0
2012,Landry Jones,Oklahoma,2013,,,7,pass,0.33093905448913574,False,60.0
2012,Landry Jones,Oklahoma,2013,,,19,pass,2.901686191558838,False,79.0
2012,Landry Jones,Oklahoma,2013,,,5,pass,-0.18063583970069885,False,84.0
2012,Landry Jones,Oklahoma,2013,,,0,pass,-1.4083799123764038,False,80.0
2012,Landry Jones,Oklahoma,2013,,,0,pass,-1.8184691667556763,False,76.0
2012,Landry Jones,Oklahoma,2013,,,0,pass,-0.7565537095069885,False,83.0
2012,Landry Jones,Oklahoma,2013,,,0,pass,-1.3943026065826416,False,49.0
2012,Landry Jones,Oklahoma,2013,,,0,pass,-0.956137478351593,False,54.0
2012,Landry Jones,Oklahoma,2013,,,9,pass,1.2026402950286865,False,51.0
2012,Landry Jones,Oklahoma,2013,,,68,pass,7.365913391113281,True,68.0
2012,Landry Jones,Oklahoma,2013,,,0,pass,-0.932310938835144,False,68.0
2012,Landry Jones,Oklahoma,2013,,,0,pass,-1.5222578048706055,False,69.0
2012,Landry Jones,Oklahoma,2013,,,7,pass,0.5880663990974426,False,76.0
2012,Landry Jones,Oklahoma,2013,,,-1,pass,-1.0521835088729858,False,75.0
2012,Landry Jones,Oklahoma,2013,,,0,pass,-0.5531542301177979,False,59.0
2012,Landry Jones,Oklahoma,2013,,,-5,pass,-2.0145766735076904,False,54.0
2012,Landry Jones,Oklahoma,2013,,,10,pass,1.0966625213623047,False,68.0
2012,Landry Jones,Oklahoma,2013,,,12,pass,0.8723092079162598,False,22.0
2012,Landry Jones,Oklahoma,2013,,,10,pass,0.27320146560668945,False,48.0
2012,Landry Jones,Oklahoma,2013,,,22,pass,2.561579465866089,False,70.0
2012,Landry Jones,Oklahoma,2013,,,0,pass,-0.9259655475616455,False,70.0
2012,Landry Jones,Oklahoma,2013,,,-3,pass,-3.863804340362549,False,67.0
2012,Landry Jones,Oklahoma,2013,,,18,pass,3.3057737350463867,True,18.0
2012,Landry Jones,Oklahoma,2013,,,11,pass,0.7702927589416504,False,29.0
2012,Landry Jones,Oklahoma,2013,,,0,pass,-0.4762461185455322,False,41.0
2012,Landry Jones,Oklahoma,2013,,,11,pass,0.2048485279083252,False,52.0
2012,Landry Jones,Oklahoma,2013,,,7,pass,0.07658004760742188,False,71.0
2012,Landry Jones,Oklahoma,2013,,,7,pass,0.6417269706726074,False,78.0
2012,Landry Jones,Oklahoma,2013,,,16,pass,3.4103353023529053,True,16.0
2012,Landry Jones,Oklahoma,2013,,,0,pass,-1.854491949081421,False,6.0
2012,Landry Jones,Oklahoma,2013,,,22,pass,2.330815553665161,False,37.0
2012,Landry Jones,Oklahoma,2013,,,7,pass,-2.377528190612793,False,29.0
2012,Landry Jones,Oklahoma,2013,,,46,pass,3.809168815612793,False,75.0
2012,Landry Jones,Oklahoma,2013,,,0,pass,-1.0110241174697876,False,75.0
2012,Landry Jones,Oklahoma,2013,,,5,pass,-0.2341461181640625,False,65.0
2012,Landry Jones,Oklahoma,2013,,,0,pass,-1.5263056755065918,False,40.0
2012,Landry Jones,Oklahoma,2013,,,0,pass,-1.1051629781723022,False,40.0
2012,Landry Jones,Oklahoma,2013,,,11,pass,0.8631722927093506,False,44.0
2012,Landry Jones,Oklahoma,2013,,,5,pass,-0.13289165496826172,False,49.0
2012,Landry Jones,Oklahoma,2013,,,23,pass,-1.2142081260681152,False,54.0
2012,Landry Jones,Oklahoma,2013,,,13,pass,1.570563554763794,False,67.0
2012,Landry Jones,Oklahoma,2013,,,0,pass,-0.7898351550102234,False,67.0
2012,Landry Jones,Oklahoma,2013,,,9,pass,0.8190443515777588,False,70.0
2012,Landry Jones,Oklahoma,2013,,,10,pass,2.195399284362793,True,10.0
2012,Landry Jones,Oklahoma,2013,,,10,pass,1.2416701316833496,False,20.0
2012,Landry Jones,Oklahoma,2013,,,17,pass,2.310584545135498,False,52.0
2012,Landry Jones,Oklahoma,2013,,,9,pass,0.4812682569026947,False,61.0
2012,Landry Jones,Oklahoma,2013,,,0,pass,-1.6742745637893677,False,53.0
2012,Landry Jones,Oklahoma,2013,,,8,pass,0.5639371871948242,False,65.0
2012,Landry Jones,Oklahoma,2013,,,0,pass,-1.5703810453414917,False,62.0
2012,Landry Jones,Oklahoma,2013,,,9,pass,0.4541690945625305,False,71.0
2012,Landry Jones,Oklahoma,2013,,,6,pass,0.16258978843688965,False,84.0
2012,Landry Jones,Oklahoma,2013,,,10,pass,1.5946495532989502,False,94.0
2012,Landry Jones,Oklahoma,2013,,,7,pass,1.2779459953308105,False,9.0
2012,Landry Jones,Oklahoma,2013,,,27,pass,1.344341516494751,False,41.0
2012,Landry Jones,Oklahoma,2013,,,9,pass,1.0554637908935547,False,50.0
2012,Landry Jones,Oklahoma,2013,,,16,pass,0.8695073127746582,False,66.0
2012,Landry Jones,Oklahoma,2013,,,6,pass,0.9291310906410217,False,72.0
2012,Landry Jones,Oklahoma,2013,,,10,pass,1.3394978046417236,False,88.0
2012,Landry Jones,Oklahoma,2013,,,0,pass,-0.7126730680465698,False,88.0
2012,Landry Jones,Oklahoma,2013,,,1,pass,-0.347393274307251,False,18.0
2012,Landry Jones,Oklahoma,2013,,,0,pass,-0.45958757400512695,False,18.0
2012,Landry Jones,Oklahoma,2013,,,21,pass,1.6397781372070312,False,39.0
2012,Landry Jones,Oklahoma,2013,,,14,pass,0.9043487310409546,False,53.0
2012,Landry Jones,Oklahoma,2013,,,19,pass,1.3994054794311523,False,72.0
2012,Landry Jones,Oklahoma,2013,,,0,pass,-0.5750773549079895,False,72.0
2012,Landry Jones,Oklahoma,2013,,,3,pass,-0.4494841694831848,False,75.0
2012,Landry Jones,Oklahoma,2013,,,11,pass,1.276536226272583,False,20.0
2012,Landry Jones,Oklahoma,2013,,,0,pass,-0.5411837100982666,False,20.0
2012,Landry Jones,Oklahoma,2013,,,24,pass,2.040647506713867,False,44.0
2012,Landry Jones,Oklahoma,2013,,,13,pass,1.3790574073791504,False,58.0
2012,Landry Jones,Oklahoma,2013,,,0,pass,-5.227231979370117,True,87.0
2012,Landry Jones,Oklahoma,2013,,,0,pass,-0.1623583436012268,False,87.0
2012,Landry Jones,Oklahoma,2013,,,3,pass,-0.46644777059555054,False,82.0
2012,Landry Jones,Oklahoma,2013,,,0,pass,-1.2254111766815186,False,11.0
2012,Landry Jones,Oklahoma,2013,,,0,pass,-1.0255303382873535,False,9.0
2012,Landry Jones,Oklahoma,2013,,,10,pass,1.0255303382873535,False,28.0
2012,Landry Jones,Oklahoma,2013,,,0,pass,-0.562206506729126,False,28.0
2012,Landry Jones,Oklahoma,2013,,,14,pass,2.237290859222412,False,42.0
2012,Landry Jones,Oklahoma,2013,,,0,pass,-1.026017665863037,False,42.0
2012,Landry Jones,Oklahoma,2013,,,4,pass,-0.027925729751586914,False,62.0
2012,Landry Jones,Oklahoma,2013,,,7,pass,0.5141339302062988,False,91.0
2012,Landry Jones,Oklahoma,2013,,,0,pass,-1.207881212234497,False,46.0
2012,Landry Jones,Oklahoma,2013,,,5,pass,-0.6176505088806152,False,51.0
2012,Landry Jones,Oklahoma,2013,,,9,pass,0.7945003509521484,False,60.0
2012,Landry Jones,Oklahoma,2013,,,10,pass,1.5075652599334717,False,73.0
2012,Landry Jones,Oklahoma,2013,,,5,pass,-0.491169273853302,False,78.0
2012,Landry Jones,Oklahoma,2013,,,0,pass,-1.2299922704696655,False,77.0
2012,Landry Jones,Oklahoma,2013,,,-4,pass,-2.0271246433258057,False,21.0
2012,Landry Jones,Oklahoma,2013,,,-1,pass,-0.8484306335449219,False,20.0
2012,Landry Jones,Oklahoma,2013,,,12,pass,1.8876125812530518,False,37.0
2012,Landry Jones,Oklahoma,2013,,,10,pass,1.318660020828247,False,50.0
2012,Landry Jones,Oklahoma,2013,,,38,pass,2.9558048248291016,False,55.0
2012,Landry Jones,Oklahoma,2013,,,0,pass,-0.7419781684875488,False,16.0
2012,Landry Jones,Oklahoma,2013,,,2,pass,-0.24191546440124512,False,18.0
2012,Landry Jones,Oklahoma,2013,,,0,pass,-0.3913288116455078,False,18.0
2012,Landry Jones,Oklahoma,2013,,,12,pass,0.9702792167663574,False,30.0
2012,Landry Jones,Oklahoma,2013,,,13,pass,3.4889230728149414,True,13.0
2012,Landry Jones,Oklahoma,2013,,,7,pass,0.2911810874938965,False,20.0
2012,Landry Jones,Oklahoma,2013,,,25,pass,1.6987035274505615,False,41.0
2012,Landry Jones,Oklahoma,2013,,,15,pass,1.8412638902664185,False,56.0
2012,Landry Jones,Oklahoma,2013,,,8,pass,0.22715163230895996,False,62.0
2012,Landry Jones,Oklahoma,2013,,,13,pass,0.7803722620010376,False,75.0
2012,Landry Jones,Oklahoma,2013,,,15,pass,1.4239473342895508,False,38.0
2012,Landry Jones,Oklahoma,2013,,,0,pass,-0.541050910949707,False,38.0
2012,Landry Jones,Oklahoma,2013,,,11,pass,1.2132236957550049,False,49.0
2012,Landry Jones,Oklahoma,2013,,,0,pass,-0.6404941082000732,False,49.0
2012,Landry Jones,Oklahoma,2013,,,0,pass,-1.1096693277359009,False,75.0
2012,Landry Jones,Oklahoma,2013,,,-1,pass,-1.2713820934295654,False,74.0
2012,Landry Jones,Oklahoma,2013,,,11,pass,0.7390187382698059,False,85.0
2012,Landry Jones,Oklahoma,2013,,,13,pass,3.0092804431915283,True,13.0
2012,Landry Jones,Oklahoma,2013,,,0,pass,-1.0866761207580566,False,13.0
2012,Landry Jones,Oklahoma,2013,,,0,pass,-0.6003942489624023,False,13.0
2012,Landry Jones,Oklahoma,2013,,,17,pass,2.318943977355957,False,30.0
2012,Landry Jones,Oklahoma,2013,,,0,pass,-1.0311946868896484,False,30.0
2012,Landry Jones,Oklahoma,2013,,,3,pass,-0.38734865188598633,False,33.0
2012,Landry Jones,Oklahoma,2013,,,11,pass,1.3410356044769287,False,51.0
2012,Landry Jones,Oklahoma,2013,,,14,pass,4.046945571899414,True,14.0
2012,Landry Jones,Oklahoma,2013,,,11,pass,0.6410849094390869,False,31.0
2012,Landry Jones,Oklahoma,2013,,,0,pass,-1.7470877170562744,False,15.0
2012,Landry Jones,Oklahoma,2013,,,25,pass,1.9059457778930664,True,25.0
2012,Landry Jones,Oklahoma,2013,,,22,pass,2.222594976425171,False,47.0
2012,Landry Jones,Oklahoma,2013,,,0,pass,-0.8926680088043213,False,47.0
2012,Landry Jones,Oklahoma,2013,,,32,pass,1.8707232475280762,False,79.0
2012,Landry Jones,Oklahoma,2013,,,0,pass,-0.5247340202331543,False,79.0
2012,Landry Jones,Oklahoma,2013,,,1,pass,-0.9537543058395386,False,74.0
2012,Landry Jones,Oklahoma,2013,,,0,pass,-0.6280708312988281,False,41.0
2012,Landry Jones,Oklahoma,2013,,,10,pass,1.9218080043792725,False,67.0
2012,Landry Jones,Oklahoma,2013,,,0,pass,-0.8065745830535889,False,80.0
2012,Landry Jones,Oklahoma,2013,,,5,pass,-0.17147278785705566,False,85.0
2012,Landry Jones,Oklahoma,2013,,,0,pass,0.4520232081413269,False,59.0
2012,Landry Jones,Oklahoma,2013,,,0,pass,-0.198738694190979,False,54.0
2012,Landry Jones,Oklahoma,2013,,,9,pass,0.1964331865310669,False,63.0
2012,Landry Jones,Oklahoma,2013,,,11,pass,0.9536595344543457,False,17.0
2012,Landry Jones,Oklahoma,2013,,,0,pass,-0.7539455890655518,False,35.0
2012,Landry Jones,Oklahoma,2013,,,28,pass,0.5968830585479736,False,78.0
2012,Landry Jones,Oklahoma,2013,,,73,pass,1.7486085891723633,False,77.0
2012,Landry Jones,Oklahoma,2013,,,15,pass,2.2308220863342285,False,32.0
2012,Landry Jones,Oklahoma,2013,,,0,pass,-0.5714125633239746,False,50.0
2012,Landry Jones,Oklahoma,2013,,,12,pass,1.111036777496338,False,62.0
2012,Landry Jones,Oklahoma,2013,,,0,pass,-0.711444616317749,False,95.0
2012,Landry Jones,Oklahoma,2013,,,0,pass,-1.7346582412719727,False,71.0
2012,Landry Jones,Oklahoma,2013,,,8,pass,0.330878347158432,False,79.0
2012,Landry Jones,Oklahoma,2013,,,8,pass,0.5683689117431641,False,19.0
2012,Landry Jones,Oklahoma,2013,,,12,pass,1.2639682292938232,False,32.0
2012,Landry Jones,Oklahoma,2013,,,11,pass,0.7212769985198975,False,59.0
2012,Landry Jones,Oklahoma,2013,,,14,pass,2.8815650939941406,False,73.0
2012,Landry Jones,Oklahoma,2013,,,0,pass,-1.0888007879257202,False,73.0
2012,Landry Jones,Oklahoma,2013,,,0,pass,-0.8996642827987671,False,65.0
2012,Landry Jones,Oklahoma,2013,,,9,pass,-0.4054391384124756,False,74.0
2012,Landry Jones,Oklahoma,2013,,,0,pass,0.4054391384124756,False,58.0
2012,Landry Jones,Oklahoma,2013,,,25,pass,1.5999698638916016,True,25.0
2012,Landry Jones,Oklahoma,2013,,,39,pass,1.0941627025604248,False,74.0
2012,Landry Jones,Oklahoma,2013,,,6,pass,1.3224334716796875,False,80.0
2012,Landry Jones,Oklahoma,2013,,,2,pass,-0.5589001178741455,False,82.0
2012,Landry Jones,Oklahoma,2013,,,9,pass,3.9963018894195557,True,9.0
2012,Landry Jones,Oklahoma,2013,,,11,pass,1.8780267238616943,False,20.0
2012,Landry Jones,Oklahoma,2013,,,15,pass,1.2270265817642212,False,35.0
2012,Landry Jones,Oklahoma,2013,,,8,pass,0.9662761688232422,False,15.0
2012,Landry Jones,Oklahoma,2013,,,31,pass,3.199965238571167,False,47.0
2012,Landry Jones,Oklahoma,2013,,,0,pass,-0.6634783744812012,False,47.0
2012,Landry Jones,Oklahoma,2013,,,5,pass,0.15087890625,False,12.0
2012,Landry Jones,Oklahoma,2013,,,10,pass,0.8674583435058594,False,24.0
2012,Landry Jones,Oklahoma,2013,,,44,pass,3.2751755714416504,True,44.0
2012,Landry Jones,Oklahoma,2013,,,10,pass,0.2528085708618164,False,54.0
2012,Landry Jones,Oklahoma,2013,,,28,pass,1.8584537506103516,False,82.0
2012,Landry Jones,Oklahoma,2013,,,5,pass,0.28642064332962036,False,87.0
2012,Landry Jones,Oklahoma,2013,,,0,pass,-0.41997265815734863,False,24.0
2012,Landry Jones,Oklahoma,2013,,,11,pass,0.5597472190856934,False,35.0
2012,Landry Jones,Oklahoma,2013,,,14,pass,1.1569077968597412,False,49.0
2012,Landry Jones,Oklahoma,2013,,,4,pass,-0.16656899452209473,False,53.0
2012,Landry Jones,Oklahoma,2013,,,14,pass,0.3164503574371338,False,67.0
2012,Landry Jones,Oklahoma,2013,,,0,pass,0.17106866836547852,False,15.0
2012,Landry Jones,Oklahoma,2013,,,33,pass,4.049598693847656,False,34.0
2012,Landry Jones,Oklahoma,2013,,,-1,pass,-0.6867079734802246,False,32.0
2012,Landry Jones,Oklahoma,2013,,,5,pass,0.267575740814209,False,37.0
2012,Landry Jones,Oklahoma,2013,,,7,pass,0.45350003242492676,False,44.0
2012,Landry Jones,Oklahoma,2013,,,8,pass,0.32629549503326416,False,52.0
2012,Landry Jones,Oklahoma,2013,,,0,pass,-2.3632102012634277,False,80.0
2012,Landry Jones,Oklahoma,2013,,,0,pass,-0.9077376127243042,False,80.0
2012,Landry Jones,Oklahoma,2013,,,11,pass,0.18210071325302124,False,91.0
2012,Landry Jones,Oklahoma,2013,,,-9,pass,-0.9657521843910217,False,82.0
2012,Landry Jones,Oklahoma,2013,,,9,pass,1.3653435707092285,False,68.0
2012,Landry Jones,Oklahoma,2013,,,0,pass,-0.7918426394462585,False,68.0
2012,Landry Jones,Oklahoma,2013,,,35,pass,3.2781853675842285,False,52.0
2012,Landry Jones,Oklahoma,2013,,,19,pass,1.563725233078003,False,75.0
2012,Landry Jones,Oklahoma,2013,,,4,pass,-1.0532863140106201,False,40.0
2012,Landry Jones,Oklahoma,2013,,,0,pass,-0.6164684295654297,False,38.0
2012,Landry Jones,Oklahoma,2013,,,16,pass,1.1195557117462158,False,54.0
2012,Landry Jones,Oklahoma,2013,,,8,pass,0.6811339855194092,False,62.0
2012,Landry Jones,Oklahoma,2013,,,5,pass,0.12976431846618652,False,67.0
2012,Landry Jones,Oklahoma,2013,,,6,pass,0.6161697506904602,False,73.0
2012,Landry Jones,Oklahoma,2013,,,0,pass,-0.9021821022033691,False,13.0
2012,Landry Jones,Oklahoma,2013,,,7,pass,1.0734786987304688,False,12.0
2012,Landry Jones,Oklahoma,2013,,,7,pass,0.68601393699646,False,24.0
2012,Landry Jones,Oklahoma,2013,,,18,pass,1.0924124717712402,False,47.0
2012,Landry Jones,Oklahoma,2013,,,12,pass,0.9605549573898315,False,59.0
2012,Landry Jones,Oklahoma,2013,,,15,pass,1.5465610027313232,False,76.0
2012,Landry Jones,Oklahoma,2013,,,0,pass,-2.6736373901367188,False,65.0
2012,Landry Jones,Oklahoma,2013,,,-3,pass,-2.1115803718566895,False,44.0
2012,Landry Jones,Oklahoma,2013,,,14,pass,1.8813471794128418,False,61.0
2012,Landry Jones,Oklahoma,2013,,,0,pass,-1.602646827697754,False,59.0
2012,Landry Jones,Oklahoma,2013,,,0,pass,-0.6279772520065308,False,60.0
2012,Landry Jones,Oklahoma,2013,,,8,pass,0.6125267744064331,False,68.0
2012,Landry Jones,Oklahoma,2013,,,7,pass,0.5789409875869751,False,75.0
2012,Landry Jones,Oklahoma,2013,,,0,pass,-1.589479684829712,False,11.0
2012,Landry Jones,Oklahoma,2013,,,8,pass,0.6491520404815674,False,19.0
2012,Landry Jones,Oklahoma,2013,,,21,pass,1.2388298511505127,False,39.0
2012,Landry Jones,Oklahoma,2013,,,18,pass,2.031167507171631,False,57.0
2012,Landry Jones,Oklahoma,2013,,,8,pass,0.6124098300933838,False,65.0
2012,Landry Jones,Oklahoma,2013,,,17,pass,1.2149003744125366,False,82.0
2012,Landry Jones,Oklahoma,2013,,,0,pass,-1.0910338163375854,False,65.0
2012,Landry Jones,Oklahoma,2013,,,0,pass,-0.9564318060874939,False,65.0
2012,Landry Jones,Oklahoma,2013,,,7,pass,0.42412424087524414,False,58.0
2012,Landry Jones,Oklahoma,2013,,,12,pass,0.9811629056930542,False,70.0
2012,Landry Jones,Oklahoma,2013,,,6,pass,0.4205552339553833,False,76.0
2012,Landry Jones,Oklahoma,2013,,,12,pass,-0.3206597566604614,False,88.0
2012,Landry Jones,Oklahoma,2013,,,31,pass,2.3705825805664062,True,31.0
2012,Landry Jones,Oklahoma,2013,,,9,pass,0.8399415016174316,False,50.0
2012,Landry Jones,Oklahoma,2013,,,4,pass,-0.22803592681884766,False,54.0
2012,Landry Jones,Oklahoma,2013,,,26,pass,1.7823643684387207,False,80.0
2012,Landry Jones,Oklahoma,2013,,,12,pass,0.21335601806640625,False,30.0
2012,Landry Jones,Oklahoma,2013,,,6,pass,0.08405327796936035,False,47.0
2012,Landry Jones,Oklahoma,2013,,,9,pass,0.7659595012664795,False,56.0
2012,Landry Jones,Oklahoma,2013,,,20,pass,3.185129165649414,True,20.0
2012,Landry Jones,Oklahoma,2013,,,0,pass,-0.8098490238189697,False,20.0
2012,Landry Jones,Oklahoma,2013,,,10,pass,1.819173812866211,False,31.0
2012,Landry Jones,Oklahoma,2013,,,0,pass,-0.9126853942871094,False,31.0
2012,Landry Jones,Oklahoma,2013,,,9,pass,0.7936849594116211,False,35.0
2012,Landry Jones,Oklahoma,2013,,,11,pass,0.5331404209136963,False,46.0
2012,Landry Jones,Oklahoma,2013,,,8,pass,0.579115629196167,False,54.0
2012,Landry Jones,Oklahoma,2013,,,0,pass,-0.5505810976028442,False,64.0
2012,Landry Jones,Oklahoma,2013,,,7,pass,-1.6448700428009033,False,71.0
2012,Landry Jones,Oklahoma,2013,,,4,pass,-1.5288918018341064,False,75.0
2012,Landry Jones,Oklahoma,2013,,,21,pass,4.086818218231201,True,21.0
2012,Landry Jones,Oklahoma,2013,,,40,pass,2.391707420349121,False,61.0
2012,Landry Jones,Oklahoma,2013,,,0,pass,-0.9235239624977112,False,73.0
2012,Landry Jones,Oklahoma,2013,,,11,pass,1.3777865171432495,False,84.0
2012,Landry Jones,Oklahoma,2013,,,11,pass,0.6952434778213501,False,97.0
2012,Landry Jones,Oklahoma,2013,,,20,pass,3.287572145462036,True,20.0
2012,Landry Jones,Oklahoma,2013,,,0,pass,-0.5532436370849609,False,21.0
2012,Landry Jones,Oklahoma,2013,,,7,pass,0.7165501117706299,False,41.0
2012,Landry Jones,Oklahoma,2013,,,4,pass,-0.12320113182067871,False,45.0
2012,Landry Jones,Oklahoma,2013,,,3,pass,-0.10517168045043945,False,48.0
2012,Landry Jones,Oklahoma,2013,,,9,pass,0.9381768703460693,False,57.0
2012,Landry Jones,Oklahoma,2013,,,18,pass,2.9298996925354004,False,75.0
2012,Landry Jones,Oklahoma,2013,,,0,pass,-1.0006169080734253,False,75.0
2012,Landry Jones,Oklahoma,2013,,,13,pass,0.78266441822052,False,90.0
2012,Landry Jones,Oklahoma,2013,,,0,pass,-1.9715262651443481,False,47.0
2012,Landry Jones,Oklahoma,2013,,,0,pass,-0.5938751697540283,False,50.0
2012,Landry Jones,Oklahoma,2013,,,19,pass,2.6267192363739014,False,69.0
2012,Landry Jones,Oklahoma,2013,,,1,pass,-0.8334949016571045,False,73.0
2012,Landry Jones,Oklahoma,2013,,,8,pass,0.86551833152771,False,97.0
2012,Landry Jones,Oklahoma,2013,,,15,pass,0.9019322395324707,False,29.0
2012,Landry Jones,Oklahoma,2013,,,14,pass,1.026993989944458,False,43.0
2012,Landry Jones,Oklahoma,2013,,,12,pass,0.7935702800750732,False,60.0
2012,Landry Jones,Oklahoma,2013,,,13,pass,2.7423205375671387,False,73.0
2012,Landry Jones,Oklahoma,2013,,,0,pass,-0.8710002899169922,False,74.0
2012,Landry Jones,Oklahoma,2013,,,0,pass,-2.7729806900024414,False,29.0
2012,Landry Jones,Oklahoma,2013,,,7,pass,-0.3017313480377197,False,58.0
2012,Landry Jones,Oklahoma,2013,,,9,pass,0.7249236106872559,False,32.0
2012,Landry Jones,Oklahoma,2013,,,16,pass,2.659259796142578,False,48.0
2012,Landry Jones,Oklahoma,2013,,,0,pass,-0.6381611824035645,False,50.0
2012,Landry Jones,Oklahoma,2013,,,6,pass,0.5341453552246094,False,56.0
2012,Landry Jones,Oklahoma,2013,,,5,pass,0.08275485038757324,False,61.0
2012,Landry Jones,Oklahoma,2013,,,11,pass,2.4446325302124023,False,72.0
2012,Landry Jones,Oklahoma,2013,,,7,pass,0.28627437353134155,False,74.0
2012,Landry Jones,Oklahoma,2013,,,4,pass,-0.16071844100952148,False,64.0
2012,Landry Jones,Oklahoma,2013,,,35,pass,5.229764938354492,True,35.0
2012,Landry Jones,Oklahoma,2013,,,10,pass,0.7010250687599182,False,45.0
2012,Landry Jones,Oklahoma,2013,,,29,pass,2.7367031574249268,False,42.0
2012,Landry Jones,Oklahoma,2013,,,12,pass,0.582109808921814,False,70.0
2012,Landry Jones,Oklahoma,2013,,,0,pass,-1.6240812540054321,False,48.0
2012,Landry Jones,Oklahoma,2013,,,0,pass,-0.8705012798309326,False,48.0
2012,Landry Jones,Oklahoma,2013,,,0,pass,-0.5906741619110107,False,48.0
2012,Landry Jones,Oklahoma,2013,,,12,pass,1.906493067741394,False,60.0
2012,Landry Jones,Oklahoma,2013,,,0,pass,-0.4280390739440918,False,63.0
2012,Landry Jones,Oklahoma,2013,,,11,pass,1.186590313911438,False,74.0
2012,Landry Jones,Oklahoma,2013,,,0,pass,-0.7299548387527466,False,74.0
2012,Landry Jones,Oklahoma,2013,,,0,pass,-1.8237018585205078,False,50.0
2012,Landry Jones,Oklahoma,2013,,,0,pass,-0.9346349239349365,False,50.0
2012,Landry Jones,Oklahoma,2013,,,10,pass,1.0097534656524658,False,64.0
2012,Landry Jones,Oklahoma,2013,,,11,pass,0.614476203918457,False,33.0
2012,Landry Jones,Oklahoma,2013,,,11,pass,0.9988093376159668,False,50.0
2012,Landry Jones,Oklahoma,2013,,,8,pass,1.854164958000183,False,53.0
2012,Landry Jones,Oklahoma,2013,,,4,pass,-0.047071218490600586,False,57.0
2012,Landry Jones,Oklahoma,2013,,,3,pass,-0.45686858892440796,False,75.0
2012,Landry Jones,Oklahoma,2013,,,5,pass,2.3856148719787598,True,5.0
2012,Landry Jones,Oklahoma,2013,,,15,pass,2.1603031158447266,False,25.0
2012,Landry Jones,Oklahoma,2013,,,0,pass,-0.8178048133850098,False,25.0
2012,Landry Jones,Oklahoma,2013,,,14,pass,0.6291389465332031,False,53.0
2012,Landry Jones,Oklahoma,2013,,,9,pass,0.9553976058959961,False,62.0
2012,Landry Jones,Oklahoma,2013,,,13,pass,-1.0356483459472656,False,75.0
2012,Landry Jones,Oklahoma,2013,,,5,pass,4.166545391082764,True,5.0
2012,Landry Jones,Oklahoma,2013,,,10,pass,1.5231068134307861,False,14.0
2012,Landry Jones,Oklahoma,2013,,,36,pass,2.6169939041137695,False,48.0
2012,Landry Jones,Oklahoma,2013,,,6,pass,-0.16186201572418213,False,54.0
2012,Landry Jones,Oklahoma,2013,,,7,pass,2.9884285926818848,True,7.0
2012,Landry Jones,Oklahoma,2013,,,2,pass,-0.44563865661621094,False,11.0
2012,Landry Jones,Oklahoma,2013,,,23,pass,1.3619027137756348,False,34.0
2012,Landry Jones,Oklahoma,2013,,,29,pass,2.2363789081573486,False,63.0
2012,Landry Jones,Oklahoma,2013,,,0,pass,-0.5472990274429321,False,63.0
2012,Landry Jones,Oklahoma,2013,,,16,pass,1.0070159435272217,False,79.0
2012,Landry Jones,Oklahoma,2013,,,-1,pass,-1.0304043292999268,False,53.0
2012,Landry Jones,Oklahoma,2013,,,7,pass,1.13253653049469,False,66.0
2012,Landry Jones,Oklahoma,2013,,,11,pass,2.0601277351379395,False,59.0
2012,Landry Jones,Oklahoma,2013,,,1,pass,-0.8699378967285156,False,60.0
2012,Landry Jones,Oklahoma,2013,,,19,pass,2.948481559753418,False,79.0
2012,Landry Jones,Oklahoma,2013,,,0,pass,-1.0156803131103516,False,74.0
2012,Landry Jones,Oklahoma,2013,,,11,pass,0.5482903718948364,False,85.0
2012,Landry Jones,Oklahoma,2013,,,0,pass,-1.4730558395385742,False,48.0
2012,Landry Jones,Oklahoma,2013,,,8,pass,0.564395546913147,False,57.0
2012,Landry Jones,Oklahoma,2013,,,12,pass,0.5139572620391846,False,70.0
2012,Landry Jones,Oklahoma,2013,,,11,pass,2.488898277282715,True,11.0
2012,Landry Jones,Oklahoma,2013,,,19,pass,0.9811720848083496,False,27.0
2012,Landry Jones,Oklahoma,2013,,,52,pass,3.406292200088501,False,79.0
2012,Landry Jones,Oklahoma,2013,,,0,pass,-0.5483691692352295,False,20.0
2012,Landry Jones,Oklahoma,2013,,,16,pass,0.3041377067565918,False,64.0
2012,Landry Jones,Oklahoma,2013,,,10,pass,0.9054807424545288,False,74.0
2012,Landry Jones,Oklahoma,2013,,,4,pass,0.9236850738525391,True,4.0
2012,Landry Jones,Oklahoma,2013,,,14,pass,1.8415746688842773,False,18.0
2012,Landry Jones,Oklahoma,2013,,,10,pass,0.5157771110534668,False,30.0
2012,Landry Jones,Oklahoma,2013,,,35,pass,3.0222411155700684,False,87.0
2012,Landry Jones,Oklahoma,2013,,,76,pass,5.559487819671631,True,76.0
2012,Landry Jones,Oklahoma,2013,,,0,pass,-1.466750144958496,False,76.0
2012,Landry Jones,Oklahoma,2013,,,0,pass,-1.1559664011001587,False,59.0
2012,Landry Jones,Oklahoma,2013,,,5,pass,-0.6721897125244141,False,64.0
2012,Landry Jones,Oklahoma,2013,,,18,pass,0.9701597690582275,False,75.0
2012,Landry Jones,Oklahoma,2013,,,2,pass,-0.6640961170196533,False,17.0
2012,Landry Jones,Oklahoma,2013,,,0,pass,-0.8214993476867676,False,17.0
2012,Landry Jones,Oklahoma,2013,,,15,pass,1.8689069747924805,False,29.0
2012,Landry Jones,Oklahoma,2013,,,8,pass,0.3885788917541504,False,33.0
2012,Landry Jones,Oklahoma,2013,,,4,pass,1.9432353973388672,True,4.0
2012,Landry Jones,Oklahoma,2013,,,6,pass,0.15688371658325195,False,22.0
2012,Landry Jones,Oklahoma,2013,,,0,pass,-0.556891918182373,False,22.0
2012,Landry Jones,Oklahoma,2013,,,25,pass,2.8048176765441895,False,47.0
2012,Landry Jones,Oklahoma,2013,,,0,pass,-0.9139358997344971,False,63.0
2012,Landry Jones,Oklahoma,2013,,,16,pass,3.3604705333709717,False,68.0
2012,Landry Jones,Oklahoma,2013,,,6,pass,0.32167768478393555,False,52.0
2012,Landry Jones,Oklahoma,2013,,,0,pass,-0.6907669305801392,False,63.0
2012,Landry Jones,Oklahoma,2013,,,0,pass,-1.8764443397521973,False,4.0
2012,Landry Jones,Oklahoma,2013,,,8,pass,0.8877496719360352,False,12.0
2012,Landry Jones,Oklahoma,2013,,,1,pass,-0.33150815963745117,False,13.0
2012,Landry Jones,Oklahoma,2013,,,6,pass,0.5705459117889404,False,21.0
2012,Landry Jones,Oklahoma,2013,,,12,pass,0.7990322113037109,False,36.0
2012,Landry Jones,Oklahoma,2013,,,11,pass,0.8659052848815918,False,47.0
2012,Landry Jones,Oklahoma,2013,,,11,pass,1.0877671241760254,False,63.0
2012,Landry Jones,Oklahoma,2013,,,10,pass,1.9603570699691772,False,73.0
2012,Landry Jones,Oklahoma,2013,,,7,pass,-0.117815762758255,False,80.0
2012,Landry Jones,Oklahoma,2013,,,0,pass,-0.5440728664398193,False,75.0
2012,Landry Jones,Oklahoma,2013,,,12,pass,1.5375933647155762,False,87.0
2012,Landry Jones,Oklahoma,2013,,,-1,pass,-0.832107663154602,False,86.0
2012,Landry Jones,Oklahoma,2013,,,0,pass,-2.3890326023101807,False,33.0
2012,Landry Jones,Oklahoma,2013,,,0,pass,-2.0621767044067383,False,27.0
2012,Landry Jones,Oklahoma,2013,,,0,pass,-0.5591640472412109,False,27.0
2012,Landry Jones,Oklahoma,2013,,,9,pass,0.7677211761474609,False,38.0
2012,Landry Jones,Oklahoma,2013,,,21,pass,1.5116462707519531,False,59.0
2012,Landry Jones,Oklahoma,2013,,,12,pass,1.101822018623352,False,75.0
2012,Landry Jones,Oklahoma,2013,,,0,pass,-0.8220496773719788,False,64.0
2012,Landry Jones,Oklahoma,2013,,,0,pass,-1.0306658744812012,False,13.0
2012,Landry Jones,Oklahoma,2013,,,0,pass,-0.5724701881408691,False,13.0
2012,Landry Jones,Oklahoma,2013,,,10,pass,2.011655807495117,False,23.0
2012,Landry Jones,Oklahoma,2013,,,10,pass,1.2138922214508057,False,33.0
2012,Landry Jones,Oklahoma,2013,,,0,pass,-0.5982654094696045,False,33.0
2012,Landry Jones,Oklahoma,2013,,,18,pass,0.5982654094696045,False,66.0
2012,Landry Jones,Oklahoma,2013,,,9,pass,1.312223196029663,False,23.0
2012,Landry Jones,Oklahoma,2013,,,6,pass,0.16088390350341797,False,29.0
2012,Landry Jones,Oklahoma,2013,,,0,pass,-0.5173115730285645,False,29.0
2012,Landry Jones,Oklahoma,2013,,,29,pass,1.9843742847442627,False,58.0
2012,Landry Jones,Oklahoma,2013,,,0,pass,-1.4856497049331665,False,28.0
2012,Landry Jones,Oklahoma,2013,,,1,pass,-0.5064395666122437,False,29.0
2012,Landry Jones,Oklahoma,2013,,,13,pass,0.9668706655502319,False,51.0
2012,Landry Jones,Oklahoma,2013,,,15,pass,3.614828109741211,True,15.0
2012,Landry Jones,Oklahoma,2013,,,0,pass,-0.3956029415130615,False,15.0
2012,Landry Jones,Oklahoma,2013,,,19,pass,1.644399881362915,False,34.0
2012,Landry Jones,Oklahoma,2013,,,14,pass,-0.18737375736236572,False,59.0
2012,Landry Jones,Oklahoma,2013,,,16,pass,0.7213234305381775,False,75.0
2012,Landry Jones,Oklahoma,2013,,,9,pass,1.8783745765686035,True,9.0
2012,Landry Jones,Oklahoma,2013,,,15,pass,2.244269847869873,False,24.0
2012,Landry Jones,Oklahoma,2013,,,0,pass,-0.5738201141357422,False,24.0
2012,Landry Jones,Oklahoma,2013,,,0,pass,-0.4712255001068115,False,24.0
2012,Landry Jones,Oklahoma,2013,,,17,pass,1.025846242904663,False,81.0
2012,Landry Jones,Oklahoma,2013,,,14,pass,2.464343547821045,True,14.0
2012,Landry Jones,Oklahoma,2013,,,6,pass,0.4315476417541504,False,23.0
2012,Landry Jones,Oklahoma,2013,,,9,pass,0.884753942489624,False,34.0
2012,Landry Jones,Oklahoma,2013,,,12,pass,0.7237980365753174,False,46.0
2012,Landry Jones,Oklahoma,2013,,,0,pass,-1.990376591682434,False,8.0
2012,Landry Jones,Oklahoma,2013,,,6,pass,-0.1400315761566162,False,14.0
2012,Landry Jones,Oklahoma,2013,,,5,pass,1.396824598312378,False,14.0
2012,Landry Jones,Oklahoma,2013,,,16,pass,1.3727047443389893,False,35.0
2012,Landry Jones,Oklahoma,2013,,,33,pass,3.650184392929077,False,68.0
2012,Landry Jones,Oklahoma,2013,,,5,pass,0.16627895832061768,False,62.0
2012,Landry Jones,Oklahoma,2013,,,13,pass,1.165687084197998,False,75.0
2012,Landry Jones,Oklahoma,2013,,,0,pass,-0.8348358869552612,False,85.0
2012,Landry Jones,Oklahoma,2013,,,0,pass,-0.9187118411064148,False,85.0
2012,Landry Jones,Oklahoma,2013,,,-4,pass,-1.3723284006118774,False,81.0
2012,Landry Jones,Oklahoma,2013,,,0,pass,-1.2776987552642822,False,15.0
2012,Landry Jones,Oklahoma,2013,,,11,pass,0.6414127349853516,False,30.0
2012,Landry Jones,Oklahoma,2013,,,9,pass,0.9673745632171631,False,48.0
2012,Landry Jones,Oklahoma,2013,,,9,pass,0.9724400043487549,False,61.0
2012,Landry Jones,Oklahoma,2013,,,9,pass,1.3253062963485718,False,75.0
2012,Landry Jones,Oklahoma,2013,,,0,pass,-0.5738296508789062,False,25.0
2012,Landry Jones,Oklahoma,2013,,,9,pass,0.6954207420349121,False,31.0
2012,Landry Jones,Oklahoma,2013,,,14,pass,1.1660298109054565,False,66.0
2012,Landry Jones,Oklahoma,2013,,,8,pass,0.3735562562942505,False,74.0
2012,Landry Jones,Oklahoma,2013,,,0,pass,-1.8392908573150635,False,52.0
2012,Landry Jones,Oklahoma,2013,,,5,pass,-0.5868127346038818,False,22.0
2012,Landry Jones,Oklahoma,2013,,,0,pass,-0.7586524486541748,False,22.0
2012,Landry Jones,Oklahoma,2013,,,12,pass,1.771514654159546,False,36.0
2012,Landry Jones,Oklahoma,2013,,,0,pass,-1.581163763999939,False,54.0
2012,Landry Jones,Oklahoma,2013,,,4,pass,-0.4540724754333496,False,58.0
2012,Landry Jones,Oklahoma,2013,,,16,pass,0.8265688419342041,False,73.0
2012,Landry Jones,Oklahoma,2013,,,0,pass,-1.0809414386749268,False,66.0
2012,Landry Jones,Oklahoma,2013,,,23,pass,2.0269458293914795,False,89.0
2012,Landry Jones,Oklahoma,2013,,,24,pass,4.727016448974609,True,24.0
2012,Landry Jones,Oklahoma,2013,,,7,pass,0.48268747329711914,False,22.0
2012,Landry Jones,Oklahoma,2013,,,19,pass,1.1147713661193848,False,41.0
2012,Landry Jones,Oklahoma,2013,,,8,pass,0.35509681701660156,False,49.0
2012,Landry Jones,Oklahoma,2013,,,7,pass,0.20213770866394043,False,56.0
2012,Landry Jones,Oklahoma,2013,,,19,pass,1.246010661125183,False,75.0
2012,Landry Jones,Oklahoma,2013,,,9,pass,0.3346191644668579,False,80.0
2012,Landry Jones,Oklahoma,2013,,,5,pass,-0.4790724515914917,False,60.0
2012,Landry Jones,Oklahoma,2013,,,0,pass,-1.1536117792129517,False,87.0
2012,Landry Jones,Oklahoma,2013,,,0,pass,-0.9163966774940491,False,87.0
2012,Landry Jones,Oklahoma,2013,,,0,pass,-0.6970778107643127,False,87.0
2012,Landry Jones,Oklahoma,2013,,,11,pass,1.9902992248535156,True,11.0
2012,Landry Jones,Oklahoma,2013,,,10,pass,0.588979959487915,False,41.0
2012,Landry Jones,Oklahoma,2013,,,6,pass,-0.9129678010940552,False,81.0
2012,Landry Jones,Oklahoma,2013,,,0,pass,-0.9736625552177429,False,81.0
2012,Landry Jones,Oklahoma,2013,,,0,pass,-0.7185670733451843,False,81.0
2012,Landry Jones,Oklahoma,2013,,,7,pass,-0.7388373613357544,False,63.0
2012,Landry Jones,Oklahoma,2013,,,0,pass,-0.9501650333404541,False,63.0
2012,Landry Jones,Oklahoma,2013,,,15,pass,2.100614547729492,False,73.0
2012,Landry Jones,Oklahoma,2013,,,6,pass,0.3746386170387268,False,80.0
2012,Landry Jones,Oklahoma,2013,,,0,pass,-0.8102039098739624,False,76.0
2012,Landry Jones,Oklahoma,2013,,,15,pass,0.013790130615234375,False,91.0
2012,Landry Jones,Oklahoma,2013,,,1,pass,-0.5096423029899597,False,87.0
2012,Landry Jones,Oklahoma,2013,,,19,pass,2.1183295249938965,False,92.0
2012,Landry Jones,Oklahoma,2013,,,0,pass,-0.6842541694641113,False,92.0
2012,Landry Jones,Oklahoma,2013,,,0,pass,-3.486217498779297,False,26.0
2012,Landry Jones,Oklahoma,2013,,,0,pass,-2.0098259449005127,False,26.0
2012,Landry Jones,Oklahoma,2013,,,4,pass,-0.1993255615234375,False,33.0
2012,Landry Jones,Oklahoma,2013,,,7,pass,1.1593233346939087,False,40.0
2012,Landry Jones,Oklahoma,2013,,,11,pass,1.039628028869629,False,55.0
2012,Landry Jones,Oklahoma,2013,,,0,pass,-1.3030884265899658,False,39.0
2012,Landry Jones,Oklahoma,2013,,,9,pass,1.4319818019866943,False,49.0
2012,Landry Jones,Oklahoma,2013,,,17,pass,1.0710958242416382,False,66.0
2012,Landry Jones,Oklahoma,2013,,,9,pass,1.2733052968978882,False,75.0
2012,Landry Jones,Oklahoma,2013,,,0,pass,-0.9378167390823364,False,77.0
2012,Landry Jones,Oklahoma,2013,,,1,pass,-0.6102685928344727,False,78.0
2012,Landry Jones,Oklahoma,2013,,,0,pass,-1.290626883506775,False,67.0
2012,Landry Jones,Oklahoma,2013,,,2,pass,-1.4126006364822388,False,69.0
2012,Landry Jones,Oklahoma,2013,,,8,pass,-0.8704442381858826,False,75.0
2012,Landry Jones,Oklahoma,2013,,,6,pass,3.2623684406280518,True,6.0
2012,Landry Jones,Oklahoma,2013,,,15,pass,1.4551255702972412,False,23.0
2012,Landry Jones,Oklahoma,2013,,,10,pass,1.5286006927490234,False,37.0
2012,Landry Jones,Oklahoma,2013,,,0,pass,-0.3869156837463379,False,38.0
2012,Landry Jones,Oklahoma,2013,,,14,pass,1.4552606344223022,False,62.0
2012,Landry Jones,Oklahoma,2013,,,6,pass,0.5313112735748291,False,70.0
2012,Landry Jones,Oklahoma,2013,,,7,pass,0.587005615234375,False,77.0
2012,Landry Jones,Oklahoma,2013,,,6,pass,0.070458322763443,False,83.0
2012,Landry Jones,Oklahoma,2013,,,4,pass,0.36326706409454346,False,72.0
2012,Landry Jones,Oklahoma,2013,,,8,pass,0.35203272104263306,False,80.0
2012,Landry Jones,Oklahoma,2013,,,0,pass,-2.017345905303955,False,7.0
2012,Landry Jones,Oklahoma,2013,,,0,pass,-1.258249282836914,False,8.0
2012,Landry Jones,Oklahoma,2013,,,7,pass,0.9557766914367676,False,15.0
2012,Landry Jones,Oklahoma,2013,,,3,pass,-0.08028364181518555,False,18.0
2012,Landry Jones,Oklahoma,2013,,,7,pass,0.6452062129974365,False,41.0
2012,Landry Jones,Oklahoma,2013,,,13,pass,1.4289270639419556,False,56.0
2012,Landry Jones,Oklahoma,2013,,,2,pass,-0.37878453731536865,False,58.0
2012,Landry Jones,Oklahoma,2013,,,8,pass,0.4771871566772461,False,69.0
2012,Landry Jones,Oklahoma,2013,,,6,pass,1.3067646026611328,False,75.0
2012,Landry Jones,Oklahoma,2013,,,10,pass,0.775295615196228,False,94.0
2012,Landry Jones,Oklahoma,2013,,,15,pass,1.359827995300293,False,20.0
2012,Landry Jones,Oklahoma,2013,,,6,pass,0.6734564304351807,False,36.0
2012,Landry Jones,Oklahoma,2013,,,0,pass,-0.7064977884292603,False,41.0
2012,Landry Jones,Oklahoma,2013,,,6,pass,1.518615961074829,False,47.0
2012,Landry Jones,Oklahoma,2013,,,5,pass,0.10668814182281494,False,53.0
2012,Landry Jones,Oklahoma,2013,,,0,pass,-0.8736796379089355,False,64.0
2012,Landry Jones,Oklahoma,2013,,,9,pass,1.502303123474121,False,73.0
2012,Landry Jones,Oklahoma,2013,,,2,pass,-0.4059518575668335,False,75.0
