season,player_name,college,draft_year,down,distance,yards_gained,play_type,epa,scoring,yards_to_goal
2008,Ryan Lindley,San Diego State,2012,,,0,pass,-1.2218209505081177,False,55.0
2008,Ryan Lindley,San Diego State,2012,,,8,pass,0.6042144894599915,False,77.0
2008,Ryan Lindley,San Diego State,2012,,,10,pass,0.6080824136734009,False,69.0
2008,Ryan Lindley,San Diego State,2012,,,18,pass,1.7180155515670776,False,64.0
2008,Ryan Lindley,San Diego State,2012,,,36,pass,2.0457186698913574,False,46.0
2008,Ryan Lindley,San Diego State,2012,,,5,pass,-0.33584165573120117,False,10.0
2008,Ryan Lindley,San Diego State,2012,,,0,pass,-1.7421889305114746,False,50.0
2008,Ryan Lindley,San Diego State,2012,,,23,pass,2.5141329765319824,True,23.0
2008,Ryan Lindley,San Diego State,2012,,,14,pass,0.9656853675842285,False,56.0
2008,Ryan Lindley,San Diego State,2012,,,19,pass,1.5104236602783203,False,42.0
2008,Ryan Lindley,San Diego State,2012,,,14,pass,1.0331270694732666,False,62.0
2008,Ryan Lindley,San Diego State,2012,,,0,pass,-0.6116983890533447,False,33.0
2008,Ryan Lindley,San Diego State,2012,,,0,pass,-0.9341768026351929,False,33.0
2008,Ryan Lindley,San Diego State,2012,,,0,pass,-2.9362425804138184,False,33.0
2008,Ryan Lindley,San Diego State,2012,,,30,pass,2.910499095916748,True,30.0
2008,Ryan Lindley,San Diego State,2012,,,0,pass,-0.6554399728775024,False,62.0
2008,Ryan Lindley,San Diego State,2012,,,22,pass,2.179577350616455,False,62.0
2008,Ryan Lindley,San Diego State,2012,,,7,pass,0.4781656265258789,False,39.0
2008,Ryan Lindley,San Diego State,2012,,,10,pass,0.6309572458267212,False,66.0
2008,Ryan Lindley,San Diego State,2012,,,9,pass,1.0607589483261108,False,56.0
2008,Ryan Lindley,San Diego State,2012,,,0,pass,-0.6160142421722412,False,41.0
2008,Ryan Lindley,San Diego State,2012,,,7,pass,0.28550219535827637,False,41.0
2008,Ryan Lindley,San Diego State,2012,,,-1,pass,-0.5771550536155701,False,70.0
2008,Ryan Lindley,San Diego State,2012,,,15,pass,1.142660140991211,False,71.0
2008,Ryan Lindley,San Diego State,2012,,,0,pass,-0.31069719791412354,False,56.0
2008,Ryan Lindley,San Diego State,2012,,,8,pass,-2.917003631591797,False,56.0
2008,Ryan Lindley,San Diego State,2012,,,16,pass,2.3191475868225098,True,16.0
2008,Ryan Lindley,San Diego State,2012,,,0,pass,-0.47667455673217773,False,46.0
2008,Ryan Lindley,San Diego State,2012,,,21,pass,1.6975810527801514,False,46.0
2008,Ryan Lindley,San Diego State,2012,,,0,pass,-5.606353282928467,False,25.0
2008,Ryan Lindley,San Diego State,2012,,,0,pass,-1.4222110509872437,False,70.0
2008,Ryan Lindley,San Diego State,2012,,,0,pass,-0.8325947523117065,False,70.0
2008,Ryan Lindley,San Diego State,2012,,,9,pass,0.2567671537399292,False,70.0
2008,Ryan Lindley,San Diego State,2012,,,10,pass,0.6638710498809814,False,57.0
2008,Ryan Lindley,San Diego State,2012,,,20,pass,1.1635215282440186,False,47.0
2008,Ryan Lindley,San Diego State,2012,,,11,pass,0.8410789966583252,False,27.0
2008,Ryan Lindley,San Diego State,2012,,,0,pass,-1.866166353225708,False,54.0
2008,Ryan Lindley,San Diego State,2012,,,0,pass,-0.8960179090499878,False,97.0
2008,Ryan Lindley,San Diego State,2012,,,0,pass,-0.6573425531387329,False,57.0
2008,Ryan Lindley,San Diego State,2012,,,9,pass,0.8574239015579224,False,57.0
2008,Ryan Lindley,San Diego State,2012,,,2,pass,-0.6317338943481445,False,47.0
2008,Ryan Lindley,San Diego State,2012,,,0,pass,-2.4393627643585205,False,80.0
2008,Ryan Lindley,San Diego State,2012,,,0,pass,-1.428899884223938,False,75.0
2008,Ryan Lindley,San Diego State,2012,,,5,pass,-0.33072152733802795,False,80.0
2008,Ryan Lindley,San Diego State,2012,,,27,pass,1.5467994213104248,False,46.0
2008,Ryan Lindley,San Diego State,2012,,,4,pass,1.3036476373672485,False,50.0
2008,Ryan Lindley,San Diego State,2012,,,0,pass,-0.8902851343154907,False,50.0
2008,Ryan Lindley,San Diego State,2012,,,7,pass,0.24269890785217285,False,57.0
2008,Ryan Lindley,San Diego State,2012,,,13,pass,2.5457088947296143,False,70.0
2008,Ryan Lindley,San Diego State,2012,,,8,pass,-0.35933440923690796,False,78.0
2008,Ryan Lindley,San Diego State,2012,,,-3,pass,-1.1406280994415283,False,29.0
2008,Ryan Lindley,San Diego State,2012,,,13,pass,0.7343623638153076,False,42.0
2008,Ryan Lindley,San Diego State,2012,,,15,pass,1.8455228805541992,True,15.0
2008,Ryan Lindley,San Diego State,2012,,,8,pass,0.44027090072631836,False,32.0
2008,Ryan Lindley,San Diego State,2012,,,9,pass,0.9934959411621094,False,58.0
2008,Ryan Lindley,San Diego State,2012,,,0,pass,-1.6058859825134277,False,63.0
2008,Ryan Lindley,San Diego State,2012,,,3,pass,-0.4972039461135864,False,66.0
2008,Ryan Lindley,San Diego State,2012,,,4,pass,-0.18473947048187256,False,70.0
2008,Ryan Lindley,San Diego State,2012,,,10,pass,0.8564720749855042,False,80.0
2008,Ryan Lindley,San Diego State,2012,,,0,pass,-0.8712416291236877,False,84.0
2008,Ryan Lindley,San Diego State,2012,,,43,pass,3.350059747695923,False,44.0
2008,Ryan Lindley,San Diego State,2012,,,3,pass,-1.102819800376892,False,85.0
2008,Ryan Lindley,San Diego State,2012,,,0,pass,-0.8172886371612549,False,85.0
2008,Ryan Lindley,San Diego State,2012,,,0,pass,-0.7433393001556396,False,85.0
2008,Ryan Lindley,San Diego State,2012,,,9,pass,2.421642541885376,False,94.0
2008,Ryan Lindley,San Diego State,2012,,,5,pass,0.3205227851867676,False,67.0
2008,Ryan Lindley,San Diego State,2012,,,4,pass,-0.297845721244812,False,71.0
2008,Ryan Lindley,San Diego State,2012,,,0,pass,-1.7842693328857422,False,36.0
2008,Ryan Lindley,San Diego State,2012,,,7,pass,0.28968918323516846,False,58.0
2008,Ryan Lindley,San Diego State,2012,,,4,pass,-0.4886232018470764,False,64.0
2008,Ryan Lindley,San Diego State,2012,,,8,pass,1.9276723861694336,False,72.0
2008,Ryan Lindley,San Diego State,2012,,,6,pass,-0.0815695971250534,False,78.0
2008,Ryan Lindley,San Diego State,2012,,,0,pass,-0.7296674251556396,False,78.0
2008,Ryan Lindley,San Diego State,2012,,,20,pass,2.631582736968994,False,98.0
2008,Ryan Lindley,San Diego State,2012,,,0,pass,-0.7572499513626099,False,98.0
2008,Ryan Lindley,San Diego State,2012,,,0,pass,-1.1849608421325684,False,61.0
2008,Ryan Lindley,San Diego State,2012,,,14,pass,1.2162177562713623,False,70.0
2008,Ryan Lindley,San Diego State,2012,,,5,pass,0.24372875690460205,False,75.0
2008,Ryan Lindley,San Diego State,2012,,,8,pass,-0.3150140345096588,False,70.0
2008,Ryan Lindley,San Diego State,2012,,,0,pass,-0.9998259544372559,False,70.0
2008,Ryan Lindley,San Diego State,2012,,,0,pass,-0.8455257415771484,False,70.0
2008,Ryan Lindley,San Diego State,2012,,,15,pass,0.5339560508728027,False,85.0
2008,Ryan Lindley,San Diego State,2012,,,0,pass,-0.5224722027778625,False,93.0
2008,Ryan Lindley,San Diego State,2012,,,7,pass,0.24779760837554932,False,93.0
2008,Ryan Lindley,San Diego State,2012,,,0,pass,-1.2196216583251953,False,86.0
2008,Ryan Lindley,San Diego State,2012,,,2,pass,-0.8903452157974243,False,77.0
2008,Ryan Lindley,San Diego State,2012,,,0,pass,-0.5973488092422485,False,75.0
2008,Ryan Lindley,San Diego State,2012,,,0,pass,-0.8748201131820679,False,75.0
2008,Ryan Lindley,San Diego State,2012,,,10,pass,-0.22503960132598877,False,75.0
2008,Ryan Lindley,San Diego State,2012,,,0,pass,-1.0319929122924805,False,53.0
2008,Ryan Lindley,San Diego State,2012,,,12,pass,1.7747195959091187,False,53.0
2008,Ryan Lindley,San Diego State,2012,,,20,pass,1.6119050979614258,False,41.0
2008,Ryan Lindley,San Diego State,2012,,,0,pass,-0.6502282619476318,False,21.0
2008,Ryan Lindley,San Diego State,2012,,,3,pass,-0.6094462871551514,False,21.0
2008,Ryan Lindley,San Diego State,2012,,,0,pass,-1.4180423021316528,False,18.0
2008,Ryan Lindley,San Diego State,2012,,,0,pass,-0.8214207887649536,False,83.0
2008,Ryan Lindley,San Diego State,2012,,,0,pass,-0.8235747814178467,False,83.0
2008,Ryan Lindley,San Diego State,2012,,,0,pass,-0.5734133720397949,False,15.0
2008,Ryan Lindley,San Diego State,2012,,,0,pass,-0.6527632474899292,False,73.0
2008,Ryan Lindley,San Diego State,2012,,,0,pass,-0.561604917049408,False,73.0
2008,Ryan Lindley,San Diego State,2012,,,0,pass,-1.12717604637146,False,73.0
2008,Ryan Lindley,San Diego State,2012,,,41,pass,2.849771738052368,False,54.0
2008,Ryan Lindley,San Diego State,2012,,,0,pass,-0.9371931552886963,False,15.0
2008,Ryan Lindley,San Diego State,2012,,,4,pass,-0.20391994714736938,False,76.0
2008,Ryan Lindley,San Diego State,2012,,,0,pass,-0.8662703037261963,False,72.0
2008,Ryan Lindley,San Diego State,2012,,,0,pass,-1.117977499961853,False,72.0
2008,Ryan Lindley,San Diego State,2012,,,0,pass,-1.014066219329834,False,32.0
2008,Ryan Lindley,San Diego State,2012,,,0,pass,-2.761636257171631,False,32.0
2008,Ryan Lindley,San Diego State,2012,,,18,pass,1.377066969871521,False,80.0
2008,Ryan Lindley,San Diego State,2012,,,23,pass,1.9904011487960815,False,58.0
2008,Ryan Lindley,San Diego State,2012,,,0,pass,-0.8969821333885193,False,90.0
2008,Ryan Lindley,San Diego State,2012,,,0,pass,-0.8300042152404785,False,95.0
2008,Ryan Lindley,San Diego State,2012,,,0,pass,-0.6965031623840332,False,66.0
2008,Ryan Lindley,San Diego State,2012,,,0,pass,-2.227329730987549,False,64.0
2008,Ryan Lindley,San Diego State,2012,,,45,pass,2.952935218811035,True,45.0
2008,Ryan Lindley,San Diego State,2012,,,15,pass,0.8069784641265869,False,60.0
2008,Ryan Lindley,San Diego State,2012,,,0,pass,-1.5925626754760742,False,4.0
2008,Ryan Lindley,San Diego State,2012,,,8,pass,0.27893805503845215,False,69.0
2008,Ryan Lindley,San Diego State,2012,,,51,pass,2.78489351272583,True,51.0
2008,Ryan Lindley,San Diego State,2012,,,39,pass,3.0312719345092773,False,87.0
2008,Ryan Lindley,San Diego State,2012,,,22,pass,0.7384529113769531,False,48.0
2008,Ryan Lindley,San Diego State,2012,,,12,pass,0.6277298927307129,False,21.0
2008,Ryan Lindley,San Diego State,2012,,,2,pass,-0.21444129943847656,False,51.0
2008,Ryan Lindley,San Diego State,2012,,,48,pass,4.599051475524902,True,48.0
2008,Ryan Lindley,San Diego State,2012,,,-5,pass,-0.7597188949584961,False,92.0
2008,Ryan Lindley,San Diego State,2012,,,14,pass,0.7444099187850952,False,97.0
2008,Ryan Lindley,San Diego State,2012,,,41,pass,3.1505494117736816,True,41.0
2008,Ryan Lindley,San Diego State,2012,,,7,pass,1.2879822254180908,False,55.0
2008,Ryan Lindley,San Diego State,2012,,,0,pass,-1.4222519397735596,False,9.0
2008,Ryan Lindley,San Diego State,2012,,,11,pass,0.49927663803100586,False,83.0
2008,Ryan Lindley,San Diego State,2012,,,26,pass,1.7362823486328125,False,67.0
2008,Ryan Lindley,San Diego State,2012,,,16,pass,0.7056879997253418,False,27.0
2008,Ryan Lindley,San Diego State,2012,,,9,pass,0.8481674194335938,False,11.0
2008,Ryan Lindley,San Diego State,2012,,,0,pass,-0.6103658676147461,False,47.0
2008,Ryan Lindley,San Diego State,2012,,,84,pass,2.7389583587646484,False,87.0
2008,Ryan Lindley,San Diego State,2012,,,0,pass,-1.0582003593444824,False,35.0
2008,Ryan Lindley,San Diego State,2012,,,0,pass,-1.2416001558303833,False,35.0
2008,Ryan Lindley,San Diego State,2012,,,0,pass,-0.5549490451812744,False,56.0
2008,Ryan Lindley,San Diego State,2012,,,30,pass,3.391723155975342,False,59.0
2008,Ryan Lindley,San Diego State,2012,,,9,pass,0.6648993492126465,False,29.0
2008,Ryan Lindley,San Diego State,2012,,,2,pass,-0.5744233131408691,False,15.0
2008,Ryan Lindley,San Diego State,2012,,,10,pass,-0.35215187072753906,False,13.0
2008,Ryan Lindley,San Diego State,2012,,,-1,pass,-1.3018039464950562,False,48.0
2008,Ryan Lindley,San Diego State,2012,,,7,pass,0.4025402069091797,False,67.0
2008,Ryan Lindley,San Diego State,2012,,,0,pass,-1.0130953788757324,False,66.0
2008,Ryan Lindley,San Diego State,2012,,,15,pass,0.5449065566062927,False,66.0
2008,Ryan Lindley,San Diego State,2012,,,0,pass,-0.5921776294708252,False,50.0
2008,Ryan Lindley,San Diego State,2012,,,0,pass,-0.9413982629776001,False,50.0
2008,Ryan Lindley,San Diego State,2012,,,0,pass,-1.7473493814468384,False,50.0
2008,Ryan Lindley,San Diego State,2012,,,7,pass,-0.15656042098999023,False,93.0
2008,Ryan Lindley,San Diego State,2012,,,-4,pass,-1.771223545074463,False,60.0
2008,Ryan Lindley,San Diego State,2012,,,0,pass,-0.6487609148025513,False,60.0
2008,Ryan Lindley,San Diego State,2012,,,27,pass,2.0389416217803955,False,87.0
2008,Ryan Lindley,San Diego State,2012,,,7,pass,0.4385821223258972,False,94.0
2008,Ryan Lindley,San Diego State,2012,,,0,pass,-0.8403362035751343,False,86.0
2008,Ryan Lindley,San Diego State,2012,,,0,pass,-0.8510210514068604,False,78.0
2008,Ryan Lindley,San Diego State,2012,,,6,pass,1.145951509475708,False,74.0
2008,Ryan Lindley,San Diego State,2012,,,0,pass,-0.6303544044494629,False,63.0
2008,Ryan Lindley,San Diego State,2012,,,0,pass,-1.1009708642959595,False,63.0
2008,Ryan Lindley,San Diego State,2012,,,4,pass,-0.029453516006469727,False,80.0
2008,Ryan Lindley,San Diego State,2012,,,16,pass,1.6772774457931519,False,63.0
2008,Ryan Lindley,San Diego State,2012,,,0,pass,-1.6661334037780762,False,47.0
2008,Ryan Lindley,San Diego State,2012,,,11,pass,1.7339808940887451,False,51.0
2008,Ryan Lindley,San Diego State,2012,,,0,pass,-2.0744457244873047,False,40.0
2008,Ryan Lindley,San Diego State,2012,,,0,pass,-3.276921033859253,False,40.0
2008,Ryan Lindley,San Diego State,2012,,,15,pass,2.9897279739379883,True,15.0
2008,Ryan Lindley,San Diego State,2012,,,8,pass,0.6912742853164673,False,61.0
2008,Ryan Lindley,San Diego State,2012,,,22,pass,3.5707831382751465,False,58.0
2008,Ryan Lindley,San Diego State,2012,,,0,pass,-0.5723505020141602,False,15.0
2008,Ryan Lindley,San Diego State,2012,,,16,pass,0.1776011884212494,False,61.0
2008,Ryan Lindley,San Diego State,2012,,,0,pass,-0.012074530124664307,False,45.0
2008,Ryan Lindley,San Diego State,2012,,,3,pass,-0.16746202111244202,False,64.0
2008,Ryan Lindley,San Diego State,2012,,,10,pass,0.5360620021820068,False,54.0
2008,Ryan Lindley,San Diego State,2012,,,-4,pass,-0.8946731090545654,False,44.0
2008,Ryan Lindley,San Diego State,2012,,,0,pass,-0.4272778034210205,False,48.0
2008,Ryan Lindley,San Diego State,2012,,,0,pass,-0.6494919061660767,False,48.0
2008,Ryan Lindley,San Diego State,2012,,,0,pass,-0.9461419582366943,False,85.0
2008,Ryan Lindley,San Diego State,2012,,,6,pass,-0.4396846294403076,False,91.0
2008,Ryan Lindley,San Diego State,2012,,,0,pass,-0.6590346097946167,False,86.0
2008,Ryan Lindley,San Diego State,2012,,,-1,pass,-1.2536559104919434,False,86.0
2008,Ryan Lindley,San Diego State,2012,,,23,pass,1.8944612741470337,False,85.0
2008,Ryan Lindley,San Diego State,2012,,,1,pass,-0.6585330963134766,False,62.0
2008,Ryan Lindley,San Diego State,2012,,,0,pass,-1.3072381019592285,False,61.0
2008,Ryan Lindley,San Diego State,2012,,,0,pass,-0.6065047979354858,False,80.0
2008,Ryan Lindley,San Diego State,2012,,,0,pass,-0.9276223182678223,False,80.0
2008,Ryan Lindley,San Diego State,2012,,,8,pass,1.1053783893585205,False,75.0
2008,Ryan Lindley,San Diego State,2012,,,7,pass,0.40879082679748535,False,67.0
2008,Ryan Lindley,San Diego State,2012,,,0,pass,-0.8331385850906372,False,65.0
2008,Ryan Lindley,San Diego State,2012,,,0,pass,-1.3891088962554932,False,65.0
2008,Ryan Lindley,San Diego State,2012,,,5,pass,-0.24766582250595093,False,90.0
2008,Ryan Lindley,San Diego State,2012,,,0,pass,-0.9040063619613647,False,85.0
2008,Ryan Lindley,San Diego State,2012,,,5,pass,-0.31499165296554565,False,79.0
2008,Ryan Lindley,San Diego State,2012,,,33,pass,3.3949432373046875,False,74.0
2008,Ryan Lindley,San Diego State,2012,,,0,pass,-1.0960702896118164,False,16.0
2008,Ryan Lindley,San Diego State,2012,,,5,pass,0.3354399800300598,False,62.0
2008,Ryan Lindley,San Diego State,2012,,,17,pass,1.2208720445632935,False,55.0
2008,Ryan Lindley,San Diego State,2012,,,7,pass,0.6333346366882324,False,38.0
2008,Ryan Lindley,San Diego State,2012,,,3,pass,-1.2661848068237305,False,31.0
2008,Ryan Lindley,San Diego State,2012,,,5,pass,0.06990718841552734,False,38.0
2008,Ryan Lindley,San Diego State,2012,,,6,pass,1.4425828456878662,False,33.0
2008,Ryan Lindley,San Diego State,2012,,,0,pass,-0.7608847618103027,False,16.0
2008,Ryan Lindley,San Diego State,2012,,,0,pass,-0.8643378019332886,False,68.0
2008,Ryan Lindley,San Diego State,2012,,,1,pass,-0.8138056993484497,False,73.0
2008,Ryan Lindley,San Diego State,2012,,,16,pass,1.086517572402954,False,72.0
2008,Ryan Lindley,San Diego State,2012,,,14,pass,0.8692989349365234,False,56.0
2008,Ryan Lindley,San Diego State,2012,,,0,pass,-0.65885329246521,False,42.0
2008,Ryan Lindley,San Diego State,2012,,,-4,pass,-1.8226004838943481,False,42.0
2008,Ryan Lindley,San Diego State,2012,,,3,pass,-1.2336772680282593,False,46.0
2008,Ryan Lindley,San Diego State,2012,,,10,pass,2.4216551780700684,True,10.0
2008,Ryan Lindley,San Diego State,2012,,,8,pass,0.5587416887283325,False,77.0
2008,Ryan Lindley,San Diego State,2012,,,6,pass,0.3493995666503906,False,69.0
2008,Ryan Lindley,San Diego State,2012,,,0,pass,-0.6126693487167358,False,63.0
2008,Ryan Lindley,San Diego State,2012,,,7,pass,0.3932223320007324,False,52.0
2008,Ryan Lindley,San Diego State,2012,,,2,pass,-0.22984600067138672,False,45.0
2008,Ryan Lindley,San Diego State,2012,,,9,pass,0.7695178985595703,False,27.0
2008,Ryan Lindley,San Diego State,2012,,,-1,pass,-1.0129563808441162,False,25.0
2008,Ryan Lindley,San Diego State,2012,,,0,pass,-0.9081703424453735,False,26.0
2008,Ryan Lindley,San Diego State,2012,,,11,pass,1.2585601806640625,False,29.0
2008,Ryan Lindley,San Diego State,2012,,,4,pass,-0.5103635787963867,False,54.0
2008,Ryan Lindley,San Diego State,2012,,,0,pass,-1.8586421012878418,False,50.0
2008,Ryan Lindley,San Diego State,2012,,,-1,pass,-1.1627273559570312,False,67.0
2008,Ryan Lindley,San Diego State,2012,,,0,pass,-1.394789695739746,False,68.0
2008,Ryan Lindley,San Diego State,2012,,,0,pass,-3.9636034965515137,False,74.0
2008,Ryan Lindley,San Diego State,2012,,,0,pass,-0.55766761302948,False,74.0
2008,Ryan Lindley,San Diego State,2012,,,0,pass,-0.804521381855011,False,74.0
2008,Ryan Lindley,San Diego State,2012,,,0,pass,-0.7449119091033936,False,80.0
2008,Ryan Lindley,San Diego State,2012,,,4,pass,-0.6872103214263916,False,80.0
2008,Ryan Lindley,San Diego State,2012,,,0,pass,-0.6255923509597778,False,60.0
2008,Ryan Lindley,San Diego State,2012,,,7,pass,0.37527361512184143,False,60.0
2008,Ryan Lindley,San Diego State,2012,,,0,pass,-1.620381236076355,False,53.0
2008,Ryan Lindley,San Diego State,2012,,,0,pass,-0.7706334590911865,False,70.0
2008,Ryan Lindley,San Diego State,2012,,,26,pass,3.8532822132110596,True,26.0
2008,Ryan Lindley,San Diego State,2012,,,0,pass,-1.6292814016342163,False,60.0
2008,Ryan Lindley,San Diego State,2012,,,8,pass,0.3952481746673584,False,67.0
2008,Ryan Lindley,San Diego State,2012,,,7,pass,0.6992142200469971,False,49.0
2008,Ryan Lindley,San Diego State,2012,,,12,pass,1.120039701461792,False,42.0
2008,Ryan Lindley,San Diego State,2012,,,0,pass,-0.5236022472381592,False,74.0
2008,Ryan Lindley,San Diego State,2012,,,11,pass,2.2820959091186523,False,70.0
2008,Ryan Lindley,San Diego State,2012,,,0,pass,-1.8145936727523804,False,59.0
2008,Ryan Lindley,San Diego State,2012,,,12,pass,1.2919418811798096,False,58.0
2008,Ryan Lindley,San Diego State,2012,,,22,pass,-0.5228533148765564,False,43.0
2008,Ryan Lindley,San Diego State,2012,,,3,pass,-1.43473482131958,False,21.0
2008,Ryan Lindley,San Diego State,2012,,,0,pass,-1.269950032234192,False,23.0
2008,Ryan Lindley,San Diego State,2012,,,9,pass,-1.5869752168655396,False,17.0
2008,Ryan Lindley,San Diego State,2012,,,0,pass,-0.80019611120224,False,71.0
2008,Ryan Lindley,San Diego State,2012,,,7,pass,0.6412585973739624,False,71.0
2008,Ryan Lindley,San Diego State,2012,,,14,pass,1.7690770626068115,False,64.0
2008,Ryan Lindley,San Diego State,2012,,,37,pass,3.1839892864227295,False,50.0
2008,Ryan Lindley,San Diego State,2012,,,0,pass,-0.7980549335479736,False,16.0
2008,Ryan Lindley,San Diego State,2012,,,11,pass,0.4920647144317627,False,16.0
2008,Ryan Lindley,San Diego State,2012,,,0,pass,-5.098848342895508,False,5.0
2008,Ryan Lindley,San Diego State,2012,,,0,pass,-0.39563190937042236,False,67.0
2008,Ryan Lindley,San Diego State,2012,,,0,pass,-1.1112269163131714,False,67.0
2008,Ryan Lindley,San Diego State,2012,,,12,pass,0.45852720737457275,False,79.0
2008,Ryan Lindley,San Diego State,2012,,,0,pass,-0.5116064548492432,False,67.0
2008,Ryan Lindley,San Diego State,2012,,,19,pass,1.4359328746795654,False,75.0
2008,Ryan Lindley,San Diego State,2012,,,6,pass,0.25430846214294434,False,56.0
2008,Ryan Lindley,San Diego State,2012,,,0,pass,-1.344560146331787,False,51.0
2008,Ryan Lindley,San Diego State,2012,,,16,pass,0.7106914520263672,False,91.0
2008,Ryan Lindley,San Diego State,2012,,,0,pass,-0.9235630035400391,False,8.0
2008,Ryan Lindley,San Diego State,2012,,,0,pass,-0.8512973189353943,False,58.0
2008,Ryan Lindley,San Diego State,2012,,,0,pass,-0.6345024108886719,False,24.0
2008,Ryan Lindley,San Diego State,2012,,,7,pass,-3.5405540466308594,False,24.0
2008,Ryan Lindley,San Diego State,2012,,,0,pass,-0.8028924465179443,False,24.0
2008,Ryan Lindley,San Diego State,2012,,,7,pass,0.3600594997406006,False,65.0
2008,Ryan Lindley,San Diego State,2012,,,14,pass,0.9295217990875244,False,44.0
2008,Ryan Lindley,San Diego State,2012,,,8,pass,0.9290421009063721,False,27.0
2008,Ryan Lindley,San Diego State,2012,,,9,pass,2.204012870788574,False,59.0
2008,Ryan Lindley,San Diego State,2012,,,7,pass,0.5634043216705322,False,50.0
2008,Ryan Lindley,San Diego State,2012,,,9,pass,0.4220609664916992,False,43.0
2008,Ryan Lindley,San Diego State,2012,,,7,pass,0.5549311637878418,False,32.0
2008,Ryan Lindley,San Diego State,2012,,,0,pass,-3.5838308334350586,False,18.0
2008,Ryan Lindley,San Diego State,2012,,,9,pass,3.2561087608337402,True,9.0
2008,Ryan Lindley,San Diego State,2012,,,20,pass,2.8983218669891357,False,31.0
2008,Ryan Lindley,San Diego State,2012,,,3,pass,-0.17456436157226562,False,31.0
2008,Ryan Lindley,San Diego State,2012,,,20,pass,-2.3636226654052734,False,69.0
2008,Ryan Lindley,San Diego State,2012,,,8,pass,0.9145225882530212,False,24.0
2008,Ryan Lindley,San Diego State,2012,,,7,pass,1.2166152000427246,False,39.0
2008,Ryan Lindley,San Diego State,2012,,,12,pass,1.632545828819275,False,51.0
2008,Ryan Lindley,San Diego State,2012,,,14,pass,2.0091311931610107,False,60.0
2008,Ryan Lindley,San Diego State,2012,,,6,pass,1.0241732597351074,False,66.0
2008,Ryan Lindley,San Diego State,2012,,,0,pass,-0.8404467701911926,False,66.0
2008,Ryan Lindley,San Diego State,2012,,,8,pass,0.7001391649246216,False,74.0
2008,Ryan Lindley,San Diego State,2012,,,3,pass,-0.8200554847717285,False,64.0
2008,Ryan Lindley,San Diego State,2012,,,2,pass,-0.2691308259963989,False,81.0
2008,Ryan Lindley,San Diego State,2012,,,0,pass,-0.5250105261802673,False,85.0
2008,Ryan Lindley,San Diego State,2012,,,3,pass,-0.3041226267814636,False,85.0
2008,Ryan Lindley,San Diego State,2012,,,11,pass,0.8137145042419434,False,54.0
2008,Ryan Lindley,San Diego State,2012,,,0,pass,-1.7333126068115234,False,59.0
2008,Ryan Lindley,San Diego State,2012,,,9,pass,0.8124865293502808,False,68.0
2008,Ryan Lindley,San Diego State,2012,,,2,pass,-0.8692790865898132,False,53.0
2008,Ryan Lindley,San Diego State,2012,,,0,pass,-0.9422250986099243,False,53.0
2008,Ryan Lindley,San Diego State,2012,,,16,pass,2.6440858840942383,False,76.0
2008,Ryan Lindley,San Diego State,2012,,,2,pass,-0.7112712860107422,False,78.0
2008,Ryan Lindley,San Diego State,2012,,,10,pass,0.238927960395813,False,82.0
2008,Ryan Lindley,San Diego State,2012,,,4,pass,0.13843345642089844,False,23.0
2008,Ryan Lindley,San Diego State,2012,,,14,pass,0.8112951517105103,False,47.0
2008,Ryan Lindley,San Diego State,2012,,,7,pass,0.7285408973693848,False,54.0
2008,Ryan Lindley,San Diego State,2012,,,24,pass,1.4716265201568604,False,78.0
2008,Ryan Lindley,San Diego State,2012,,,4,pass,-0.6731469631195068,False,78.0
2008,Ryan Lindley,San Diego State,2012,,,1,pass,-0.5397136211395264,False,79.0
2008,Ryan Lindley,San Diego State,2012,,,16,pass,3.8552427291870117,True,16.0
2008,Ryan Lindley,San Diego State,2012,,,6,pass,1.7984740734100342,False,18.0
2008,Ryan Lindley,San Diego State,2012,,,14,pass,2.251014232635498,False,38.0
2008,Ryan Lindley,San Diego State,2012,,,18,pass,3.601454734802246,False,51.0
2008,Ryan Lindley,San Diego State,2012,,,0,pass,-0.9781075716018677,False,51.0
2008,Ryan Lindley,San Diego State,2012,,,12,pass,1.6401255130767822,False,63.0
2008,Ryan Lindley,San Diego State,2012,,,18,pass,2.535207509994507,False,81.0
2008,Ryan Lindley,San Diego State,2012,,,9,pass,1.231390118598938,False,95.0
2008,Ryan Lindley,San Diego State,2012,,,17,pass,2.1553056240081787,False,72.0
2008,Ryan Lindley,San Diego State,2012,,,31,pass,4.273523330688477,True,31.0
2008,Ryan Lindley,San Diego State,2012,,,3,pass,-0.6478829383850098,False,79.0
2008,Ryan Lindley,San Diego State,2012,,,0,pass,-1.2660739421844482,False,69.0
2008,Ryan Lindley,San Diego State,2012,,,7,pass,-0.16232776641845703,False,37.0
2008,Ryan Lindley,San Diego State,2012,,,0,pass,-1.021325707435608,False,37.0
2008,Ryan Lindley,San Diego State,2012,,,11,pass,0.8113646507263184,False,48.0
2008,Ryan Lindley,San Diego State,2012,,,11,pass,1.0873942375183105,False,59.0
2008,Ryan Lindley,San Diego State,2012,,,5,pass,1.3085885047912598,False,67.0
2008,Ryan Lindley,San Diego State,2012,,,7,pass,0.37731581926345825,False,74.0
2008,Ryan Lindley,San Diego State,2012,,,0,pass,-0.7067052721977234,False,74.0
2008,Ryan Lindley,San Diego State,2012,,,18,pass,1.7975237369537354,False,32.0
2008,Ryan Lindley,San Diego State,2012,,,14,pass,0.7042889595031738,False,74.0
2008,Ryan Lindley,San Diego State,2012,,,8,pass,0.10655045509338379,False,60.0
2008,Ryan Lindley,San Diego State,2012,,,12,pass,2.1024551391601562,True,12.0
2008,Ryan Lindley,San Diego State,2012,,,6,pass,0.15128302574157715,False,61.0
2008,Ryan Lindley,San Diego State,2012,,,6,pass,0.4728708267211914,False,55.0
2008,Ryan Lindley,San Diego State,2012,,,2,pass,-0.8480305671691895,False,49.0
2008,Ryan Lindley,San Diego State,2012,,,17,pass,2.349806308746338,False,47.0
2008,Ryan Lindley,San Diego State,2012,,,20,pass,1.6095023155212402,False,26.0
2008,Ryan Lindley,San Diego State,2012,,,16,pass,1.3559045791625977,False,60.0
2008,Ryan Lindley,San Diego State,2012,,,0,pass,-1.0846527814865112,False,46.0
2008,Ryan Lindley,San Diego State,2012,,,5,pass,-0.9803206920623779,False,46.0
2008,Ryan Lindley,San Diego State,2012,,,15,pass,0.8183324337005615,False,84.0
2008,Ryan Lindley,San Diego State,2012,,,10,pass,0.3455226421356201,False,61.0
2008,Ryan Lindley,San Diego State,2012,,,1,pass,-0.5258135795593262,False,51.0
2008,Ryan Lindley,San Diego State,2012,,,8,pass,0.5707030296325684,False,50.0
2008,Ryan Lindley,San Diego State,2012,,,0,pass,-0.5963943004608154,False,40.0
2008,Ryan Lindley,San Diego State,2012,,,0,pass,-1.8145710229873657,False,40.0
2008,Ryan Lindley,San Diego State,2012,,,0,pass,-0.6311587691307068,False,50.0
2008,Ryan Lindley,San Diego State,2012,,,0,pass,-0.6905861496925354,False,50.0
2008,Ryan Lindley,San Diego State,2012,,,0,pass,-0.31166696548461914,False,67.0
2008,Ryan Lindley,San Diego State,2012,,,14,pass,0.762465238571167,False,67.0
2008,Ryan Lindley,San Diego State,2012,,,0,pass,-0.2696892023086548,False,53.0
2008,Ryan Lindley,San Diego State,2012,,,3,pass,-0.32926827669143677,False,53.0
2008,Ryan Lindley,San Diego State,2012,,,13,pass,2.3553829193115234,False,14.0
2008,Ryan Lindley,San Diego State,2012,,,2,pass,-0.789766788482666,False,85.0
2008,Ryan Lindley,San Diego State,2012,,,18,pass,2.912576913833618,False,83.0
2008,Ryan Lindley,San Diego State,2012,,,0,pass,-0.6163580417633057,False,65.0
2008,Ryan Lindley,San Diego State,2012,,,18,pass,1.6990933418273926,False,65.0
2008,Ryan Lindley,San Diego State,2012,,,27,pass,1.499417781829834,False,47.0
2008,Ryan Lindley,San Diego State,2012,,,20,pass,1.3906102180480957,False,75.0
2008,Ryan Lindley,San Diego State,2012,,,16,pass,1.0675153732299805,False,55.0
2008,Ryan Lindley,San Diego State,2012,,,1,pass,-0.7090535163879395,False,36.0
2008,Ryan Lindley,San Diego State,2012,,,0,pass,-1.7931885719299316,False,35.0
2008,Ryan Lindley,San Diego State,2012,,,6,pass,2.7823266983032227,True,6.0
2008,Ryan Lindley,San Diego State,2012,,,0,pass,-1.0327560901641846,False,82.0
2008,Ryan Lindley,San Diego State,2012,,,13,pass,2.7444605827331543,False,82.0
2008,Ryan Lindley,San Diego State,2012,,,4,pass,-0.1744023561477661,False,69.0
2008,Ryan Lindley,San Diego State,2012,,,0,pass,-0.9145134687423706,False,65.0
2008,Ryan Lindley,San Diego State,2012,,,3,pass,-1.3705650568008423,False,65.0
2008,Ryan Lindley,San Diego State,2012,,,14,pass,1.0332062244415283,False,71.0
2008,Ryan Lindley,San Diego State,2012,,,0,pass,-0.5667662620544434,False,57.0
2008,Ryan Lindley,San Diego State,2012,,,27,pass,2.5661373138427734,False,57.0
2008,Ryan Lindley,San Diego State,2012,,,20,pass,1.3657166957855225,False,30.0
2008,Ryan Lindley,San Diego State,2012,,,0,pass,-0.7487430572509766,False,10.0
2008,Ryan Lindley,San Diego State,2012,,,4,pass,-0.24917054176330566,False,10.0
2008,Ryan Lindley,San Diego State,2012,,,6,pass,-1.0934454202651978,False,82.0
2009,Ryan Lindley,San Diego State,2012,,,33,pass,3.195699691772461,False,80.0
2009,Ryan Lindley,San Diego State,2012,,,6,pass,0.38611626625061035,False,25.0
2009,Ryan Lindley,San Diego State,2012,,,0,pass,-2.4856717586517334,False,40.0
2009,Ryan Lindley,San Diego State,2012,,,4,pass,-1.0998913049697876,False,44.0
2009,Ryan Lindley,San Diego State,2012,,,0,pass,-0.7456402778625488,False,44.0
2009,Ryan Lindley,San Diego State,2012,,,13,pass,2.5623271465301514,False,57.0
2009,Ryan Lindley,San Diego State,2012,,,-1,pass,-1.4150184392929077,False,70.0
2009,Ryan Lindley,San Diego State,2012,,,8,pass,0.2936854958534241,False,82.0
2009,Ryan Lindley,San Diego State,2012,,,0,pass,-0.6862577199935913,False,95.0
2009,Ryan Lindley,San Diego State,2012,,,6,pass,0.15963441133499146,False,55.0
2009,Ryan Lindley,San Diego State,2012,,,9,pass,0.13868921995162964,False,67.0
2009,Ryan Lindley,San Diego State,2012,,,3,pass,-0.10879671573638916,False,58.0
2009,Ryan Lindley,San Diego State,2012,,,7,pass,0.13059335947036743,False,74.0
2009,Ryan Lindley,San Diego State,2012,,,8,pass,0.4795414209365845,False,71.0
2009,Ryan Lindley,San Diego State,2012,,,0,pass,-0.5113312005996704,False,71.0
2009,Ryan Lindley,San Diego State,2012,,,0,pass,-1.1236811876296997,False,66.0
2009,Ryan Lindley,San Diego State,2012,,,78,pass,7.100110054016113,True,78.0
2009,Ryan Lindley,San Diego State,2012,,,10,pass,0.5407137274742126,False,83.0
2009,Ryan Lindley,San Diego State,2012,,,4,pass,1.1656675338745117,True,4.0
2009,Ryan Lindley,San Diego State,2012,,,22,pass,3.186680555343628,False,26.0
2009,Ryan Lindley,San Diego State,2012,,,0,pass,-0.8562674522399902,False,26.0
2009,Ryan Lindley,San Diego State,2012,,,14,pass,0.9653744697570801,False,42.0
2009,Ryan Lindley,San Diego State,2012,,,8,pass,0.649726152420044,False,58.0
2009,Ryan Lindley,San Diego State,2012,,,6,pass,-1.5669338703155518,False,69.0
2009,Ryan Lindley,San Diego State,2012,,,5,pass,-0.1673128604888916,False,28.0
2009,Ryan Lindley,San Diego State,2012,,,0,pass,-1.1329360008239746,False,17.0
2009,Ryan Lindley,San Diego State,2012,,,4,pass,-0.5061811208724976,False,71.0
2009,Ryan Lindley,San Diego State,2012,,,14,pass,1.5395950078964233,False,67.0
2009,Ryan Lindley,San Diego State,2012,,,0,pass,-0.7893195152282715,False,50.0
2009,Ryan Lindley,San Diego State,2012,,,0,pass,-1.3993146419525146,False,50.0
2009,Ryan Lindley,San Diego State,2012,,,0,pass,-0.5479028224945068,False,77.0
2009,Ryan Lindley,San Diego State,2012,,,10,pass,2.0886025428771973,False,74.0
2009,Ryan Lindley,San Diego State,2012,,,3,pass,-0.4803755283355713,False,62.0
2009,Ryan Lindley,San Diego State,2012,,,32,pass,2.5006871223449707,False,59.0
2009,Ryan Lindley,San Diego State,2012,,,14,pass,1.1711931228637695,False,27.0
2009,Ryan Lindley,San Diego State,2012,,,31,pass,2.504042863845825,False,75.0
2009,Ryan Lindley,San Diego State,2012,,,14,pass,0.9687910079956055,False,43.0
2009,Ryan Lindley,San Diego State,2012,,,0,pass,-0.8315737247467041,False,15.0
2009,Ryan Lindley,San Diego State,2012,,,0,pass,-3.817909002304077,False,15.0
2009,Ryan Lindley,San Diego State,2012,,,22,pass,2.4025497436523438,True,22.0
2009,Ryan Lindley,San Diego State,2012,,,24,pass,2.0092029571533203,False,70.0
2009,Ryan Lindley,San Diego State,2012,,,8,pass,0.8704187870025635,False,42.0
2009,Ryan Lindley,San Diego State,2012,,,0,pass,-0.6319583654403687,False,77.0
2009,Ryan Lindley,San Diego State,2012,,,-1,pass,-1.2040536403656006,False,62.0
2009,Ryan Lindley,San Diego State,2012,,,16,pass,2.4583916664123535,False,63.0
2009,Ryan Lindley,San Diego State,2012,,,0,pass,-0.6665740013122559,False,47.0
2009,Ryan Lindley,San Diego State,2012,,,30,pass,2.9178974628448486,False,52.0
2009,Ryan Lindley,San Diego State,2012,,,5,pass,-0.9683823585510254,False,7.0
2009,Ryan Lindley,San Diego State,2012,,,12,pass,1.8077998161315918,True,12.0
2009,Ryan Lindley,San Diego State,2012,,,8,pass,0.568267822265625,False,53.0
2009,Ryan Lindley,San Diego State,2012,,,0,pass,-0.9547741413116455,False,41.0
2009,Ryan Lindley,San Diego State,2012,,,29,pass,3.240969657897949,False,41.0
2009,Ryan Lindley,San Diego State,2012,,,7,pass,-0.09529972076416016,False,33.0
2009,Ryan Lindley,San Diego State,2012,,,0,pass,-1.0562329292297363,False,29.0
2009,Ryan Lindley,San Diego State,2012,,,0,pass,-0.6297647953033447,False,29.0
2009,Ryan Lindley,San Diego State,2012,,,8,pass,2.1084020137786865,False,38.0
2009,Ryan Lindley,San Diego State,2012,,,10,pass,1.2472139596939087,False,52.0
2009,Ryan Lindley,San Diego State,2012,,,0,pass,-0.5036665201187134,False,52.0
2009,Ryan Lindley,San Diego State,2012,,,13,pass,1.7039217948913574,False,77.0
2009,Ryan Lindley,San Diego State,2012,,,0,pass,-0.7828248739242554,False,68.0
2009,Ryan Lindley,San Diego State,2012,,,0,pass,-2.04552960395813,False,30.0
2009,Ryan Lindley,San Diego State,2012,,,10,pass,0.758014440536499,False,39.0
2009,Ryan Lindley,San Diego State,2012,,,5,pass,0.016156792640686035,False,56.0
2009,Ryan Lindley,San Diego State,2012,,,14,pass,1.0763700008392334,False,70.0
2009,Ryan Lindley,San Diego State,2012,,,9,pass,0.826513409614563,False,80.0
2009,Ryan Lindley,San Diego State,2012,,,0,pass,-1.8705979585647583,False,50.0
2009,Ryan Lindley,San Diego State,2012,,,8,pass,0.242784321308136,False,58.0
2009,Ryan Lindley,San Diego State,2012,,,6,pass,1.2521157264709473,False,60.0
2009,Ryan Lindley,San Diego State,2012,,,1,pass,0.13138651847839355,False,30.0
2009,Ryan Lindley,San Diego State,2012,,,7,pass,0.6990964412689209,False,37.0
2009,Ryan Lindley,San Diego State,2012,,,30,pass,4.945230007171631,True,30.0
2009,Ryan Lindley,San Diego State,2012,,,3,pass,0.9496822357177734,True,3.0
2009,Ryan Lindley,San Diego State,2012,,,11,pass,1.306225061416626,False,67.0
2009,Ryan Lindley,San Diego State,2012,,,9,pass,0.7633599042892456,False,56.0
2009,Ryan Lindley,San Diego State,2012,,,17,pass,2.5932390689849854,False,47.0
2009,Ryan Lindley,San Diego State,2012,,,6,pass,0.23042094707489014,False,69.0
2009,Ryan Lindley,San Diego State,2012,,,6,pass,0.5419706702232361,False,63.0
2009,Ryan Lindley,San Diego State,2012,,,12,pass,0.8318033218383789,False,57.0
2009,Ryan Lindley,San Diego State,2012,,,6,pass,0.4447968006134033,False,45.0
2009,Ryan Lindley,San Diego State,2012,,,7,pass,0.30533623695373535,False,39.0
2009,Ryan Lindley,San Diego State,2012,,,29,pass,2.8516464233398438,False,32.0
2009,Ryan Lindley,San Diego State,2012,,,8,pass,0.39415937662124634,False,81.0
2009,Ryan Lindley,San Diego State,2012,,,0,pass,-1.1504027843475342,False,73.0
2009,Ryan Lindley,San Diego State,2012,,,3,pass,-0.412553071975708,False,95.0
2009,Ryan Lindley,San Diego State,2012,,,4,pass,1.2351373434066772,False,72.0
2009,Ryan Lindley,San Diego State,2012,,,0,pass,-0.7910587191581726,False,68.0
2009,Ryan Lindley,San Diego State,2012,,,4,pass,-0.4990454912185669,False,73.0
2009,Ryan Lindley,San Diego State,2012,,,20,pass,2.2246391773223877,False,78.0
2009,Ryan Lindley,San Diego State,2012,,,0,pass,-0.5464038848876953,False,81.0
2009,Ryan Lindley,San Diego State,2012,,,0,pass,-1.067612886428833,False,82.0
2009,Ryan Lindley,San Diego State,2012,,,0,pass,-1.515697956085205,False,73.0
2009,Ryan Lindley,San Diego State,2012,,,0,pass,-0.6055047512054443,False,90.0
2009,Ryan Lindley,San Diego State,2012,,,5,pass,-0.06414783000946045,False,90.0
2009,Ryan Lindley,San Diego State,2012,,,7,pass,1.3943012952804565,False,85.0
2009,Ryan Lindley,San Diego State,2012,,,32,pass,2.3612184524536133,False,78.0
2009,Ryan Lindley,San Diego State,2012,,,3,pass,-0.2146315574645996,False,48.0
2009,Ryan Lindley,San Diego State,2012,,,0,pass,-2.0257697105407715,False,67.0
2009,Ryan Lindley,San Diego State,2012,,,0,pass,-0.9135725498199463,False,77.0
2009,Ryan Lindley,San Diego State,2012,,,0,pass,-0.8546508550643921,False,77.0
2009,Ryan Lindley,San Diego State,2012,,,17,pass,1.3151425123214722,False,80.0
2009,Ryan Lindley,San Diego State,2012,,,0,pass,-1.589545488357544,False,60.0
2009,Ryan Lindley,San Diego State,2012,,,18,pass,3.1346049308776855,False,65.0
2009,Ryan Lindley,San Diego State,2012,,,0,pass,-1.0079041719436646,False,46.0
2009,Ryan Lindley,San Diego State,2012,,,5,pass,-0.9429022669792175,False,46.0
2009,Ryan Lindley,San Diego State,2012,,,14,pass,0.8874768018722534,False,72.0
2009,Ryan Lindley,San Diego State,2012,,,8,pass,0.8129818439483643,False,57.0
2009,Ryan Lindley,San Diego State,2012,,,7,pass,-1.343062162399292,False,66.0
2009,Ryan Lindley,San Diego State,2012,,,0,pass,-0.5267175436019897,False,66.0
2009,Ryan Lindley,San Diego State,2012,,,0,pass,-0.3476995825767517,False,61.0
2009,Ryan Lindley,San Diego State,2012,,,1,pass,-0.25086188316345215,False,62.0
2009,Ryan Lindley,San Diego State,2012,,,11,pass,1.3598326444625854,False,73.0
2009,Ryan Lindley,San Diego State,2012,,,0,pass,-1.4690254926681519,False,63.0
2009,Ryan Lindley,San Diego State,2012,,,9,pass,0.10111665725708008,False,72.0
2009,Ryan Lindley,San Diego State,2012,,,0,pass,-0.9314893484115601,False,87.0
2009,Ryan Lindley,San Diego State,2012,,,1,pass,-0.6186070442199707,False,88.0
2009,Ryan Lindley,San Diego State,2012,,,6,pass,3.876004219055176,True,6.0
2009,Ryan Lindley,San Diego State,2012,,,4,pass,-0.9137771129608154,False,10.0
2009,Ryan Lindley,San Diego State,2012,,,4,pass,-0.4620323181152344,False,14.0
2009,Ryan Lindley,San Diego State,2012,,,0,pass,-1.6540093421936035,False,64.0
2009,Ryan Lindley,San Diego State,2012,,,6,pass,0.3989964723587036,False,70.0
2009,Ryan Lindley,San Diego State,2012,,,0,pass,-0.9034963250160217,False,70.0
2009,Ryan Lindley,San Diego State,2012,,,0,pass,-1.5953865051269531,False,56.0
2009,Ryan Lindley,San Diego State,2012,,,0,pass,-0.9813060760498047,False,57.0
2009,Ryan Lindley,San Diego State,2012,,,36,pass,5.60762882232666,True,36.0
2009,Ryan Lindley,San Diego State,2012,,,0,pass,-1.6106797456741333,False,36.0
2009,Ryan Lindley,San Diego State,2012,,,12,pass,1.0451209545135498,False,31.0
2009,Ryan Lindley,San Diego State,2012,,,38,pass,3.6707546710968018,False,69.0
2009,Ryan Lindley,San Diego State,2012,,,0,pass,-0.5744017362594604,False,77.0
2009,Ryan Lindley,San Diego State,2012,,,3,pass,-0.6207072734832764,False,12.0
2009,Ryan Lindley,San Diego State,2012,,,41,pass,2.3220930099487305,False,53.0
2009,Ryan Lindley,San Diego State,2012,,,8,pass,0.4503084421157837,False,65.0
2009,Ryan Lindley,San Diego State,2012,,,17,pass,1.2406859397888184,False,54.0
2009,Ryan Lindley,San Diego State,2012,,,10,pass,0.5060727596282959,False,69.0
2009,Ryan Lindley,San Diego State,2012,,,7,pass,2.838818073272705,True,7.0
2009,Ryan Lindley,San Diego State,2012,,,45,pass,4.223195552825928,False,52.0
2009,Ryan Lindley,San Diego State,2012,,,27,pass,2.0387837886810303,False,81.0
2009,Ryan Lindley,San Diego State,2012,,,0,pass,-1.6885786056518555,False,60.0
2009,Ryan Lindley,San Diego State,2012,,,4,pass,-0.06404948234558105,False,64.0
2009,Ryan Lindley,San Diego State,2012,,,60,pass,5.939257621765137,True,60.0
2009,Ryan Lindley,San Diego State,2012,,,9,pass,0.5915946364402771,False,72.0
2009,Ryan Lindley,San Diego State,2012,,,38,pass,2.974015235900879,True,38.0
2009,Ryan Lindley,San Diego State,2012,,,11,pass,0.5359504222869873,False,49.0
2009,Ryan Lindley,San Diego State,2012,,,0,pass,-0.8740932941436768,False,89.0
2009,Ryan Lindley,San Diego State,2012,,,23,pass,2.889777660369873,False,84.0
2009,Ryan Lindley,San Diego State,2012,,,9,pass,0.8885214328765869,False,61.0
2009,Ryan Lindley,San Diego State,2012,,,3,pass,2.2102699279785156,True,3.0
2009,Ryan Lindley,San Diego State,2012,,,19,pass,2.01639461517334,False,84.0
2009,Ryan Lindley,San Diego State,2012,,,0,pass,-0.5726062059402466,False,54.0
2009,Ryan Lindley,San Diego State,2012,,,2,pass,-0.7918623685836792,False,54.0
2009,Ryan Lindley,San Diego State,2012,,,14,pass,2.51855731010437,False,52.0
2009,Ryan Lindley,San Diego State,2012,,,6,pass,-0.07452714443206787,False,41.0
2009,Ryan Lindley,San Diego State,2012,,,34,pass,4.917734146118164,False,35.0
2009,Ryan Lindley,San Diego State,2012,,,0,pass,-1.5275816917419434,False,3.0
2009,Ryan Lindley,San Diego State,2012,,,33,pass,2.8369216918945312,True,33.0
2009,Ryan Lindley,San Diego State,2012,,,33,pass,4.097870349884033,True,33.0
2009,Ryan Lindley,San Diego State,2012,,,0,pass,-0.8596488237380981,False,79.0
2009,Ryan Lindley,San Diego State,2012,,,9,pass,2.2412405014038086,False,79.0
2009,Ryan Lindley,San Diego State,2012,,,0,pass,-0.8315221071243286,False,70.0
2009,Ryan Lindley,San Diego State,2012,,,15,pass,2.815964698791504,False,68.0
2009,Ryan Lindley,San Diego State,2012,,,0,pass,-1.0455141067504883,False,46.0
2009,Ryan Lindley,San Diego State,2012,,,9,pass,1.6089112758636475,False,46.0
2009,Ryan Lindley,San Diego State,2012,,,11,pass,0.4411659836769104,False,70.0
2009,Ryan Lindley,San Diego State,2012,,,0,pass,-0.2848718762397766,False,59.0
2009,Ryan Lindley,San Diego State,2012,,,11,pass,0.6589569449424744,False,59.0
2009,Ryan Lindley,San Diego State,2012,,,0,pass,-0.29711413383483887,False,48.0
2009,Ryan Lindley,San Diego State,2012,,,3,pass,-0.27573633193969727,False,48.0
2009,Ryan Lindley,San Diego State,2012,,,0,pass,-1.1541424989700317,False,45.0
2009,Ryan Lindley,San Diego State,2012,,,13,pass,0.7979885339736938,False,70.0
2009,Ryan Lindley,San Diego State,2012,,,27,pass,2.49066162109375,False,51.0
2009,Ryan Lindley,San Diego State,2012,,,9,pass,0.8488795757293701,False,24.0
2009,Ryan Lindley,San Diego State,2012,,,5,pass,1.7554302215576172,True,5.0
2009,Ryan Lindley,San Diego State,2012,,,1,pass,-1.3571233749389648,False,49.0
2009,Ryan Lindley,San Diego State,2012,,,19,pass,2.671400785446167,False,48.0
2009,Ryan Lindley,San Diego State,2012,,,0,pass,-1.31280517578125,False,5.0
2009,Ryan Lindley,San Diego State,2012,,,7,pass,2.416959047317505,False,76.0
2009,Ryan Lindley,San Diego State,2012,,,17,pass,3.5444812774658203,False,71.0
2009,Ryan Lindley,San Diego State,2012,,,0,pass,-0.915544867515564,False,72.0
2009,Ryan Lindley,San Diego State,2012,,,0,pass,-1.0639647245407104,False,72.0
2009,Ryan Lindley,San Diego State,2012,,,0,pass,-1.2820738554000854,False,72.0
2009,Ryan Lindley,San Diego State,2012,,,9,pass,0.4396270513534546,False,85.0
2009,Ryan Lindley,San Diego State,2012,,,0,pass,-0.6356956958770752,False,90.0
2009,Ryan Lindley,San Diego State,2012,,,0,pass,-0.8847718834877014,False,51.0
2009,Ryan Lindley,San Diego State,2012,,,3,pass,-1.00510835647583,False,51.0
2009,Ryan Lindley,San Diego State,2012,,,4,pass,1.5770831108093262,True,4.0
2009,Ryan Lindley,San Diego State,2012,,,10,pass,-0.1775224804878235,False,77.0
2009,Ryan Lindley,San Diego State,2012,,,30,pass,3.753237247467041,False,67.0
2009,Ryan Lindley,San Diego State,2012,,,0,pass,-0.5255835056304932,False,37.0
2009,Ryan Lindley,San Diego State,2012,,,19,pass,1.8473215103149414,False,37.0
2009,Ryan Lindley,San Diego State,2012,,,13,pass,1.1093544960021973,False,18.0
2009,Ryan Lindley,San Diego State,2012,,,9,pass,1.115107774734497,False,75.0
2009,Ryan Lindley,San Diego State,2012,,,11,pass,2.370774507522583,False,60.0
2009,Ryan Lindley,San Diego State,2012,,,0,pass,-1.7557395696640015,False,49.0
2009,Ryan Lindley,San Diego State,2012,,,2,pass,0.28685081005096436,False,62.0
2009,Ryan Lindley,San Diego State,2012,,,7,pass,2.388996124267578,True,7.0
2009,Ryan Lindley,San Diego State,2012,,,0,pass,-0.61861252784729,False,11.0
2009,Ryan Lindley,San Diego State,2012,,,4,pass,1.1274893283843994,False,11.0
2009,Ryan Lindley,San Diego State,2012,,,0,pass,-0.6218999624252319,False,74.0
2009,Ryan Lindley,San Diego State,2012,,,13,pass,1.3618507385253906,False,79.0
2009,Ryan Lindley,San Diego State,2012,,,0,pass,-0.3705780506134033,False,66.0
2009,Ryan Lindley,San Diego State,2012,,,23,pass,1.1149588823318481,False,66.0
2009,Ryan Lindley,San Diego State,2012,,,25,pass,1.8428950309753418,False,43.0
2009,Ryan Lindley,San Diego State,2012,,,7,pass,0.47107601165771484,False,18.0
2009,Ryan Lindley,San Diego State,2012,,,6,pass,0.06662559509277344,False,80.0
2009,Ryan Lindley,San Diego State,2012,,,0,pass,-0.6704461574554443,False,68.0
2009,Ryan Lindley,San Diego State,2012,,,0,pass,-1.8336464166641235,False,68.0
2009,Ryan Lindley,San Diego State,2012,,,8,pass,0.7829420566558838,False,42.0
2009,Ryan Lindley,San Diego State,2012,,,0,pass,-0.4828298091888428,False,34.0
2009,Ryan Lindley,San Diego State,2012,,,18,pass,2.828263759613037,True,18.0
2009,Ryan Lindley,San Diego State,2012,,,0,pass,-0.5907105207443237,False,61.0
2009,Ryan Lindley,San Diego State,2012,,,23,pass,1.67012357711792,False,42.0
2009,Ryan Lindley,San Diego State,2012,,,0,pass,-5.824885368347168,False,65.0
2009,Ryan Lindley,San Diego State,2012,,,4,pass,-0.5588856935501099,False,80.0
2009,Ryan Lindley,San Diego State,2012,,,10,pass,2.1170177459716797,False,75.0
2009,Ryan Lindley,San Diego State,2012,,,0,pass,-0.8786274790763855,False,63.0
2009,Ryan Lindley,San Diego State,2012,,,4,pass,1.1263599395751953,False,63.0
2009,Ryan Lindley,San Diego State,2012,,,0,pass,-0.8978384733200073,False,58.0
2009,Ryan Lindley,San Diego State,2012,,,0,pass,-1.5855114459991455,False,58.0
2009,Ryan Lindley,San Diego State,2012,,,6,pass,0.23607969284057617,False,96.0
2009,Ryan Lindley,San Diego State,2012,,,0,pass,-0.8135085105895996,False,71.0
2009,Ryan Lindley,San Diego State,2012,,,30,pass,4.915305137634277,True,30.0
2009,Ryan Lindley,San Diego State,2012,,,0,pass,-0.7074278593063354,False,30.0
2009,Ryan Lindley,San Diego State,2012,,,9,pass,1.475757360458374,False,52.0
2009,Ryan Lindley,San Diego State,2012,,,18,pass,2.8330302238464355,False,70.0
2009,Ryan Lindley,San Diego State,2012,,,5,pass,1.0665979385375977,False,67.0
2009,Ryan Lindley,San Diego State,2012,,,8,pass,-0.24115663766860962,False,73.0
2009,Ryan Lindley,San Diego State,2012,,,27,pass,-2.242098093032837,False,76.0
2009,Ryan Lindley,San Diego State,2012,,,0,pass,-1.657753825187683,False,30.0
2009,Ryan Lindley,San Diego State,2012,,,7,pass,1.902406096458435,False,37.0
2009,Ryan Lindley,San Diego State,2012,,,0,pass,-0.8712338209152222,False,37.0
2009,Ryan Lindley,San Diego State,2012,,,4,pass,-0.26655006408691406,False,41.0
2009,Ryan Lindley,San Diego State,2012,,,8,pass,0.9557449817657471,False,49.0
2009,Ryan Lindley,San Diego State,2012,,,10,pass,0.8040202856063843,False,62.0
2009,Ryan Lindley,San Diego State,2012,,,9,pass,2.4035801887512207,False,71.0
2009,Ryan Lindley,San Diego State,2012,,,0,pass,-1.3258249759674072,False,80.0
2009,Ryan Lindley,San Diego State,2012,,,7,pass,-0.5403940081596375,False,35.0
2009,Ryan Lindley,San Diego State,2012,,,0,pass,-1.0730003118515015,False,35.0
2009,Ryan Lindley,San Diego State,2012,,,5,pass,-0.11864373087882996,False,42.0
2009,Ryan Lindley,San Diego State,2012,,,6,pass,-0.6402066946029663,False,48.0
2009,Ryan Lindley,San Diego State,2012,,,5,pass,0.07524871826171875,False,48.0
2009,Ryan Lindley,San Diego State,2012,,,0,pass,-0.9146127700805664,False,91.0
2009,Ryan Lindley,San Diego State,2012,,,0,pass,-0.9618512988090515,False,81.0
2009,Ryan Lindley,San Diego State,2012,,,0,pass,-0.7218843102455139,False,81.0
2009,Ryan Lindley,San Diego State,2012,,,0,pass,-0.04990118741989136,False,61.0
2009,Ryan Lindley,San Diego State,2012,,,16,pass,0.09116840362548828,False,61.0
2009,Ryan Lindley,San Diego State,2012,,,0,pass,-0.6166723966598511,False,70.0
2009,Ryan Lindley,San Diego State,2012,,,6,pass,1.5654313564300537,False,66.0
2009,Ryan Lindley,San Diego State,2012,,,23,pass,1.6370024681091309,False,58.0
2009,Ryan Lindley,San Diego State,2012,,,0,pass,-1.8656036853790283,False,44.0
2009,Ryan Lindley,San Diego State,2012,,,2,pass,-0.5687899589538574,False,46.0
2009,Ryan Lindley,San Diego State,2012,,,8,pass,1.2550103664398193,False,94.0
2009,Ryan Lindley,San Diego State,2012,,,4,pass,0.9939441680908203,False,67.0
2009,Ryan Lindley,San Diego State,2012,,,1,pass,-0.6678676605224609,False,57.0
2009,Ryan Lindley,San Diego State,2012,,,15,pass,2.2307941913604736,False,61.0
2009,Ryan Lindley,San Diego State,2012,,,8,pass,0.3915848731994629,False,46.0
2009,Ryan Lindley,San Diego State,2012,,,6,pass,0.11757612228393555,False,35.0
2009,Ryan Lindley,San Diego State,2012,,,0,pass,-0.5830698013305664,False,17.0
2009,Ryan Lindley,San Diego State,2012,,,4,pass,-0.5523726940155029,False,27.0
2009,Ryan Lindley,San Diego State,2012,,,0,pass,-2.6778485774993896,False,23.0
2009,Ryan Lindley,San Diego State,2012,,,28,pass,0.41065502166748047,False,83.0
2009,Ryan Lindley,San Diego State,2012,,,15,pass,1.0090529918670654,False,55.0
2009,Ryan Lindley,San Diego State,2012,,,0,pass,-0.9231734275817871,False,37.0
2009,Ryan Lindley,San Diego State,2012,,,11,pass,2.0455548763275146,False,37.0
2009,Ryan Lindley,San Diego State,2012,,,3,pass,-0.6558358669281006,False,55.0
2009,Ryan Lindley,San Diego State,2012,,,25,pass,3.124220132827759,False,52.0
2009,Ryan Lindley,San Diego State,2012,,,12,pass,0.7519140243530273,False,27.0
2009,Ryan Lindley,San Diego State,2012,,,13,pass,2.136749267578125,False,14.0
2009,Ryan Lindley,San Diego State,2012,,,0,pass,-1.011675238609314,False,81.0
2009,Ryan Lindley,San Diego State,2012,,,0,pass,-1.2704694271087646,False,81.0
2009,Ryan Lindley,San Diego State,2012,,,3,pass,0.6233104467391968,False,73.0
2009,Ryan Lindley,San Diego State,2012,,,6,pass,-0.03234010562300682,False,79.0
2009,Ryan Lindley,San Diego State,2012,,,7,pass,0.34310346841812134,False,87.0
2009,Ryan Lindley,San Diego State,2012,,,17,pass,3.234909772872925,True,17.0
2009,Ryan Lindley,San Diego State,2012,,,8,pass,0.987868070602417,False,25.0
2009,Ryan Lindley,San Diego State,2012,,,0,pass,-0.6152715682983398,False,25.0
2009,Ryan Lindley,San Diego State,2012,,,13,pass,1.3507108688354492,False,53.0
2009,Ryan Lindley,San Diego State,2012,,,16,pass,0.9117804765701294,False,69.0
2009,Ryan Lindley,San Diego State,2012,,,11,pass,0.6568015217781067,False,80.0
2009,Ryan Lindley,San Diego State,2012,,,0,pass,-1.2354950904846191,False,58.0
2009,Ryan Lindley,San Diego State,2012,,,0,pass,-0.47564634680747986,False,60.0
2009,Ryan Lindley,San Diego State,2012,,,0,pass,-4.632821083068848,False,4.0
2009,Ryan Lindley,San Diego State,2012,,,0,pass,-2.5468530654907227,False,4.0
2009,Ryan Lindley,San Diego State,2012,,,36,pass,4.127957344055176,False,39.0
2009,Ryan Lindley,San Diego State,2012,,,9,pass,2.641247272491455,False,48.0
2009,Ryan Lindley,San Diego State,2012,,,2,pass,-0.5757269263267517,False,50.0
2009,Ryan Lindley,San Diego State,2012,,,17,pass,1.178823471069336,False,69.0
2009,Ryan Lindley,San Diego State,2012,,,10,pass,1.1944141387939453,False,80.0
2009,Ryan Lindley,San Diego State,2012,,,0,pass,-0.3137533664703369,False,98.0
2009,Ryan Lindley,San Diego State,2012,,,0,pass,-0.7870745658874512,False,81.0
2009,Ryan Lindley,San Diego State,2012,,,0,pass,-0.8170251846313477,False,81.0
2009,Ryan Lindley,San Diego State,2012,,,16,pass,2.2372281551361084,False,74.0
2009,Ryan Lindley,San Diego State,2012,,,10,pass,0.5746883153915405,False,84.0
2009,Ryan Lindley,San Diego State,2012,,,15,pass,1.6578490734100342,False,67.0
2009,Ryan Lindley,San Diego State,2012,,,0,pass,-1.382340669631958,False,67.0
2009,Ryan Lindley,San Diego State,2012,,,0,pass,-0.8219375610351562,False,70.0
2009,Ryan Lindley,San Diego State,2012,,,11,pass,2.6437392234802246,False,81.0
2009,Ryan Lindley,San Diego State,2012,,,0,pass,-1.161478042602539,False,47.0
2009,Ryan Lindley,San Diego State,2012,,,0,pass,-0.6480755805969238,False,58.0
2009,Ryan Lindley,San Diego State,2012,,,0,pass,-0.7792132496833801,False,64.0
2009,Ryan Lindley,San Diego State,2012,,,0,pass,-0.7165206670761108,False,30.0
2009,Ryan Lindley,San Diego State,2012,,,0,pass,-1.3497352600097656,False,30.0
2009,Ryan Lindley,San Diego State,2012,,,0,pass,-0.07901990413665771,False,52.0
2009,Ryan Lindley,San Diego State,2012,,,17,pass,1.2354899644851685,False,52.0
2009,Ryan Lindley,San Diego State,2012,,,0,pass,-0.1333179473876953,False,35.0
2009,Ryan Lindley,San Diego State,2012,,,5,pass,0.3259859085083008,False,35.0
2009,Ryan Lindley,San Diego State,2012,,,17,pass,0.6242332458496094,False,69.0
2009,Ryan Lindley,San Diego State,2012,,,0,pass,-0.7140306234359741,False,75.0
2009,Ryan Lindley,San Diego State,2012,,,11,pass,1.56874418258667,False,80.0
2009,Ryan Lindley,San Diego State,2012,,,5,pass,0.12740933895111084,False,82.0
2009,Ryan Lindley,San Diego State,2012,,,0,pass,-1.585026741027832,False,78.0
2009,Ryan Lindley,San Diego State,2012,,,0,pass,-0.7770596146583557,False,90.0
2009,Ryan Lindley,San Diego State,2012,,,0,pass,-1.2471989393234253,False,90.0
2009,Ryan Lindley,San Diego State,2012,,,2,pass,-0.2562408447265625,False,38.0
2009,Ryan Lindley,San Diego State,2012,,,8,pass,2.0577831268310547,False,63.0
2009,Ryan Lindley,San Diego State,2012,,,0,pass,-1.0252699851989746,False,18.0
2009,Ryan Lindley,San Diego State,2012,,,0,pass,-0.6047511100769043,False,71.0
2009,Ryan Lindley,San Diego State,2012,,,28,pass,2.889852523803711,False,67.0
2009,Ryan Lindley,San Diego State,2012,,,-4,pass,-1.3707842826843262,False,28.0
2009,Ryan Lindley,San Diego State,2012,,,0,pass,-1.0434346199035645,False,32.0
2009,Ryan Lindley,San Diego State,2012,,,14,pass,0.5898380279541016,False,73.0
2009,Ryan Lindley,San Diego State,2012,,,6,pass,0.1338973045349121,False,59.0
2009,Ryan Lindley,San Diego State,2012,,,22,pass,1.5933635234832764,False,63.0
2009,Ryan Lindley,San Diego State,2012,,,17,pass,1.5789875984191895,False,39.0
2009,Ryan Lindley,San Diego State,2012,,,12,pass,0.2125554084777832,False,22.0
2009,Ryan Lindley,San Diego State,2012,,,0,pass,-0.442685604095459,False,10.0
2009,Ryan Lindley,San Diego State,2012,,,0,pass,-4.094287395477295,False,10.0
2009,Ryan Lindley,San Diego State,2012,,,25,pass,0.41195666790008545,False,69.0
2009,Ryan Lindley,San Diego State,2012,,,5,pass,0.30948662757873535,False,44.0
2009,Ryan Lindley,San Diego State,2012,,,4,pass,-0.20437896251678467,False,48.0
2009,Ryan Lindley,San Diego State,2012,,,0,pass,-0.9538425207138062,False,39.0
2009,Ryan Lindley,San Diego State,2012,,,11,pass,0.40490996837615967,False,80.0
2009,Ryan Lindley,San Diego State,2012,,,8,pass,0.3876889944076538,False,79.0
2009,Ryan Lindley,San Diego State,2012,,,64,pass,4.732083320617676,False,71.0
2009,Ryan Lindley,San Diego State,2012,,,2,pass,-1.4683456420898438,False,3.0
2009,Ryan Lindley,San Diego State,2012,,,0,pass,-1.3231289386749268,False,72.0
2009,Ryan Lindley,San Diego State,2012,,,0,pass,-0.6729204058647156,False,77.0
2009,Ryan Lindley,San Diego State,2012,,,0,pass,-1.034428358078003,False,77.0
2009,Ryan Lindley,San Diego State,2012,,,21,pass,3.2538321018218994,False,77.0
2009,Ryan Lindley,San Diego State,2012,,,0,pass,-0.9189263582229614,False,54.0
2009,Ryan Lindley,San Diego State,2012,,,15,pass,2.4578709602355957,True,15.0
2009,Ryan Lindley,San Diego State,2012,,,15,pass,2.222484588623047,False,75.0
2009,Ryan Lindley,San Diego State,2012,,,11,pass,1.0916149616241455,False,65.0
2009,Ryan Lindley,San Diego State,2012,,,0,pass,-0.8852541446685791,False,54.0
2009,Ryan Lindley,San Diego State,2012,,,0,pass,-1.7769113779067993,False,54.0
2010,Ryan Lindley,San Diego State,2012,,,11,pass,-0.4640235900878906,False,37.0
2010,Ryan Lindley,San Diego State,2012,,,27,pass,1.790693998336792,False,60.0
2010,Ryan Lindley,San Diego State,2012,,,11,pass,0.7080392837524414,False,32.0
2010,Ryan Lindley,San Diego State,2012,,,0,pass,-0.45549678802490234,False,32.0
2010,Ryan Lindley,San Diego State,2012,,,13,pass,0.8095335960388184,False,45.0
2010,Ryan Lindley,San Diego State,2012,,,26,pass,1.2280263900756836,False,77.0
2010,Ryan Lindley,San Diego State,2012,,,0,pass,-1.333149790763855,False,82.0
2010,Ryan Lindley,San Diego State,2012,,,4,pass,-0.2792384624481201,False,85.0
2010,Ryan Lindley,San Diego State,2012,,,0,pass,3.031144142150879,False,50.0
2010,Ryan Lindley,San Diego State,2012,,,12,pass,0.15874898433685303,False,62.0
2010,Ryan Lindley,San Diego State,2012,,,18,pass,4.544365882873535,True,18.0
2010,Ryan Lindley,San Diego State,2012,,,20,pass,1.1162760257720947,False,40.0
2010,Ryan Lindley,San Diego State,2012,,,14,pass,1.0718741416931152,False,54.0
2010,Ryan Lindley,San Diego State,2012,,,71,pass,5.845030784606934,True,71.0
2010,Ryan Lindley,San Diego State,2012,,,31,pass,1.8445178270339966,False,66.0
2010,Ryan Lindley,San Diego State,2012,,,10,pass,1.1225954294204712,False,78.0
2010,Ryan Lindley,San Diego State,2012,,,9,pass,0.9960256814956665,False,90.0
2010,Ryan Lindley,San Diego State,2012,,,2,pass,-1.1749355792999268,False,26.0
2010,Ryan Lindley,San Diego State,2012,,,0,pass,-0.914557933807373,False,26.0
2010,Ryan Lindley,San Diego State,2012,,,29,pass,3.347200870513916,False,60.0
2010,Ryan Lindley,San Diego State,2012,,,4,pass,-0.13958823680877686,False,64.0
2010,Ryan Lindley,San Diego State,2012,,,0,pass,-0.7032676935195923,False,77.0
2010,Ryan Lindley,San Diego State,2012,,,0,pass,-1.771230936050415,False,65.0
2010,Ryan Lindley,San Diego State,2012,,,57,pass,4.647468566894531,False,79.0
2010,Ryan Lindley,San Diego State,2012,,,12,pass,0.7871683239936829,False,92.0
2010,Ryan Lindley,San Diego State,2012,,,10,pass,0.40887969732284546,False,83.0
2010,Ryan Lindley,San Diego State,2012,,,0,pass,-1.3183135986328125,False,85.0
2010,Ryan Lindley,San Diego State,2012,,,11,pass,2.4934422969818115,False,62.0
2010,Ryan Lindley,San Diego State,2012,,,4,pass,-0.34435105323791504,False,46.0
2010,Ryan Lindley,San Diego State,2012,,,11,pass,-1.9648507833480835,False,55.0
2010,Ryan Lindley,San Diego State,2012,,,18,pass,1.900001049041748,False,31.0
2010,Ryan Lindley,San Diego State,2012,,,0,pass,-0.2968071699142456,False,28.0
2010,Ryan Lindley,San Diego State,2012,,,2,pass,-0.13398313522338867,False,33.0
2010,Ryan Lindley,San Diego State,2012,,,14,pass,3.9718472957611084,True,14.0
2010,Ryan Lindley,San Diego State,2012,,,35,pass,1.5668025016784668,False,68.0
2010,Ryan Lindley,San Diego State,2012,,,19,pass,1.686283826828003,False,47.0
2010,Ryan Lindley,San Diego State,2012,,,4,pass,0.48984622955322266,False,19.0
2010,Ryan Lindley,San Diego State,2012,,,0,pass,-0.6452145576477051,False,14.0
2010,Ryan Lindley,San Diego State,2012,,,10,pass,-0.06368362903594971,False,47.0
2010,Ryan Lindley,San Diego State,2012,,,20,pass,3.1554322242736816,False,37.0
2010,Ryan Lindley,San Diego State,2012,,,0,pass,-0.7064640522003174,False,15.0
2010,Ryan Lindley,San Diego State,2012,,,0,pass,-0.5978412628173828,False,20.0
2010,Ryan Lindley,San Diego State,2012,,,18,pass,2.6560845375061035,False,45.0
2010,Ryan Lindley,San Diego State,2012,,,0,pass,-0.7515227794647217,False,15.0
2010,Ryan Lindley,San Diego State,2012,,,55,pass,3.2872109413146973,False,65.0
2010,Ryan Lindley,San Diego State,2012,,,0,pass,-0.732297420501709,False,10.0
2010,Ryan Lindley,San Diego State,2012,,,2,pass,-0.33330464363098145,False,10.0
2010,Ryan Lindley,San Diego State,2012,,,0,pass,-1.6609141826629639,False,8.0
2010,Ryan Lindley,San Diego State,2012,,,0,pass,-0.9680770635604858,False,74.0
2010,Ryan Lindley,San Diego State,2012,,,0,pass,-1.2428408861160278,False,74.0
2010,Ryan Lindley,San Diego State,2012,,,0,pass,-0.6937299370765686,False,80.0
2010,Ryan Lindley,San Diego State,2012,,,8,pass,0.2522801160812378,False,80.0
2010,Ryan Lindley,San Diego State,2012,,,3,pass,1.3971134424209595,False,72.0
2010,Ryan Lindley,San Diego State,2012,,,6,pass,-0.3129267394542694,False,66.0
2010,Ryan Lindley,San Diego State,2012,,,0,pass,0.4081960916519165,False,67.0
2010,Ryan Lindley,San Diego State,2012,,,0,pass,-0.035334862768650055,False,82.0
2010,Ryan Lindley,San Diego State,2012,,,3,pass,-0.14500859379768372,False,80.0
2010,Ryan Lindley,San Diego State,2012,,,31,pass,1.78458833694458,False,45.0
2010,Ryan Lindley,San Diego State,2012,,,0,pass,-1.3495476245880127,False,81.0
2010,Ryan Lindley,San Diego State,2012,,,0,pass,-0.8317000865936279,False,86.0
2010,Ryan Lindley,San Diego State,2012,,,14,pass,2.2763075828552246,False,86.0
2010,Ryan Lindley,San Diego State,2012,,,0,pass,-1.3963555097579956,False,70.0
2010,Ryan Lindley,San Diego State,2012,,,11,pass,1.516373634338379,False,78.0
2010,Ryan Lindley,San Diego State,2012,,,0,pass,-0.7326681017875671,False,67.0
2010,Ryan Lindley,San Diego State,2012,,,0,pass,-0.8686566352844238,False,67.0
2010,Ryan Lindley,San Diego State,2012,,,10,pass,1.5595948696136475,False,77.0
2010,Ryan Lindley,San Diego State,2012,,,21,pass,1.9979387521743774,False,66.0
2010,Ryan Lindley,San Diego State,2012,,,0,pass,-0.6772747039794922,False,45.0
2010,Ryan Lindley,San Diego State,2012,,,0,pass,-1.3505648374557495,False,50.0
2010,Ryan Lindley,San Diego State,2012,,,0,pass,-0.41122493147850037,False,75.0
2010,Ryan Lindley,San Diego State,2012,,,4,pass,-0.051774799823760986,False,79.0
2010,Ryan Lindley,San Diego State,2012,,,0,pass,-1.3302870988845825,False,74.0
2010,Ryan Lindley,San Diego State,2012,,,0,pass,-0.900546669960022,False,74.0
2010,Ryan Lindley,San Diego State,2012,,,0,pass,-1.5470116138458252,False,79.0
2010,Ryan Lindley,San Diego State,2012,,,0,pass,-1.5794084072113037,False,36.0
2010,Ryan Lindley,San Diego State,2012,,,0,pass,-3.205235004425049,False,36.0
2010,Ryan Lindley,San Diego State,2012,,,7,pass,0.04787434637546539,False,78.0
2010,Ryan Lindley,San Diego State,2012,,,7,pass,1.5974218845367432,False,71.0
2010,Ryan Lindley,San Diego State,2012,,,20,pass,1.233143925666809,False,64.0
2010,Ryan Lindley,San Diego State,2012,,,6,pass,1.4569145441055298,False,67.0
2010,Ryan Lindley,San Diego State,2012,,,0,pass,-0.6260378360748291,False,61.0
2010,Ryan Lindley,San Diego State,2012,,,0,pass,-1.2060930728912354,False,62.0
2010,Ryan Lindley,San Diego State,2012,,,3,pass,-0.5201098918914795,False,73.0
2010,Ryan Lindley,San Diego State,2012,,,3,pass,-0.33073198795318604,False,99.0
2010,Ryan Lindley,San Diego State,2012,,,0,pass,-1.026280164718628,False,78.0
2010,Ryan Lindley,San Diego State,2012,,,2,pass,-1.3939101696014404,False,78.0
2010,Ryan Lindley,San Diego State,2012,,,4,pass,-0.18501949310302734,False,80.0
2010,Ryan Lindley,San Diego State,2012,,,0,pass,-0.5853123068809509,False,56.0
2010,Ryan Lindley,San Diego State,2012,,,8,pass,0.3526080250740051,False,56.0
2010,Ryan Lindley,San Diego State,2012,,,7,pass,1.3939459323883057,False,48.0
2010,Ryan Lindley,San Diego State,2012,,,2,pass,-0.5488201379776001,False,41.0
2010,Ryan Lindley,San Diego State,2012,,,28,pass,2.893775463104248,False,39.0
2010,Ryan Lindley,San Diego State,2012,,,8,pass,-0.62062668800354,False,72.0
2010,Ryan Lindley,San Diego State,2012,,,0,pass,-0.8374252915382385,False,72.0
2010,Ryan Lindley,San Diego State,2012,,,6,pass,1.1753406524658203,False,74.0
2010,Ryan Lindley,San Diego State,2012,,,0,pass,-3.202873945236206,False,3.0
2010,Ryan Lindley,San Diego State,2012,,,7,pass,-0.8365287780761719,False,28.0
2010,Ryan Lindley,San Diego State,2012,,,5,pass,-0.10439300537109375,False,28.0
2010,Ryan Lindley,San Diego State,2012,,,5,pass,-0.15537261962890625,False,48.0
2010,Ryan Lindley,San Diego State,2012,,,82,pass,4.480119705200195,True,82.0
2010,Ryan Lindley,San Diego State,2012,,,0,pass,-0.6100403666496277,False,86.0
2010,Ryan Lindley,San Diego State,2012,,,0,pass,-0.44575825333595276,False,86.0
2010,Ryan Lindley,San Diego State,2012,,,19,pass,0.1738651692867279,False,81.0
2010,Ryan Lindley,San Diego State,2012,,,65,pass,4.364426612854004,True,65.0
2010,Ryan Lindley,San Diego State,2012,,,21,pass,1.2038905620574951,False,86.0
2010,Ryan Lindley,San Diego State,2012,,,28,pass,3.1284971237182617,True,28.0
2010,Ryan Lindley,San Diego State,2012,,,4,pass,-0.8316419124603271,False,32.0
2010,Ryan Lindley,San Diego State,2012,,,0,pass,-0.605121374130249,False,37.0
2010,Ryan Lindley,San Diego State,2012,,,21,pass,0.9671790599822998,False,70.0
2010,Ryan Lindley,San Diego State,2012,,,9,pass,0.8180031776428223,False,14.0
2010,Ryan Lindley,San Diego State,2012,,,0,pass,-0.551170825958252,False,14.0
2010,Ryan Lindley,San Diego State,2012,,,45,pass,2.227412700653076,False,59.0
2010,Ryan Lindley,San Diego State,2012,,,21,pass,2.253408908843994,False,38.0
2010,Ryan Lindley,San Diego State,2012,,,4,pass,-0.053304433822631836,False,44.0
2010,Ryan Lindley,San Diego State,2012,,,12,pass,2.500918388366699,False,56.0
2010,Ryan Lindley,San Diego State,2012,,,0,pass,-0.3526890277862549,False,80.0
2010,Ryan Lindley,San Diego State,2012,,,0,pass,-0.6173712015151978,False,80.0
2010,Ryan Lindley,San Diego State,2012,,,0,pass,-0.9201884269714355,False,80.0
2010,Ryan Lindley,San Diego State,2012,,,4,pass,1.513397216796875,True,4.0
2010,Ryan Lindley,San Diego State,2012,,,1,pass,-0.5070686340332031,False,59.0
2010,Ryan Lindley,San Diego State,2012,,,16,pass,1.5941022634506226,False,58.0
2010,Ryan Lindley,San Diego State,2012,,,19,pass,1.312288761138916,False,42.0
2010,Ryan Lindley,San Diego State,2012,,,7,pass,0.4012104272842407,False,80.0
2010,Ryan Lindley,San Diego State,2012,,,0,pass,-1.6252654790878296,False,73.0
2010,Ryan Lindley,San Diego State,2012,,,1,pass,2.0324172973632812,True,1.0
2010,Ryan Lindley,San Diego State,2012,,,0,pass,-0.7146084308624268,False,9.0
2010,Ryan Lindley,San Diego State,2012,,,8,pass,-1.1726458072662354,False,9.0
2010,Ryan Lindley,San Diego State,2012,,,17,pass,1.309801459312439,False,83.0
2010,Ryan Lindley,San Diego State,2012,,,21,pass,2.026733875274658,False,63.0
2010,Ryan Lindley,San Diego State,2012,,,0,pass,-0.539833664894104,False,75.0
2010,Ryan Lindley,San Diego State,2012,,,0,pass,-0.9408063888549805,False,75.0
2010,Ryan Lindley,San Diego State,2012,,,0,pass,1.6926459074020386,False,75.0
2010,Ryan Lindley,San Diego State,2012,,,9,pass,0.3260120153427124,False,35.0
2010,Ryan Lindley,San Diego State,2012,,,8,pass,0.3063744902610779,False,51.0
2010,Ryan Lindley,San Diego State,2012,,,8,pass,0.9348417520523071,False,43.0
2010,Ryan Lindley,San Diego State,2012,,,0,pass,-0.1533915400505066,False,63.0
2010,Ryan Lindley,San Diego State,2012,,,12,pass,0.6089968681335449,False,63.0
2010,Ryan Lindley,San Diego State,2012,,,36,pass,3.580151319503784,True,36.0
2010,Ryan Lindley,San Diego State,2012,,,0,pass,-0.5208085179328918,False,79.0
2010,Ryan Lindley,San Diego State,2012,,,9,pass,0.4306659698486328,False,79.0
2010,Ryan Lindley,San Diego State,2012,,,16,pass,1.229386329650879,False,52.0
2010,Ryan Lindley,San Diego State,2012,,,0,pass,-0.831871509552002,False,79.0
2010,Ryan Lindley,San Diego State,2012,,,1,pass,-0.9753601551055908,False,57.0
2010,Ryan Lindley,San Diego State,2012,,,9,pass,-0.5014663934707642,False,56.0
2010,Ryan Lindley,San Diego State,2012,,,15,pass,3.2130074501037598,False,63.0
2010,Ryan Lindley,San Diego State,2012,,,0,pass,-1.9504001140594482,False,48.0
2010,Ryan Lindley,San Diego State,2012,,,3,pass,-0.3843003213405609,False,78.0
2010,Ryan Lindley,San Diego State,2012,,,0,pass,-1.8370600938796997,False,75.0
2010,Ryan Lindley,San Diego State,2012,,,29,pass,3.9119110107421875,False,30.0
2010,Ryan Lindley,San Diego State,2012,,,23,pass,1.038722038269043,False,53.0
2010,Ryan Lindley,San Diego State,2012,,,0,pass,-0.07622542977333069,False,75.0
2010,Ryan Lindley,San Diego State,2012,,,0,pass,-1.0466381311416626,False,65.0
2010,Ryan Lindley,San Diego State,2012,,,0,pass,-0.5078762173652649,False,65.0
2010,Ryan Lindley,San Diego State,2012,,,4,pass,-0.45809388160705566,False,49.0
2010,Ryan Lindley,San Diego State,2012,,,0,pass,-1.7978265285491943,False,65.0
2010,Ryan Lindley,San Diego State,2012,,,8,pass,1.3294979333877563,False,57.0
2010,Ryan Lindley,San Diego State,2012,,,0,pass,-1.2033600807189941,False,14.0
2010,Ryan Lindley,San Diego State,2012,,,0,pass,-1.6993396282196045,False,59.0
2010,Ryan Lindley,San Diego State,2012,,,6,pass,-0.0552983283996582,False,65.0
2010,Ryan Lindley,San Diego State,2012,,,0,pass,-1.4183706045150757,False,45.0
2010,Ryan Lindley,San Diego State,2012,,,0,pass,-0.5241260528564453,False,55.0
2010,Ryan Lindley,San Diego State,2012,,,32,pass,2.306368350982666,True,32.0
2010,Ryan Lindley,San Diego State,2012,,,17,pass,1.2454900741577148,False,61.0
2010,Ryan Lindley,San Diego State,2012,,,7,pass,0.6786315441131592,False,42.0
2010,Ryan Lindley,San Diego State,2012,,,13,pass,0.4042339324951172,False,61.0
2010,Ryan Lindley,San Diego State,2012,,,11,pass,0.5122547149658203,False,37.0
2010,Ryan Lindley,San Diego State,2012,,,11,pass,0.5603675842285156,False,26.0
2010,Ryan Lindley,San Diego State,2012,,,0,pass,-3.7102291584014893,False,13.0
2010,Ryan Lindley,San Diego State,2012,,,40,pass,6.265650272369385,True,40.0
2010,Ryan Lindley,San Diego State,2012,,,8,pass,0.46033740043640137,False,48.0
2010,Ryan Lindley,San Diego State,2012,,,0,pass,-0.9139043092727661,False,40.0
2010,Ryan Lindley,San Diego State,2012,,,24,pass,2.3370561599731445,False,63.0
2010,Ryan Lindley,San Diego State,2012,,,0,pass,-0.9051048755645752,False,42.0
2010,Ryan Lindley,San Diego State,2012,,,13,pass,2.677947998046875,False,42.0
2010,Ryan Lindley,San Diego State,2012,,,8,pass,0.6992287635803223,False,30.0
2010,Ryan Lindley,San Diego State,2012,,,0,pass,-0.6111427545547485,False,68.0
2010,Ryan Lindley,San Diego State,2012,,,0,pass,-1.6425572633743286,False,61.0
2010,Ryan Lindley,San Diego State,2012,,,0,pass,-1.1708110570907593,False,61.0
2010,Ryan Lindley,San Diego State,2012,,,0,pass,-0.9246517419815063,False,45.0
2010,Ryan Lindley,San Diego State,2012,,,21,pass,2.657902717590332,False,45.0
2010,Ryan Lindley,San Diego State,2012,,,4,pass,-0.2297842800617218,False,81.0
2010,Ryan Lindley,San Diego State,2012,,,6,pass,1.4596713781356812,False,77.0
2010,Ryan Lindley,San Diego State,2012,,,0,pass,-0.961011528968811,False,64.0
2010,Ryan Lindley,San Diego State,2012,,,0,pass,-1.8619213104248047,False,64.0
2010,Ryan Lindley,San Diego State,2012,,,5,pass,0.12216544151306152,False,39.0
2010,Ryan Lindley,San Diego State,2012,,,12,pass,1.5836873054504395,False,34.0
2010,Ryan Lindley,San Diego State,2012,,,11,pass,0.49001073837280273,False,22.0
2010,Ryan Lindley,San Diego State,2012,,,59,pass,4.979070663452148,True,59.0
2010,Ryan Lindley,San Diego State,2012,,,8,pass,1.595912218093872,False,73.0
2010,Ryan Lindley,San Diego State,2012,,,8,pass,2.067784070968628,False,68.0
2010,Ryan Lindley,San Diego State,2012,,,0,pass,-0.9501707553863525,False,43.0
2010,Ryan Lindley,San Diego State,2012,,,13,pass,2.298189878463745,False,43.0
2010,Ryan Lindley,San Diego State,2012,,,0,pass,-0.5666818618774414,False,30.0
2010,Ryan Lindley,San Diego State,2012,,,9,pass,1.6288094520568848,False,17.0
2010,Ryan Lindley,San Diego State,2012,,,0,pass,-0.8951722979545593,False,84.0
2010,Ryan Lindley,San Diego State,2012,,,0,pass,-2.475614547729492,False,84.0
2010,Ryan Lindley,San Diego State,2012,,,14,pass,3.8453195095062256,True,14.0
2010,Ryan Lindley,San Diego State,2012,,,0,pass,-0.4301788806915283,False,14.0
2010,Ryan Lindley,San Diego State,2012,,,0,pass,-0.5639574527740479,False,14.0
2010,Ryan Lindley,San Diego State,2012,,,0,pass,-0.4992586672306061,False,80.0
2010,Ryan Lindley,San Diego State,2012,,,47,pass,3.9231724739074707,False,82.0
2010,Ryan Lindley,San Diego State,2012,,,14,pass,1.5015106201171875,False,28.0
2010,Ryan Lindley,San Diego State,2012,,,56,pass,4.605135917663574,True,56.0
2010,Ryan Lindley,San Diego State,2012,,,0,pass,-0.9414638876914978,False,77.0
2010,Ryan Lindley,San Diego State,2012,,,13,pass,0.7942414283752441,False,69.0
2010,Ryan Lindley,San Diego State,2012,,,0,pass,-0.5873037576675415,False,79.0
2010,Ryan Lindley,San Diego State,2012,,,9,pass,-0.08777850866317749,False,80.0
2010,Ryan Lindley,San Diego State,2012,,,0,pass,-0.785377025604248,False,11.0
2010,Ryan Lindley,San Diego State,2012,,,0,pass,-1.089285135269165,False,11.0
2010,Ryan Lindley,San Diego State,2012,,,53,pass,3.0462148189544678,False,80.0
2010,Ryan Lindley,San Diego State,2012,,,15,pass,1.2932157516479492,False,27.0
2010,Ryan Lindley,San Diego State,2012,,,11,pass,0.6153750419616699,False,44.0
2010,Ryan Lindley,San Diego State,2012,,,28,pass,2.738152503967285,False,39.0
2010,Ryan Lindley,San Diego State,2012,,,0,pass,-1.7949981689453125,False,4.0
2010,Ryan Lindley,San Diego State,2012,,,0,pass,-1.0225540399551392,False,43.0
2010,Ryan Lindley,San Diego State,2012,,,8,pass,1.8834530115127563,False,43.0
2010,Ryan Lindley,San Diego State,2012,,,9,pass,2.123232364654541,True,9.0
2010,Ryan Lindley,San Diego State,2012,,,16,pass,1.0359692573547363,False,23.0
2010,Ryan Lindley,San Diego State,2012,,,10,pass,1.2393317222595215,False,33.0
2010,Ryan Lindley,San Diego State,2012,,,18,pass,0.9770464897155762,False,57.0
2010,Ryan Lindley,San Diego State,2012,,,11,pass,2.068704605102539,False,68.0
2010,Ryan Lindley,San Diego State,2012,,,17,pass,0.6677639484405518,False,43.0
2010,Ryan Lindley,San Diego State,2012,,,6,pass,1.2995550632476807,False,49.0
2010,Ryan Lindley,San Diego State,2012,,,5,pass,0.08611142635345459,False,54.0
2010,Ryan Lindley,San Diego State,2012,,,0,pass,-12.259359359741211,True,2.0
2010,Ryan Lindley,San Diego State,2012,,,0,pass,-1.7392888069152832,False,2.0
2010,Ryan Lindley,San Diego State,2012,,,13,pass,1.5488409996032715,False,16.0
2010,Ryan Lindley,San Diego State,2012,,,0,pass,-0.635026216506958,False,60.0
2010,Ryan Lindley,San Diego State,2012,,,3,pass,-0.44283413887023926,False,17.0
2010,Ryan Lindley,San Diego State,2012,,,0,pass,-0.7348012924194336,False,17.0
2010,Ryan Lindley,San Diego State,2012,,,19,pass,-1.5116173028945923,False,72.0
2010,Ryan Lindley,San Diego State,2012,,,8,pass,1.0121536254882812,False,13.0
2010,Ryan Lindley,San Diego State,2012,,,25,pass,1.6998062133789062,False,39.0
2010,Ryan Lindley,San Diego State,2012,,,0,pass,-0.5882683992385864,False,50.0
2010,Ryan Lindley,San Diego State,2012,,,0,pass,-1.2637057304382324,False,82.0
2010,Ryan Lindley,San Diego State,2012,,,0,pass,-0.9328439831733704,False,82.0
2010,Ryan Lindley,San Diego State,2012,,,0,pass,-1.7198519706726074,False,56.0
2010,Ryan Lindley,San Diego State,2012,,,11,pass,0.7307164669036865,False,69.0
2010,Ryan Lindley,San Diego State,2012,,,35,pass,3.4563305377960205,True,35.0
2010,Ryan Lindley,San Diego State,2012,,,33,pass,4.489771366119385,True,33.0
2010,Ryan Lindley,San Diego State,2012,,,42,pass,3.8790409564971924,False,78.0
2010,Ryan Lindley,San Diego State,2012,,,0,pass,-1.6491024494171143,False,67.0
2010,Ryan Lindley,San Diego State,2012,,,11,pass,0.44802260398864746,False,96.0
2010,Ryan Lindley,San Diego State,2012,,,0,pass,-0.44802260398864746,False,89.0
2010,Ryan Lindley,San Diego State,2012,,,50,pass,1.2425999641418457,False,53.0
2010,Ryan Lindley,San Diego State,2012,,,19,pass,2.8336219787597656,False,72.0
2010,Ryan Lindley,San Diego State,2012,,,4,pass,-0.8212409019470215,False,84.0
2010,Ryan Lindley,San Diego State,2012,,,8,pass,-0.007303019054234028,False,80.0
2010,Ryan Lindley,San Diego State,2012,,,0,pass,-1.1010675430297852,False,75.0
2010,Ryan Lindley,San Diego State,2012,,,0,pass,-1.7300405502319336,False,65.0
2010,Ryan Lindley,San Diego State,2012,,,0,pass,-0.7743699550628662,False,65.0
2010,Ryan Lindley,San Diego State,2012,,,11,pass,0.7156194448471069,False,78.0
2010,Ryan Lindley,San Diego State,2012,,,0,pass,-1.9416592121124268,False,49.0
2010,Ryan Lindley,San Diego State,2012,,,0,pass,-0.539994478225708,False,54.0
2010,Ryan Lindley,San Diego State,2012,,,49,pass,3.3378407955169678,False,50.0
2010,Ryan Lindley,San Diego State,2012,,,12,pass,0.6689192056655884,False,50.0
2010,Ryan Lindley,San Diego State,2012,,,9,pass,0.1482475996017456,False,59.0
2010,Ryan Lindley,San Diego State,2012,,,8,pass,0.5841484069824219,False,67.0
2010,Ryan Lindley,San Diego State,2012,,,6,pass,-0.23793208599090576,False,73.0
2010,Ryan Lindley,San Diego State,2012,,,12,pass,0.5397985577583313,False,85.0
2010,Ryan Lindley,San Diego State,2012,,,6,pass,-0.35247981548309326,False,36.0
2010,Ryan Lindley,San Diego State,2012,,,0,pass,-1.8421952724456787,False,25.0
2010,Ryan Lindley,San Diego State,2012,,,19,pass,2.3531622886657715,False,44.0
2010,Ryan Lindley,San Diego State,2012,,,8,pass,0.3817697763442993,False,63.0
2010,Ryan Lindley,San Diego State,2012,,,13,pass,0.9837225079536438,False,76.0
2010,Ryan Lindley,San Diego State,2012,,,0,pass,-1.0252792835235596,False,85.0
2010,Ryan Lindley,San Diego State,2012,,,0,pass,-0.8392778038978577,False,85.0
2010,Ryan Lindley,San Diego State,2012,,,0,pass,-1.4733198881149292,False,63.0
2010,Ryan Lindley,San Diego State,2012,,,4,pass,-0.10163187980651855,False,67.0
2010,Ryan Lindley,San Diego State,2012,,,19,pass,0.9767457246780396,False,86.0
2010,Ryan Lindley,San Diego State,2012,,,90,pass,7.575850009918213,True,90.0
2010,Ryan Lindley,San Diego State,2012,,,0,pass,-1.5170961618423462,False,90.0
2010,Ryan Lindley,San Diego State,2012,,,0,pass,-0.29958105087280273,False,23.0
2010,Ryan Lindley,San Diego State,2012,,,6,pass,0.19301176071166992,False,29.0
2010,Ryan Lindley,San Diego State,2012,,,9,pass,0.8984055519104004,False,38.0
2010,Ryan Lindley,San Diego State,2012,,,8,pass,0.9942501783370972,False,46.0
2010,Ryan Lindley,San Diego State,2012,,,14,pass,2.3839569091796875,True,14.0
2010,Ryan Lindley,San Diego State,2012,,,5,pass,0.7925357818603516,False,19.0
2010,Ryan Lindley,San Diego State,2012,,,17,pass,2.282986640930176,False,44.0
2010,Ryan Lindley,San Diego State,2012,,,4,pass,-0.1579740047454834,False,48.0
2010,Ryan Lindley,San Diego State,2012,,,13,pass,1.2487154006958008,False,61.0
2010,Ryan Lindley,San Diego State,2012,,,20,pass,1.8973726034164429,False,81.0
2010,Ryan Lindley,San Diego State,2012,,,0,pass,-0.6963742971420288,False,81.0
2010,Ryan Lindley,San Diego State,2012,,,11,pass,0.694608211517334,False,16.0
2010,Ryan Lindley,San Diego State,2012,,,46,pass,2.4422833919525146,False,62.0
2010,Ryan Lindley,San Diego State,2012,,,17,pass,0.8572503328323364,False,79.0
2010,Ryan Lindley,San Diego State,2012,,,11,pass,1.4132347106933594,True,11.0
2010,Ryan Lindley,San Diego State,2012,,,0,pass,-0.5472402572631836,False,33.0
2010,Ryan Lindley,San Diego State,2012,,,15,pass,2.083440065383911,False,48.0
2010,Ryan Lindley,San Diego State,2012,,,9,pass,0.8269989490509033,False,53.0
2010,Ryan Lindley,San Diego State,2012,,,20,pass,1.898699164390564,False,73.0
2010,Ryan Lindley,San Diego State,2012,,,21,pass,3.036569595336914,False,96.0
2010,Ryan Lindley,San Diego State,2012,,,5,pass,0.09085327386856079,False,97.0
2010,Ryan Lindley,San Diego State,2012,,,0,pass,-1.472758412361145,False,73.0
2010,Ryan Lindley,San Diego State,2012,,,0,pass,-0.9856210947036743,False,73.0
2010,Ryan Lindley,San Diego State,2012,,,10,pass,1.9767236709594727,True,10.0
2010,Ryan Lindley,San Diego State,2012,,,13,pass,1.1511728763580322,False,23.0
2010,Ryan Lindley,San Diego State,2012,,,0,pass,-0.5887715816497803,False,23.0
2010,Ryan Lindley,San Diego State,2012,,,14,pass,1.373981237411499,False,37.0
2010,Ryan Lindley,San Diego State,2012,,,20,pass,1.3610711097717285,False,60.0
2010,Ryan Lindley,San Diego State,2012,,,5,pass,-0.01964735984802246,False,65.0
2010,Ryan Lindley,San Diego State,2012,,,9,pass,-1.3487995862960815,False,74.0
2010,Ryan Lindley,San Diego State,2012,,,0,pass,-1.7797385454177856,False,36.0
2010,Ryan Lindley,San Diego State,2012,,,3,pass,1.5952000617980957,True,3.0
2010,Ryan Lindley,San Diego State,2012,,,17,pass,0.4131197929382324,False,41.0
2010,Ryan Lindley,San Diego State,2012,,,23,pass,1.064357042312622,False,64.0
2010,Ryan Lindley,San Diego State,2012,,,5,pass,-0.07138395309448242,False,69.0
2010,Ryan Lindley,San Diego State,2012,,,50,pass,5.822908878326416,True,50.0
2010,Ryan Lindley,San Diego State,2012,,,14,pass,0.34533512592315674,False,59.0
2010,Ryan Lindley,San Diego State,2012,,,9,pass,0.3124934434890747,False,68.0
2010,Ryan Lindley,San Diego State,2012,,,41,pass,4.642388343811035,True,41.0
2010,Ryan Lindley,San Diego State,2012,,,4,pass,-0.32281291484832764,False,55.0
2010,Ryan Lindley,San Diego State,2012,,,4,pass,-0.032508015632629395,False,59.0
2010,Ryan Lindley,San Diego State,2012,,,11,pass,1.0176289081573486,False,77.0
2010,Ryan Lindley,San Diego State,2012,,,0,pass,-4.133167743682861,False,1.0
2010,Ryan Lindley,San Diego State,2012,,,1,pass,-0.2129049301147461,False,24.0
2010,Ryan Lindley,San Diego State,2012,,,36,pass,1.8267178535461426,False,59.0
2010,Ryan Lindley,San Diego State,2012,,,8,pass,0.49958348274230957,False,78.0
2010,Ryan Lindley,San Diego State,2012,,,4,pass,-1.0086236000061035,False,29.0
2010,Ryan Lindley,San Diego State,2012,,,0,pass,-0.567202091217041,False,32.0
2010,Ryan Lindley,San Diego State,2012,,,0,pass,-0.5165669918060303,False,58.0
2010,Ryan Lindley,San Diego State,2012,,,6,pass,1.6667876243591309,False,7.0
2010,Ryan Lindley,San Diego State,2012,,,7,pass,0.16397905349731445,False,14.0
2010,Ryan Lindley,San Diego State,2012,,,0,pass,-0.5559601783752441,False,14.0
2010,Ryan Lindley,San Diego State,2012,,,8,pass,0.46563196182250977,False,28.0
2010,Ryan Lindley,San Diego State,2012,,,25,pass,1.3503086566925049,False,53.0
2010,Ryan Lindley,San Diego State,2012,,,20,pass,0.9779858589172363,False,73.0
2010,Ryan Lindley,San Diego State,2012,,,17,pass,2.868720531463623,True,17.0
2010,Ryan Lindley,San Diego State,2012,,,0,pass,-1.121220350265503,False,17.0
2010,Ryan Lindley,San Diego State,2012,,,25,pass,1.6908540725708008,False,61.0
2010,Ryan Lindley,San Diego State,2012,,,10,pass,1.04791259765625,False,27.0
2010,Ryan Lindley,San Diego State,2012,,,13,pass,0.5950100421905518,False,69.0
2010,Ryan Lindley,San Diego State,2012,,,15,pass,1.8442540168762207,True,15.0
2010,Ryan Lindley,San Diego State,2012,,,8,pass,0.6215877532958984,False,24.0
2010,Ryan Lindley,San Diego State,2012,,,30,pass,1.413093090057373,False,54.0
2010,Ryan Lindley,San Diego State,2012,,,15,pass,1.942051649093628,False,69.0
2010,Ryan Lindley,San Diego State,2012,,,3,pass,-0.7440595626831055,False,70.0
2010,Ryan Lindley,San Diego State,2012,,,0,pass,-1.653618574142456,False,53.0
2010,Ryan Lindley,San Diego State,2012,,,0,pass,-0.9429020881652832,False,53.0
2010,Ryan Lindley,San Diego State,2012,,,0,pass,-0.5546315908432007,False,51.0
2010,Ryan Lindley,San Diego State,2012,,,13,pass,1.7256524562835693,False,75.0
2010,Ryan Lindley,San Diego State,2012,,,1,pass,-0.4474031329154968,False,80.0
2010,Ryan Lindley,San Diego State,2012,,,8,pass,-0.28240135312080383,False,71.0
2010,Ryan Lindley,San Diego State,2012,,,10,pass,-0.42387235164642334,False,81.0
2010,Ryan Lindley,San Diego State,2012,,,9,pass,0.6732056140899658,False,84.0
2010,Ryan Lindley,San Diego State,2012,,,53,pass,4.546036243438721,True,53.0
2010,Ryan Lindley,San Diego State,2012,,,20,pass,1.074702262878418,False,78.0
2010,Ryan Lindley,San Diego State,2012,,,22,pass,1.3636083602905273,False,52.0
2010,Ryan Lindley,San Diego State,2012,,,0,pass,-1.9436025619506836,False,43.0
2010,Ryan Lindley,San Diego State,2012,,,0,pass,-0.9979602098464966,False,43.0
2010,Ryan Lindley,San Diego State,2012,,,23,pass,1.5018402338027954,False,67.0
2010,Ryan Lindley,San Diego State,2012,,,12,pass,0.9391318559646606,False,79.0
2010,Ryan Lindley,San Diego State,2012,,,13,pass,0.17614594101905823,False,92.0
2011,Ryan Lindley,San Diego State,2012,,,0,pass,-1.263604760169983,False,71.0
2011,Ryan Lindley,San Diego State,2012,,,18,pass,2.640028476715088,True,18.0
2011,Ryan Lindley,San Diego State,2012,,,11,pass,1.7096976041793823,False,72.0
2011,Ryan Lindley,San Diego State,2012,,,0,pass,-1.4997258186340332,False,28.0
2011,Ryan Lindley,San Diego State,2012,,,0,pass,-0.6126832962036133,False,29.0
2011,Ryan Lindley,San Diego State,2012,,,0,pass,-2.539602041244507,False,36.0
2011,Ryan Lindley,San Diego State,2012,,,0,pass,-1.8009674549102783,False,57.0
2011,Ryan Lindley,San Diego State,2012,,,4,pass,-0.27199411392211914,False,61.0
2011,Ryan Lindley,San Diego State,2012,,,1,pass,-0.6322082281112671,False,50.0
2011,Ryan Lindley,San Diego State,2012,,,0,pass,-0.4499857425689697,False,50.0
2011,Ryan Lindley,San Diego State,2012,,,0,pass,-0.23032665252685547,False,50.0
2011,Ryan Lindley,San Diego State,2012,,,21,pass,0.7936413288116455,False,71.0
2011,Ryan Lindley,San Diego State,2012,,,33,pass,3.507364511489868,True,33.0
2011,Ryan Lindley,San Diego State,2012,,,-3,pass,-1.93137788772583,False,52.0
2011,Ryan Lindley,San Diego State,2012,,,0,pass,-0.9152292013168335,False,52.0
2011,Ryan Lindley,San Diego State,2012,,,3,pass,3.8667242527008057,True,3.0
2011,Ryan Lindley,San Diego State,2012,,,9,pass,-1.8054767847061157,False,12.0
2011,Ryan Lindley,San Diego State,2012,,,1,pass,-0.43779921531677246,False,13.0
2011,Ryan Lindley,San Diego State,2012,,,10,pass,1.3648436069488525,False,56.0
2011,Ryan Lindley,San Diego State,2012,,,5,pass,0.008899927139282227,False,63.0
2011,Ryan Lindley,San Diego State,2012,,,0,pass,-0.7824814319610596,False,73.0
2011,Ryan Lindley,San Diego State,2012,,,4,pass,2.0360240936279297,True,4.0
2011,Ryan Lindley,San Diego State,2012,,,17,pass,2.6183245182037354,False,27.0
2011,Ryan Lindley,San Diego State,2012,,,0,pass,-0.900721549987793,False,27.0
2011,Ryan Lindley,San Diego State,2012,,,59,pass,4.1106672286987305,False,65.0
2011,Ryan Lindley,San Diego State,2012,,,13,pass,0.9647576212882996,False,80.0
2011,Ryan Lindley,San Diego State,2012,,,13,pass,1.3097357749938965,False,40.0
2011,Ryan Lindley,San Diego State,2012,,,0,pass,-0.7654533386230469,False,25.0
2011,Ryan Lindley,San Diego State,2012,,,0,pass,-1.2399901151657104,False,25.0
2011,Ryan Lindley,San Diego State,2012,,,24,pass,1.1594593524932861,False,80.0
2011,Ryan Lindley,San Diego State,2012,,,0,pass,-0.5756115913391113,False,31.0
2011,Ryan Lindley,San Diego State,2012,,,9,pass,0.8928470611572266,False,31.0
2011,Ryan Lindley,San Diego State,2012,,,0,pass,-1.8487122058868408,False,64.0
2011,Ryan Lindley,San Diego State,2012,,,0,pass,-0.6086618900299072,False,54.0
2011,Ryan Lindley,San Diego State,2012,,,0,pass,-0.5734107494354248,False,54.0
2011,Ryan Lindley,San Diego State,2012,,,0,pass,-1.2917616367340088,False,54.0
2011,Ryan Lindley,San Diego State,2012,,,-4,pass,-2.3959426879882812,False,51.0
2011,Ryan Lindley,San Diego State,2012,,,9,pass,-0.19074058532714844,False,76.0
2011,Ryan Lindley,San Diego State,2012,,,0,pass,-0.5940561294555664,False,76.0
2011,Ryan Lindley,San Diego State,2012,,,0,pass,-1.3433740139007568,False,41.0
2011,Ryan Lindley,San Diego State,2012,,,14,pass,-0.24079227447509766,False,52.0
2011,Ryan Lindley,San Diego State,2012,,,0,pass,-1.4274193048477173,False,38.0
2011,Ryan Lindley,San Diego State,2012,,,68,pass,4.321052074432373,True,68.0
2011,Ryan Lindley,San Diego State,2012,,,21,pass,4.765752792358398,True,21.0
2011,Ryan Lindley,San Diego State,2012,,,3,pass,-0.8948094844818115,False,85.0
2011,Ryan Lindley,San Diego State,2012,,,16,pass,0.5516982078552246,False,63.0
2011,Ryan Lindley,San Diego State,2012,,,25,pass,1.4618628025054932,False,33.0
2011,Ryan Lindley,San Diego State,2012,,,0,pass,-0.9133588075637817,False,48.0
2011,Ryan Lindley,San Diego State,2012,,,7,pass,1.5915592908859253,False,48.0
2011,Ryan Lindley,San Diego State,2012,,,25,pass,2.702427864074707,True,25.0
2011,Ryan Lindley,San Diego State,2012,,,4,pass,-0.08762252330780029,False,69.0
2011,Ryan Lindley,San Diego State,2012,,,0,pass,-1.6986100673675537,False,62.0
2011,Ryan Lindley,San Diego State,2012,,,17,pass,1.3794939517974854,False,42.0
2011,Ryan Lindley,San Diego State,2012,,,0,pass,-0.8488547801971436,False,65.0
2011,Ryan Lindley,San Diego State,2012,,,0,pass,-1.5018975734710693,False,65.0
2011,Ryan Lindley,San Diego State,2012,,,19,pass,0.38002514839172363,False,85.0
2011,Ryan Lindley,San Diego State,2012,,,0,pass,-0.7431661486625671,False,61.0
2011,Ryan Lindley,San Diego State,2012,,,14,pass,1.5699875354766846,False,37.0
2011,Ryan Lindley,San Diego State,2012,,,6,pass,0.5019502639770508,False,23.0
2011,Ryan Lindley,San Diego State,2012,,,0,pass,-1.627583384513855,False,54.0
2011,Ryan Lindley,San Diego State,2012,,,11,pass,1.2038453817367554,False,65.0
2011,Ryan Lindley,San Diego State,2012,,,0,pass,-0.571108341217041,False,54.0
2011,Ryan Lindley,San Diego State,2012,,,0,pass,-0.8062867522239685,False,54.0
2011,Ryan Lindley,San Diego State,2012,,,9,pass,2.1980302333831787,False,72.0
2011,Ryan Lindley,San Diego State,2012,,,0,pass,-0.947624146938324,False,68.0
2011,Ryan Lindley,San Diego State,2012,,,25,pass,3.8479971885681152,False,68.0
2011,Ryan Lindley,San Diego State,2012,,,11,pass,0.7901036739349365,False,43.0
2011,Ryan Lindley,San Diego State,2012,,,12,pass,1.6215810775756836,False,33.0
2011,Ryan Lindley,San Diego State,2012,,,0,pass,-0.5530803203582764,False,21.0
2011,Ryan Lindley,San Diego State,2012,,,7,pass,0.6407887935638428,False,23.0
2011,Ryan Lindley,San Diego State,2012,,,0,pass,-0.6008676290512085,False,53.0
2011,Ryan Lindley,San Diego State,2012,,,6,pass,1.5648207664489746,False,47.0
2011,Ryan Lindley,San Diego State,2012,,,19,pass,1.642305612564087,False,41.0
2011,Ryan Lindley,San Diego State,2012,,,11,pass,2.504131317138672,False,70.0
2011,Ryan Lindley,San Diego State,2012,,,0,pass,-0.6619024276733398,False,59.0
2011,Ryan Lindley,San Diego State,2012,,,5,pass,-0.8440566658973694,False,64.0
2011,Ryan Lindley,San Diego State,2012,,,0,pass,-2.2546610832214355,False,13.0
2011,Ryan Lindley,San Diego State,2012,,,0,pass,-0.46576356887817383,False,13.0
2011,Ryan Lindley,San Diego State,2012,,,6,pass,1.233067274093628,False,19.0
2011,Ryan Lindley,San Diego State,2012,,,0,pass,-0.570012092590332,False,19.0
2011,Ryan Lindley,San Diego State,2012,,,5,pass,0.2080073356628418,False,24.0
2011,Ryan Lindley,San Diego State,2012,,,10,pass,1.2754671573638916,False,34.0
2011,Ryan Lindley,San Diego State,2012,,,0,pass,-0.567685604095459,False,39.0
2011,Ryan Lindley,San Diego State,2012,,,1,pass,-0.3914607763290405,False,40.0
2011,Ryan Lindley,San Diego State,2012,,,13,pass,0.6482844352722168,False,53.0
2011,Ryan Lindley,San Diego State,2012,,,30,pass,1.3894482851028442,False,83.0
2011,Ryan Lindley,San Diego State,2012,,,14,pass,0.560725212097168,False,33.0
2011,Ryan Lindley,San Diego State,2012,,,0,pass,-6.537836074829102,False,19.0
2011,Ryan Lindley,San Diego State,2012,,,15,pass,1.0934398174285889,False,48.0
2011,Ryan Lindley,San Diego State,2012,,,23,pass,3.2216153144836426,False,71.0
2011,Ryan Lindley,San Diego State,2012,,,2,pass,-0.1858251690864563,False,73.0
2011,Ryan Lindley,San Diego State,2012,,,0,pass,-3.6465325355529785,False,43.0
2011,Ryan Lindley,San Diego State,2012,,,10,pass,1.1669453382492065,False,53.0
2011,Ryan Lindley,San Diego State,2012,,,0,pass,-1.1029448509216309,False,40.0
2011,Ryan Lindley,San Diego State,2012,,,0,pass,-0.6983970403671265,False,40.0
2011,Ryan Lindley,San Diego State,2012,,,10,pass,1.7101316452026367,False,50.0
2011,Ryan Lindley,San Diego State,2012,,,16,pass,2.2780871391296387,True,16.0
2011,Ryan Lindley,San Diego State,2012,,,3,pass,0.06725311279296875,False,19.0
2011,Ryan Lindley,San Diego State,2012,,,13,pass,1.9656476974487305,False,32.0
2011,Ryan Lindley,San Diego State,2012,,,7,pass,2.300854444503784,False,34.0
2011,Ryan Lindley,San Diego State,2012,,,0,pass,-0.8895552158355713,False,76.0
2011,Ryan Lindley,San Diego State,2012,,,0,pass,-0.7894697189331055,False,76.0
2011,Ryan Lindley,San Diego State,2012,,,0,pass,-1.159497618675232,False,55.0
2011,Ryan Lindley,San Diego State,2012,,,0,pass,-0.6675769090652466,False,60.0
2011,Ryan Lindley,San Diego State,2012,,,0,pass,-0.5662185549736023,False,43.0
2011,Ryan Lindley,San Diego State,2012,,,2,pass,-1.0080653429031372,False,45.0
2011,Ryan Lindley,San Diego State,2012,,,9,pass,2.0657405853271484,False,55.0
2011,Ryan Lindley,San Diego State,2012,,,9,pass,0.8413088321685791,False,59.0
2011,Ryan Lindley,San Diego State,2012,,,13,pass,1.4590052366256714,False,83.0
2011,Ryan Lindley,San Diego State,2012,,,0,pass,-0.6107488870620728,False,83.0
2011,Ryan Lindley,San Diego State,2012,,,0,pass,-3.435473918914795,False,30.0
2011,Ryan Lindley,San Diego State,2012,,,0,pass,-1.9003875255584717,False,30.0
2011,Ryan Lindley,San Diego State,2012,,,10,pass,1.064208984375,False,46.0
2011,Ryan Lindley,San Diego State,2012,,,19,pass,1.4596351385116577,False,70.0
2011,Ryan Lindley,San Diego State,2012,,,11,pass,1.6271238327026367,False,72.0
2011,Ryan Lindley,San Diego State,2012,,,9,pass,0.18829363584518433,False,95.0
2011,Ryan Lindley,San Diego State,2012,,,0,pass,-0.2323945164680481,False,86.0
2011,Ryan Lindley,San Diego State,2012,,,0,pass,-0.5494291186332703,False,86.0
2011,Ryan Lindley,San Diego State,2012,,,0,pass,-3.3209338188171387,False,86.0
2011,Ryan Lindley,San Diego State,2012,,,13,pass,0.2542223334312439,False,80.0
2011,Ryan Lindley,San Diego State,2012,,,0,pass,-0.5406116247177124,False,67.0
2011,Ryan Lindley,San Diego State,2012,,,0,pass,-0.9047225713729858,False,67.0
2011,Ryan Lindley,San Diego State,2012,,,0,pass,-2.3861753940582275,False,67.0
2011,Ryan Lindley,San Diego State,2012,,,0,pass,-0.5059483051300049,False,78.0
2011,Ryan Lindley,San Diego State,2012,,,13,pass,1.5126521587371826,False,78.0
2011,Ryan Lindley,San Diego State,2012,,,9,pass,0.6726168394088745,False,65.0
2011,Ryan Lindley,San Diego State,2012,,,0,pass,-0.5470556020736694,False,56.0
2011,Ryan Lindley,San Diego State,2012,,,0,pass,-0.5011327266693115,False,67.0
2011,Ryan Lindley,San Diego State,2012,,,20,pass,3.3326704502105713,False,69.0
2011,Ryan Lindley,San Diego State,2012,,,4,pass,2.3415956497192383,True,4.0
2011,Ryan Lindley,San Diego State,2012,,,39,pass,3.139521360397339,False,77.0
2011,Ryan Lindley,San Diego State,2012,,,0,pass,-0.6395735740661621,False,38.0
2011,Ryan Lindley,San Diego State,2012,,,8,pass,0.7038688659667969,False,38.0
2011,Ryan Lindley,San Diego State,2012,,,16,pass,3.8034539222717285,True,16.0
2011,Ryan Lindley,San Diego State,2012,,,-1,pass,-0.9632551670074463,False,15.0
2011,Ryan Lindley,San Diego State,2012,,,0,pass,-0.8922150135040283,False,16.0
2011,Ryan Lindley,San Diego State,2012,,,0,pass,-0.9325281381607056,False,77.0
2011,Ryan Lindley,San Diego State,2012,,,0,pass,-1.0615973472595215,False,77.0
2011,Ryan Lindley,San Diego State,2012,,,3,pass,-0.5097095370292664,False,73.0
2011,Ryan Lindley,San Diego State,2012,,,33,pass,3.9615159034729004,False,36.0
2011,Ryan Lindley,San Diego State,2012,,,12,pass,0.7570144534111023,False,74.0
2011,Ryan Lindley,San Diego State,2012,,,0,pass,-1.5285263061523438,False,76.0
2011,Ryan Lindley,San Diego State,2012,,,0,pass,-0.7877470254898071,False,71.0
2011,Ryan Lindley,San Diego State,2012,,,13,pass,1.5844624042510986,False,71.0
2011,Ryan Lindley,San Diego State,2012,,,9,pass,1.7435188293457031,False,52.0
2011,Ryan Lindley,San Diego State,2012,,,0,pass,-0.5742745399475098,False,16.0
2011,Ryan Lindley,San Diego State,2012,,,0,pass,-1.0341989994049072,False,14.0
2011,Ryan Lindley,San Diego State,2012,,,0,pass,-1.2994757890701294,False,83.0
2011,Ryan Lindley,San Diego State,2012,,,0,pass,-0.3589134216308594,False,22.0
2011,Ryan Lindley,San Diego State,2012,,,12,pass,0.6814818382263184,False,45.0
2011,Ryan Lindley,San Diego State,2012,,,20,pass,0.8932571411132812,False,65.0
2011,Ryan Lindley,San Diego State,2012,,,28,pass,2.2118382453918457,True,28.0
2011,Ryan Lindley,San Diego State,2012,,,0,pass,-1.3668274879455566,False,8.0
2011,Ryan Lindley,San Diego State,2012,,,9,pass,1.0931947231292725,False,21.0
2011,Ryan Lindley,San Diego State,2012,,,33,pass,2.305238723754883,False,61.0
2011,Ryan Lindley,San Diego State,2012,,,12,pass,-0.07470440864562988,False,92.0
2011,Ryan Lindley,San Diego State,2012,,,7,pass,-0.2886073589324951,False,74.0
2011,Ryan Lindley,San Diego State,2012,,,0,pass,-0.7779802680015564,False,74.0
2011,Ryan Lindley,San Diego State,2012,,,27,pass,4.448822975158691,True,27.0
2011,Ryan Lindley,San Diego State,2012,,,0,pass,-1.1190810203552246,False,27.0
2011,Ryan Lindley,San Diego State,2012,,,13,pass,2.359668731689453,False,38.0
2011,Ryan Lindley,San Diego State,2012,,,1,pass,-0.5808303356170654,False,40.0
2011,Ryan Lindley,San Diego State,2012,,,5,pass,0.16723394393920898,False,52.0
2011,Ryan Lindley,San Diego State,2012,,,9,pass,0.8199185132980347,False,68.0
2011,Ryan Lindley,San Diego State,2012,,,0,pass,-1.1189191341400146,False,9.0
2011,Ryan Lindley,San Diego State,2012,,,1,pass,-0.7198574542999268,False,10.0
2011,Ryan Lindley,San Diego State,2012,,,15,pass,0.7225456237792969,False,40.0
2011,Ryan Lindley,San Diego State,2012,,,17,pass,1.2410361766815186,False,57.0
2011,Ryan Lindley,San Diego State,2012,,,0,pass,-1.0596723556518555,False,81.0
2011,Ryan Lindley,San Diego State,2012,,,25,pass,0.08568990230560303,False,75.0
2011,Ryan Lindley,San Diego State,2012,,,0,pass,-0.7726491093635559,False,50.0
2011,Ryan Lindley,San Diego State,2012,,,0,pass,-0.3042312264442444,False,61.0
2011,Ryan Lindley,San Diego State,2012,,,13,pass,-0.0690934956073761,False,61.0
2011,Ryan Lindley,San Diego State,2012,,,0,pass,-1.6798940896987915,False,48.0
2011,Ryan Lindley,San Diego State,2012,,,0,pass,-1.1783180236816406,False,10.0
2011,Ryan Lindley,San Diego State,2012,,,3,pass,-0.5048716068267822,False,62.0
2011,Ryan Lindley,San Diego State,2012,,,0,pass,-1.1733077764511108,False,59.0
2011,Ryan Lindley,San Diego State,2012,,,5,pass,0.5426579713821411,False,59.0
2011,Ryan Lindley,San Diego State,2012,,,0,pass,-0.8748383522033691,False,48.0
2011,Ryan Lindley,San Diego State,2012,,,8,pass,1.6284220218658447,False,48.0
2011,Ryan Lindley,San Diego State,2012,,,0,pass,-0.5556175708770752,False,27.0
2011,Ryan Lindley,San Diego State,2012,,,0,pass,-1.2709455490112305,False,22.0
2011,Ryan Lindley,San Diego State,2012,,,20,pass,1.4637105464935303,False,47.0
2011,Ryan Lindley,San Diego State,2012,,,20,pass,1.538344383239746,False,27.0
2011,Ryan Lindley,San Diego State,2012,,,12,pass,0.48008447885513306,False,83.0
2011,Ryan Lindley,San Diego State,2012,,,0,pass,-1.7781753540039062,False,54.0
2011,Ryan Lindley,San Diego State,2012,,,0,pass,-0.47442054748535156,False,47.0
2011,Ryan Lindley,San Diego State,2012,,,0,pass,-1.1618632078170776,False,45.0
2011,Ryan Lindley,San Diego State,2012,,,10,pass,0.7754709720611572,False,70.0
2011,Ryan Lindley,San Diego State,2012,,,0,pass,-2.2231833934783936,False,54.0
2011,Ryan Lindley,San Diego State,2012,,,0,pass,-0.8774635791778564,False,75.0
2011,Ryan Lindley,San Diego State,2012,,,0,pass,-1.101601481437683,False,75.0
2011,Ryan Lindley,San Diego State,2012,,,0,pass,-1.3850674629211426,False,77.0
2011,Ryan Lindley,San Diego State,2012,,,71,pass,6.282962322235107,True,71.0
2011,Ryan Lindley,San Diego State,2012,,,44,pass,4.401040077209473,True,44.0
2011,Ryan Lindley,San Diego State,2012,,,5,pass,-0.746503472328186,False,80.0
2011,Ryan Lindley,San Diego State,2012,,,11,pass,0.628192663192749,False,85.0
2011,Ryan Lindley,San Diego State,2012,,,0,pass,-0.73753821849823,False,51.0
2011,Ryan Lindley,San Diego State,2012,,,0,pass,-1.1422052383422852,False,51.0
2011,Ryan Lindley,San Diego State,2012,,,9,pass,0.01146024465560913,False,86.0
2011,Ryan Lindley,San Diego State,2012,,,0,pass,-1.2964673042297363,False,77.0
2011,Ryan Lindley,San Diego State,2012,,,23,pass,1.0393662452697754,False,29.0
2011,Ryan Lindley,San Diego State,2012,,,15,pass,1.0385229587554932,False,68.0
2011,Ryan Lindley,San Diego State,2012,,,0,pass,-0.5799102783203125,False,53.0
2011,Ryan Lindley,San Diego State,2012,,,9,pass,-0.3135519027709961,False,54.0
2011,Ryan Lindley,San Diego State,2012,,,38,pass,2.023653984069824,False,41.0
2011,Ryan Lindley,San Diego State,2012,,,18,pass,0.9464054107666016,False,27.0
2011,Ryan Lindley,San Diego State,2012,,,8,pass,1.541804313659668,False,9.0
2011,Ryan Lindley,San Diego State,2012,,,42,pass,4.829885482788086,False,45.0
2011,Ryan Lindley,San Diego State,2012,,,12,pass,0.28941380977630615,False,57.0
2011,Ryan Lindley,San Diego State,2012,,,19,pass,1.5394220352172852,False,78.0
2011,Ryan Lindley,San Diego State,2012,,,16,pass,0.8305857181549072,False,47.0
2011,Ryan Lindley,San Diego State,2012,,,0,pass,-0.595752477645874,False,43.0
2011,Ryan Lindley,San Diego State,2012,,,5,pass,-0.42241334915161133,False,40.0
2011,Ryan Lindley,San Diego State,2012,,,0,pass,-3.8423140048980713,False,35.0
2011,Ryan Lindley,San Diego State,2012,,,13,pass,0.6221158504486084,False,68.0
2011,Ryan Lindley,San Diego State,2012,,,8,pass,1.6164586544036865,False,42.0
2011,Ryan Lindley,San Diego State,2012,,,8,pass,0.7745494842529297,False,35.0
2011,Ryan Lindley,San Diego State,2012,,,26,pass,2.9543392658233643,False,27.0
2011,Ryan Lindley,San Diego State,2012,,,0,pass,-0.6619930267333984,False,54.0
2011,Ryan Lindley,San Diego State,2012,,,0,pass,-0.9518641233444214,False,54.0
2011,Ryan Lindley,San Diego State,2012,,,0,pass,-1.6988823413848877,False,54.0
2011,Ryan Lindley,San Diego State,2012,,,0,pass,-0.7918349504470825,False,71.0
2011,Ryan Lindley,San Diego State,2012,,,0,pass,-1.0125696659088135,False,20.0
2011,Ryan Lindley,San Diego State,2012,,,18,pass,1.7167997360229492,False,62.0
2011,Ryan Lindley,San Diego State,2012,,,16,pass,1.3761999607086182,False,65.0
2011,Ryan Lindley,San Diego State,2012,,,0,pass,-0.6495318412780762,False,49.0
2011,Ryan Lindley,San Diego State,2012,,,13,pass,1.331482172012329,False,49.0
2011,Ryan Lindley,San Diego State,2012,,,0,pass,-1.1015839576721191,False,39.0
2011,Ryan Lindley,San Diego State,2012,,,10,pass,0.48048222064971924,False,39.0
2011,Ryan Lindley,San Diego State,2012,,,0,pass,-2.435025215148926,False,29.0
2011,Ryan Lindley,San Diego State,2012,,,2,pass,-0.4669266939163208,False,75.0
2011,Ryan Lindley,San Diego State,2012,,,10,pass,1.1299539804458618,False,79.0
2011,Ryan Lindley,San Diego State,2012,,,7,pass,0.22908926010131836,False,70.0
2011,Ryan Lindley,San Diego State,2012,,,7,pass,1.193769097328186,False,63.0
2011,Ryan Lindley,San Diego State,2012,,,7,pass,0.4779338836669922,False,54.0
2011,Ryan Lindley,San Diego State,2012,,,12,pass,1.781480312347412,False,40.0
2011,Ryan Lindley,San Diego State,2012,,,0,pass,-0.5287587642669678,False,19.0
2011,Ryan Lindley,San Diego State,2012,,,7,pass,-0.08628678321838379,False,19.0
2011,Ryan Lindley,San Diego State,2012,,,6,pass,2.538302183151245,False,12.0
2011,Ryan Lindley,San Diego State,2012,,,0,pass,-1.5870126485824585,False,6.0
2011,Ryan Lindley,San Diego State,2012,,,7,pass,-0.3834630250930786,False,46.0
2011,Ryan Lindley,San Diego State,2012,,,0,pass,-0.5535358190536499,False,67.0
2011,Ryan Lindley,San Diego State,2012,,,9,pass,0.6265811920166016,False,79.0
2011,Ryan Lindley,San Diego State,2012,,,4,pass,1.3686280250549316,True,4.0
2011,Ryan Lindley,San Diego State,2012,,,1,pass,-0.6234028339385986,False,40.0
2011,Ryan Lindley,San Diego State,2012,,,7,pass,0.9110308885574341,False,38.0
2011,Ryan Lindley,San Diego State,2012,,,0,pass,-0.6215004920959473,False,29.0
2011,Ryan Lindley,San Diego State,2012,,,0,pass,-0.6610233783721924,False,18.0
2011,Ryan Lindley,San Diego State,2012,,,8,pass,1.8995044231414795,False,15.0
2011,Ryan Lindley,San Diego State,2012,,,3,pass,1.0205987691879272,False,53.0
2011,Ryan Lindley,San Diego State,2012,,,0,pass,-0.9881079196929932,False,49.0
2011,Ryan Lindley,San Diego State,2012,,,0,pass,-1.897153377532959,False,49.0
2011,Ryan Lindley,San Diego State,2012,,,0,pass,-0.7009063959121704,False,77.0
2011,Ryan Lindley,San Diego State,2012,,,1,pass,1.6555848121643066,True,1.0
2011,Ryan Lindley,San Diego State,2012,,,12,pass,2.5171308517456055,False,13.0
2011,Ryan Lindley,San Diego State,2012,,,5,pass,0.2968583106994629,False,18.0
2011,Ryan Lindley,San Diego State,2012,,,5,pass,1.8547991514205933,False,23.0
2011,Ryan Lindley,San Diego State,2012,,,14,pass,0.960697591304779,False,37.0
2011,Ryan Lindley,San Diego State,2012,,,0,pass,-0.3432590961456299,False,32.0
2011,Ryan Lindley,San Diego State,2012,,,5,pass,0.783275842666626,False,34.0
2011,Ryan Lindley,San Diego State,2012,,,2,pass,-0.2511863708496094,False,36.0
2011,Ryan Lindley,San Diego State,2012,,,3,pass,-0.22849440574645996,False,39.0
2011,Ryan Lindley,San Diego State,2012,,,11,pass,0.7933908700942993,False,50.0
2011,Ryan Lindley,San Diego State,2012,,,19,pass,1.1197046041488647,False,69.0
2011,Ryan Lindley,San Diego State,2012,,,7,pass,0.25402408838272095,False,76.0
2011,Ryan Lindley,San Diego State,2012,,,5,pass,-0.20904111862182617,False,10.0
2011,Ryan Lindley,San Diego State,2012,,,0,pass,-1.8028957843780518,False,20.0
2011,Ryan Lindley,San Diego State,2012,,,12,pass,2.333083152770996,False,37.0
2011,Ryan Lindley,San Diego State,2012,,,0,pass,-0.9030231237411499,False,37.0
2011,Ryan Lindley,San Diego State,2012,,,0,pass,-0.5538949966430664,False,37.0
2011,Ryan Lindley,San Diego State,2012,,,11,pass,0.6945836544036865,False,41.0
2011,Ryan Lindley,San Diego State,2012,,,6,pass,1.4016350507736206,False,64.0
2011,Ryan Lindley,San Diego State,2012,,,0,pass,-0.7185686826705933,False,64.0
2011,Ryan Lindley,San Diego State,2012,,,16,pass,1.498007893562317,False,85.0
2011,Ryan Lindley,San Diego State,2012,,,0,pass,-0.5362439155578613,False,85.0
2011,Ryan Lindley,San Diego State,2012,,,11,pass,1.8881933689117432,False,96.0
2011,Ryan Lindley,San Diego State,2012,,,0,pass,-1.151537537574768,False,41.0
2011,Ryan Lindley,San Diego State,2012,,,15,pass,1.8914158344268799,False,58.0
2011,Ryan Lindley,San Diego State,2012,,,0,pass,-0.6599522829055786,False,58.0
2011,Ryan Lindley,San Diego State,2012,,,0,pass,-0.47886890172958374,False,82.0
2011,Ryan Lindley,San Diego State,2012,,,-3,pass,-0.6462393999099731,False,79.0
2011,Ryan Lindley,San Diego State,2012,,,0,pass,-1.0625817775726318,False,70.0
2011,Ryan Lindley,San Diego State,2012,,,15,pass,0.49455392360687256,False,85.0
2011,Ryan Lindley,San Diego State,2012,,,12,pass,0.9012421369552612,False,97.0
2011,Ryan Lindley,San Diego State,2012,,,0,pass,-0.3698177933692932,False,97.0
2011,Ryan Lindley,San Diego State,2012,,,0,pass,-1.3590621948242188,False,67.0
2011,Ryan Lindley,San Diego State,2012,,,11,pass,0.40406090021133423,False,78.0
2011,Ryan Lindley,San Diego State,2012,,,30,pass,3.580327033996582,True,30.0
2011,Ryan Lindley,San Diego State,2012,,,53,pass,3.512150764465332,False,83.0
2011,Ryan Lindley,San Diego State,2012,,,7,pass,-0.12942934036254883,False,95.0
2011,Ryan Lindley,San Diego State,2012,,,0,pass,-0.7939910888671875,False,95.0
2011,Ryan Lindley,San Diego State,2012,,,4,pass,-0.6588010787963867,False,85.0
2011,Ryan Lindley,San Diego State,2012,,,5,pass,-0.013339519500732422,False,90.0
2011,Ryan Lindley,San Diego State,2012,,,0,pass,-1.9065170288085938,False,46.0
2011,Ryan Lindley,San Diego State,2012,,,0,pass,-0.5311022996902466,False,52.0
2011,Ryan Lindley,San Diego State,2012,,,13,pass,2.232036590576172,False,65.0
2011,Ryan Lindley,San Diego State,2012,,,13,pass,1.8543760776519775,False,80.0
2011,Ryan Lindley,San Diego State,2012,,,6,pass,3.1122474670410156,True,6.0
2011,Ryan Lindley,San Diego State,2012,,,10,pass,1.9324697256088257,False,54.0
2011,Ryan Lindley,San Diego State,2012,,,0,pass,-0.818081259727478,False,54.0
2011,Ryan Lindley,San Diego State,2012,,,0,pass,-0.576962947845459,False,54.0
2011,Ryan Lindley,San Diego State,2012,,,10,pass,0.04095292091369629,False,16.0
2011,Ryan Lindley,San Diego State,2012,,,0,pass,-0.7466812133789062,False,16.0
2011,Ryan Lindley,San Diego State,2012,,,8,pass,0.6438283920288086,False,26.0
2011,Ryan Lindley,San Diego State,2012,,,27,pass,2.3837766647338867,False,53.0
2011,Ryan Lindley,San Diego State,2012,,,0,pass,-0.644963264465332,False,53.0
2011,Ryan Lindley,San Diego State,2012,,,15,pass,3.238538980484009,True,15.0
2011,Ryan Lindley,San Diego State,2012,,,3,pass,-0.5201740264892578,False,18.0
2011,Ryan Lindley,San Diego State,2012,,,18,pass,1.4408475160598755,False,53.0
2011,Ryan Lindley,San Diego State,2012,,,0,pass,-1.8883452415466309,False,43.0
2011,Ryan Lindley,San Diego State,2012,,,0,pass,-1.0614752769470215,False,43.0
2011,Ryan Lindley,San Diego State,2012,,,0,pass,-0.05312018841505051,False,75.0
2011,Ryan Lindley,San Diego State,2012,,,14,pass,0.05964958295226097,False,89.0
2011,Ryan Lindley,San Diego State,2012,,,0,pass,-0.6509603261947632,False,71.0
2011,Ryan Lindley,San Diego State,2012,,,0,pass,-0.2689424157142639,False,71.0
2011,Ryan Lindley,San Diego State,2012,,,0,pass,-0.4383038878440857,False,71.0
2011,Ryan Lindley,San Diego State,2012,,,0,pass,-1.1850125789642334,False,76.0
2011,Ryan Lindley,San Diego State,2012,,,0,pass,-0.5853323936462402,False,79.0
2011,Ryan Lindley,San Diego State,2012,,,0,pass,-3.0677647590637207,False,25.0
2011,Ryan Lindley,San Diego State,2012,,,0,pass,-1.6155537366867065,False,25.0
2011,Ryan Lindley,San Diego State,2012,,,21,pass,2.6798951625823975,False,53.0
2011,Ryan Lindley,San Diego State,2012,,,4,pass,-0.037567853927612305,False,58.0
2011,Ryan Lindley,San Diego State,2012,,,8,pass,0.7405678033828735,False,66.0
2011,Ryan Lindley,San Diego State,2012,,,8,pass,0.48571521043777466,False,84.0
2011,Ryan Lindley,San Diego State,2012,,,4,pass,-0.558901309967041,False,6.0
2011,Ryan Lindley,San Diego State,2012,,,11,pass,1.0954461097717285,False,66.0
2011,Ryan Lindley,San Diego State,2012,,,11,pass,0.40328359603881836,False,55.0
2011,Ryan Lindley,San Diego State,2012,,,0,pass,-0.41227221488952637,False,44.0
2011,Ryan Lindley,San Diego State,2012,,,0,pass,-0.6551107168197632,False,68.0
2011,Ryan Lindley,San Diego State,2012,,,0,pass,-2.180539608001709,False,65.0
2011,Ryan Lindley,San Diego State,2012,,,1,pass,-1.6565289497375488,False,53.0
2011,Ryan Lindley,San Diego State,2012,,,55,pass,3.317349910736084,False,69.0
2011,Ryan Lindley,San Diego State,2012,,,12,pass,1.2980852127075195,False,14.0
2011,Ryan Lindley,San Diego State,2012,,,0,pass,-1.1208900213241577,False,90.0
2011,Ryan Lindley,San Diego State,2012,,,4,pass,-0.7746243476867676,False,6.0
2011,Ryan Lindley,San Diego State,2012,,,0,pass,-2.8196444511413574,False,1.0
2011,Ryan Lindley,San Diego State,2012,,,0,pass,-1.5397319793701172,False,2.0
2011,Ryan Lindley,San Diego State,2012,,,45,pass,4.474478721618652,False,47.0
2011,Ryan Lindley,San Diego State,2012,,,18,pass,0.947767972946167,False,78.0
2011,Ryan Lindley,San Diego State,2012,,,0,pass,-1.0944916009902954,False,60.0
2011,Ryan Lindley,San Diego State,2012,,,22,pass,1.8868072032928467,False,69.0
2011,Ryan Lindley,San Diego State,2012,,,9,pass,1.1865781545639038,False,56.0
2011,Ryan Lindley,San Diego State,2012,,,0,pass,-0.7046623229980469,False,47.0
2011,Ryan Lindley,San Diego State,2012,,,13,pass,2.698421001434326,False,33.0
2011,Ryan Lindley,San Diego State,2012,,,0,pass,-0.6953363418579102,False,20.0
2011,Ryan Lindley,San Diego State,2012,,,2,pass,-0.39032500982284546,False,49.0
2011,Ryan Lindley,San Diego State,2012,,,0,pass,-1.690950632095337,False,47.0
2011,Ryan Lindley,San Diego State,2012,,,5,pass,-0.1442476511001587,False,70.0
2011,Ryan Lindley,San Diego State,2012,,,4,pass,-0.10274720191955566,False,39.0
2011,Ryan Lindley,San Diego State,2012,,,21,pass,3.669283866882324,False,31.0
2011,Ryan Lindley,San Diego State,2012,,,0,pass,-1.5588297843933105,False,3.0
2011,Ryan Lindley,San Diego State,2012,,,2,pass,-2.2401981353759766,False,3.0
2011,Ryan Lindley,San Diego State,2012,,,15,pass,0.8777557611465454,False,73.0
2011,Ryan Lindley,San Diego State,2012,,,10,pass,0.5699300765991211,False,48.0
2011,Ryan Lindley,San Diego State,2012,,,0,pass,-0.6171987056732178,False,38.0
2011,Ryan Lindley,San Diego State,2012,,,0,pass,-1.6595362424850464,False,34.0
2011,Ryan Lindley,San Diego State,2012,,,7,pass,0.29156696796417236,False,83.0
2011,Ryan Lindley,San Diego State,2012,,,10,pass,0.6457723379135132,False,64.0
2011,Ryan Lindley,San Diego State,2012,,,0,pass,-0.9591929316520691,False,52.0
2011,Ryan Lindley,San Diego State,2012,,,0,pass,-1.89499831199646,False,52.0
2011,Ryan Lindley,San Diego State,2012,,,12,pass,2.986182451248169,True,12.0
2011,Ryan Lindley,San Diego State,2012,,,3,pass,0.1452808380126953,False,15.0
2011,Ryan Lindley,San Diego State,2012,,,14,pass,1.3707420825958252,False,29.0
2011,Ryan Lindley,San Diego State,2012,,,12,pass,0.7291767597198486,False,56.0
2011,Ryan Lindley,San Diego State,2012,,,0,pass,-0.18929147720336914,False,56.0
2011,Ryan Lindley,San Diego State,2012,,,13,pass,0.17418234050273895,False,74.0
2011,Ryan Lindley,San Diego State,2012,,,0,pass,-0.5115052461624146,False,69.0
2011,Ryan Lindley,San Diego State,2012,,,0,pass,-0.5841959118843079,False,69.0
2011,Ryan Lindley,San Diego State,2012,,,11,pass,2.0924344062805176,False,16.0
2011,Ryan Lindley,San Diego State,2012,,,0,pass,-0.7781391143798828,False,16.0
2011,Ryan Lindley,San Diego State,2012,,,15,pass,0.9837274551391602,False,43.0
2011,Ryan Lindley,San Diego State,2012,,,12,pass,0.6739804744720459,False,55.0
2011,Ryan Lindley,San Diego State,2012,,,7,pass,-0.01879286766052246,False,26.0
2011,Ryan Lindley,San Diego State,2012,,,0,pass,-0.49845290184020996,False,23.0
2011,Ryan Lindley,San Diego State,2012,,,23,pass,1.6751470565795898,False,62.0
2011,Ryan Lindley,San Diego State,2012,,,32,pass,2.3644113540649414,False,58.0
2011,Ryan Lindley,San Diego State,2012,,,9,pass,2.096390962600708,False,67.0
2011,Ryan Lindley,San Diego State,2012,,,0,pass,-0.7615194916725159,False,70.0
2011,Ryan Lindley,San Diego State,2012,,,14,pass,1.1130390167236328,False,99.0
2011,Ryan Lindley,San Diego State,2012,,,0,pass,-1.1321768760681152,False,95.0
2011,Ryan Lindley,San Diego State,2012,,,16,pass,2.1000375747680664,True,16.0
2011,Ryan Lindley,San Diego State,2012,,,25,pass,2.0504636764526367,False,41.0
2011,Ryan Lindley,San Diego State,2012,,,7,pass,-0.19423747062683105,False,78.0
2011,Ryan Lindley,San Diego State,2012,,,0,pass,-0.10176816582679749,False,78.0
2011,Ryan Lindley,San Diego State,2012,,,15,pass,0.8788269758224487,False,93.0
2011,Ryan Lindley,San Diego State,2012,,,0,pass,-4.010463714599609,False,6.0
2011,Ryan Lindley,San Diego State,2012,,,0,pass,-0.5655336380004883,False,15.0
2011,Ryan Lindley,San Diego State,2012,,,19,pass,1.7888011932373047,False,34.0
2011,Ryan Lindley,San Diego State,2012,,,19,pass,2.3059942722320557,False,55.0
2011,Ryan Lindley,San Diego State,2012,,,0,pass,-0.767453134059906,False,55.0
2011,Ryan Lindley,San Diego State,2012,,,0,pass,-0.529167890548706,False,55.0
2011,Ryan Lindley,San Diego State,2012,,,10,pass,1.1544225215911865,False,50.0
2011,Ryan Lindley,San Diego State,2012,,,8,pass,1.9421260356903076,False,60.0
2011,Ryan Lindley,San Diego State,2012,,,0,pass,-0.8262927532196045,False,72.0
2011,Ryan Lindley,San Diego State,2012,,,0,pass,-1.3456203937530518,False,54.0
2011,Ryan Lindley,San Diego State,2012,,,0,pass,-0.919650137424469,False,54.0
2011,Ryan Lindley,San Diego State,2012,,,17,pass,0.9407720565795898,False,65.0
2011,Ryan Lindley,San Diego State,2012,,,16,pass,2.31828236579895,False,81.0
2011,Ryan Lindley,San Diego State,2012,,,0,pass,-1.2295863628387451,False,10.0
2011,Ryan Lindley,San Diego State,2012,,,0,pass,-0.3392043113708496,False,10.0
2011,Ryan Lindley,San Diego State,2012,,,46,pass,5.673676490783691,False,50.0
2011,Ryan Lindley,San Diego State,2012,,,0,pass,-1.9636163711547852,False,41.0
2011,Ryan Lindley,San Diego State,2012,,,18,pass,3.4177300930023193,False,59.0
2011,Ryan Lindley,San Diego State,2012,,,4,pass,-0.723006546497345,False,63.0
