season,player_name,college,draft_year,down,distance,yards_gained,play_type,epa,scoring,yards_to_goal
2011,Sean Mannion,Oregon State,2015,,,14,pass,1.278882384300232,False,80.0
2011,Sean Mannion,Oregon State,2015,,,13,pass,0.6512166261672974,False,66.0
2011,Sean Mannion,Oregon State,2015,,,0,pass,-0.5078980922698975,False,53.0
2011,Sean Mannion,Oregon State,2015,,,12,pass,1.0618269443511963,False,53.0
2011,Sean Mannion,Oregon State,2015,,,0,pass,-0.41411781311035156,False,41.0
2011,Sean Mannion,Oregon State,2015,,,12,pass,1.1246201992034912,False,41.0
2011,Sean Mannion,Oregon State,2015,,,8,pass,0.5543637275695801,False,29.0
2011,Sean Mannion,Oregon State,2015,,,69,pass,5.418239116668701,False,75.0
2011,Sean Mannion,Oregon State,2015,,,0,pass,-0.9402310848236084,False,77.0
2011,Sean Mannion,Oregon State,2015,,,5,pass,-0.46627354621887207,False,77.0
2011,Sean Mannion,Oregon State,2015,,,0,pass,-1.1127313375473022,False,38.0
2011,Sean Mannion,Oregon State,2015,,,10,pass,-0.18078775703907013,False,38.0
2011,Sean Mannion,Oregon State,2015,,,5,pass,0.4036886692047119,False,35.0
2011,Sean Mannion,Oregon State,2015,,,0,pass,-0.2712181806564331,False,35.0
2011,Sean Mannion,Oregon State,2015,,,15,pass,1.1295783519744873,False,45.0
2011,Sean Mannion,Oregon State,2015,,,2,pass,-2.135592460632324,False,21.0
2011,Sean Mannion,Oregon State,2015,,,0,pass,-1.2197779417037964,False,21.0
2011,Sean Mannion,Oregon State,2015,,,12,pass,0.6239508390426636,False,33.0
2011,Sean Mannion,Oregon State,2015,,,0,pass,-1.807878851890564,False,23.0
2011,Sean Mannion,Oregon State,2015,,,6,pass,0.8202619552612305,False,29.0
2011,Sean Mannion,Oregon State,2015,,,1,pass,0.3986213207244873,False,53.0
2011,Sean Mannion,Oregon State,2015,,,6,pass,0.5206756591796875,False,59.0
2011,Sean Mannion,Oregon State,2015,,,19,pass,0.7802963256835938,False,87.0
2011,Sean Mannion,Oregon State,2015,,,12,pass,0.5218654870986938,False,99.0
2011,Sean Mannion,Oregon State,2015,,,0,pass,-6.9157209396362305,False,10.0
2011,Sean Mannion,Oregon State,2015,,,0,pass,-0.786381721496582,False,22.0
2011,Sean Mannion,Oregon State,2015,,,15,pass,1.5509002208709717,False,37.0
2011,Sean Mannion,Oregon State,2015,,,28,pass,2.660388946533203,False,65.0
2011,Sean Mannion,Oregon State,2015,,,7,pass,1.2835168838500977,False,72.0
2011,Sean Mannion,Oregon State,2015,,,5,pass,0.031340956687927246,False,77.0
2011,Sean Mannion,Oregon State,2015,,,8,pass,-0.20685553550720215,False,64.0
2011,Sean Mannion,Oregon State,2015,,,0,pass,-0.6574556827545166,False,64.0
2011,Sean Mannion,Oregon State,2015,,,3,pass,-0.9759514331817627,False,46.0
2011,Sean Mannion,Oregon State,2015,,,-1,pass,-1.202568531036377,False,45.0
2011,Sean Mannion,Oregon State,2015,,,9,pass,2.200880527496338,False,54.0
2011,Sean Mannion,Oregon State,2015,,,12,pass,1.812481164932251,False,70.0
2011,Sean Mannion,Oregon State,2015,,,24,pass,0.5124877095222473,False,70.0
2011,Sean Mannion,Oregon State,2015,,,0,pass,-2.5908141136169434,False,59.0
2011,Sean Mannion,Oregon State,2015,,,32,pass,2.9486312866210938,False,98.0
2011,Sean Mannion,Oregon State,2015,,,3,pass,-0.5531916618347168,False,72.0
2011,Sean Mannion,Oregon State,2015,,,-1,pass,-1.151863932609558,False,74.0
2011,Sean Mannion,Oregon State,2015,,,7,pass,1.7299580574035645,False,81.0
2011,Sean Mannion,Oregon State,2015,,,0,pass,-1.927053689956665,False,47.0
2011,Sean Mannion,Oregon State,2015,,,6,pass,0.014626741409301758,False,53.0
2011,Sean Mannion,Oregon State,2015,,,9,pass,1.4920963048934937,False,62.0
2011,Sean Mannion,Oregon State,2015,,,0,pass,-0.7670501470565796,False,62.0
2011,Sean Mannion,Oregon State,2015,,,0,pass,-1.1757838726043701,False,82.0
2011,Sean Mannion,Oregon State,2015,,,0,pass,-0.7153066992759705,False,82.0
2011,Sean Mannion,Oregon State,2015,,,0,pass,-1.5902529954910278,False,58.0
2011,Sean Mannion,Oregon State,2015,,,0,pass,-0.6514439582824707,False,60.0
2011,Sean Mannion,Oregon State,2015,,,20,pass,1.3687280416488647,False,80.0
2011,Sean Mannion,Oregon State,2015,,,11,pass,0.8559741973876953,False,60.0
2011,Sean Mannion,Oregon State,2015,,,5,pass,-0.24105560779571533,False,49.0
2011,Sean Mannion,Oregon State,2015,,,7,pass,1.4057332277297974,False,44.0
2011,Sean Mannion,Oregon State,2015,,,13,pass,0.7075583934783936,False,37.0
2011,Sean Mannion,Oregon State,2015,,,0,pass,-0.7369749546051025,False,24.0
2011,Sean Mannion,Oregon State,2015,,,2,pass,-1.0491400957107544,False,24.0
2011,Sean Mannion,Oregon State,2015,,,0,pass,-2.8670904636383057,False,22.0
2011,Sean Mannion,Oregon State,2015,,,7,pass,0.4716935157775879,False,43.0
2011,Sean Mannion,Oregon State,2015,,,4,pass,0.11341547966003418,False,38.0
2011,Sean Mannion,Oregon State,2015,,,45,pass,4.413383483886719,True,45.0
2011,Sean Mannion,Oregon State,2015,,,4,pass,-0.5563668012619019,False,61.0
2011,Sean Mannion,Oregon State,2015,,,0,pass,-0.9065424203872681,False,57.0
2011,Sean Mannion,Oregon State,2015,,,11,pass,2.0530238151550293,False,57.0
2011,Sean Mannion,Oregon State,2015,,,0,pass,-0.5817614197731018,False,63.0
2011,Sean Mannion,Oregon State,2015,,,10,pass,1.2696986198425293,False,63.0
2011,Sean Mannion,Oregon State,2015,,,0,pass,-0.9915940761566162,False,54.0
2011,Sean Mannion,Oregon State,2015,,,10,pass,0.9276777505874634,False,54.0
2011,Sean Mannion,Oregon State,2015,,,7,pass,1.9523168802261353,False,75.0
2011,Sean Mannion,Oregon State,2015,,,0,pass,-0.7403416633605957,False,16.0
2011,Sean Mannion,Oregon State,2015,,,3,pass,-3.11383318901062,False,16.0
2011,Sean Mannion,Oregon State,2015,,,6,pass,0.08492352813482285,False,78.0
2011,Sean Mannion,Oregon State,2015,,,10,pass,1.4384030103683472,False,72.0
2011,Sean Mannion,Oregon State,2015,,,0,pass,-0.5508220195770264,False,62.0
2011,Sean Mannion,Oregon State,2015,,,0,pass,-0.514317512512207,False,62.0
2011,Sean Mannion,Oregon State,2015,,,20,pass,1.3429248332977295,False,55.0
2011,Sean Mannion,Oregon State,2015,,,0,pass,-0.5954203605651855,False,35.0
2011,Sean Mannion,Oregon State,2015,,,0,pass,-1.0078246593475342,False,48.0
2011,Sean Mannion,Oregon State,2015,,,0,pass,-1.7663915157318115,False,68.0
2011,Sean Mannion,Oregon State,2015,,,17,pass,3.3182373046875,False,72.0
2011,Sean Mannion,Oregon State,2015,,,0,pass,-1.2327969074249268,False,90.0
2011,Sean Mannion,Oregon State,2015,,,10,pass,1.7773468494415283,False,86.0
2011,Sean Mannion,Oregon State,2015,,,31,pass,3.8643462657928467,False,66.0
2011,Sean Mannion,Oregon State,2015,,,8,pass,-0.21900320053100586,False,45.0
2011,Sean Mannion,Oregon State,2015,,,14,pass,1.9851422309875488,False,37.0
2011,Sean Mannion,Oregon State,2015,,,0,pass,-0.741086483001709,False,17.0
2011,Sean Mannion,Oregon State,2015,,,12,pass,1.7004919052124023,False,17.0
2011,Sean Mannion,Oregon State,2015,,,0,pass,-1.419511318206787,False,8.0
2011,Sean Mannion,Oregon State,2015,,,0,pass,0.04852655902504921,False,85.0
2011,Sean Mannion,Oregon State,2015,,,7,pass,0.06570017337799072,False,92.0
2011,Sean Mannion,Oregon State,2015,,,15,pass,1.9816138744354248,False,85.0
2011,Sean Mannion,Oregon State,2015,,,8,pass,0.7110779881477356,False,70.0
2011,Sean Mannion,Oregon State,2015,,,5,pass,0.2577517032623291,False,51.0
2011,Sean Mannion,Oregon State,2015,,,4,pass,-0.2551891803741455,False,46.0
2011,Sean Mannion,Oregon State,2015,,,2,pass,1.6092416048049927,False,42.0
2011,Sean Mannion,Oregon State,2015,,,0,pass,-1.8034112453460693,False,25.0
2011,Sean Mannion,Oregon State,2015,,,0,pass,-0.35012301802635193,False,76.0
2011,Sean Mannion,Oregon State,2015,,,0,pass,-0.8274427056312561,False,76.0
2011,Sean Mannion,Oregon State,2015,,,3,pass,-0.8130896091461182,False,76.0
2011,Sean Mannion,Oregon State,2015,,,21,pass,3.35131573677063,False,58.0
2011,Sean Mannion,Oregon State,2015,,,0,pass,-0.6137251257896423,False,67.0
2011,Sean Mannion,Oregon State,2015,,,4,pass,-0.6028661727905273,False,62.0
2011,Sean Mannion,Oregon State,2015,,,15,pass,0.8140794038772583,False,89.0
2011,Sean Mannion,Oregon State,2015,,,0,pass,-0.6224480271339417,False,73.0
2011,Sean Mannion,Oregon State,2015,,,2,pass,-0.7832369208335876,False,73.0
2011,Sean Mannion,Oregon State,2015,,,0,pass,-0.9390671253204346,False,81.0
2011,Sean Mannion,Oregon State,2015,,,3,pass,-0.452691912651062,False,81.0
2011,Sean Mannion,Oregon State,2015,,,2,pass,-1.7869915962219238,False,78.0
2011,Sean Mannion,Oregon State,2015,,,0,pass,-0.8365030288696289,False,88.0
2011,Sean Mannion,Oregon State,2015,,,5,pass,1.6138906478881836,True,5.0
2011,Sean Mannion,Oregon State,2015,,,5,pass,0.16630136966705322,False,57.0
2011,Sean Mannion,Oregon State,2015,,,0,pass,-0.5683486461639404,False,52.0
2011,Sean Mannion,Oregon State,2015,,,5,pass,-0.23610162734985352,False,52.0
2011,Sean Mannion,Oregon State,2015,,,0,pass,-2.762568712234497,False,47.0
2011,Sean Mannion,Oregon State,2015,,,0,pass,-0.14852674305438995,False,80.0
2011,Sean Mannion,Oregon State,2015,,,0,pass,-0.32492899894714355,False,80.0
2011,Sean Mannion,Oregon State,2015,,,25,pass,1.4041258096694946,False,80.0
2011,Sean Mannion,Oregon State,2015,,,14,pass,1.1399375200271606,False,88.0
2011,Sean Mannion,Oregon State,2015,,,19,pass,1.2116429805755615,False,74.0
2011,Sean Mannion,Oregon State,2015,,,7,pass,0.2224178910255432,False,60.0
2011,Sean Mannion,Oregon State,2015,,,16,pass,2.3441905975341797,False,53.0
2011,Sean Mannion,Oregon State,2015,,,0,pass,-0.4697718620300293,False,37.0
2011,Sean Mannion,Oregon State,2015,,,0,pass,-0.52081298828125,False,20.0
2011,Sean Mannion,Oregon State,2015,,,0,pass,-1.3618583679199219,False,17.0
2011,Sean Mannion,Oregon State,2015,,,0,pass,-0.01802647113800049,False,80.0
2011,Sean Mannion,Oregon State,2015,,,-3,pass,-1.3033170700073242,False,80.0
2011,Sean Mannion,Oregon State,2015,,,11,pass,-0.2967156171798706,False,83.0
2011,Sean Mannion,Oregon State,2015,,,0,pass,-0.5722310543060303,False,35.0
2011,Sean Mannion,Oregon State,2015,,,0,pass,-0.8404049873352051,False,35.0
2011,Sean Mannion,Oregon State,2015,,,0,pass,-1.6531411409378052,False,40.0
2011,Sean Mannion,Oregon State,2015,,,14,pass,0.7340230941772461,False,68.0
2011,Sean Mannion,Oregon State,2015,,,19,pass,1.0031557083129883,False,54.0
2011,Sean Mannion,Oregon State,2015,,,0,pass,-0.9849526882171631,False,25.0
2011,Sean Mannion,Oregon State,2015,,,10,pass,0.4981248378753662,False,64.0
2011,Sean Mannion,Oregon State,2015,,,6,pass,0.2311694622039795,False,52.0
2011,Sean Mannion,Oregon State,2015,,,19,pass,1.8791508674621582,False,46.0
2011,Sean Mannion,Oregon State,2015,,,2,pass,-0.5218260288238525,False,27.0
2011,Sean Mannion,Oregon State,2015,,,6,pass,-1.512397289276123,False,10.0
2011,Sean Mannion,Oregon State,2015,,,7,pass,0.49204015731811523,False,25.0
2011,Sean Mannion,Oregon State,2015,,,0,pass,-0.8268337249755859,False,17.0
2011,Sean Mannion,Oregon State,2015,,,0,pass,-1.3582723140716553,False,17.0
2011,Sean Mannion,Oregon State,2015,,,6,pass,-1.2132129669189453,False,53.0
2011,Sean Mannion,Oregon State,2015,,,10,pass,0.44362592697143555,False,63.0
2011,Sean Mannion,Oregon State,2015,,,10,pass,1.3785518407821655,False,53.0
2011,Sean Mannion,Oregon State,2015,,,0,pass,-0.6570398807525635,False,43.0
2011,Sean Mannion,Oregon State,2015,,,21,pass,1.9580929279327393,False,43.0
2011,Sean Mannion,Oregon State,2015,,,8,pass,1.0144381523132324,False,76.0
2011,Sean Mannion,Oregon State,2015,,,0,pass,-1.0428392887115479,False,68.0
2011,Sean Mannion,Oregon State,2015,,,0,pass,-1.9516839981079102,False,68.0
2011,Sean Mannion,Oregon State,2015,,,2,pass,3.4742331504821777,True,2.0
2011,Sean Mannion,Oregon State,2015,,,7,pass,0.4719808101654053,False,42.0
2011,Sean Mannion,Oregon State,2015,,,8,pass,1.044459581375122,False,35.0
2011,Sean Mannion,Oregon State,2015,,,9,pass,0.7408885955810547,False,27.0
2011,Sean Mannion,Oregon State,2015,,,6,pass,-1.370100975036621,False,8.0
2011,Sean Mannion,Oregon State,2015,,,-1,pass,-0.8882836103439331,False,24.0
2011,Sean Mannion,Oregon State,2015,,,5,pass,1.5267927646636963,False,49.0
2011,Sean Mannion,Oregon State,2015,,,13,pass,1.7972667217254639,False,31.0
2011,Sean Mannion,Oregon State,2015,,,23,pass,0.9944312572479248,False,79.0
2011,Sean Mannion,Oregon State,2015,,,21,pass,0.735663890838623,False,44.0
2011,Sean Mannion,Oregon State,2015,,,5,pass,-1.0545992851257324,False,8.0
2011,Sean Mannion,Oregon State,2015,,,0,pass,-3.1542303562164307,False,3.0
2011,Sean Mannion,Oregon State,2015,,,4,pass,-1.2186230421066284,False,55.0
2011,Sean Mannion,Oregon State,2015,,,3,pass,2.0131964683532715,True,3.0
2011,Sean Mannion,Oregon State,2015,,,13,pass,1.0293211936950684,False,36.0
2011,Sean Mannion,Oregon State,2015,,,0,pass,-0.4995276927947998,False,22.0
2011,Sean Mannion,Oregon State,2015,,,15,pass,2.621886968612671,False,22.0
2011,Sean Mannion,Oregon State,2015,,,16,pass,0.9012622833251953,False,39.0
2011,Sean Mannion,Oregon State,2015,,,0,pass,-1.3251817226409912,False,71.0
2011,Sean Mannion,Oregon State,2015,,,3,pass,-0.3658108711242676,False,56.0
2011,Sean Mannion,Oregon State,2015,,,13,pass,-0.10697922110557556,False,62.0
2011,Sean Mannion,Oregon State,2015,,,20,pass,1.2393624782562256,False,36.0
2011,Sean Mannion,Oregon State,2015,,,-4,pass,-1.310722827911377,False,16.0
2011,Sean Mannion,Oregon State,2015,,,0,pass,-0.6962363719940186,False,20.0
2011,Sean Mannion,Oregon State,2015,,,0,pass,-0.6664056777954102,False,20.0
2011,Sean Mannion,Oregon State,2015,,,5,pass,0.33577919006347656,False,28.0
2011,Sean Mannion,Oregon State,2015,,,8,pass,0.6264996528625488,False,23.0
2011,Sean Mannion,Oregon State,2015,,,6,pass,0.7452921867370605,False,15.0
2011,Sean Mannion,Oregon State,2015,,,-2,pass,-0.9889328479766846,False,92.0
2011,Sean Mannion,Oregon State,2015,,,25,pass,3.020397186279297,False,94.0
2011,Sean Mannion,Oregon State,2015,,,7,pass,-0.022346951067447662,False,75.0
2011,Sean Mannion,Oregon State,2015,,,12,pass,2.532676935195923,False,68.0
2011,Sean Mannion,Oregon State,2015,,,0,pass,-0.6356594562530518,False,56.0
2011,Sean Mannion,Oregon State,2015,,,11,pass,1.3319177627563477,False,56.0
2011,Sean Mannion,Oregon State,2015,,,6,pass,0.8501287698745728,False,74.0
2011,Sean Mannion,Oregon State,2015,,,4,pass,-1.1595299243927002,False,65.0
2011,Sean Mannion,Oregon State,2015,,,4,pass,-0.20617693662643433,False,78.0
2011,Sean Mannion,Oregon State,2015,,,4,pass,-0.6041979789733887,False,18.0
2011,Sean Mannion,Oregon State,2015,,,0,pass,-0.4607677459716797,False,18.0
2011,Sean Mannion,Oregon State,2015,,,22,pass,2.4270572662353516,False,40.0
2011,Sean Mannion,Oregon State,2015,,,-1,pass,-0.7938655614852905,False,39.0
2011,Sean Mannion,Oregon State,2015,,,7,pass,1.5265289545059204,False,46.0
2011,Sean Mannion,Oregon State,2015,,,9,pass,0.3634747266769409,False,55.0
2011,Sean Mannion,Oregon State,2015,,,10,pass,2.2612221240997314,False,65.0
2011,Sean Mannion,Oregon State,2015,,,5,pass,-0.46485817432403564,False,70.0
2011,Sean Mannion,Oregon State,2015,,,3,pass,-0.3063291311264038,False,73.0
2011,Sean Mannion,Oregon State,2015,,,0,pass,-0.3949050307273865,False,73.0
2011,Sean Mannion,Oregon State,2015,,,0,pass,-0.7245237827301025,False,26.0
2011,Sean Mannion,Oregon State,2015,,,4,pass,-0.15488672256469727,False,30.0
2011,Sean Mannion,Oregon State,2015,,,17,pass,1.4604427814483643,False,47.0
2011,Sean Mannion,Oregon State,2015,,,2,pass,-0.5559046268463135,False,49.0
2011,Sean Mannion,Oregon State,2015,,,11,pass,1.3051066398620605,False,60.0
2011,Sean Mannion,Oregon State,2015,,,22,pass,1.613440990447998,False,83.0
2011,Sean Mannion,Oregon State,2015,,,59,pass,4.961533546447754,True,59.0
2011,Sean Mannion,Oregon State,2015,,,14,pass,0.9323545694351196,False,73.0
2011,Sean Mannion,Oregon State,2015,,,-2,pass,-5.2826995849609375,False,63.0
2011,Sean Mannion,Oregon State,2015,,,5,pass,0.1323769986629486,False,75.0
2011,Sean Mannion,Oregon State,2015,,,6,pass,0.5245194435119629,False,39.0
2011,Sean Mannion,Oregon State,2015,,,0,pass,-0.8860749006271362,False,24.0
2011,Sean Mannion,Oregon State,2015,,,6,pass,0.44670891761779785,False,30.0
2011,Sean Mannion,Oregon State,2015,,,0,pass,-1.3315532207489014,False,27.0
2011,Sean Mannion,Oregon State,2015,,,4,pass,-0.3902463912963867,False,5.0
2011,Sean Mannion,Oregon State,2015,,,26,pass,3.491124153137207,False,30.0
2011,Sean Mannion,Oregon State,2015,,,16,pass,2.160391330718994,False,35.0
2011,Sean Mannion,Oregon State,2015,,,0,pass,-0.7910513877868652,False,35.0
2011,Sean Mannion,Oregon State,2015,,,19,pass,3.4070892333984375,False,59.0
2011,Sean Mannion,Oregon State,2015,,,0,pass,-0.8074607849121094,False,59.0
2011,Sean Mannion,Oregon State,2015,,,16,pass,2.6810660362243652,False,40.0
2011,Sean Mannion,Oregon State,2015,,,1,pass,-0.8150360584259033,False,41.0
2011,Sean Mannion,Oregon State,2015,,,0,pass,-1.122509479522705,False,60.0
2011,Sean Mannion,Oregon State,2015,,,1,pass,-0.8628928661346436,False,61.0
2011,Sean Mannion,Oregon State,2015,,,0,pass,-0.7021487355232239,False,61.0
2011,Sean Mannion,Oregon State,2015,,,19,pass,3.4393200874328613,False,75.0
2011,Sean Mannion,Oregon State,2015,,,0,pass,-1.4112950563430786,False,73.0
2011,Sean Mannion,Oregon State,2015,,,18,pass,1.8949222564697266,True,18.0
2011,Sean Mannion,Oregon State,2015,,,20,pass,1.3798494338989258,False,63.0
2011,Sean Mannion,Oregon State,2015,,,0,pass,-0.5230257511138916,False,43.0
2011,Sean Mannion,Oregon State,2015,,,21,pass,2.4033896923065186,False,39.0
2011,Sean Mannion,Oregon State,2015,,,0,pass,-1.778674840927124,False,8.0
2011,Sean Mannion,Oregon State,2015,,,4,pass,-0.6743724346160889,False,99.0
2011,Sean Mannion,Oregon State,2015,,,0,pass,-1.0972342491149902,False,95.0
2011,Sean Mannion,Oregon State,2015,,,14,pass,2.319664716720581,False,95.0
2011,Sean Mannion,Oregon State,2015,,,10,pass,0.6345105171203613,False,82.0
2011,Sean Mannion,Oregon State,2015,,,11,pass,2.1208229064941406,False,77.0
2011,Sean Mannion,Oregon State,2015,,,2,pass,-0.5481841564178467,False,66.0
2011,Sean Mannion,Oregon State,2015,,,3,pass,0.8479931354522705,False,53.0
2011,Sean Mannion,Oregon State,2015,,,20,pass,1.0970582962036133,False,35.0
2011,Sean Mannion,Oregon State,2015,,,7,pass,0.25893545150756836,False,15.0
2011,Sean Mannion,Oregon State,2015,,,25,pass,2.052529811859131,True,25.0
2011,Sean Mannion,Oregon State,2015,,,9,pass,0.3125483989715576,False,63.0
2011,Sean Mannion,Oregon State,2015,,,5,pass,1.3245630264282227,False,54.0
2011,Sean Mannion,Oregon State,2015,,,7,pass,0.12089037895202637,False,44.0
2011,Sean Mannion,Oregon State,2015,,,12,pass,0.9384357929229736,False,37.0
2011,Sean Mannion,Oregon State,2015,,,0,pass,-0.9659523963928223,False,9.0
2011,Sean Mannion,Oregon State,2015,,,21,pass,3.3939480781555176,False,69.0
2011,Sean Mannion,Oregon State,2015,,,0,pass,-0.5145835876464844,False,33.0
2011,Sean Mannion,Oregon State,2015,,,12,pass,2.5404891967773438,True,12.0
2011,Sean Mannion,Oregon State,2015,,,15,pass,2.0711936950683594,False,81.0
2011,Sean Mannion,Oregon State,2015,,,38,pass,2.933061122894287,False,65.0
2011,Sean Mannion,Oregon State,2015,,,13,pass,0.6840953826904297,False,27.0
2011,Sean Mannion,Oregon State,2015,,,11,pass,1.1195616722106934,False,63.0
2011,Sean Mannion,Oregon State,2015,,,31,pass,2.964230537414551,True,31.0
2011,Sean Mannion,Oregon State,2015,,,37,pass,2.0438969135284424,False,76.0
2011,Sean Mannion,Oregon State,2015,,,0,pass,-0.6915290355682373,False,31.0
2011,Sean Mannion,Oregon State,2015,,,11,pass,0.07665559649467468,False,80.0
2011,Sean Mannion,Oregon State,2015,,,8,pass,0.7808694243431091,False,69.0
2011,Sean Mannion,Oregon State,2015,,,6,pass,-0.004943490028381348,False,61.0
2011,Sean Mannion,Oregon State,2015,,,0,pass,-1.6272895336151123,False,55.0
2011,Sean Mannion,Oregon State,2015,,,0,pass,-0.23615866899490356,False,80.0
2011,Sean Mannion,Oregon State,2015,,,11,pass,2.705505847930908,False,67.0
2011,Sean Mannion,Oregon State,2015,,,0,pass,-2.721212863922119,False,51.0
2011,Sean Mannion,Oregon State,2015,,,0,pass,-1.6368556022644043,False,65.0
2011,Sean Mannion,Oregon State,2015,,,0,pass,-0.802924633026123,False,67.0
2011,Sean Mannion,Oregon State,2015,,,0,pass,-0.8174481391906738,False,67.0
2011,Sean Mannion,Oregon State,2015,,,9,pass,1.0404438972473145,False,12.0
2011,Sean Mannion,Oregon State,2015,,,3,pass,1.336000919342041,True,3.0
2011,Sean Mannion,Oregon State,2015,,,28,pass,2.6149511337280273,False,60.0
2011,Sean Mannion,Oregon State,2015,,,6,pass,0.40484070777893066,False,16.0
2011,Sean Mannion,Oregon State,2015,,,0,pass,-3.238225221633911,False,10.0
2011,Sean Mannion,Oregon State,2015,,,10,pass,0.744835376739502,False,72.0
2011,Sean Mannion,Oregon State,2015,,,0,pass,-0.8353241682052612,False,63.0
2011,Sean Mannion,Oregon State,2015,,,16,pass,3.3986856937408447,False,63.0
2011,Sean Mannion,Oregon State,2015,,,0,pass,-2.9085631370544434,False,38.0
2011,Sean Mannion,Oregon State,2015,,,4,pass,-0.2166157364845276,False,49.0
2011,Sean Mannion,Oregon State,2015,,,7,pass,1.1409509181976318,False,45.0
2011,Sean Mannion,Oregon State,2015,,,-1,pass,-1.317954659461975,False,38.0
2011,Sean Mannion,Oregon State,2015,,,0,pass,-0.47773081064224243,False,80.0
2011,Sean Mannion,Oregon State,2015,,,6,pass,-0.09451551735401154,False,80.0
2011,Sean Mannion,Oregon State,2015,,,0,pass,-1.6167818307876587,False,74.0
2011,Sean Mannion,Oregon State,2015,,,8,pass,2.2293150424957275,False,66.0
2011,Sean Mannion,Oregon State,2015,,,0,pass,-2.5364410877227783,False,51.0
2011,Sean Mannion,Oregon State,2015,,,11,pass,0.7443720102310181,False,80.0
2011,Sean Mannion,Oregon State,2015,,,0,pass,-0.7576115131378174,False,66.0
2011,Sean Mannion,Oregon State,2015,,,0,pass,-0.4034948945045471,False,80.0
2011,Sean Mannion,Oregon State,2015,,,0,pass,-1.2056175470352173,False,77.0
2011,Sean Mannion,Oregon State,2015,,,2,pass,-0.571870744228363,False,88.0
2011,Sean Mannion,Oregon State,2015,,,9,pass,-0.24874401092529297,False,96.0
2011,Sean Mannion,Oregon State,2015,,,3,pass,-0.48101162910461426,False,40.0
2011,Sean Mannion,Oregon State,2015,,,0,pass,-4.132603168487549,False,37.0
2011,Sean Mannion,Oregon State,2015,,,4,pass,-0.2179926633834839,False,82.0
2011,Sean Mannion,Oregon State,2015,,,11,pass,1.5141628980636597,False,78.0
2011,Sean Mannion,Oregon State,2015,,,0,pass,-0.7280516028404236,False,67.0
2011,Sean Mannion,Oregon State,2015,,,6,pass,0.06952476501464844,False,46.0
2011,Sean Mannion,Oregon State,2015,,,3,pass,1.5443670749664307,False,84.0
2011,Sean Mannion,Oregon State,2015,,,0,pass,-0.6399086713790894,False,66.0
2011,Sean Mannion,Oregon State,2015,,,0,pass,-1.8009793758392334,False,58.0
2011,Sean Mannion,Oregon State,2015,,,8,pass,0.9374669790267944,False,78.0
2011,Sean Mannion,Oregon State,2015,,,19,pass,2.100689649581909,False,75.0
2011,Sean Mannion,Oregon State,2015,,,16,pass,2.7881739139556885,False,56.0
2011,Sean Mannion,Oregon State,2015,,,0,pass,-0.8938634395599365,False,33.0
2011,Sean Mannion,Oregon State,2015,,,0,pass,-3.0720908641815186,False,33.0
2011,Sean Mannion,Oregon State,2015,,,0,pass,-5.618555068969727,False,22.0
2011,Sean Mannion,Oregon State,2015,,,8,pass,-0.03412222862243652,False,30.0
2011,Sean Mannion,Oregon State,2015,,,0,pass,-2.641695737838745,False,30.0
2011,Sean Mannion,Oregon State,2015,,,0,pass,-1.9941246509552002,False,30.0
2011,Sean Mannion,Oregon State,2015,,,29,pass,2.1295313835144043,False,59.0
2011,Sean Mannion,Oregon State,2015,,,16,pass,1.1123056411743164,False,75.0
2011,Sean Mannion,Oregon State,2015,,,3,pass,-0.7746711373329163,False,48.0
2011,Sean Mannion,Oregon State,2015,,,0,pass,-0.7533525228500366,False,48.0
2011,Sean Mannion,Oregon State,2015,,,14,pass,1.1971004009246826,False,62.0
2011,Sean Mannion,Oregon State,2015,,,8,pass,0.7125337719917297,False,75.0
2011,Sean Mannion,Oregon State,2015,,,0,pass,-1.7273895740509033,False,60.0
2011,Sean Mannion,Oregon State,2015,,,0,pass,-0.6112058162689209,False,60.0
2011,Sean Mannion,Oregon State,2015,,,0,pass,-1.5705803632736206,False,65.0
2011,Sean Mannion,Oregon State,2015,,,13,pass,1.570580244064331,False,68.0
2011,Sean Mannion,Oregon State,2015,,,0,pass,-1.325706958770752,False,68.0
2011,Sean Mannion,Oregon State,2015,,,4,pass,0.47096627950668335,False,72.0
2011,Sean Mannion,Oregon State,2015,,,11,pass,0.552945613861084,False,91.0
2011,Sean Mannion,Oregon State,2015,,,42,pass,4.339915752410889,False,44.0
2011,Sean Mannion,Oregon State,2015,,,3,pass,-0.3623464107513428,False,47.0
2011,Sean Mannion,Oregon State,2015,,,12,pass,1.4745056629180908,False,64.0
2011,Sean Mannion,Oregon State,2015,,,0,pass,0.6435574293136597,False,33.0
2011,Sean Mannion,Oregon State,2015,,,16,pass,0.7533115148544312,False,44.0
2011,Sean Mannion,Oregon State,2015,,,15,pass,3.2512447834014893,True,15.0
2011,Sean Mannion,Oregon State,2015,,,31,pass,2.001302719116211,False,44.0
2011,Sean Mannion,Oregon State,2015,,,0,pass,-1.6857154369354248,False,73.0
2011,Sean Mannion,Oregon State,2015,,,0,pass,-0.6352941393852234,False,81.0
2011,Sean Mannion,Oregon State,2015,,,0,pass,-1.7927018404006958,False,36.0
2011,Sean Mannion,Oregon State,2015,,,2,pass,-0.743919849395752,False,38.0
2011,Sean Mannion,Oregon State,2015,,,0,pass,-1.7884392738342285,False,65.0
2011,Sean Mannion,Oregon State,2015,,,25,pass,3.923931121826172,False,95.0
2011,Sean Mannion,Oregon State,2015,,,0,pass,-2.0671026706695557,False,88.0
2011,Sean Mannion,Oregon State,2015,,,0,pass,-0.6562780737876892,False,77.0
2011,Sean Mannion,Oregon State,2015,,,0,pass,-0.5744064450263977,False,77.0
2011,Sean Mannion,Oregon State,2015,,,17,pass,1.7134442329406738,False,77.0
2011,Sean Mannion,Oregon State,2015,,,8,pass,0.14089810848236084,False,60.0
2011,Sean Mannion,Oregon State,2015,,,0,pass,-0.47053802013397217,False,52.0
2011,Sean Mannion,Oregon State,2015,,,16,pass,1.4323409795761108,False,52.0
2011,Sean Mannion,Oregon State,2015,,,3,pass,0.14115393161773682,False,41.0
2011,Sean Mannion,Oregon State,2015,,,5,pass,0.28442561626434326,False,38.0
2011,Sean Mannion,Oregon State,2015,,,11,pass,0.7626409530639648,False,22.0
2011,Sean Mannion,Oregon State,2015,,,1,pass,-0.6166896820068359,False,11.0
2011,Sean Mannion,Oregon State,2015,,,0,pass,-0.8652470111846924,False,10.0
2011,Sean Mannion,Oregon State,2015,,,0,pass,-0.6441770195960999,False,54.0
2011,Sean Mannion,Oregon State,2015,,,18,pass,2.1286730766296387,False,54.0
2011,Sean Mannion,Oregon State,2015,,,0,pass,-0.7066018581390381,False,36.0
2011,Sean Mannion,Oregon State,2015,,,14,pass,1.9193916320800781,False,36.0
2011,Sean Mannion,Oregon State,2015,,,7,pass,0.4842846393585205,False,49.0
2011,Sean Mannion,Oregon State,2015,,,0,pass,-1.9855601787567139,False,43.0
2011,Sean Mannion,Oregon State,2015,,,0,pass,-0.796840488910675,False,60.0
2011,Sean Mannion,Oregon State,2015,,,18,pass,1.6431996822357178,False,35.0
2011,Sean Mannion,Oregon State,2015,,,6,pass,-0.0383324921131134,False,46.0
2011,Sean Mannion,Oregon State,2015,,,12,pass,-0.052012622356414795,False,67.0
2011,Sean Mannion,Oregon State,2015,,,0,pass,-0.4465733766555786,False,29.0
2011,Sean Mannion,Oregon State,2015,,,1,pass,-0.12558794021606445,False,34.0
2011,Sean Mannion,Oregon State,2015,,,4,pass,0.18297290802001953,False,33.0
2011,Sean Mannion,Oregon State,2015,,,5,pass,0.027384161949157715,False,72.0
2011,Sean Mannion,Oregon State,2015,,,21,pass,1.3899121284484863,False,55.0
2011,Sean Mannion,Oregon State,2015,,,19,pass,2.6494860649108887,False,70.0
2011,Sean Mannion,Oregon State,2015,,,6,pass,1.297757625579834,False,46.0
2011,Sean Mannion,Oregon State,2015,,,0,pass,-1.2931123971939087,False,78.0
2011,Sean Mannion,Oregon State,2015,,,0,pass,-1.7117345333099365,False,80.0
2011,Sean Mannion,Oregon State,2015,,,11,pass,-0.5175832509994507,False,89.0
2011,Sean Mannion,Oregon State,2015,,,3,pass,1.702661156654358,False,59.0
2011,Sean Mannion,Oregon State,2015,,,6,pass,0.2344205379486084,False,41.0
2011,Sean Mannion,Oregon State,2015,,,0,pass,-0.812645673751831,False,35.0
2011,Sean Mannion,Oregon State,2015,,,6,pass,1.2107925415039062,False,35.0
2011,Sean Mannion,Oregon State,2015,,,0,pass,-2.4965274333953857,False,30.0
2011,Sean Mannion,Oregon State,2015,,,22,pass,2.475515842437744,False,35.0
2011,Sean Mannion,Oregon State,2015,,,2,pass,-2.844473123550415,False,17.0
2011,Sean Mannion,Oregon State,2015,,,0,pass,-0.48009511828422546,False,99.0
2011,Sean Mannion,Oregon State,2015,,,52,pass,3.5723631381988525,False,99.0
2011,Sean Mannion,Oregon State,2015,,,14,pass,1.799823522567749,False,34.0
2011,Sean Mannion,Oregon State,2015,,,0,pass,-0.8279733657836914,False,15.0
2011,Sean Mannion,Oregon State,2015,,,8,pass,0.6105711460113525,False,79.0
2011,Sean Mannion,Oregon State,2015,,,3,pass,0.6899086236953735,False,70.0
2011,Sean Mannion,Oregon State,2015,,,0,pass,-0.7521117925643921,False,72.0
2011,Sean Mannion,Oregon State,2015,,,11,pass,0.796887993812561,False,72.0
2011,Sean Mannion,Oregon State,2015,,,58,pass,4.741458415985107,False,61.0
2011,Sean Mannion,Oregon State,2015,,,11,pass,-4.695960998535156,False,68.0
2011,Sean Mannion,Oregon State,2015,,,4,pass,-0.06732606887817383,False,58.0
2011,Sean Mannion,Oregon State,2015,,,10,pass,1.2905223369598389,False,46.0
2011,Sean Mannion,Oregon State,2015,,,3,pass,-0.17443180084228516,False,36.0
2011,Sean Mannion,Oregon State,2015,,,0,pass,-0.9551501274108887,False,33.0
2011,Sean Mannion,Oregon State,2015,,,0,pass,-1.4875540733337402,False,33.0
2011,Sean Mannion,Oregon State,2015,,,22,pass,3.929697036743164,False,33.0
2011,Sean Mannion,Oregon State,2015,,,0,pass,-0.8105018138885498,False,10.0
2011,Sean Mannion,Oregon State,2015,,,18,pass,0.9867079257965088,False,85.0
2011,Sean Mannion,Oregon State,2015,,,0,pass,-0.9901225566864014,False,80.0
2011,Sean Mannion,Oregon State,2015,,,0,pass,-2.701495409011841,False,12.0
2011,Sean Mannion,Oregon State,2015,,,5,pass,-2.6589581966400146,False,12.0
2011,Sean Mannion,Oregon State,2015,,,4,pass,-0.31582093238830566,False,33.0
2011,Sean Mannion,Oregon State,2015,,,14,pass,2.2168378829956055,False,29.0
2011,Sean Mannion,Oregon State,2015,,,2,pass,-0.6966648101806641,False,44.0
2011,Sean Mannion,Oregon State,2015,,,0,pass,-1.4068667888641357,False,42.0
2011,Sean Mannion,Oregon State,2015,,,5,pass,0.07435685396194458,False,80.0
2011,Sean Mannion,Oregon State,2015,,,13,pass,2.683560609817505,False,77.0
2011,Sean Mannion,Oregon State,2015,,,11,pass,2.104675769805908,False,63.0
2011,Sean Mannion,Oregon State,2015,,,6,pass,-0.014302968978881836,False,43.0
2011,Sean Mannion,Oregon State,2015,,,6,pass,2.478142738342285,True,6.0
2011,Sean Mannion,Oregon State,2015,,,15,pass,1.1437747478485107,False,77.0
2011,Sean Mannion,Oregon State,2015,,,0,pass,-1.1070468425750732,False,6.0
2011,Sean Mannion,Oregon State,2015,,,6,pass,2.832423210144043,True,6.0
2011,Sean Mannion,Oregon State,2015,,,9,pass,1.1746277809143066,False,42.0
2011,Sean Mannion,Oregon State,2015,,,25,pass,1.630016565322876,False,33.0
2011,Sean Mannion,Oregon State,2015,,,4,pass,-0.22678542137145996,False,10.0
2011,Sean Mannion,Oregon State,2015,,,23,pass,3.2550692558288574,True,23.0
2011,Sean Mannion,Oregon State,2015,,,15,pass,0.41435766220092773,False,38.0
2011,Sean Mannion,Oregon State,2015,,,9,pass,0.9411556720733643,False,47.0
2011,Sean Mannion,Oregon State,2015,,,22,pass,1.1335701942443848,False,69.0
2011,Sean Mannion,Oregon State,2015,,,7,pass,0.0991489589214325,False,76.0
2011,Sean Mannion,Oregon State,2015,,,9,pass,0.6043459177017212,False,85.0
2011,Sean Mannion,Oregon State,2015,,,7,pass,0.549813985824585,False,53.0
2011,Sean Mannion,Oregon State,2015,,,0,pass,-5.447920322418213,False,46.0
2011,Sean Mannion,Oregon State,2015,,,19,pass,3.6398212909698486,True,19.0
2011,Sean Mannion,Oregon State,2015,,,0,pass,-0.6354713439941406,False,19.0
2011,Sean Mannion,Oregon State,2015,,,26,pass,2.546748399734497,False,45.0
2011,Sean Mannion,Oregon State,2015,,,3,pass,-0.1780529022216797,False,48.0
2011,Sean Mannion,Oregon State,2015,,,9,pass,1.6178252696990967,False,57.0
2011,Sean Mannion,Oregon State,2015,,,0,pass,-0.5620571374893188,False,57.0
2011,Sean Mannion,Oregon State,2015,,,0,pass,-1.227079153060913,False,62.0
2011,Sean Mannion,Oregon State,2015,,,1,pass,-0.6489455699920654,False,63.0
2011,Sean Mannion,Oregon State,2015,,,0,pass,-0.509469747543335,False,58.0
2011,Sean Mannion,Oregon State,2015,,,0,pass,-1.1902121305465698,False,50.0
2011,Sean Mannion,Oregon State,2015,,,5,pass,-0.6929271817207336,False,55.0
2011,Sean Mannion,Oregon State,2015,,,0,pass,-0.5669689774513245,False,55.0
2011,Sean Mannion,Oregon State,2015,,,0,pass,-0.6768542528152466,False,55.0
2011,Sean Mannion,Oregon State,2015,,,3,pass,0.8781286478042603,False,58.0
2011,Sean Mannion,Oregon State,2015,,,0,pass,-0.6185354590415955,False,58.0
2011,Sean Mannion,Oregon State,2015,,,4,pass,0.6185353994369507,False,77.0
2011,Sean Mannion,Oregon State,2015,,,7,pass,-1.468909740447998,False,35.0
2011,Sean Mannion,Oregon State,2015,,,2,pass,-1.1764822006225586,False,37.0
2011,Sean Mannion,Oregon State,2015,,,17,pass,1.047520637512207,False,54.0
2011,Sean Mannion,Oregon State,2015,,,14,pass,1.67352294921875,False,68.0
2011,Sean Mannion,Oregon State,2015,,,0,pass,-0.8536258935928345,False,68.0
2011,Sean Mannion,Oregon State,2015,,,0,pass,-0.6523404717445374,False,85.0
2011,Sean Mannion,Oregon State,2015,,,-5,pass,-0.9119813442230225,False,80.0
2011,Sean Mannion,Oregon State,2015,,,0,pass,-0.5137041807174683,False,85.0
2011,Sean Mannion,Oregon State,2015,,,0,pass,-1.191801905632019,False,65.0
2011,Sean Mannion,Oregon State,2015,,,0,pass,-0.5295037627220154,False,65.0
2011,Sean Mannion,Oregon State,2015,,,0,pass,-1.1364823579788208,False,69.0
2011,Sean Mannion,Oregon State,2015,,,0,pass,-0.6285916566848755,False,70.0
2011,Sean Mannion,Oregon State,2015,,,58,pass,5.111841678619385,True,58.0
2011,Sean Mannion,Oregon State,2015,,,0,pass,-0.6482048034667969,False,43.0
2011,Sean Mannion,Oregon State,2015,,,6,pass,1.2959635257720947,False,60.0
2011,Sean Mannion,Oregon State,2015,,,0,pass,-1.5622316598892212,False,46.0
2011,Sean Mannion,Oregon State,2015,,,0,pass,-0.8802722096443176,False,60.0
2011,Sean Mannion,Oregon State,2015,,,0,pass,-1.9488294124603271,False,55.0
2011,Sean Mannion,Oregon State,2015,,,0,pass,-1.1020700931549072,False,54.0
2011,Sean Mannion,Oregon State,2015,,,7,pass,-0.4102640151977539,False,74.0
2011,Sean Mannion,Oregon State,2015,,,0,pass,-0.862453281879425,False,74.0
2011,Sean Mannion,Oregon State,2015,,,9,pass,-0.11492952704429626,False,83.0
2011,Sean Mannion,Oregon State,2015,,,4,pass,-1.368895411491394,False,72.0
2012,Sean Mannion,Oregon State,2015,,,3,pass,-0.40018200874328613,False,52.0
2012,Sean Mannion,Oregon State,2015,,,11,pass,1.7493672370910645,False,63.0
2012,Sean Mannion,Oregon State,2015,,,-2,pass,-1.0435938835144043,False,61.0
2012,Sean Mannion,Oregon State,2015,,,0,pass,-1.4344326257705688,False,69.0
2012,Sean Mannion,Oregon State,2015,,,10,pass,0.18451189994812012,False,79.0
2012,Sean Mannion,Oregon State,2015,,,8,pass,0.16966676712036133,False,81.0
2012,Sean Mannion,Oregon State,2015,,,0,pass,-1.6911697387695312,False,78.0
2012,Sean Mannion,Oregon State,2015,,,0,pass,-1.0119377374649048,False,78.0
2012,Sean Mannion,Oregon State,2015,,,1,pass,-0.5883705615997314,False,79.0
2012,Sean Mannion,Oregon State,2015,,,0,pass,-2.028742551803589,False,48.0
2012,Sean Mannion,Oregon State,2015,,,0,pass,-0.9505891799926758,False,48.0
2012,Sean Mannion,Oregon State,2015,,,20,pass,3.876819372177124,True,20.0
2012,Sean Mannion,Oregon State,2015,,,18,pass,1.077420949935913,False,36.0
2012,Sean Mannion,Oregon State,2015,,,12,pass,1.6131420135498047,False,48.0
2012,Sean Mannion,Oregon State,2015,,,18,pass,2.7419400215148926,False,83.0
2012,Sean Mannion,Oregon State,2015,,,0,pass,-0.9703302383422852,False,83.0
2012,Sean Mannion,Oregon State,2015,,,0,pass,-0.7258036136627197,False,23.0
2012,Sean Mannion,Oregon State,2015,,,5,pass,0.22388505935668945,False,28.0
2012,Sean Mannion,Oregon State,2015,,,21,pass,1.388687014579773,False,67.0
2012,Sean Mannion,Oregon State,2015,,,3,pass,-0.5104199051856995,False,70.0
2012,Sean Mannion,Oregon State,2015,,,0,pass,-2.7627077102661133,False,34.0
2012,Sean Mannion,Oregon State,2015,,,3,pass,-0.41733431816101074,False,40.0
2012,Sean Mannion,Oregon State,2015,,,34,pass,2.4712212085723877,False,74.0
2012,Sean Mannion,Oregon State,2015,,,0,pass,-1.6490628719329834,False,64.0
2012,Sean Mannion,Oregon State,2015,,,2,pass,-0.5041072368621826,False,70.0
2012,Sean Mannion,Oregon State,2015,,,8,pass,0.47582292556762695,False,84.0
2012,Sean Mannion,Oregon State,2015,,,0,pass,-1.4762426614761353,False,26.0
2012,Sean Mannion,Oregon State,2015,,,4,pass,-0.3441324234008789,False,30.0
2012,Sean Mannion,Oregon State,2015,,,0,pass,-0.554201602935791,False,30.0
2012,Sean Mannion,Oregon State,2015,,,5,pass,2.914895534515381,False,35.0
2012,Sean Mannion,Oregon State,2015,,,0,pass,-1.7868510484695435,False,35.0
2012,Sean Mannion,Oregon State,2015,,,7,pass,0.5152826309204102,False,42.0
2012,Sean Mannion,Oregon State,2015,,,26,pass,1.5428727865219116,False,68.0
2012,Sean Mannion,Oregon State,2015,,,0,pass,-3.1155614852905273,False,24.0
2012,Sean Mannion,Oregon State,2015,,,7,pass,-0.4769012928009033,False,31.0
2012,Sean Mannion,Oregon State,2015,,,10,pass,0.3925139904022217,False,41.0
2012,Sean Mannion,Oregon State,2015,,,0,pass,-0.5776393413543701,False,31.0
2012,Sean Mannion,Oregon State,2015,,,9,pass,1.1147325038909912,False,40.0
2012,Sean Mannion,Oregon State,2015,,,8,pass,0.22204804420471191,False,50.0
2012,Sean Mannion,Oregon State,2015,,,9,pass,0.8649218082427979,False,59.0
2012,Sean Mannion,Oregon State,2015,,,5,pass,0.13944768905639648,False,64.0
2012,Sean Mannion,Oregon State,2015,,,6,pass,1.5841443538665771,False,78.0
2012,Sean Mannion,Oregon State,2015,,,7,pass,-0.08382032811641693,False,85.0
2012,Sean Mannion,Oregon State,2015,,,7,pass,-0.5191497802734375,False,80.0
2012,Sean Mannion,Oregon State,2015,,,0,pass,-1.0110663175582886,False,75.0
2012,Sean Mannion,Oregon State,2015,,,0,pass,-0.6512552499771118,False,75.0
2012,Sean Mannion,Oregon State,2015,,,0,pass,-1.6420111656188965,False,54.0
2012,Sean Mannion,Oregon State,2015,,,46,pass,3.860992908477783,False,47.0
2012,Sean Mannion,Oregon State,2015,,,7,pass,0.19106602668762207,False,54.0
2012,Sean Mannion,Oregon State,2015,,,0,pass,-1.153212547302246,False,9.0
2012,Sean Mannion,Oregon State,2015,,,8,pass,0.4757976531982422,False,20.0
2012,Sean Mannion,Oregon State,2015,,,15,pass,1.6741373538970947,False,35.0
2012,Sean Mannion,Oregon State,2015,,,3,pass,-0.3733675479888916,False,75.0
2012,Sean Mannion,Oregon State,2015,,,3,pass,-0.2613874673843384,False,88.0
2012,Sean Mannion,Oregon State,2015,,,0,pass,-5.709994316101074,False,53.0
2012,Sean Mannion,Oregon State,2015,,,8,pass,1.0510940551757812,False,61.0
2012,Sean Mannion,Oregon State,2015,,,7,pass,0.4095802307128906,False,69.0
2012,Sean Mannion,Oregon State,2015,,,1,pass,-1.2214113473892212,False,67.0
2012,Sean Mannion,Oregon State,2015,,,8,pass,0.17938017845153809,False,75.0
2012,Sean Mannion,Oregon State,2015,,,0,pass,-1.819651484489441,False,75.0
2012,Sean Mannion,Oregon State,2015,,,0,pass,-1.259337306022644,False,75.0
2012,Sean Mannion,Oregon State,2015,,,3,pass,-0.2814785838127136,False,78.0
2012,Sean Mannion,Oregon State,2015,,,42,pass,3.6029233932495117,True,42.0
2012,Sean Mannion,Oregon State,2015,,,0,pass,-1.8655157089233398,False,48.0
2012,Sean Mannion,Oregon State,2015,,,3,pass,-0.41672420501708984,False,54.0
2012,Sean Mannion,Oregon State,2015,,,33,pass,2.483806610107422,False,87.0
2012,Sean Mannion,Oregon State,2015,,,0,pass,-0.6632132530212402,False,87.0
2012,Sean Mannion,Oregon State,2015,,,75,pass,4.867578029632568,True,75.0
2012,Sean Mannion,Oregon State,2015,,,0,pass,-1.9117851257324219,False,78.0
2012,Sean Mannion,Oregon State,2015,,,16,pass,1.1125835180282593,False,96.0
2012,Sean Mannion,Oregon State,2015,,,4,pass,-1.0808731317520142,False,50.0
2012,Sean Mannion,Oregon State,2015,,,0,pass,-1.0105513334274292,False,50.0
2012,Sean Mannion,Oregon State,2015,,,15,pass,1.0105513334274292,False,50.0
2012,Sean Mannion,Oregon State,2015,,,14,pass,0.719001054763794,False,56.0
2012,Sean Mannion,Oregon State,2015,,,5,pass,0.14213693141937256,False,67.0
2012,Sean Mannion,Oregon State,2015,,,0,pass,-2.0087788105010986,False,5.0
2012,Sean Mannion,Oregon State,2015,,,0,pass,-1.400289535522461,False,5.0
2012,Sean Mannion,Oregon State,2015,,,18,pass,1.225046157836914,False,31.0
2012,Sean Mannion,Oregon State,2015,,,7,pass,0.6145553588867188,False,38.0
2012,Sean Mannion,Oregon State,2015,,,24,pass,1.7432281970977783,False,62.0
2012,Sean Mannion,Oregon State,2015,,,8,pass,1.6762685775756836,False,70.0
2012,Sean Mannion,Oregon State,2015,,,11,pass,1.3333708047866821,False,86.0
2012,Sean Mannion,Oregon State,2015,,,0,pass,-0.7574171423912048,False,86.0
2012,Sean Mannion,Oregon State,2015,,,9,pass,3.339200973510742,True,9.0
2012,Sean Mannion,Oregon State,2015,,,2,pass,-0.19669795036315918,False,27.0
2012,Sean Mannion,Oregon State,2015,,,28,pass,2.2618699073791504,False,55.0
2012,Sean Mannion,Oregon State,2015,,,0,pass,-0.7916688919067383,False,55.0
2012,Sean Mannion,Oregon State,2015,,,5,pass,0.4659026861190796,False,67.0
2012,Sean Mannion,Oregon State,2015,,,8,pass,0.5439792275428772,False,75.0
2012,Sean Mannion,Oregon State,2015,,,20,pass,2.3959827423095703,True,20.0
2012,Sean Mannion,Oregon State,2015,,,12,pass,0.39481329917907715,False,57.0
2012,Sean Mannion,Oregon State,2015,,,14,pass,-1.7198197841644287,False,86.0
2012,Sean Mannion,Oregon State,2015,,,0,pass,-0.5864335298538208,False,86.0
2012,Sean Mannion,Oregon State,2015,,,0,pass,-1.6176166534423828,False,58.0
2012,Sean Mannion,Oregon State,2015,,,11,pass,0.3676658868789673,False,69.0
2012,Sean Mannion,Oregon State,2015,,,0,pass,-1.747328758239746,False,60.0
2012,Sean Mannion,Oregon State,2015,,,15,pass,1.1744818687438965,False,75.0
2012,Sean Mannion,Oregon State,2015,,,17,pass,1.669887661933899,False,91.0
2012,Sean Mannion,Oregon State,2015,,,5,pass,-0.43036651611328125,False,6.0
2012,Sean Mannion,Oregon State,2015,,,0,pass,-1.6511062383651733,False,71.0
2012,Sean Mannion,Oregon State,2015,,,9,pass,0.2777869403362274,False,80.0
2012,Sean Mannion,Oregon State,2015,,,0,pass,-1.4902169704437256,False,85.0
2012,Sean Mannion,Oregon State,2015,,,0,pass,-0.19509100914001465,False,18.0
2012,Sean Mannion,Oregon State,2015,,,9,pass,2.055961847305298,False,14.0
2012,Sean Mannion,Oregon State,2015,,,0,pass,-0.42902088165283203,False,18.0
2012,Sean Mannion,Oregon State,2015,,,16,pass,1.3058218955993652,False,34.0
2012,Sean Mannion,Oregon State,2015,,,25,pass,0.9419761896133423,False,62.0
2012,Sean Mannion,Oregon State,2015,,,13,pass,1.0266368389129639,False,75.0
2012,Sean Mannion,Oregon State,2015,,,0,pass,-0.38708335161209106,False,75.0
2012,Sean Mannion,Oregon State,2015,,,38,pass,2.734191656112671,False,65.0
2012,Sean Mannion,Oregon State,2015,,,6,pass,0.6826307773590088,False,73.0
2012,Sean Mannion,Oregon State,2015,,,4,pass,-0.3288763761520386,False,77.0
2012,Sean Mannion,Oregon State,2015,,,0,pass,-1.077057123184204,False,13.0
2012,Sean Mannion,Oregon State,2015,,,0,pass,-0.7769219875335693,False,13.0
2012,Sean Mannion,Oregon State,2015,,,51,pass,3.0113816261291504,False,77.0
2012,Sean Mannion,Oregon State,2015,,,16,pass,1.9127240180969238,False,97.0
2012,Sean Mannion,Oregon State,2015,,,0,pass,-0.7360166311264038,False,97.0
2012,Sean Mannion,Oregon State,2015,,,2,pass,1.2695722579956055,True,2.0
2012,Sean Mannion,Oregon State,2015,,,0,pass,-1.4233038425445557,False,15.0
2012,Sean Mannion,Oregon State,2015,,,3,pass,-0.11974668502807617,False,20.0
2012,Sean Mannion,Oregon State,2015,,,57,pass,4.200541973114014,False,77.0
2012,Sean Mannion,Oregon State,2015,,,21,pass,2.157881736755371,False,83.0
2012,Sean Mannion,Oregon State,2015,,,0,pass,-0.7904147505760193,False,83.0
2012,Sean Mannion,Oregon State,2015,,,13,pass,-0.4017730951309204,False,62.0
2012,Sean Mannion,Oregon State,2015,,,0,pass,-1.0339679718017578,False,47.0
2012,Sean Mannion,Oregon State,2015,,,0,pass,-0.6509745121002197,False,61.0
2012,Sean Mannion,Oregon State,2015,,,0,pass,-1.8076859712600708,False,71.0
2012,Sean Mannion,Oregon State,2015,,,4,pass,-0.011266529560089111,False,75.0
2012,Sean Mannion,Oregon State,2015,,,22,pass,2.7204442024230957,False,23.0
2012,Sean Mannion,Oregon State,2015,,,12,pass,1.7039947509765625,False,25.0
2012,Sean Mannion,Oregon State,2015,,,0,pass,-0.7979574203491211,False,25.0
2012,Sean Mannion,Oregon State,2015,,,13,pass,0.6363625526428223,False,40.0
2012,Sean Mannion,Oregon State,2015,,,13,pass,2.559220790863037,False,53.0
2012,Sean Mannion,Oregon State,2015,,,6,pass,0.09565699100494385,False,86.0
2012,Sean Mannion,Oregon State,2015,,,0,pass,-2.438776731491089,False,39.0
2012,Sean Mannion,Oregon State,2015,,,7,pass,0.34862208366394043,False,53.0
2012,Sean Mannion,Oregon State,2015,,,-2,pass,-1.1960821151733398,False,16.0
2012,Sean Mannion,Oregon State,2015,,,3,pass,-0.19902372360229492,False,19.0
2012,Sean Mannion,Oregon State,2015,,,17,pass,1.5599591732025146,False,36.0
2012,Sean Mannion,Oregon State,2015,,,0,pass,-0.6208531856536865,False,36.0
2012,Sean Mannion,Oregon State,2015,,,12,pass,1.6676054000854492,True,12.0
2012,Sean Mannion,Oregon State,2015,,,12,pass,1.5254292488098145,False,28.0
2012,Sean Mannion,Oregon State,2015,,,30,pass,2.3306050300598145,False,55.0
2012,Sean Mannion,Oregon State,2015,,,3,pass,2.224560499191284,False,60.0
2012,Sean Mannion,Oregon State,2015,,,8,pass,-0.015234380960464478,False,68.0
2012,Sean Mannion,Oregon State,2015,,,0,pass,-0.8743975162506104,False,7.0
2012,Sean Mannion,Oregon State,2015,,,10,pass,1.7961792945861816,False,18.0
2012,Sean Mannion,Oregon State,2015,,,0,pass,-1.5444204807281494,False,70.0
2012,Sean Mannion,Oregon State,2015,,,0,pass,-0.9691677689552307,False,70.0
2012,Sean Mannion,Oregon State,2015,,,10,pass,-0.3115918040275574,False,78.0
2012,Sean Mannion,Oregon State,2015,,,6,pass,-0.7640520334243774,False,84.0
2012,Sean Mannion,Oregon State,2015,,,5,pass,1.0845181941986084,False,20.0
2012,Sean Mannion,Oregon State,2015,,,0,pass,-0.7150757312774658,False,20.0
2012,Sean Mannion,Oregon State,2015,,,0,pass,-3.1489803791046143,False,24.0
2012,Sean Mannion,Oregon State,2015,,,11,pass,-2.8960044384002686,False,35.0
2012,Sean Mannion,Oregon State,2015,,,4,pass,0.19401037693023682,False,39.0
2012,Sean Mannion,Oregon State,2015,,,8,pass,0.7083107233047485,False,47.0
2012,Sean Mannion,Oregon State,2015,,,0,pass,-0.708310604095459,False,32.0
2012,Sean Mannion,Oregon State,2015,,,0,pass,-1.1264827251434326,False,14.0
2012,Sean Mannion,Oregon State,2015,,,0,pass,-0.7861700057983398,False,14.0
2012,Sean Mannion,Oregon State,2015,,,32,pass,3.0527753829956055,False,48.0
2012,Sean Mannion,Oregon State,2015,,,0,pass,-1.0302060842514038,False,48.0
2012,Sean Mannion,Oregon State,2015,,,7,pass,0.5030941963195801,False,55.0
2012,Sean Mannion,Oregon State,2015,,,0,pass,-0.6170557737350464,False,57.0
2012,Sean Mannion,Oregon State,2015,,,9,pass,0.7417619228363037,False,69.0
2012,Sean Mannion,Oregon State,2015,,,11,pass,0.9645513296127319,False,80.0
2012,Sean Mannion,Oregon State,2015,,,0,pass,-1.2622625827789307,False,12.0
2012,Sean Mannion,Oregon State,2015,,,4,pass,-0.2199087142944336,False,16.0
2012,Sean Mannion,Oregon State,2015,,,45,pass,4.179998874664307,False,61.0
2012,Sean Mannion,Oregon State,2015,,,54,pass,4.60261344909668,True,54.0
2012,Sean Mannion,Oregon State,2015,,,0,pass,-1.8140888214111328,False,28.0
2012,Sean Mannion,Oregon State,2015,,,8,pass,0.3141735792160034,False,36.0
2012,Sean Mannion,Oregon State,2015,,,0,pass,-1.143204689025879,False,36.0
2012,Sean Mannion,Oregon State,2015,,,8,pass,0.8455035090446472,False,66.0
2012,Sean Mannion,Oregon State,2015,,,5,pass,-1.4515784978866577,False,32.0
2012,Sean Mannion,Oregon State,2015,,,0,pass,-1.10858952999115,False,32.0
2012,Sean Mannion,Oregon State,2015,,,0,pass,-0.92289137840271,False,28.0
2012,Sean Mannion,Oregon State,2015,,,6,pass,0.3736460208892822,False,34.0
2012,Sean Mannion,Oregon State,2015,,,-2,pass,-1.009093999862671,False,75.0
2012,Sean Mannion,Oregon State,2015,,,0,pass,-0.6521702408790588,False,75.0
2012,Sean Mannion,Oregon State,2015,,,0,pass,-0.47984498739242554,False,75.0
2012,Sean Mannion,Oregon State,2015,,,3,pass,-0.4659651517868042,False,92.0
2012,Sean Mannion,Oregon State,2015,,,0,pass,-0.8176673650741577,False,92.0
2012,Sean Mannion,Oregon State,2015,,,12,pass,1.8472051620483398,False,30.0
2012,Sean Mannion,Oregon State,2015,,,0,pass,-0.9778873920440674,False,38.0
2012,Sean Mannion,Oregon State,2015,,,0,pass,-0.5752952098846436,False,38.0
2012,Sean Mannion,Oregon State,2015,,,8,pass,1.62287175655365,False,46.0
2012,Sean Mannion,Oregon State,2015,,,0,pass,-0.953872799873352,False,46.0
2012,Sean Mannion,Oregon State,2015,,,19,pass,2.3352878093719482,False,70.0
2012,Sean Mannion,Oregon State,2015,,,3,pass,-0.4241516590118408,False,46.0
2012,Sean Mannion,Oregon State,2015,,,3,pass,-0.36121153831481934,False,49.0
2012,Sean Mannion,Oregon State,2015,,,25,pass,1.7889142036437988,False,77.0
2012,Sean Mannion,Oregon State,2015,,,0,pass,-2.112107276916504,False,69.0
2012,Sean Mannion,Oregon State,2015,,,0,pass,-0.5573625564575195,False,17.0
2012,Sean Mannion,Oregon State,2015,,,16,pass,1.8877885341644287,False,33.0
2012,Sean Mannion,Oregon State,2015,,,8,pass,0.06902861595153809,False,55.0
2012,Sean Mannion,Oregon State,2015,,,0,pass,-0.5507042407989502,False,55.0
2012,Sean Mannion,Oregon State,2015,,,5,pass,1.078765869140625,False,60.0
2012,Sean Mannion,Oregon State,2015,,,0,pass,-2.2130751609802246,False,44.0
2012,Sean Mannion,Oregon State,2015,,,26,pass,1.439061164855957,False,27.0
2012,Sean Mannion,Oregon State,2015,,,0,pass,-0.7104325294494629,False,37.0
2012,Sean Mannion,Oregon State,2015,,,16,pass,0.5395407676696777,False,60.0
2012,Sean Mannion,Oregon State,2015,,,15,pass,-3.54935622215271,False,75.0
2012,Sean Mannion,Oregon State,2015,,,6,pass,2.272961139678955,True,6.0
2012,Sean Mannion,Oregon State,2015,,,6,pass,0.49403929710388184,False,17.0
2012,Sean Mannion,Oregon State,2015,,,9,pass,0.894599437713623,False,37.0
2012,Sean Mannion,Oregon State,2015,,,8,pass,0.2351144552230835,False,59.0
2012,Sean Mannion,Oregon State,2015,,,7,pass,-0.7988508343696594,False,72.0
2012,Sean Mannion,Oregon State,2015,,,0,pass,-0.8004283905029297,False,72.0
2012,Sean Mannion,Oregon State,2015,,,14,pass,1.460007667541504,True,14.0
2012,Sean Mannion,Oregon State,2015,,,10,pass,0.8327414989471436,False,38.0
2012,Sean Mannion,Oregon State,2015,,,5,pass,0.04813528060913086,False,43.0
2012,Sean Mannion,Oregon State,2015,,,-1,pass,-0.9646463394165039,False,69.0
2012,Sean Mannion,Oregon State,2015,,,12,pass,2.3408501148223877,False,70.0
2012,Sean Mannion,Oregon State,2015,,,48,pass,3.1636993885040283,True,48.0
2012,Sean Mannion,Oregon State,2015,,,9,pass,0.5800790786743164,False,62.0
2012,Sean Mannion,Oregon State,2015,,,0,pass,-1.5778701305389404,False,67.0
2012,Sean Mannion,Oregon State,2015,,,18,pass,1.8157026767730713,False,90.0
2012,Sean Mannion,Oregon State,2015,,,11,pass,0.6095515489578247,False,68.0
2012,Sean Mannion,Oregon State,2015,,,11,pass,2.313016891479492,True,11.0
2012,Sean Mannion,Oregon State,2015,,,6,pass,-0.4336099624633789,False,17.0
2012,Sean Mannion,Oregon State,2015,,,12,pass,0.6895275115966797,False,44.0
2012,Sean Mannion,Oregon State,2015,,,0,pass,-0.6300899982452393,False,44.0
2012,Sean Mannion,Oregon State,2015,,,48,pass,3.203300952911377,False,77.0
2012,Sean Mannion,Oregon State,2015,,,6,pass,2.5212349891662598,True,6.0
2012,Sean Mannion,Oregon State,2015,,,0,pass,-0.9189157485961914,False,6.0
2012,Sean Mannion,Oregon State,2015,,,11,pass,1.6271023750305176,False,17.0
2012,Sean Mannion,Oregon State,2015,,,8,pass,0.618781566619873,False,25.0
2012,Sean Mannion,Oregon State,2015,,,0,pass,-0.27751660346984863,False,25.0
2012,Sean Mannion,Oregon State,2015,,,8,pass,2.3864188194274902,False,33.0
2012,Sean Mannion,Oregon State,2015,,,0,pass,-0.9861351251602173,False,33.0
2012,Sean Mannion,Oregon State,2015,,,0,pass,-0.5670177936553955,False,33.0
2012,Sean Mannion,Oregon State,2015,,,4,pass,0.03736257553100586,False,37.0
2012,Sean Mannion,Oregon State,2015,,,11,pass,0.6457552909851074,False,48.0
2012,Sean Mannion,Oregon State,2015,,,10,pass,1.4770874977111816,False,58.0
2012,Sean Mannion,Oregon State,2015,,,10,pass,0.23045270144939423,False,68.0
2012,Sean Mannion,Oregon State,2015,,,3,pass,-0.3014834523200989,False,71.0
2012,Sean Mannion,Oregon State,2015,,,6,pass,0.29294323921203613,False,43.0
2012,Sean Mannion,Oregon State,2015,,,25,pass,3.4032111167907715,False,68.0
2012,Sean Mannion,Oregon State,2015,,,0,pass,-0.6480745077133179,False,67.0
2012,Sean Mannion,Oregon State,2015,,,-2,pass,-1.170383334159851,False,74.0
2012,Sean Mannion,Oregon State,2015,,,6,pass,0.2528904676437378,False,60.0
2012,Sean Mannion,Oregon State,2015,,,0,pass,-0.7012121677398682,False,60.0
2012,Sean Mannion,Oregon State,2015,,,13,pass,0.9188125133514404,False,73.0
2012,Sean Mannion,Oregon State,2015,,,37,pass,3.278749704360962,False,39.0
2012,Sean Mannion,Oregon State,2015,,,6,pass,1.471872091293335,False,45.0
2012,Sean Mannion,Oregon State,2015,,,1,pass,-0.7569875717163086,False,46.0
2012,Sean Mannion,Oregon State,2015,,,5,pass,0.2028135061264038,False,51.0
2012,Sean Mannion,Oregon State,2015,,,0,pass,-0.8802356123924255,False,62.0
2012,Sean Mannion,Oregon State,2015,,,13,pass,1.664243459701538,False,74.0
2012,Sean Mannion,Oregon State,2015,,,6,pass,-0.19252419471740723,False,25.0
2012,Sean Mannion,Oregon State,2015,,,6,pass,0.14105868339538574,False,31.0
2012,Sean Mannion,Oregon State,2015,,,14,pass,1.870872139930725,False,45.0
2012,Sean Mannion,Oregon State,2015,,,9,pass,0.6692302227020264,False,47.0
2012,Sean Mannion,Oregon State,2015,,,9,pass,0.6069570779800415,False,74.0
2012,Sean Mannion,Oregon State,2015,,,5,pass,0.3191084861755371,False,55.0
2012,Sean Mannion,Oregon State,2015,,,0,pass,-1.4160652160644531,False,34.0
2012,Sean Mannion,Oregon State,2015,,,9,pass,0.9661991596221924,False,43.0
2012,Sean Mannion,Oregon State,2015,,,9,pass,0.9582388401031494,False,51.0
2012,Sean Mannion,Oregon State,2015,,,6,pass,0.2752680778503418,False,57.0
2012,Sean Mannion,Oregon State,2015,,,40,pass,2.7285799980163574,False,55.0
2012,Sean Mannion,Oregon State,2015,,,0,pass,-1.649275302886963,False,48.0
2012,Sean Mannion,Oregon State,2015,,,0,pass,-0.9806950092315674,False,42.0
2012,Sean Mannion,Oregon State,2015,,,15,pass,0.9081217050552368,False,70.0
2012,Sean Mannion,Oregon State,2015,,,2,pass,-1.4412579536437988,False,82.0
2012,Sean Mannion,Oregon State,2015,,,0,pass,-1.031193494796753,False,82.0
2012,Sean Mannion,Oregon State,2015,,,0,pass,-0.7460858821868896,False,87.0
2012,Sean Mannion,Oregon State,2015,,,22,pass,1.4854679107666016,True,22.0
2012,Sean Mannion,Oregon State,2015,,,13,pass,3.7692928314208984,False,50.0
2012,Sean Mannion,Oregon State,2015,,,2,pass,-0.5699505805969238,False,52.0
2012,Sean Mannion,Oregon State,2015,,,4,pass,3.6051828861236572,True,4.0
2012,Sean Mannion,Oregon State,2015,,,0,pass,-2.752199411392212,False,4.0
2012,Sean Mannion,Oregon State,2015,,,0,pass,-1.5884790420532227,False,4.0
2012,Sean Mannion,Oregon State,2015,,,16,pass,1.1522679328918457,False,22.0
2012,Sean Mannion,Oregon State,2015,,,6,pass,-0.0102691650390625,False,16.0
2012,Sean Mannion,Oregon State,2015,,,11,pass,0.5530729293823242,False,27.0
2012,Sean Mannion,Oregon State,2015,,,8,pass,-0.5530729293823242,False,50.0
2012,Sean Mannion,Oregon State,2015,,,9,pass,0.6270458698272705,False,59.0
2012,Sean Mannion,Oregon State,2015,,,28,pass,1.2177741527557373,False,87.0
2012,Sean Mannion,Oregon State,2015,,,6,pass,-0.7555656433105469,False,8.0
2012,Sean Mannion,Oregon State,2015,,,12,pass,1.2504034042358398,False,20.0
2012,Sean Mannion,Oregon State,2015,,,0,pass,-0.5340313911437988,False,20.0
2012,Sean Mannion,Oregon State,2015,,,28,pass,1.7876355648040771,False,48.0
2012,Sean Mannion,Oregon State,2015,,,14,pass,0.8291926383972168,False,91.0
2012,Sean Mannion,Oregon State,2015,,,20,pass,1.0106806755065918,False,33.0
2012,Sean Mannion,Oregon State,2015,,,11,pass,1.32049560546875,False,44.0
2012,Sean Mannion,Oregon State,2015,,,3,pass,-0.37184739112854004,False,47.0
2012,Sean Mannion,Oregon State,2015,,,8,pass,1.9926396608352661,False,55.0
2012,Sean Mannion,Oregon State,2015,,,3,pass,-0.32534611225128174,False,59.0
2012,Sean Mannion,Oregon State,2015,,,7,pass,-1.3624526262283325,False,72.0
2013,Sean Mannion,Oregon State,2015,,,21,pass,0.8359349966049194,False,55.0
2013,Sean Mannion,Oregon State,2015,,,19,pass,0.2115921676158905,False,74.0
2013,Sean Mannion,Oregon State,2015,,,3,pass,0.22378063201904297,False,11.0
2013,Sean Mannion,Oregon State,2015,,,16,pass,2.747274875640869,False,34.0
2013,Sean Mannion,Oregon State,2015,,,0,pass,-0.8318041563034058,False,34.0
2013,Sean Mannion,Oregon State,2015,,,13,pass,0.7343878746032715,False,43.0
2013,Sean Mannion,Oregon State,2015,,,8,pass,0.17104220390319824,False,55.0
2013,Sean Mannion,Oregon State,2015,,,6,pass,0.45881783962249756,False,61.0
2013,Sean Mannion,Oregon State,2015,,,14,pass,2.494243621826172,True,14.0
2013,Sean Mannion,Oregon State,2015,,,0,pass,-0.5816822052001953,False,14.0
2013,Sean Mannion,Oregon State,2015,,,20,pass,1.2391724586486816,False,34.0
2013,Sean Mannion,Oregon State,2015,,,12,pass,0.7285785675048828,False,46.0
2013,Sean Mannion,Oregon State,2015,,,17,pass,1.1836824417114258,False,63.0
2013,Sean Mannion,Oregon State,2015,,,5,pass,0.409145712852478,False,68.0
2013,Sean Mannion,Oregon State,2015,,,19,pass,2.559446096420288,False,22.0
2013,Sean Mannion,Oregon State,2015,,,22,pass,1.3815925121307373,False,49.0
2013,Sean Mannion,Oregon State,2015,,,7,pass,1.1329078674316406,True,7.0
2013,Sean Mannion,Oregon State,2015,,,9,pass,0.8965582847595215,False,16.0
2013,Sean Mannion,Oregon State,2015,,,17,pass,1.2589948177337646,False,33.0
2013,Sean Mannion,Oregon State,2015,,,14,pass,1.02456796169281,False,62.0
2013,Sean Mannion,Oregon State,2015,,,6,pass,0.35059553384780884,False,79.0
2013,Sean Mannion,Oregon State,2015,,,2,pass,-0.04898250102996826,False,62.0
2013,Sean Mannion,Oregon State,2015,,,0,pass,-0.14809121191501617,False,62.0
2013,Sean Mannion,Oregon State,2015,,,4,pass,0.10441836714744568,False,66.0
2013,Sean Mannion,Oregon State,2015,,,5,pass,-0.6583346128463745,False,74.0
2013,Sean Mannion,Oregon State,2015,,,0,pass,-0.45815953612327576,False,75.0
2013,Sean Mannion,Oregon State,2015,,,48,pass,3.5694503784179688,False,50.0
2013,Sean Mannion,Oregon State,2015,,,9,pass,0.919980525970459,False,65.0
2013,Sean Mannion,Oregon State,2015,,,13,pass,0.8483303785324097,False,78.0
2013,Sean Mannion,Oregon State,2015,,,0,pass,-1.2518408298492432,False,16.0
2013,Sean Mannion,Oregon State,2015,,,0,pass,-0.7683281898498535,False,16.0
2013,Sean Mannion,Oregon State,2015,,,1,pass,-0.490476131439209,False,17.0
2013,Sean Mannion,Oregon State,2015,,,13,pass,2.1593687534332275,False,43.0
2013,Sean Mannion,Oregon State,2015,,,3,pass,-0.3639233112335205,False,46.0
2013,Sean Mannion,Oregon State,2015,,,8,pass,0.6523380279541016,False,62.0
2013,Sean Mannion,Oregon State,2015,,,6,pass,-0.42556560039520264,False,89.0
2013,Sean Mannion,Oregon State,2015,,,0,pass,-0.8027343153953552,False,89.0
2013,Sean Mannion,Oregon State,2015,,,-2,pass,-1.1842201948165894,False,87.0
2013,Sean Mannion,Oregon State,2015,,,1,pass,0.3900179862976074,True,1.0
2013,Sean Mannion,Oregon State,2015,,,11,pass,1.8551535606384277,False,12.0
2013,Sean Mannion,Oregon State,2015,,,0,pass,-0.5465445518493652,False,12.0
2013,Sean Mannion,Oregon State,2015,,,12,pass,0.5465445518493652,False,36.0
2013,Sean Mannion,Oregon State,2015,,,27,pass,2.284477472305298,False,63.0
2013,Sean Mannion,Oregon State,2015,,,0,pass,-1.0151898860931396,False,43.0
2013,Sean Mannion,Oregon State,2015,,,20,pass,3.0449752807617188,False,43.0
2013,Sean Mannion,Oregon State,2015,,,0,pass,-0.7667446136474609,False,22.0
2013,Sean Mannion,Oregon State,2015,,,5,pass,-0.7672991752624512,False,22.0
2013,Sean Mannion,Oregon State,2015,,,0,pass,-1.0194345712661743,False,78.0
2013,Sean Mannion,Oregon State,2015,,,26,pass,2.8815741539001465,False,78.0
2013,Sean Mannion,Oregon State,2015,,,18,pass,0.8077893257141113,False,52.0
2013,Sean Mannion,Oregon State,2015,,,0,pass,-0.5895302295684814,False,53.0
2013,Sean Mannion,Oregon State,2015,,,4,pass,-1.0669782161712646,False,54.0
2013,Sean Mannion,Oregon State,2015,,,11,pass,2.0007781982421875,False,61.0
2013,Sean Mannion,Oregon State,2015,,,0,pass,-0.5764713287353516,False,50.0
2013,Sean Mannion,Oregon State,2015,,,0,pass,-0.895959734916687,False,61.0
2013,Sean Mannion,Oregon State,2015,,,33,pass,3.2420618534088135,False,50.0
2013,Sean Mannion,Oregon State,2015,,,8,pass,1.208944320678711,True,8.0
2013,Sean Mannion,Oregon State,2015,,,15,pass,1.7550853490829468,False,55.0
2013,Sean Mannion,Oregon State,2015,,,2,pass,-0.8621068000793457,False,45.0
2013,Sean Mannion,Oregon State,2015,,,21,pass,3.546156883239746,False,43.0
2013,Sean Mannion,Oregon State,2015,,,14,pass,0.693809986114502,False,22.0
2013,Sean Mannion,Oregon State,2015,,,4,pass,1.1053564548492432,False,45.0
2013,Sean Mannion,Oregon State,2015,,,17,pass,0.8228763341903687,False,62.0
2013,Sean Mannion,Oregon State,2015,,,0,pass,0.21346962451934814,False,40.0
2013,Sean Mannion,Oregon State,2015,,,0,pass,-1.2211899757385254,False,40.0
2013,Sean Mannion,Oregon State,2015,,,0,pass,-0.8125273585319519,False,82.0
2013,Sean Mannion,Oregon State,2015,,,17,pass,2.5623884201049805,False,82.0
2013,Sean Mannion,Oregon State,2015,,,25,pass,1.5385339260101318,False,65.0
2013,Sean Mannion,Oregon State,2015,,,-3,pass,-1.1306099891662598,False,75.0
2013,Sean Mannion,Oregon State,2015,,,12,pass,-0.088412344455719,False,78.0
2013,Sean Mannion,Oregon State,2015,,,19,pass,3.242805004119873,True,19.0
2013,Sean Mannion,Oregon State,2015,,,2,pass,-0.45647716522216797,False,15.0
2013,Sean Mannion,Oregon State,2015,,,6,pass,-0.03711354732513428,False,69.0
2013,Sean Mannion,Oregon State,2015,,,3,pass,-0.9167239665985107,False,63.0
2013,Sean Mannion,Oregon State,2015,,,14,pass,0.7065708637237549,False,46.0
2013,Sean Mannion,Oregon State,2015,,,2,pass,-0.5076210498809814,False,32.0
2013,Sean Mannion,Oregon State,2015,,,7,pass,0.5926797389984131,False,30.0
2013,Sean Mannion,Oregon State,2015,,,6,pass,0.21818923950195312,False,21.0
2013,Sean Mannion,Oregon State,2015,,,2,pass,-0.851442813873291,False,65.0
2013,Sean Mannion,Oregon State,2015,,,0,pass,-1.3007899522781372,False,63.0
2013,Sean Mannion,Oregon State,2015,,,3,pass,0.589963436126709,True,3.0
2013,Sean Mannion,Oregon State,2015,,,0,pass,-0.5681755542755127,False,65.0
2013,Sean Mannion,Oregon State,2015,,,48,pass,2.7418854236602783,False,51.0
2013,Sean Mannion,Oregon State,2015,,,18,pass,4.418605804443359,True,18.0
2013,Sean Mannion,Oregon State,2015,,,0,pass,-0.5226142406463623,False,18.0
2013,Sean Mannion,Oregon State,2015,,,0,pass,-0.5297954082489014,False,79.0
2013,Sean Mannion,Oregon State,2015,,,0,pass,-1.0717589855194092,False,78.0
2013,Sean Mannion,Oregon State,2015,,,13,pass,3.6374762058258057,False,78.0
2013,Sean Mannion,Oregon State,2015,,,34,pass,2.143432140350342,False,50.0
2013,Sean Mannion,Oregon State,2015,,,0,pass,-1.2489370107650757,False,43.0
2013,Sean Mannion,Oregon State,2015,,,48,pass,4.81302547454834,False,55.0
2013,Sean Mannion,Oregon State,2015,,,0,pass,-1.0122931003570557,False,7.0
2013,Sean Mannion,Oregon State,2015,,,4,pass,-1.8387110233306885,False,7.0
2013,Sean Mannion,Oregon State,2015,,,7,pass,-0.26270604133605957,False,62.0
2013,Sean Mannion,Oregon State,2015,,,15,pass,0.8300380706787109,False,25.0
2013,Sean Mannion,Oregon State,2015,,,4,pass,-0.6212186813354492,False,10.0
2013,Sean Mannion,Oregon State,2015,,,6,pass,2.0009889602661133,True,6.0
2013,Sean Mannion,Oregon State,2015,,,55,pass,3.8144123554229736,True,55.0
2013,Sean Mannion,Oregon State,2015,,,0,pass,-1.455063819885254,False,72.0
2013,Sean Mannion,Oregon State,2015,,,0,pass,-0.5436110496520996,False,75.0
2013,Sean Mannion,Oregon State,2015,,,17,pass,2.5202267169952393,False,75.0
2013,Sean Mannion,Oregon State,2015,,,0,pass,-0.9635241031646729,False,56.0
2013,Sean Mannion,Oregon State,2015,,,4,pass,1.3751617670059204,False,79.0
2013,Sean Mannion,Oregon State,2015,,,0,pass,-0.5640698075294495,False,61.0
2013,Sean Mannion,Oregon State,2015,,,45,pass,3.3437132835388184,False,52.0
2013,Sean Mannion,Oregon State,2015,,,7,pass,2.2975687980651855,True,7.0
2013,Sean Mannion,Oregon State,2015,,,0,pass,-1.0510743856430054,False,68.0
2013,Sean Mannion,Oregon State,2015,,,24,pass,2.7903330326080322,False,68.0
2013,Sean Mannion,Oregon State,2015,,,12,pass,0.664287805557251,False,44.0
2013,Sean Mannion,Oregon State,2015,,,0,pass,-0.5755951404571533,False,32.0
2013,Sean Mannion,Oregon State,2015,,,0,pass,-0.8831031322479248,False,32.0
2013,Sean Mannion,Oregon State,2015,,,0,pass,-1.4105116128921509,False,32.0
2013,Sean Mannion,Oregon State,2015,,,17,pass,2.75614595413208,True,17.0
2013,Sean Mannion,Oregon State,2015,,,6,pass,0.009804964065551758,False,42.0
2013,Sean Mannion,Oregon State,2015,,,21,pass,1.1844472885131836,False,63.0
2013,Sean Mannion,Oregon State,2015,,,-1,pass,-0.8856713771820068,False,29.0
2013,Sean Mannion,Oregon State,2015,,,18,pass,2.339258909225464,False,30.0
2013,Sean Mannion,Oregon State,2015,,,0,pass,-1.0472487211227417,False,68.0
2013,Sean Mannion,Oregon State,2015,,,0,pass,-0.5864760875701904,False,27.0
2013,Sean Mannion,Oregon State,2015,,,0,pass,-0.8207416534423828,False,27.0
2013,Sean Mannion,Oregon State,2015,,,8,pass,-0.048224687576293945,False,27.0
2013,Sean Mannion,Oregon State,2015,,,0,pass,-0.5485727190971375,False,83.0
2013,Sean Mannion,Oregon State,2015,,,13,pass,3.027574062347412,False,84.0
2013,Sean Mannion,Oregon State,2015,,,36,pass,-1.0923749208450317,False,63.0
2013,Sean Mannion,Oregon State,2015,,,10,pass,2.549421787261963,True,10.0
2013,Sean Mannion,Oregon State,2015,,,13,pass,0.6757976412773132,False,81.0
2013,Sean Mannion,Oregon State,2015,,,7,pass,0.49582183361053467,False,68.0
2013,Sean Mannion,Oregon State,2015,,,9,pass,1.148616075515747,False,61.0
2013,Sean Mannion,Oregon State,2015,,,23,pass,1.9423917531967163,False,52.0
2013,Sean Mannion,Oregon State,2015,,,0,pass,-0.47397613525390625,False,29.0
2013,Sean Mannion,Oregon State,2015,,,15,pass,1.4321236610412598,False,29.0
2013,Sean Mannion,Oregon State,2015,,,4,pass,-0.15396499633789062,False,14.0
2013,Sean Mannion,Oregon State,2015,,,0,pass,-0.7267768383026123,False,90.0
2013,Sean Mannion,Oregon State,2015,,,5,pass,-3.2909014225006104,False,90.0
2013,Sean Mannion,Oregon State,2015,,,2,pass,1.5860657691955566,True,2.0
2013,Sean Mannion,Oregon State,2015,,,13,pass,2.7435638904571533,False,35.0
2013,Sean Mannion,Oregon State,2015,,,15,pass,1.0454254150390625,False,22.0
2013,Sean Mannion,Oregon State,2015,,,3,pass,-0.8243317604064941,False,5.0
2013,Sean Mannion,Oregon State,2015,,,0,pass,-0.6095672249794006,False,65.0
2013,Sean Mannion,Oregon State,2015,,,9,pass,0.8315226435661316,False,65.0
2013,Sean Mannion,Oregon State,2015,,,4,pass,0.5892015695571899,False,56.0
2013,Sean Mannion,Oregon State,2015,,,-1,pass,-1.0919299125671387,False,38.0
2013,Sean Mannion,Oregon State,2015,,,23,pass,2.1680023670196533,False,99.0
2013,Sean Mannion,Oregon State,2015,,,32,pass,3.411221504211426,False,78.0
2013,Sean Mannion,Oregon State,2015,,,0,pass,-0.6067264676094055,False,60.0
2013,Sean Mannion,Oregon State,2015,,,9,pass,0.8547529578208923,False,60.0
2013,Sean Mannion,Oregon State,2015,,,0,pass,-0.6265729069709778,False,77.0
2013,Sean Mannion,Oregon State,2015,,,8,pass,0.3954929709434509,False,74.0
2013,Sean Mannion,Oregon State,2015,,,7,pass,0.5070880651473999,False,66.0
2013,Sean Mannion,Oregon State,2015,,,0,pass,-0.5584675073623657,False,54.0
2013,Sean Mannion,Oregon State,2015,,,4,pass,-0.18196570873260498,False,59.0
2013,Sean Mannion,Oregon State,2015,,,5,pass,-0.4852665066719055,False,55.0
2013,Sean Mannion,Oregon State,2015,,,24,pass,2.97074031829834,False,85.0
2013,Sean Mannion,Oregon State,2015,,,6,pass,0.24600541591644287,False,61.0
2013,Sean Mannion,Oregon State,2015,,,0,pass,-0.5401082038879395,False,43.0
2013,Sean Mannion,Oregon State,2015,,,0,pass,-0.9834509491920471,False,48.0
2013,Sean Mannion,Oregon State,2015,,,0,pass,-1.1871858835220337,False,48.0
2013,Sean Mannion,Oregon State,2015,,,6,pass,0.11539840698242188,False,87.0
2013,Sean Mannion,Oregon State,2015,,,1,pass,-0.776313304901123,False,81.0
2013,Sean Mannion,Oregon State,2015,,,0,pass,-0.8411409854888916,False,85.0
2013,Sean Mannion,Oregon State,2015,,,3,pass,-0.8334807753562927,False,83.0
2013,Sean Mannion,Oregon State,2015,,,2,pass,0.563960075378418,True,2.0
2013,Sean Mannion,Oregon State,2015,,,0,pass,-1.375313401222229,False,53.0
2013,Sean Mannion,Oregon State,2015,,,15,pass,1.6458172798156738,False,53.0
2013,Sean Mannion,Oregon State,2015,,,0,pass,-0.6282730102539062,False,38.0
2013,Sean Mannion,Oregon State,2015,,,6,pass,0.2531161308288574,False,14.0
2013,Sean Mannion,Oregon State,2015,,,3,pass,-0.2531161308288574,False,32.0
2013,Sean Mannion,Oregon State,2015,,,6,pass,1.0466194152832031,False,8.0
2013,Sean Mannion,Oregon State,2015,,,5,pass,-0.7201747894287109,False,6.0
2013,Sean Mannion,Oregon State,2015,,,46,pass,4.800124168395996,False,47.0
2013,Sean Mannion,Oregon State,2015,,,-1,pass,-1.2623999118804932,False,71.0
2013,Sean Mannion,Oregon State,2015,,,0,pass,-0.9973421096801758,False,72.0
2013,Sean Mannion,Oregon State,2015,,,14,pass,3.217928647994995,False,72.0
2013,Sean Mannion,Oregon State,2015,,,0,pass,-0.5975860953330994,False,58.0
2013,Sean Mannion,Oregon State,2015,,,3,pass,-0.6845993995666504,False,58.0
2013,Sean Mannion,Oregon State,2015,,,7,pass,-0.49065250158309937,False,60.0
2013,Sean Mannion,Oregon State,2015,,,11,pass,2.1058859825134277,True,11.0
2013,Sean Mannion,Oregon State,2015,,,1,pass,-0.8402714729309082,False,35.0
2013,Sean Mannion,Oregon State,2015,,,9,pass,-0.13077116012573242,False,34.0
2013,Sean Mannion,Oregon State,2015,,,0,pass,-0.7006974220275879,False,62.0
2013,Sean Mannion,Oregon State,2015,,,0,pass,-1.0165889263153076,False,63.0
2013,Sean Mannion,Oregon State,2015,,,8,pass,-0.7902965545654297,False,17.0
2013,Sean Mannion,Oregon State,2015,,,0,pass,-1.58733069896698,False,9.0
2013,Sean Mannion,Oregon State,2015,,,4,pass,0.5613012313842773,True,4.0
2013,Sean Mannion,Oregon State,2015,,,42,pass,2.3076863288879395,True,42.0
2013,Sean Mannion,Oregon State,2015,,,19,pass,2.508505344390869,False,84.0
2013,Sean Mannion,Oregon State,2015,,,23,pass,0.6459035873413086,False,65.0
2013,Sean Mannion,Oregon State,2015,,,0,pass,-0.8692641258239746,False,53.0
2013,Sean Mannion,Oregon State,2015,,,22,pass,3.377925395965576,True,22.0
2013,Sean Mannion,Oregon State,2015,,,23,pass,1.3888647556304932,False,50.0
2013,Sean Mannion,Oregon State,2015,,,11,pass,0.38810014724731445,False,27.0
2013,Sean Mannion,Oregon State,2015,,,-6,pass,-5.079133033752441,False,16.0
2013,Sean Mannion,Oregon State,2015,,,8,pass,3.4533562660217285,True,8.0
2013,Sean Mannion,Oregon State,2015,,,0,pass,-0.7059705257415771,False,8.0
2013,Sean Mannion,Oregon State,2015,,,21,pass,3.212373733520508,False,33.0
2013,Sean Mannion,Oregon State,2015,,,4,pass,-0.004583835601806641,False,12.0
2013,Sean Mannion,Oregon State,2015,,,17,pass,0.5227904915809631,False,71.0
2013,Sean Mannion,Oregon State,2015,,,11,pass,0.3942551612854004,False,54.0
2013,Sean Mannion,Oregon State,2015,,,0,pass,-0.4010046720504761,False,43.0
2013,Sean Mannion,Oregon State,2015,,,10,pass,1.133269190788269,False,43.0
2013,Sean Mannion,Oregon State,2015,,,0,pass,-0.37866854667663574,False,33.0
2013,Sean Mannion,Oregon State,2015,,,0,pass,-0.5872862339019775,False,33.0
2013,Sean Mannion,Oregon State,2015,,,8,pass,0.6072347164154053,False,47.0
2013,Sean Mannion,Oregon State,2015,,,24,pass,1.302182912826538,False,35.0
2013,Sean Mannion,Oregon State,2015,,,36,pass,1.8479684591293335,False,80.0
2013,Sean Mannion,Oregon State,2015,,,0,pass,-0.9245383739471436,False,54.0
2013,Sean Mannion,Oregon State,2015,,,6,pass,-1.0799967050552368,False,54.0
2013,Sean Mannion,Oregon State,2015,,,0,pass,-1.4053966999053955,False,60.0
2013,Sean Mannion,Oregon State,2015,,,0,pass,-1.8039950132369995,False,76.0
2013,Sean Mannion,Oregon State,2015,,,10,pass,0.356600821018219,False,86.0
2013,Sean Mannion,Oregon State,2015,,,3,pass,2.049574375152588,True,3.0
2013,Sean Mannion,Oregon State,2015,,,52,pass,3.2818970680236816,False,69.0
2013,Sean Mannion,Oregon State,2015,,,0,pass,-0.9862931966781616,False,64.0
2013,Sean Mannion,Oregon State,2015,,,0,pass,-0.61655592918396,False,64.0
2013,Sean Mannion,Oregon State,2015,,,17,pass,0.9370498657226562,False,32.0
2013,Sean Mannion,Oregon State,2015,,,0,pass,-0.7870447635650635,False,14.0
2013,Sean Mannion,Oregon State,2015,,,0,pass,-0.6650981903076172,False,19.0
2013,Sean Mannion,Oregon State,2015,,,20,pass,-2.581339120864868,False,52.0
2013,Sean Mannion,Oregon State,2015,,,30,pass,2.7406773567199707,True,30.0
2013,Sean Mannion,Oregon State,2015,,,15,pass,1.5671234130859375,False,59.0
2013,Sean Mannion,Oregon State,2015,,,4,pass,-0.3067972660064697,False,70.0
2013,Sean Mannion,Oregon State,2015,,,-1,pass,-0.7143764495849609,False,58.0
2013,Sean Mannion,Oregon State,2015,,,8,pass,1.6151819229125977,True,8.0
2013,Sean Mannion,Oregon State,2015,,,20,pass,1.703660011291504,False,25.0
2013,Sean Mannion,Oregon State,2015,,,3,pass,-0.42601442337036133,False,28.0
2013,Sean Mannion,Oregon State,2015,,,30,pass,2.086336135864258,False,31.0
2013,Sean Mannion,Oregon State,2015,,,19,pass,1.1242480278015137,False,27.0
2013,Sean Mannion,Oregon State,2015,,,7,pass,2.8310184478759766,True,7.0
2013,Sean Mannion,Oregon State,2015,,,0,pass,-1.0892317295074463,False,7.0
2013,Sean Mannion,Oregon State,2015,,,9,pass,0.92913818359375,False,20.0
2013,Sean Mannion,Oregon State,2015,,,21,pass,1.6934585571289062,False,41.0
2013,Sean Mannion,Oregon State,2015,,,31,pass,4.062044143676758,False,72.0
2013,Sean Mannion,Oregon State,2015,,,0,pass,-0.9417639970779419,False,72.0
2013,Sean Mannion,Oregon State,2015,,,10,pass,0.5647578239440918,False,82.0
2013,Sean Mannion,Oregon State,2015,,,0,pass,-0.8079293370246887,False,72.0
2013,Sean Mannion,Oregon State,2015,,,14,pass,0.538623034954071,False,57.0
2013,Sean Mannion,Oregon State,2015,,,0,pass,-0.6898515224456787,False,51.0
2013,Sean Mannion,Oregon State,2015,,,20,pass,1.3403754234313965,False,82.0
2013,Sean Mannion,Oregon State,2015,,,0,pass,-1.349119782447815,False,71.0
2013,Sean Mannion,Oregon State,2015,,,5,pass,-0.22036981582641602,False,11.0
2013,Sean Mannion,Oregon State,2015,,,25,pass,1.3333797454833984,False,36.0
2013,Sean Mannion,Oregon State,2015,,,21,pass,1.520369529724121,False,27.0
2013,Sean Mannion,Oregon State,2015,,,46,pass,3.355095863342285,False,73.0
2013,Sean Mannion,Oregon State,2015,,,7,pass,2.1141767501831055,True,7.0
2013,Sean Mannion,Oregon State,2015,,,11,pass,2.140040397644043,False,19.0
2013,Sean Mannion,Oregon State,2015,,,0,pass,-0.7492763996124268,False,19.0
2013,Sean Mannion,Oregon State,2015,,,18,pass,1.3611582517623901,False,75.0
2013,Sean Mannion,Oregon State,2015,,,23,pass,1.9811084270477295,False,55.0
2013,Sean Mannion,Oregon State,2015,,,0,pass,-2.6987431049346924,False,3.0
2013,Sean Mannion,Oregon State,2015,,,4,pass,-0.8195772171020508,False,7.0
2013,Sean Mannion,Oregon State,2015,,,8,pass,0.48154497146606445,False,17.0
2013,Sean Mannion,Oregon State,2015,,,22,pass,1.4973256587982178,False,39.0
2013,Sean Mannion,Oregon State,2015,,,8,pass,1.3631129264831543,False,47.0
2013,Sean Mannion,Oregon State,2015,,,2,pass,-0.511469841003418,False,55.0
2013,Sean Mannion,Oregon State,2015,,,6,pass,0.2968783378601074,False,53.0
2013,Sean Mannion,Oregon State,2015,,,24,pass,2.8002803325653076,False,79.0
2013,Sean Mannion,Oregon State,2015,,,6,pass,-0.24870315194129944,False,85.0
2013,Sean Mannion,Oregon State,2015,,,0,pass,-0.7168007493019104,False,85.0
2013,Sean Mannion,Oregon State,2015,,,0,pass,-1.4087557792663574,False,49.0
2013,Sean Mannion,Oregon State,2015,,,0,pass,-0.6477649211883545,False,45.0
2013,Sean Mannion,Oregon State,2015,,,13,pass,2.439910411834717,False,71.0
2013,Sean Mannion,Oregon State,2015,,,4,pass,-0.4422195851802826,False,75.0
2013,Sean Mannion,Oregon State,2015,,,0,pass,-0.5804173946380615,False,75.0
2013,Sean Mannion,Oregon State,2015,,,0,pass,-3.444000005722046,False,1.0
2013,Sean Mannion,Oregon State,2015,,,19,pass,0.9444880485534668,False,28.0
2013,Sean Mannion,Oregon State,2015,,,12,pass,0.6292636394500732,False,40.0
2013,Sean Mannion,Oregon State,2015,,,6,pass,-0.05052638053894043,False,52.0
2013,Sean Mannion,Oregon State,2015,,,0,pass,-0.4929349422454834,False,81.0
2013,Sean Mannion,Oregon State,2015,,,15,pass,1.2475872039794922,True,15.0
2013,Sean Mannion,Oregon State,2015,,,4,pass,0.17398929595947266,False,19.0
2013,Sean Mannion,Oregon State,2015,,,8,pass,0.4477081298828125,False,27.0
2013,Sean Mannion,Oregon State,2015,,,8,pass,0.3225722312927246,False,41.0
2013,Sean Mannion,Oregon State,2015,,,24,pass,0.746441125869751,False,65.0
2013,Sean Mannion,Oregon State,2015,,,2,pass,-0.6752722263336182,False,33.0
2013,Sean Mannion,Oregon State,2015,,,-1,pass,-1.0529389381408691,False,17.0
2013,Sean Mannion,Oregon State,2015,,,28,pass,2.0463614463806152,True,28.0
2013,Sean Mannion,Oregon State,2015,,,11,pass,0.3584294319152832,False,39.0
2013,Sean Mannion,Oregon State,2015,,,21,pass,2.035963773727417,False,60.0
2013,Sean Mannion,Oregon State,2015,,,8,pass,-3.500028133392334,False,75.0
2013,Sean Mannion,Oregon State,2015,,,22,pass,-3.359555244445801,False,23.0
2013,Sean Mannion,Oregon State,2015,,,9,pass,0.6846189498901367,False,32.0
2013,Sean Mannion,Oregon State,2015,,,26,pass,0.6565184593200684,False,78.0
2013,Sean Mannion,Oregon State,2015,,,34,pass,3.7358381748199463,True,34.0
2013,Sean Mannion,Oregon State,2015,,,18,pass,1.6612699031829834,False,67.0
2013,Sean Mannion,Oregon State,2015,,,9,pass,0.5176359415054321,False,71.0
2013,Sean Mannion,Oregon State,2015,,,7,pass,-0.4283127784729004,False,21.0
2013,Sean Mannion,Oregon State,2015,,,2,pass,-0.3276634216308594,False,23.0
2013,Sean Mannion,Oregon State,2015,,,4,pass,-0.44339442253112793,False,27.0
2013,Sean Mannion,Oregon State,2015,,,38,pass,2.3070878982543945,False,60.0
2013,Sean Mannion,Oregon State,2015,,,0,pass,-0.46016693115234375,False,60.0
2013,Sean Mannion,Oregon State,2015,,,12,pass,0.6042883396148682,False,72.0
2013,Sean Mannion,Oregon State,2015,,,14,pass,3.0825083255767822,True,14.0
2013,Sean Mannion,Oregon State,2015,,,0,pass,-0.5623149871826172,False,15.0
2013,Sean Mannion,Oregon State,2015,,,0,pass,-0.5095729827880859,False,12.0
2013,Sean Mannion,Oregon State,2015,,,9,pass,0.7246661186218262,False,21.0
2013,Sean Mannion,Oregon State,2015,,,13,pass,2.226130723953247,False,34.0
2013,Sean Mannion,Oregon State,2015,,,0,pass,-0.8456170558929443,False,29.0
2013,Sean Mannion,Oregon State,2015,,,5,pass,0.13542556762695312,False,34.0
2013,Sean Mannion,Oregon State,2015,,,0,pass,-1.5480165481567383,False,66.0
2013,Sean Mannion,Oregon State,2015,,,0,pass,-0.9392316937446594,False,66.0
2013,Sean Mannion,Oregon State,2015,,,4,pass,-0.11830663681030273,False,70.0
2013,Sean Mannion,Oregon State,2015,,,14,pass,1.7455105781555176,False,15.0
2013,Sean Mannion,Oregon State,2015,,,0,pass,-0.5506553649902344,False,15.0
2013,Sean Mannion,Oregon State,2015,,,0,pass,-0.7860887050628662,False,33.0
2013,Sean Mannion,Oregon State,2015,,,8,pass,0.7260315418243408,False,41.0
2013,Sean Mannion,Oregon State,2015,,,50,pass,3.3451550006866455,False,91.0
2013,Sean Mannion,Oregon State,2015,,,0,pass,-1.3564393520355225,False,75.0
2013,Sean Mannion,Oregon State,2015,,,17,pass,1.255584955215454,False,92.0
2013,Sean Mannion,Oregon State,2015,,,0,pass,-1.8405699729919434,False,7.0
2013,Sean Mannion,Oregon State,2015,,,0,pass,-0.8933663368225098,False,7.0
2013,Sean Mannion,Oregon State,2015,,,0,pass,-0.6144213676452637,False,7.0
2013,Sean Mannion,Oregon State,2015,,,14,pass,1.7372779846191406,False,21.0
2013,Sean Mannion,Oregon State,2015,,,11,pass,0.6669509410858154,False,32.0
2013,Sean Mannion,Oregon State,2015,,,0,pass,-0.3472115993499756,False,32.0
2013,Sean Mannion,Oregon State,2015,,,5,pass,-0.05510532855987549,False,27.0
2013,Sean Mannion,Oregon State,2015,,,0,pass,-0.5756323337554932,False,20.0
2013,Sean Mannion,Oregon State,2015,,,0,pass,-1.4616482257843018,False,60.0
2013,Sean Mannion,Oregon State,2015,,,3,pass,-0.14163124561309814,False,63.0
2013,Sean Mannion,Oregon State,2015,,,-2,pass,-0.7017595171928406,False,61.0
2013,Sean Mannion,Oregon State,2015,,,12,pass,0.8740903735160828,False,73.0
2013,Sean Mannion,Oregon State,2015,,,4,pass,-0.7118690609931946,False,59.0
2013,Sean Mannion,Oregon State,2015,,,11,pass,0.9087502956390381,False,59.0
2013,Sean Mannion,Oregon State,2015,,,14,pass,1.2337429523468018,False,73.0
2013,Sean Mannion,Oregon State,2015,,,8,pass,1.5192909240722656,True,8.0
2013,Sean Mannion,Oregon State,2015,,,7,pass,0.8942813873291016,False,15.0
2013,Sean Mannion,Oregon State,2015,,,8,pass,0.6124606132507324,False,22.0
2013,Sean Mannion,Oregon State,2015,,,1,pass,0.5028076171875,False,23.0
2013,Sean Mannion,Oregon State,2015,,,5,pass,0.30596041679382324,False,28.0
2013,Sean Mannion,Oregon State,2015,,,4,pass,-0.04363822937011719,False,32.0
2013,Sean Mannion,Oregon State,2015,,,11,pass,1.6789937019348145,False,77.0
2013,Sean Mannion,Oregon State,2015,,,2,pass,-0.5099698305130005,False,79.0
2013,Sean Mannion,Oregon State,2015,,,0,pass,-2.744499921798706,False,35.0
2013,Sean Mannion,Oregon State,2015,,,0,pass,-1.790268898010254,False,35.0
2013,Sean Mannion,Oregon State,2015,,,0,pass,-0.9318006038665771,False,35.0
2013,Sean Mannion,Oregon State,2015,,,5,pass,0.057683706283569336,False,40.0
2013,Sean Mannion,Oregon State,2015,,,20,pass,-0.057683706283569336,False,50.0
2013,Sean Mannion,Oregon State,2015,,,8,pass,0.6038171052932739,False,52.0
2013,Sean Mannion,Oregon State,2015,,,11,pass,1.7320760488510132,False,63.0
2013,Sean Mannion,Oregon State,2015,,,4,pass,-0.06572449207305908,False,70.0
2013,Sean Mannion,Oregon State,2015,,,12,pass,2.892745018005371,False,82.0
2013,Sean Mannion,Oregon State,2015,,,5,pass,-0.5326846837997437,False,87.0
2013,Sean Mannion,Oregon State,2015,,,3,pass,-0.32914483547210693,False,37.0
2013,Sean Mannion,Oregon State,2015,,,3,pass,-0.04791975021362305,False,40.0
2013,Sean Mannion,Oregon State,2015,,,8,pass,0.2540685534477234,False,70.0
2013,Sean Mannion,Oregon State,2015,,,0,pass,-2.949509382247925,False,18.0
2013,Sean Mannion,Oregon State,2015,,,0,pass,-1.529454231262207,False,18.0
2013,Sean Mannion,Oregon State,2015,,,0,pass,-0.5811469554901123,False,25.0
2013,Sean Mannion,Oregon State,2015,,,8,pass,0.651714563369751,False,39.0
2013,Sean Mannion,Oregon State,2015,,,8,pass,0.5561833381652832,False,47.0
2013,Sean Mannion,Oregon State,2015,,,5,pass,0.10787773132324219,False,52.0
2013,Sean Mannion,Oregon State,2015,,,9,pass,0.6510038375854492,False,61.0
2013,Sean Mannion,Oregon State,2015,,,5,pass,-0.031893014907836914,False,66.0
2013,Sean Mannion,Oregon State,2015,,,0,pass,-1.1033074855804443,False,33.0
2013,Sean Mannion,Oregon State,2015,,,-7,pass,-1.898951768875122,False,26.0
2013,Sean Mannion,Oregon State,2015,,,4,pass,2.212594985961914,False,31.0
2013,Sean Mannion,Oregon State,2015,,,8,pass,0.0928339958190918,False,39.0
2013,Sean Mannion,Oregon State,2015,,,4,pass,-0.1294243335723877,False,43.0
2013,Sean Mannion,Oregon State,2015,,,-4,pass,-1.0980725288391113,False,22.0
2013,Sean Mannion,Oregon State,2015,,,13,pass,0.8566360473632812,False,29.0
2013,Sean Mannion,Oregon State,2015,,,8,pass,0.8099620342254639,False,37.0
2013,Sean Mannion,Oregon State,2015,,,5,pass,0.028084516525268555,False,42.0
2013,Sean Mannion,Oregon State,2015,,,0,pass,-0.969117283821106,False,66.0
2013,Sean Mannion,Oregon State,2015,,,8,pass,-0.10484874248504639,False,74.0
2013,Sean Mannion,Oregon State,2015,,,9,pass,-0.14296236634254456,False,65.0
2013,Sean Mannion,Oregon State,2015,,,0,pass,-0.2926720976829529,False,65.0
2013,Sean Mannion,Oregon State,2015,,,15,pass,0.37407633662223816,False,80.0
2013,Sean Mannion,Oregon State,2015,,,9,pass,0.33445101976394653,False,89.0
2013,Sean Mannion,Oregon State,2015,,,18,pass,2.158749580383301,False,60.0
2013,Sean Mannion,Oregon State,2015,,,5,pass,-0.046141862869262695,False,65.0
2013,Sean Mannion,Oregon State,2015,,,23,pass,3.8541457653045654,False,45.0
2013,Sean Mannion,Oregon State,2015,,,9,pass,0.4604385495185852,False,54.0
2013,Sean Mannion,Oregon State,2015,,,0,pass,-0.9115849733352661,False,54.0
2013,Sean Mannion,Oregon State,2015,,,0,pass,-0.6758127808570862,False,54.0
2013,Sean Mannion,Oregon State,2015,,,0,pass,-0.8752830028533936,False,54.0
2013,Sean Mannion,Oregon State,2015,,,4,pass,-0.04519224166870117,False,58.0
2013,Sean Mannion,Oregon State,2015,,,7,pass,1.5817915201187134,False,65.0
2013,Sean Mannion,Oregon State,2015,,,4,pass,-0.10530859231948853,False,69.0
2013,Sean Mannion,Oregon State,2015,,,6,pass,-0.5786213874816895,False,15.0
2013,Sean Mannion,Oregon State,2015,,,0,pass,-0.5706973075866699,False,15.0
2013,Sean Mannion,Oregon State,2015,,,17,pass,1.1230618953704834,False,32.0
2013,Sean Mannion,Oregon State,2015,,,12,pass,0.8037779331207275,False,73.0
2013,Sean Mannion,Oregon State,2015,,,10,pass,-0.13170470297336578,False,71.0
2013,Sean Mannion,Oregon State,2015,,,0,pass,-1.2415716648101807,False,65.0
2013,Sean Mannion,Oregon State,2015,,,0,pass,-0.589276909828186,False,65.0
2013,Sean Mannion,Oregon State,2015,,,0,pass,-0.48209619522094727,False,65.0
2013,Sean Mannion,Oregon State,2015,,,12,pass,1.4743928909301758,False,77.0
2013,Sean Mannion,Oregon State,2015,,,0,pass,-0.6606389880180359,False,77.0
2013,Sean Mannion,Oregon State,2015,,,27,pass,2.626427173614502,True,27.0
2013,Sean Mannion,Oregon State,2015,,,18,pass,0.8090431690216064,False,45.0
2013,Sean Mannion,Oregon State,2015,,,11,pass,1.6817858219146729,False,27.0
2013,Sean Mannion,Oregon State,2015,,,11,pass,0.9873192310333252,False,52.0
2013,Sean Mannion,Oregon State,2015,,,14,pass,0.02966594696044922,False,90.0
2013,Sean Mannion,Oregon State,2015,,,0,pass,-0.6674306392669678,False,82.0
2013,Sean Mannion,Oregon State,2015,,,0,pass,-1.2737996578216553,False,67.0
2013,Sean Mannion,Oregon State,2015,,,2,pass,-0.5757676362991333,False,69.0
2013,Sean Mannion,Oregon State,2015,,,0,pass,-1.2851505279541016,False,29.0
2013,Sean Mannion,Oregon State,2015,,,-3,pass,-1.198410987854004,False,30.0
2013,Sean Mannion,Oregon State,2015,,,6,pass,0.2432253360748291,False,43.0
2013,Sean Mannion,Oregon State,2015,,,31,pass,-1.3313618898391724,False,74.0
2013,Sean Mannion,Oregon State,2015,,,29,pass,3.880272150039673,True,29.0
2013,Sean Mannion,Oregon State,2015,,,9,pass,0.8250014781951904,False,75.0
2013,Sean Mannion,Oregon State,2015,,,4,pass,-0.1629190444946289,False,66.0
2013,Sean Mannion,Oregon State,2015,,,1,pass,-0.5468342304229736,False,62.0
2013,Sean Mannion,Oregon State,2015,,,7,pass,0.30838871002197266,False,61.0
2013,Sean Mannion,Oregon State,2015,,,9,pass,1.3174176216125488,False,54.0
2013,Sean Mannion,Oregon State,2015,,,16,pass,0.9936568737030029,False,45.0
2013,Sean Mannion,Oregon State,2015,,,0,pass,-0.5452439785003662,False,29.0
2013,Sean Mannion,Oregon State,2015,,,14,pass,1.4191439151763916,False,83.0
2013,Sean Mannion,Oregon State,2015,,,2,pass,0.5825700759887695,False,69.0
2013,Sean Mannion,Oregon State,2015,,,6,pass,0.2551865577697754,False,44.0
2013,Sean Mannion,Oregon State,2015,,,18,pass,1.3997740745544434,False,38.0
2013,Sean Mannion,Oregon State,2015,,,6,pass,1.503492832183838,True,6.0
2013,Sean Mannion,Oregon State,2015,,,19,pass,3.899489402770996,False,25.0
2013,Sean Mannion,Oregon State,2015,,,26,pass,2.8846142292022705,False,91.0
2013,Sean Mannion,Oregon State,2015,,,7,pass,0.4966886639595032,False,65.0
2013,Sean Mannion,Oregon State,2015,,,9,pass,1.388086199760437,False,42.0
2013,Sean Mannion,Oregon State,2015,,,4,pass,-0.4248495101928711,False,43.0
2013,Sean Mannion,Oregon State,2015,,,0,pass,-1.4085237979888916,False,25.0
2013,Sean Mannion,Oregon State,2015,,,5,pass,0.10080227255821228,False,80.0
2013,Sean Mannion,Oregon State,2015,,,0,pass,-0.8967927098274231,False,75.0
2013,Sean Mannion,Oregon State,2015,,,0,pass,-1.2983949184417725,False,75.0
2013,Sean Mannion,Oregon State,2015,,,15,pass,1.9064033031463623,False,67.0
2013,Sean Mannion,Oregon State,2015,,,0,pass,-1.2546937465667725,False,5.0
2013,Sean Mannion,Oregon State,2015,,,13,pass,3.372889995574951,False,31.0
2013,Sean Mannion,Oregon State,2015,,,5,pass,0.27001428604125977,False,18.0
2013,Sean Mannion,Oregon State,2015,,,6,pass,1.4640724658966064,False,11.0
2013,Sean Mannion,Oregon State,2015,,,0,pass,-1.0722432136535645,False,5.0
2013,Sean Mannion,Oregon State,2015,,,0,pass,-1.1883883476257324,False,5.0
2013,Sean Mannion,Oregon State,2015,,,11,pass,0.18600940704345703,False,50.0
2013,Sean Mannion,Oregon State,2015,,,8,pass,0.6122241020202637,False,39.0
2013,Sean Mannion,Oregon State,2015,,,0,pass,-0.5232574939727783,False,29.0
2013,Sean Mannion,Oregon State,2015,,,0,pass,-0.7773040533065796,False,34.0
2013,Sean Mannion,Oregon State,2015,,,3,pass,-0.9718663096427917,False,34.0
2013,Sean Mannion,Oregon State,2015,,,42,pass,3.5776920318603516,False,74.0
2013,Sean Mannion,Oregon State,2015,,,0,pass,-0.5783727169036865,False,59.0
2013,Sean Mannion,Oregon State,2015,,,0,pass,-1.3669437170028687,False,57.0
2013,Sean Mannion,Oregon State,2015,,,15,pass,1.015079379081726,False,74.0
2013,Sean Mannion,Oregon State,2015,,,0,pass,-1.6098942756652832,False,55.0
2013,Sean Mannion,Oregon State,2015,,,0,pass,-0.7727134823799133,False,69.0
2013,Sean Mannion,Oregon State,2015,,,7,pass,1.5421028137207031,False,64.0
2013,Sean Mannion,Oregon State,2015,,,4,pass,-0.30258646607398987,False,59.0
2013,Sean Mannion,Oregon State,2015,,,29,pass,6.128938674926758,True,29.0
2013,Sean Mannion,Oregon State,2015,,,0,pass,-0.5055570602416992,False,29.0
2013,Sean Mannion,Oregon State,2015,,,13,pass,2.5877842903137207,False,42.0
2013,Sean Mannion,Oregon State,2015,,,11,pass,0.9475525617599487,False,53.0
2013,Sean Mannion,Oregon State,2015,,,0,pass,-0.9323501586914062,False,24.0
2013,Sean Mannion,Oregon State,2015,,,0,pass,-0.6667711734771729,False,24.0
2013,Sean Mannion,Oregon State,2015,,,15,pass,1.9114412069320679,False,66.0
2013,Sean Mannion,Oregon State,2015,,,0,pass,-0.8811633586883545,False,52.0
2013,Sean Mannion,Oregon State,2015,,,0,pass,-0.6522804498672485,False,52.0
2013,Sean Mannion,Oregon State,2015,,,23,pass,2.699521064758301,False,75.0
2013,Sean Mannion,Oregon State,2015,,,1,pass,-1.4638632535934448,False,57.0
2013,Sean Mannion,Oregon State,2015,,,14,pass,2.0767323970794678,False,86.0
2013,Sean Mannion,Oregon State,2015,,,7,pass,0.014861016534268856,False,82.0
2013,Sean Mannion,Oregon State,2015,,,6,pass,-2.285372495651245,False,88.0
2013,Sean Mannion,Oregon State,2015,,,6,pass,-0.16606438159942627,False,93.0
2013,Sean Mannion,Oregon State,2015,,,0,pass,-0.4564834237098694,False,93.0
2013,Sean Mannion,Oregon State,2015,,,14,pass,0.9471166133880615,False,99.0
2013,Sean Mannion,Oregon State,2015,,,11,pass,0.8645009398460388,False,71.0
2013,Sean Mannion,Oregon State,2015,,,10,pass,1.66208815574646,False,81.0
2013,Sean Mannion,Oregon State,2015,,,0,pass,-0.6662722229957581,False,81.0
2013,Sean Mannion,Oregon State,2015,,,0,pass,-0.45831337571144104,False,81.0
2013,Sean Mannion,Oregon State,2015,,,0,pass,-0.8875645399093628,False,70.0
2013,Sean Mannion,Oregon State,2015,,,17,pass,2.3371963500976562,False,89.0
2013,Sean Mannion,Oregon State,2015,,,0,pass,-0.7536581754684448,False,89.0
2013,Sean Mannion,Oregon State,2015,,,0,pass,-0.7577996253967285,False,89.0
2013,Sean Mannion,Oregon State,2015,,,-1,pass,-2.1905517578125,False,34.0
2013,Sean Mannion,Oregon State,2015,,,46,pass,4.188726902008057,False,81.0
2013,Sean Mannion,Oregon State,2015,,,7,pass,-0.0019507408142089844,False,77.0
2013,Sean Mannion,Oregon State,2015,,,0,pass,-0.5829828977584839,False,79.0
2013,Sean Mannion,Oregon State,2015,,,0,pass,-0.8904740810394287,False,78.0
2013,Sean Mannion,Oregon State,2015,,,0,pass,-0.8882371187210083,False,78.0
2013,Sean Mannion,Oregon State,2015,,,15,pass,2.7662243843078613,False,60.0
2013,Sean Mannion,Oregon State,2015,,,8,pass,0.195940762758255,False,68.0
2013,Sean Mannion,Oregon State,2015,,,5,pass,0.20926594734191895,False,30.0
2013,Sean Mannion,Oregon State,2015,,,9,pass,0.3768310546875,False,51.0
2013,Sean Mannion,Oregon State,2015,,,23,pass,1.6567490100860596,False,74.0
2013,Sean Mannion,Oregon State,2015,,,0,pass,-1.2793307304382324,False,60.0
2013,Sean Mannion,Oregon State,2015,,,4,pass,0.9718365669250488,True,4.0
2013,Sean Mannion,Oregon State,2015,,,23,pass,2.640780448913574,False,48.0
2013,Sean Mannion,Oregon State,2015,,,0,pass,-0.6364378929138184,False,48.0
2013,Sean Mannion,Oregon State,2015,,,0,pass,-0.8444695472717285,False,20.0
2013,Sean Mannion,Oregon State,2015,,,3,pass,-0.4735710620880127,False,23.0
2013,Sean Mannion,Oregon State,2015,,,4,pass,-0.1368640661239624,False,62.0
2013,Sean Mannion,Oregon State,2015,,,7,pass,0.2965703010559082,False,11.0
2013,Sean Mannion,Oregon State,2015,,,0,pass,-0.875455379486084,False,11.0
2013,Sean Mannion,Oregon State,2015,,,33,pass,1.9830622673034668,False,46.0
2013,Sean Mannion,Oregon State,2015,,,11,pass,1.4700552225112915,False,57.0
2013,Sean Mannion,Oregon State,2015,,,0,pass,-1.4908034801483154,False,30.0
2013,Sean Mannion,Oregon State,2015,,,0,pass,-0.867304801940918,False,30.0
2013,Sean Mannion,Oregon State,2015,,,6,pass,3.0911974906921387,True,6.0
2013,Sean Mannion,Oregon State,2015,,,5,pass,-0.7267129421234131,False,6.0
2013,Sean Mannion,Oregon State,2015,,,18,pass,1.5863511562347412,False,28.0
2013,Sean Mannion,Oregon State,2015,,,0,pass,-0.27953600883483887,False,28.0
2013,Sean Mannion,Oregon State,2015,,,31,pass,-3.504476308822632,False,32.0
2013,Sean Mannion,Oregon State,2015,,,0,pass,-0.5117037296295166,False,32.0
2013,Sean Mannion,Oregon State,2015,,,7,pass,-0.7429919242858887,False,8.0
2013,Sean Mannion,Oregon State,2015,,,3,pass,-0.4682276248931885,False,11.0
2013,Sean Mannion,Oregon State,2015,,,0,pass,-0.9821982383728027,False,6.0
2013,Sean Mannion,Oregon State,2015,,,14,pass,1.108974575996399,False,57.0
2013,Sean Mannion,Oregon State,2015,,,0,pass,-0.8195048570632935,False,73.0
2013,Sean Mannion,Oregon State,2015,,,4,pass,1.3701467514038086,False,14.0
2013,Sean Mannion,Oregon State,2015,,,0,pass,-1.604528546333313,False,19.0
2013,Sean Mannion,Oregon State,2015,,,0,pass,-0.7205479145050049,False,23.0
2013,Sean Mannion,Oregon State,2015,,,7,pass,-0.15163135528564453,False,69.0
2013,Sean Mannion,Oregon State,2015,,,9,pass,-0.3469822406768799,False,78.0
2013,Sean Mannion,Oregon State,2015,,,8,pass,1.0077601671218872,False,71.0
2013,Sean Mannion,Oregon State,2015,,,9,pass,2.1914334297180176,False,42.0
2013,Sean Mannion,Oregon State,2015,,,31,pass,2.4298951625823975,False,78.0
2013,Sean Mannion,Oregon State,2015,,,5,pass,0.028476715087890625,False,32.0
2013,Sean Mannion,Oregon State,2015,,,0,pass,-0.790424108505249,False,32.0
2013,Sean Mannion,Oregon State,2015,,,8,pass,1.8509535789489746,False,54.0
2013,Sean Mannion,Oregon State,2015,,,4,pass,-0.282446026802063,False,58.0
2013,Sean Mannion,Oregon State,2015,,,8,pass,0.5826694965362549,False,67.0
2013,Sean Mannion,Oregon State,2015,,,0,pass,-1.770617127418518,False,49.0
2013,Sean Mannion,Oregon State,2015,,,3,pass,-0.3723597526550293,False,52.0
2013,Sean Mannion,Oregon State,2015,,,7,pass,0.9345898628234863,False,63.0
2013,Sean Mannion,Oregon State,2015,,,0,pass,-1.4944401979446411,False,41.0
2013,Sean Mannion,Oregon State,2015,,,9,pass,-0.24915337562561035,False,59.0
2013,Sean Mannion,Oregon State,2015,,,23,pass,1.335099220275879,False,72.0
2013,Sean Mannion,Oregon State,2015,,,11,pass,1.7153477668762207,False,87.0
2013,Sean Mannion,Oregon State,2015,,,0,pass,-1.6625922918319702,False,59.0
2013,Sean Mannion,Oregon State,2015,,,4,pass,0.10384225845336914,False,77.0
2013,Sean Mannion,Oregon State,2015,,,17,pass,2.6398074626922607,False,22.0
2013,Sean Mannion,Oregon State,2015,,,-2,pass,-1.1224136352539062,False,20.0
2013,Sean Mannion,Oregon State,2015,,,10,pass,1.3347985744476318,False,47.0
2013,Sean Mannion,Oregon State,2015,,,0,pass,-0.7620794773101807,False,47.0
2013,Sean Mannion,Oregon State,2015,,,5,pass,-0.28910350799560547,False,52.0
2013,Sean Mannion,Oregon State,2015,,,12,pass,0.4913787841796875,False,88.0
2013,Sean Mannion,Oregon State,2015,,,27,pass,2.4847841262817383,False,36.0
2013,Sean Mannion,Oregon State,2015,,,26,pass,1.154256820678711,False,66.0
2013,Sean Mannion,Oregon State,2015,,,7,pass,0.9183810949325562,False,73.0
2013,Sean Mannion,Oregon State,2015,,,6,pass,-0.08247190713882446,False,79.0
2013,Sean Mannion,Oregon State,2015,,,2,pass,-0.4932422637939453,False,38.0
2013,Sean Mannion,Oregon State,2015,,,8,pass,0.5303807258605957,False,56.0
2013,Sean Mannion,Oregon State,2015,,,19,pass,0.882514476776123,False,75.0
2013,Sean Mannion,Oregon State,2015,,,2,pass,1.275965690612793,True,2.0
2013,Sean Mannion,Oregon State,2015,,,4,pass,-0.5923800468444824,False,6.0
2013,Sean Mannion,Oregon State,2015,,,16,pass,1.0149405002593994,False,43.0
2013,Sean Mannion,Oregon State,2015,,,11,pass,0.9397473335266113,False,54.0
2013,Sean Mannion,Oregon State,2015,,,11,pass,2.07440185546875,False,70.0
2013,Sean Mannion,Oregon State,2015,,,0,pass,-0.9829016923904419,False,70.0
2013,Sean Mannion,Oregon State,2015,,,0,pass,-1.1949496269226074,False,10.0
2013,Sean Mannion,Oregon State,2015,,,0,pass,-0.4311044216156006,False,10.0
2013,Sean Mannion,Oregon State,2015,,,21,pass,1.0537524223327637,False,30.0
2014,Sean Mannion,Oregon State,2015,,,-8,pass,-1.643599271774292,False,49.0
2014,Sean Mannion,Oregon State,2015,,,0,pass,-1.4928812980651855,False,71.0
2014,Sean Mannion,Oregon State,2015,,,-6,pass,-2.1828012466430664,False,69.0
2014,Sean Mannion,Oregon State,2015,,,8,pass,-0.19643473625183105,False,88.0
2014,Sean Mannion,Oregon State,2015,,,11,pass,0.6744887828826904,False,80.0
2014,Sean Mannion,Oregon State,2015,,,0,pass,-0.9377355575561523,False,76.0
2014,Sean Mannion,Oregon State,2015,,,0,pass,-0.9352333545684814,False,76.0
2014,Sean Mannion,Oregon State,2015,,,12,pass,1.926598072052002,False,76.0
2014,Sean Mannion,Oregon State,2015,,,6,pass,0.1619729995727539,False,61.0
2014,Sean Mannion,Oregon State,2015,,,0,pass,-1.4544425010681152,False,55.0
2014,Sean Mannion,Oregon State,2015,,,8,pass,1.632361888885498,True,8.0
2014,Sean Mannion,Oregon State,2015,,,8,pass,0.2621016502380371,False,40.0
2014,Sean Mannion,Oregon State,2015,,,22,pass,1.1372170448303223,False,32.0
2014,Sean Mannion,Oregon State,2015,,,12,pass,0.44896960258483887,False,58.0
2014,Sean Mannion,Oregon State,2015,,,6,pass,1.1482398509979248,False,46.0
2014,Sean Mannion,Oregon State,2015,,,0,pass,-4.689537525177002,False,40.0
2014,Sean Mannion,Oregon State,2015,,,-2,pass,-0.6038548350334167,False,43.0
2014,Sean Mannion,Oregon State,2015,,,27,pass,0.3763977289199829,False,84.0
2014,Sean Mannion,Oregon State,2015,,,5,pass,1.0140867233276367,False,7.0
2014,Sean Mannion,Oregon State,2015,,,7,pass,0.33881211280822754,False,75.0
2014,Sean Mannion,Oregon State,2015,,,7,pass,0.49573540687561035,False,56.0
2014,Sean Mannion,Oregon State,2015,,,0,pass,-1.0071709156036377,False,54.0
2014,Sean Mannion,Oregon State,2015,,,22,pass,3.044440507888794,False,54.0
2014,Sean Mannion,Oregon State,2015,,,15,pass,0.7135066986083984,False,32.0
2014,Sean Mannion,Oregon State,2015,,,7,pass,0.16854095458984375,False,17.0
2014,Sean Mannion,Oregon State,2015,,,0,pass,-1.6616365909576416,False,10.0
2014,Sean Mannion,Oregon State,2015,,,11,pass,-8.141805648803711,False,80.0
2014,Sean Mannion,Oregon State,2015,,,8,pass,0.4480733871459961,False,40.0
2014,Sean Mannion,Oregon State,2015,,,9,pass,0.576716423034668,False,52.0
2014,Sean Mannion,Oregon State,2015,,,28,pass,1.3873586654663086,False,78.0
2014,Sean Mannion,Oregon State,2015,,,0,pass,-0.709890604019165,False,40.0
2014,Sean Mannion,Oregon State,2015,,,0,pass,-1.1277424097061157,False,40.0
2014,Sean Mannion,Oregon State,2015,,,3,pass,-1.268533706665039,False,40.0
2014,Sean Mannion,Oregon State,2015,,,5,pass,0.9238548278808594,True,5.0
2014,Sean Mannion,Oregon State,2015,,,4,pass,1.2285494804382324,True,4.0
2014,Sean Mannion,Oregon State,2015,,,40,pass,2.628584146499634,False,84.0
2014,Sean Mannion,Oregon State,2015,,,37,pass,3.070556402206421,False,43.0
2014,Sean Mannion,Oregon State,2015,,,11,pass,1.703748345375061,False,47.0
2014,Sean Mannion,Oregon State,2015,,,0,pass,-3.0626890659332275,False,48.0
2014,Sean Mannion,Oregon State,2015,,,21,pass,1.6912760734558105,False,55.0
2014,Sean Mannion,Oregon State,2015,,,4,pass,-0.3598899841308594,False,34.0
2014,Sean Mannion,Oregon State,2015,,,3,pass,-0.5764076709747314,False,78.0
2014,Sean Mannion,Oregon State,2015,,,0,pass,-1.8626493215560913,False,75.0
2014,Sean Mannion,Oregon State,2015,,,28,pass,3.4971888065338135,False,75.0
2014,Sean Mannion,Oregon State,2015,,,17,pass,1.3661298751831055,False,36.0
2014,Sean Mannion,Oregon State,2015,,,0,pass,-1.9929924011230469,False,3.0
2014,Sean Mannion,Oregon State,2015,,,2,pass,-0.8648853302001953,False,49.0
2014,Sean Mannion,Oregon State,2015,,,27,pass,2.844475746154785,False,47.0
2014,Sean Mannion,Oregon State,2015,,,7,pass,0.31919145584106445,False,20.0
2014,Sean Mannion,Oregon State,2015,,,7,pass,0.4545128345489502,False,75.0
2014,Sean Mannion,Oregon State,2015,,,4,pass,-0.12174034118652344,False,64.0
2014,Sean Mannion,Oregon State,2015,,,0,pass,-3.5911591053009033,False,49.0
2014,Sean Mannion,Oregon State,2015,,,7,pass,0.2809875011444092,False,88.0
2014,Sean Mannion,Oregon State,2015,,,18,pass,1.5432597398757935,False,88.0
2014,Sean Mannion,Oregon State,2015,,,5,pass,0.18750417232513428,False,70.0
2014,Sean Mannion,Oregon State,2015,,,7,pass,0.5548273324966431,False,65.0
2014,Sean Mannion,Oregon State,2015,,,12,pass,0.8216261863708496,False,58.0
2014,Sean Mannion,Oregon State,2015,,,49,pass,3.881476879119873,False,51.0
2014,Sean Mannion,Oregon State,2015,,,11,pass,0.7685170769691467,False,81.0
2014,Sean Mannion,Oregon State,2015,,,0,pass,-0.8830655217170715,False,66.0
2014,Sean Mannion,Oregon State,2015,,,3,pass,-1.305153727531433,False,66.0
2014,Sean Mannion,Oregon State,2015,,,-9,pass,-2.245702028274536,False,70.0
2014,Sean Mannion,Oregon State,2015,,,0,pass,-1.0069260597229004,False,72.0
2014,Sean Mannion,Oregon State,2015,,,13,pass,3.1626765727996826,False,72.0
2014,Sean Mannion,Oregon State,2015,,,10,pass,1.7553589344024658,False,53.0
2014,Sean Mannion,Oregon State,2015,,,-12,pass,-1.5241469144821167,False,48.0
2014,Sean Mannion,Oregon State,2015,,,32,pass,3.591367244720459,False,60.0
2014,Sean Mannion,Oregon State,2015,,,4,pass,-0.19874191284179688,False,28.0
2014,Sean Mannion,Oregon State,2015,,,-6,pass,-2.206789970397949,False,24.0
2014,Sean Mannion,Oregon State,2015,,,3,pass,-0.3530874252319336,False,15.0
2014,Sean Mannion,Oregon State,2015,,,0,pass,-1.8668469190597534,False,57.0
2014,Sean Mannion,Oregon State,2015,,,4,pass,-0.250032901763916,False,65.0
2014,Sean Mannion,Oregon State,2015,,,0,pass,-1.603532075881958,False,6.0
2014,Sean Mannion,Oregon State,2015,,,8,pass,0.6898198127746582,False,80.0
2014,Sean Mannion,Oregon State,2015,,,12,pass,1.2167068719863892,False,69.0
2014,Sean Mannion,Oregon State,2015,,,45,pass,2.6494338512420654,False,57.0
2014,Sean Mannion,Oregon State,2015,,,0,pass,-0.5688576698303223,False,12.0
2014,Sean Mannion,Oregon State,2015,,,0,pass,-0.846743106842041,False,12.0
2014,Sean Mannion,Oregon State,2015,,,4,pass,-0.9310247898101807,False,12.0
2014,Sean Mannion,Oregon State,2015,,,-8,pass,-5.160524368286133,False,15.0
2014,Sean Mannion,Oregon State,2015,,,0,pass,-0.5980100631713867,False,85.0
2014,Sean Mannion,Oregon State,2015,,,9,pass,0.3946574926376343,False,85.0
2014,Sean Mannion,Oregon State,2015,,,2,pass,-0.6961541175842285,False,16.0
2014,Sean Mannion,Oregon State,2015,,,0,pass,-0.7826786041259766,False,14.0
2014,Sean Mannion,Oregon State,2015,,,23,pass,2.3415708541870117,True,23.0
2014,Sean Mannion,Oregon State,2015,,,17,pass,4.419921398162842,False,35.0
2014,Sean Mannion,Oregon State,2015,,,0,pass,-0.650322675704956,False,28.0
2014,Sean Mannion,Oregon State,2015,,,-10,pass,-2.0843303203582764,False,28.0
2014,Sean Mannion,Oregon State,2015,,,0,pass,-0.9380478858947754,False,35.0
2014,Sean Mannion,Oregon State,2015,,,7,pass,0.8407580852508545,False,56.0
2014,Sean Mannion,Oregon State,2015,,,0,pass,-1.02532958984375,False,9.0
2014,Sean Mannion,Oregon State,2015,,,0,pass,-1.3311669826507568,False,9.0
2014,Sean Mannion,Oregon State,2015,,,2,pass,0.3450433015823364,False,35.0
2014,Sean Mannion,Oregon State,2015,,,-1,pass,-0.4070547819137573,False,34.0
2014,Sean Mannion,Oregon State,2015,,,6,pass,0.08071929216384888,False,75.0
2014,Sean Mannion,Oregon State,2015,,,7,pass,0.44229090213775635,False,69.0
2014,Sean Mannion,Oregon State,2015,,,14,pass,0.4821363687515259,False,62.0
2014,Sean Mannion,Oregon State,2015,,,0,pass,-0.6074501276016235,False,66.0
2014,Sean Mannion,Oregon State,2015,,,0,pass,-1.1248667240142822,False,66.0
2014,Sean Mannion,Oregon State,2015,,,29,pass,1.3094124794006348,False,82.0
2014,Sean Mannion,Oregon State,2015,,,13,pass,0.880692720413208,False,47.0
2014,Sean Mannion,Oregon State,2015,,,0,pass,-0.5315301418304443,False,34.0
2014,Sean Mannion,Oregon State,2015,,,14,pass,1.3541908264160156,False,34.0
2014,Sean Mannion,Oregon State,2015,,,-2,pass,-0.9887216091156006,False,20.0
2014,Sean Mannion,Oregon State,2015,,,18,pass,2.428518056869507,False,22.0
2014,Sean Mannion,Oregon State,2015,,,0,pass,-0.8203105926513672,False,88.0
2014,Sean Mannion,Oregon State,2015,,,11,pass,0.7013528347015381,False,38.0
2014,Sean Mannion,Oregon State,2015,,,15,pass,0.7394766807556152,False,27.0
2014,Sean Mannion,Oregon State,2015,,,1,pass,-1.1007061004638672,False,4.0
2014,Sean Mannion,Oregon State,2015,,,10,pass,1.0857305526733398,False,56.0
2014,Sean Mannion,Oregon State,2015,,,37,pass,2.151005983352661,False,46.0
2014,Sean Mannion,Oregon State,2015,,,0,pass,-2.4285852909088135,False,3.0
2014,Sean Mannion,Oregon State,2015,,,0,pass,-0.9029239416122437,False,88.0
2014,Sean Mannion,Oregon State,2015,,,19,pass,0.5477075576782227,False,88.0
2014,Sean Mannion,Oregon State,2015,,,6,pass,-0.6378070116043091,False,63.0
2014,Sean Mannion,Oregon State,2015,,,3,pass,-0.3456369638442993,False,91.0
2014,Sean Mannion,Oregon State,2015,,,0,pass,-0.7039222717285156,False,79.0
2014,Sean Mannion,Oregon State,2015,,,0,pass,-1.5658297538757324,False,74.0
2014,Sean Mannion,Oregon State,2015,,,4,pass,-0.158037006855011,False,78.0
2014,Sean Mannion,Oregon State,2015,,,0,pass,-1.4839210510253906,False,56.0
2014,Sean Mannion,Oregon State,2015,,,0,pass,-1.8271396160125732,False,46.0
2014,Sean Mannion,Oregon State,2015,,,0,pass,-1.0143789052963257,False,46.0
2014,Sean Mannion,Oregon State,2015,,,18,pass,0.5789037346839905,False,65.0
2014,Sean Mannion,Oregon State,2015,,,0,pass,-4.888076305389404,False,22.0
2014,Sean Mannion,Oregon State,2015,,,19,pass,4.888076305389404,False,41.0
2014,Sean Mannion,Oregon State,2015,,,11,pass,0.6180856227874756,False,52.0
2014,Sean Mannion,Oregon State,2015,,,-8,pass,-1.7664077281951904,False,49.0
2014,Sean Mannion,Oregon State,2015,,,6,pass,0.06142711639404297,False,60.0
2014,Sean Mannion,Oregon State,2015,,,2,pass,-0.4860203266143799,False,23.0
2014,Sean Mannion,Oregon State,2015,,,0,pass,-0.8084940910339355,False,23.0
2014,Sean Mannion,Oregon State,2015,,,0,pass,-0.82381272315979,False,26.0
2014,Sean Mannion,Oregon State,2015,,,0,pass,-0.5337252616882324,False,21.0
2014,Sean Mannion,Oregon State,2015,,,27,pass,1.6036007404327393,False,48.0
2014,Sean Mannion,Oregon State,2015,,,6,pass,0.28067517280578613,False,62.0
2014,Sean Mannion,Oregon State,2015,,,29,pass,2.7539327144622803,False,91.0
2014,Sean Mannion,Oregon State,2015,,,5,pass,-0.07840758562088013,False,96.0
2014,Sean Mannion,Oregon State,2015,,,0,pass,-1.1582667827606201,False,66.0
2014,Sean Mannion,Oregon State,2015,,,-14,pass,-1.686097264289856,False,52.0
2014,Sean Mannion,Oregon State,2015,,,11,pass,1.1228053569793701,False,61.0
2014,Sean Mannion,Oregon State,2015,,,31,pass,-7.8338727951049805,True,70.0
2014,Sean Mannion,Oregon State,2015,,,0,pass,-1.0088565349578857,False,80.0
2014,Sean Mannion,Oregon State,2015,,,-1,pass,-1.5274274349212646,False,50.0
2014,Sean Mannion,Oregon State,2015,,,0,pass,-0.736823320388794,False,49.0
2014,Sean Mannion,Oregon State,2015,,,7,pass,0.3844447135925293,False,68.0
2014,Sean Mannion,Oregon State,2015,,,1,pass,-0.8280112743377686,False,87.0
2014,Sean Mannion,Oregon State,2015,,,6,pass,0.12361907958984375,False,57.0
2014,Sean Mannion,Oregon State,2015,,,9,pass,1.3952789306640625,False,49.0
2014,Sean Mannion,Oregon State,2015,,,11,pass,0.6411106586456299,False,40.0
2014,Sean Mannion,Oregon State,2015,,,4,pass,-0.4664262533187866,False,85.0
2014,Sean Mannion,Oregon State,2015,,,10,pass,1.0265040397644043,False,81.0
2014,Sean Mannion,Oregon State,2015,,,7,pass,0.19987308979034424,False,71.0
2014,Sean Mannion,Oregon State,2015,,,24,pass,2.6681132316589355,True,24.0
2014,Sean Mannion,Oregon State,2015,,,4,pass,-0.16121479868888855,False,87.0
2014,Sean Mannion,Oregon State,2015,,,7,pass,0.39049267768859863,False,57.0
2014,Sean Mannion,Oregon State,2015,,,9,pass,0.5463989973068237,False,82.0
2014,Sean Mannion,Oregon State,2015,,,9,pass,0.3804936408996582,False,73.0
2014,Sean Mannion,Oregon State,2015,,,17,pass,1.0539429187774658,False,37.0
2014,Sean Mannion,Oregon State,2015,,,-9,pass,-1.7026145458221436,False,20.0
2014,Sean Mannion,Oregon State,2015,,,0,pass,-0.8121480941772461,False,29.0
2014,Sean Mannion,Oregon State,2015,,,0,pass,-0.6570001840591431,False,29.0
2014,Sean Mannion,Oregon State,2015,,,0,pass,-0.6160956621170044,False,75.0
2014,Sean Mannion,Oregon State,2015,,,32,pass,4.194248676300049,False,72.0
2014,Sean Mannion,Oregon State,2015,,,-2,pass,-2.0653722286224365,False,38.0
2014,Sean Mannion,Oregon State,2015,,,-6,pass,-1.256988763809204,False,75.0
2014,Sean Mannion,Oregon State,2015,,,0,pass,-1.248138189315796,False,16.0
2014,Sean Mannion,Oregon State,2015,,,21,pass,0.8716909885406494,False,42.0
2014,Sean Mannion,Oregon State,2015,,,0,pass,-0.5589348673820496,False,79.0
2014,Sean Mannion,Oregon State,2015,,,3,pass,-0.7919394969940186,False,79.0
2014,Sean Mannion,Oregon State,2015,,,34,pass,3.4157357215881348,False,76.0
2014,Sean Mannion,Oregon State,2015,,,3,pass,-0.12927722930908203,False,19.0
2014,Sean Mannion,Oregon State,2015,,,6,pass,1.660140872001648,False,75.0
2014,Sean Mannion,Oregon State,2015,,,1,pass,-1.4427416324615479,False,64.0
2014,Sean Mannion,Oregon State,2015,,,10,pass,0.9678554534912109,False,63.0
2014,Sean Mannion,Oregon State,2015,,,24,pass,1.2285220623016357,False,53.0
2014,Sean Mannion,Oregon State,2015,,,0,pass,-0.5489568710327148,False,29.0
2014,Sean Mannion,Oregon State,2015,,,4,pass,-0.4445986747741699,False,25.0
2014,Sean Mannion,Oregon State,2015,,,20,pass,1.682178020477295,False,24.0
2014,Sean Mannion,Oregon State,2015,,,19,pass,1.2664079666137695,False,82.0
2014,Sean Mannion,Oregon State,2015,,,0,pass,-1.0270628929138184,False,58.0
2014,Sean Mannion,Oregon State,2015,,,0,pass,-1.795445203781128,False,58.0
2014,Sean Mannion,Oregon State,2015,,,19,pass,9.41576862335205,False,25.0
2014,Sean Mannion,Oregon State,2015,,,0,pass,0.13307857513427734,False,6.0
2014,Sean Mannion,Oregon State,2015,,,-3,pass,-0.36220598220825195,False,6.0
2014,Sean Mannion,Oregon State,2015,,,7,pass,0.2124335765838623,False,9.0
2014,Sean Mannion,Oregon State,2015,,,2,pass,4.600924968719482,True,2.0
2014,Sean Mannion,Oregon State,2015,,,6,pass,-2.2565107345581055,False,25.0
2014,Sean Mannion,Oregon State,2015,,,0,pass,-2.5543622970581055,False,20.0
2014,Sean Mannion,Oregon State,2015,,,-6,pass,-2.205702304840088,False,26.0
2014,Sean Mannion,Oregon State,2015,,,3,pass,0.04064440727233887,False,31.0
2014,Sean Mannion,Oregon State,2015,,,20,pass,1.2351542711257935,False,51.0
2014,Sean Mannion,Oregon State,2015,,,9,pass,0.3976486921310425,False,60.0
2014,Sean Mannion,Oregon State,2015,,,9,pass,0.9834874272346497,False,69.0
2014,Sean Mannion,Oregon State,2015,,,11,pass,0.5570928454399109,False,83.0
2014,Sean Mannion,Oregon State,2015,,,0,pass,-0.8216853737831116,False,66.0
2014,Sean Mannion,Oregon State,2015,,,3,pass,-0.36151158809661865,False,69.0
2014,Sean Mannion,Oregon State,2015,,,72,pass,5.967436790466309,True,72.0
2014,Sean Mannion,Oregon State,2015,,,0,pass,-3.279081344604492,False,34.0
2014,Sean Mannion,Oregon State,2015,,,0,pass,-1.7261216640472412,False,34.0
2014,Sean Mannion,Oregon State,2015,,,0,pass,-0.8133623600006104,False,34.0
2014,Sean Mannion,Oregon State,2015,,,52,pass,4.396556854248047,False,92.0
2014,Sean Mannion,Oregon State,2015,,,0,pass,-1.4941679239273071,False,63.0
2014,Sean Mannion,Oregon State,2015,,,0,pass,-0.8037364482879639,False,63.0
2014,Sean Mannion,Oregon State,2015,,,-11,pass,-2.140124559402466,False,81.0
2014,Sean Mannion,Oregon State,2015,,,0,pass,-0.9801013469696045,False,81.0
2014,Sean Mannion,Oregon State,2015,,,0,pass,-1.785642385482788,False,60.0
2014,Sean Mannion,Oregon State,2015,,,7,pass,0.4454834461212158,False,67.0
2014,Sean Mannion,Oregon State,2015,,,16,pass,-0.8524817824363708,False,82.0
2014,Sean Mannion,Oregon State,2015,,,0,pass,-0.1057126522064209,False,13.0
2014,Sean Mannion,Oregon State,2015,,,9,pass,0.15418076515197754,False,22.0
2014,Sean Mannion,Oregon State,2015,,,0,pass,-0.5306403636932373,False,22.0
2014,Sean Mannion,Oregon State,2015,,,0,pass,-0.6146937608718872,False,69.0
2014,Sean Mannion,Oregon State,2015,,,5,pass,0.09434345364570618,False,87.0
2014,Sean Mannion,Oregon State,2015,,,10,pass,1.0533524751663208,False,56.0
2014,Sean Mannion,Oregon State,2015,,,3,pass,-0.20391905307769775,False,59.0
2014,Sean Mannion,Oregon State,2015,,,4,pass,-0.7970003485679626,False,65.0
2014,Sean Mannion,Oregon State,2015,,,-9,pass,-1.536562442779541,False,11.0
2014,Sean Mannion,Oregon State,2015,,,0,pass,-0.8094227313995361,False,11.0
2014,Sean Mannion,Oregon State,2015,,,0,pass,-0.6628431081771851,False,81.0
2014,Sean Mannion,Oregon State,2015,,,-10,pass,-1.7074755430221558,False,50.0
2014,Sean Mannion,Oregon State,2015,,,12,pass,0.4862632155418396,False,70.0
2014,Sean Mannion,Oregon State,2015,,,0,pass,-4.8050150871276855,False,90.0
2014,Sean Mannion,Oregon State,2015,,,0,pass,-0.7409483194351196,False,58.0
2014,Sean Mannion,Oregon State,2015,,,-6,pass,-1.5684179067611694,False,55.0
2014,Sean Mannion,Oregon State,2015,,,-10,pass,-1.4438952207565308,False,53.0
2014,Sean Mannion,Oregon State,2015,,,7,pass,-0.33685100078582764,False,60.0
2014,Sean Mannion,Oregon State,2015,,,-9,pass,-1.822216272354126,False,51.0
2014,Sean Mannion,Oregon State,2015,,,0,pass,-6.307872772216797,False,5.0
2014,Sean Mannion,Oregon State,2015,,,0,pass,-1.507629632949829,False,5.0
2014,Sean Mannion,Oregon State,2015,,,7,pass,0.8461642265319824,False,14.0
2014,Sean Mannion,Oregon State,2015,,,5,pass,0.7596008777618408,False,19.0
2014,Sean Mannion,Oregon State,2015,,,0,pass,-1.4218330383300781,False,61.0
2014,Sean Mannion,Oregon State,2015,,,19,pass,2.7062416076660156,False,85.0
2014,Sean Mannion,Oregon State,2015,,,0,pass,-0.7448129653930664,False,85.0
2014,Sean Mannion,Oregon State,2015,,,-11,pass,-0.712806224822998,False,86.0
2014,Sean Mannion,Oregon State,2015,,,12,pass,0.09198260307312012,False,85.0
2014,Sean Mannion,Oregon State,2015,,,-10,pass,-0.9760660529136658,False,70.0
2014,Sean Mannion,Oregon State,2015,,,7,pass,0.7840919494628906,False,77.0
2014,Sean Mannion,Oregon State,2015,,,8,pass,0.505702018737793,False,85.0
2014,Sean Mannion,Oregon State,2015,,,0,pass,-2.5742805004119873,False,40.0
2014,Sean Mannion,Oregon State,2015,,,0,pass,-1.7121704816818237,False,40.0
2014,Sean Mannion,Oregon State,2015,,,10,pass,0.810772180557251,False,54.0
2014,Sean Mannion,Oregon State,2015,,,13,pass,1.874060869216919,False,67.0
2014,Sean Mannion,Oregon State,2015,,,0,pass,-1.2250821590423584,False,65.0
2014,Sean Mannion,Oregon State,2015,,,0,pass,-0.7723642587661743,False,65.0
2014,Sean Mannion,Oregon State,2015,,,0,pass,-0.7125048637390137,False,65.0
2014,Sean Mannion,Oregon State,2015,,,7,pass,-0.4194016456604004,False,82.0
2014,Sean Mannion,Oregon State,2015,,,-9,pass,-1.7680121660232544,False,73.0
2014,Sean Mannion,Oregon State,2015,,,9,pass,-0.3167555332183838,False,62.0
2014,Sean Mannion,Oregon State,2015,,,9,pass,1.2703711986541748,False,69.0
2014,Sean Mannion,Oregon State,2015,,,9,pass,0.8572586178779602,False,82.0
2014,Sean Mannion,Oregon State,2015,,,0,pass,-0.985750675201416,False,85.0
2014,Sean Mannion,Oregon State,2015,,,0,pass,-0.8386368751525879,False,85.0
2014,Sean Mannion,Oregon State,2015,,,0,pass,-0.542258083820343,False,75.0
2014,Sean Mannion,Oregon State,2015,,,12,pass,1.2653207778930664,False,57.0
2014,Sean Mannion,Oregon State,2015,,,0,pass,-0.1573629379272461,False,45.0
2014,Sean Mannion,Oregon State,2015,,,11,pass,1.248619794845581,False,45.0
2014,Sean Mannion,Oregon State,2015,,,20,pass,1.706010103225708,False,34.0
2014,Sean Mannion,Oregon State,2015,,,0,pass,-0.3706604242324829,False,75.0
2014,Sean Mannion,Oregon State,2015,,,12,pass,0.8322686553001404,False,75.0
2014,Sean Mannion,Oregon State,2015,,,8,pass,0.23627305030822754,False,63.0
2014,Sean Mannion,Oregon State,2015,,,-2,pass,-1.0676600933074951,False,55.0
2014,Sean Mannion,Oregon State,2015,,,21,pass,1.2121567726135254,False,78.0
2014,Sean Mannion,Oregon State,2015,,,4,pass,-0.08931601047515869,False,57.0
2014,Sean Mannion,Oregon State,2015,,,-10,pass,-1.9957350492477417,False,53.0
2014,Sean Mannion,Oregon State,2015,,,14,pass,0.2898799777030945,False,63.0
2014,Sean Mannion,Oregon State,2015,,,1,pass,-2.5372681617736816,False,49.0
2014,Sean Mannion,Oregon State,2015,,,2,pass,-4.59236478805542,False,69.0
2014,Sean Mannion,Oregon State,2015,,,0,pass,-0.6221256256103516,False,63.0
2014,Sean Mannion,Oregon State,2015,,,0,pass,-0.8246700763702393,False,63.0
2014,Sean Mannion,Oregon State,2015,,,15,pass,2.4912567138671875,False,63.0
2014,Sean Mannion,Oregon State,2015,,,19,pass,1.8623127937316895,False,47.0
2014,Sean Mannion,Oregon State,2015,,,14,pass,0.593411922454834,False,50.0
2014,Sean Mannion,Oregon State,2015,,,13,pass,1.2042155265808105,False,30.0
2014,Sean Mannion,Oregon State,2015,,,8,pass,1.5162019729614258,True,8.0
2014,Sean Mannion,Oregon State,2015,,,6,pass,0.4792373776435852,False,63.0
2014,Sean Mannion,Oregon State,2015,,,16,pass,2.110907554626465,False,57.0
2014,Sean Mannion,Oregon State,2015,,,26,pass,2.1219470500946045,False,41.0
2014,Sean Mannion,Oregon State,2015,,,0,pass,-0.9102700352668762,False,70.0
2014,Sean Mannion,Oregon State,2015,,,11,pass,2.2649383544921875,False,70.0
2014,Sean Mannion,Oregon State,2015,,,0,pass,-1.9165873527526855,False,52.0
2014,Sean Mannion,Oregon State,2015,,,0,pass,-0.0025472790002822876,False,65.0
2014,Sean Mannion,Oregon State,2015,,,0,pass,-0.6140225529670715,False,65.0
2014,Sean Mannion,Oregon State,2015,,,-3,pass,-1.791628360748291,False,65.0
2014,Sean Mannion,Oregon State,2015,,,6,pass,0.05183538794517517,False,87.0
2014,Sean Mannion,Oregon State,2015,,,17,pass,1.3782052993774414,False,81.0
2014,Sean Mannion,Oregon State,2015,,,22,pass,1.2741823196411133,False,49.0
2014,Sean Mannion,Oregon State,2015,,,0,pass,-0.5295500755310059,False,27.0
2014,Sean Mannion,Oregon State,2015,,,0,pass,-0.5613627433776855,False,15.0
2014,Sean Mannion,Oregon State,2015,,,0,pass,-1.1275157928466797,False,13.0
2014,Sean Mannion,Oregon State,2015,,,3,pass,0.8947772979736328,True,3.0
2014,Sean Mannion,Oregon State,2015,,,10,pass,0.5845233201980591,False,75.0
2014,Sean Mannion,Oregon State,2015,,,5,pass,-0.008195042610168457,False,65.0
2014,Sean Mannion,Oregon State,2015,,,21,pass,1.4138915538787842,False,79.0
2014,Sean Mannion,Oregon State,2015,,,0,pass,-0.638257622718811,False,58.0
2014,Sean Mannion,Oregon State,2015,,,7,pass,0.05477166175842285,False,58.0
2014,Sean Mannion,Oregon State,2015,,,0,pass,-1.9952536821365356,False,51.0
2014,Sean Mannion,Oregon State,2015,,,1,pass,-0.7347478866577148,False,68.0
2014,Sean Mannion,Oregon State,2015,,,2,pass,-1.2854925394058228,False,64.0
2014,Sean Mannion,Oregon State,2015,,,0,pass,-0.2241988182067871,False,1.0
2014,Sean Mannion,Oregon State,2015,,,9,pass,1.1628543138504028,False,75.0
2014,Sean Mannion,Oregon State,2015,,,0,pass,-0.6164261102676392,False,66.0
2014,Sean Mannion,Oregon State,2015,,,11,pass,0.7079870700836182,False,61.0
2014,Sean Mannion,Oregon State,2015,,,0,pass,-0.5087171792984009,False,50.0
2014,Sean Mannion,Oregon State,2015,,,20,pass,1.4118609428405762,False,35.0
2014,Sean Mannion,Oregon State,2015,,,-6,pass,-1.088449478149414,False,15.0
2014,Sean Mannion,Oregon State,2015,,,13,pass,1.5564601421356201,False,21.0
2014,Sean Mannion,Oregon State,2015,,,7,pass,1.8824782371520996,False,8.0
2014,Sean Mannion,Oregon State,2015,,,10,pass,-0.4409220218658447,False,86.0
2014,Sean Mannion,Oregon State,2015,,,0,pass,-0.7969412803649902,False,76.0
2014,Sean Mannion,Oregon State,2015,,,7,pass,0.3882963955402374,False,85.0
2014,Sean Mannion,Oregon State,2015,,,7,pass,0.6090232729911804,False,78.0
2014,Sean Mannion,Oregon State,2015,,,5,pass,-0.2014099359512329,False,34.0
2014,Sean Mannion,Oregon State,2015,,,3,pass,-0.22765159606933594,False,26.0
2014,Sean Mannion,Oregon State,2015,,,-11,pass,-2.383937358856201,False,23.0
2014,Sean Mannion,Oregon State,2015,,,29,pass,2.039578437805176,False,72.0
2014,Sean Mannion,Oregon State,2015,,,12,pass,0.4438130855560303,False,38.0
2014,Sean Mannion,Oregon State,2015,,,16,pass,1.5135960578918457,False,80.0
2014,Sean Mannion,Oregon State,2015,,,0,pass,-0.7826963067054749,False,64.0
2014,Sean Mannion,Oregon State,2015,,,18,pass,1.3830108642578125,False,80.0
2014,Sean Mannion,Oregon State,2015,,,6,pass,0.4554814100265503,False,55.0
2014,Sean Mannion,Oregon State,2015,,,8,pass,0.3969902992248535,False,35.0
2014,Sean Mannion,Oregon State,2015,,,28,pass,2.4897990226745605,False,60.0
2014,Sean Mannion,Oregon State,2015,,,7,pass,0.8022334575653076,False,32.0
2014,Sean Mannion,Oregon State,2015,,,-10,pass,-2.3691372871398926,False,25.0
2014,Sean Mannion,Oregon State,2015,,,0,pass,-0.44834113121032715,False,52.0
2014,Sean Mannion,Oregon State,2015,,,-8,pass,-0.8660123348236084,False,52.0
2014,Sean Mannion,Oregon State,2015,,,28,pass,2.5733370780944824,False,75.0
2014,Sean Mannion,Oregon State,2015,,,4,pass,-0.0018665790557861328,False,34.0
2014,Sean Mannion,Oregon State,2015,,,14,pass,1.867112398147583,False,29.0
2014,Sean Mannion,Oregon State,2015,,,-9,pass,-1.9279563426971436,False,15.0
2014,Sean Mannion,Oregon State,2015,,,5,pass,-0.28546857833862305,False,24.0
2014,Sean Mannion,Oregon State,2015,,,-1,pass,-0.7520147562026978,False,19.0
2014,Sean Mannion,Oregon State,2015,,,7,pass,0.40634268522262573,False,86.0
2014,Sean Mannion,Oregon State,2015,,,0,pass,-1.664793610572815,False,81.0
2014,Sean Mannion,Oregon State,2015,,,0,pass,-0.5651764869689941,False,12.0
2014,Sean Mannion,Oregon State,2015,,,6,pass,-0.7122292518615723,False,13.0
2014,Sean Mannion,Oregon State,2015,,,14,pass,0.8430788516998291,False,80.0
2014,Sean Mannion,Oregon State,2015,,,38,pass,1.917686939239502,False,66.0
2014,Sean Mannion,Oregon State,2015,,,6,pass,0.20046424865722656,False,28.0
2014,Sean Mannion,Oregon State,2015,,,14,pass,2.6216745376586914,True,14.0
2014,Sean Mannion,Oregon State,2015,,,49,pass,3.239633798599243,False,75.0
2014,Sean Mannion,Oregon State,2015,,,11,pass,0.06658482551574707,False,56.0
2014,Sean Mannion,Oregon State,2015,,,0,pass,-0.9051862955093384,False,64.0
2014,Sean Mannion,Oregon State,2015,,,14,pass,1.417892336845398,False,79.0
2014,Sean Mannion,Oregon State,2015,,,67,pass,6.6886444091796875,True,67.0
2014,Sean Mannion,Oregon State,2015,,,-8,pass,-1.9495346546173096,False,64.0
2014,Sean Mannion,Oregon State,2015,,,13,pass,1.0635014772415161,False,75.0
2014,Sean Mannion,Oregon State,2015,,,20,pass,2.8420557975769043,True,20.0
2014,Sean Mannion,Oregon State,2015,,,16,pass,2.326303482055664,False,39.0
2014,Sean Mannion,Oregon State,2015,,,8,pass,0.6414155960083008,False,80.0
2014,Sean Mannion,Oregon State,2015,,,0,pass,-4.891589164733887,False,19.0
2014,Sean Mannion,Oregon State,2015,,,0,pass,-0.5653975009918213,False,19.0
2014,Sean Mannion,Oregon State,2015,,,9,pass,0.8172953128814697,False,28.0
2014,Sean Mannion,Oregon State,2015,,,38,pass,2.7197699546813965,False,66.0
2014,Sean Mannion,Oregon State,2015,,,0,pass,-0.4621691405773163,False,41.0
2014,Sean Mannion,Oregon State,2015,,,0,pass,-0.3019925057888031,False,41.0
2014,Sean Mannion,Oregon State,2015,,,0,pass,0.008061349391937256,False,41.0
2014,Sean Mannion,Oregon State,2015,,,11,pass,0.24361854791641235,False,52.0
2014,Sean Mannion,Oregon State,2015,,,0,pass,-0.05937570333480835,False,52.0
2014,Sean Mannion,Oregon State,2015,,,0,pass,-0.27083244919776917,False,79.0
2014,Sean Mannion,Oregon State,2015,,,1,pass,-0.18586048483848572,False,80.0
2014,Sean Mannion,Oregon State,2015,,,8,pass,0.4823460578918457,False,58.0
2014,Sean Mannion,Oregon State,2015,,,3,pass,-1.1464169025421143,False,38.0
2014,Sean Mannion,Oregon State,2015,,,0,pass,-0.5513198375701904,False,39.0
2014,Sean Mannion,Oregon State,2015,,,3,pass,-0.32132458686828613,False,50.0
2014,Sean Mannion,Oregon State,2015,,,8,pass,0.6618777513504028,False,88.0
2014,Sean Mannion,Oregon State,2015,,,4,pass,-0.1443098783493042,False,70.0
2014,Sean Mannion,Oregon State,2015,,,30,pass,-7.1745405197143555,False,63.0
2014,Sean Mannion,Oregon State,2015,,,11,pass,0.6045591831207275,False,79.0
2014,Sean Mannion,Oregon State,2015,,,0,pass,-1.3667305707931519,False,70.0
2014,Sean Mannion,Oregon State,2015,,,0,pass,-0.9125435948371887,False,65.0
2014,Sean Mannion,Oregon State,2015,,,6,pass,0.2802621126174927,False,71.0
2014,Sean Mannion,Oregon State,2015,,,3,pass,0.555797815322876,False,82.0
2014,Sean Mannion,Oregon State,2015,,,8,pass,0.8005087971687317,False,79.0
2014,Sean Mannion,Oregon State,2015,,,2,pass,-0.44845980405807495,False,71.0
2014,Sean Mannion,Oregon State,2015,,,7,pass,0.7148643136024475,False,69.0
2014,Sean Mannion,Oregon State,2015,,,9,pass,0.9055266976356506,False,62.0
2014,Sean Mannion,Oregon State,2015,,,11,pass,1.2969130277633667,False,50.0
2014,Sean Mannion,Oregon State,2015,,,5,pass,0.1686244010925293,False,39.0
2014,Sean Mannion,Oregon State,2015,,,0,pass,-0.8575807809829712,False,34.0
2014,Sean Mannion,Oregon State,2015,,,12,pass,1.8045049905776978,False,34.0
2014,Sean Mannion,Oregon State,2015,,,8,pass,0.8661134243011475,False,22.0
2014,Sean Mannion,Oregon State,2015,,,0,pass,-0.708057165145874,False,14.0
2014,Sean Mannion,Oregon State,2015,,,0,pass,-0.7189731597900391,False,9.0
2014,Sean Mannion,Oregon State,2015,,,0,pass,-0.969062089920044,False,9.0
2014,Sean Mannion,Oregon State,2015,,,4,pass,-1.2025556564331055,False,9.0
2014,Sean Mannion,Oregon State,2015,,,-7,pass,-3.2337679862976074,False,5.0
2014,Sean Mannion,Oregon State,2015,,,4,pass,-0.16152018308639526,False,75.0
2014,Sean Mannion,Oregon State,2015,,,0,pass,-0.8944127559661865,False,71.0
2014,Sean Mannion,Oregon State,2015,,,8,pass,2.097235918045044,False,71.0
2014,Sean Mannion,Oregon State,2015,,,20,pass,1.9196579456329346,False,73.0
2014,Sean Mannion,Oregon State,2015,,,0,pass,-0.6666005253791809,False,53.0
2014,Sean Mannion,Oregon State,2015,,,0,pass,-0.9089417457580566,False,53.0
2014,Sean Mannion,Oregon State,2015,,,-7,pass,-2.272289276123047,False,53.0
2014,Sean Mannion,Oregon State,2015,,,11,pass,2.161486864089966,True,11.0
2014,Sean Mannion,Oregon State,2015,,,0,pass,-1.4178497791290283,False,71.0
2014,Sean Mannion,Oregon State,2015,,,-3,pass,-1.943764567375183,False,62.0
2014,Sean Mannion,Oregon State,2015,,,46,pass,3.1524198055267334,False,69.0
2014,Sean Mannion,Oregon State,2015,,,59,pass,-8.375875473022461,False,23.0
2014,Sean Mannion,Oregon State,2015,,,0,pass,-0.6683956384658813,False,58.0
2014,Sean Mannion,Oregon State,2015,,,5,pass,-0.16301840543746948,False,67.0
2014,Sean Mannion,Oregon State,2015,,,4,pass,0.029541969299316406,False,62.0
2014,Sean Mannion,Oregon State,2015,,,9,pass,2.125011920928955,True,9.0
2014,Sean Mannion,Oregon State,2015,,,0,pass,-0.35133814811706543,False,95.0
2014,Sean Mannion,Oregon State,2015,,,0,pass,-0.6144036054611206,False,95.0
2014,Sean Mannion,Oregon State,2015,,,72,pass,6.092543601989746,False,95.0
2014,Sean Mannion,Oregon State,2015,,,6,pass,0.6335151195526123,False,21.0
2014,Sean Mannion,Oregon State,2015,,,-8,pass,-1.611613154411316,False,73.0
2014,Sean Mannion,Oregon State,2015,,,6,pass,-0.1645052433013916,False,78.0
2014,Sean Mannion,Oregon State,2015,,,23,pass,5.112481117248535,False,59.0
2014,Sean Mannion,Oregon State,2015,,,0,pass,-1.0625265836715698,False,35.0
2014,Sean Mannion,Oregon State,2015,,,11,pass,2.5714330673217773,False,35.0
2014,Sean Mannion,Oregon State,2015,,,0,pass,-0.6164381504058838,False,24.0
2014,Sean Mannion,Oregon State,2015,,,5,pass,-0.38573265075683594,False,22.0
2014,Sean Mannion,Oregon State,2015,,,2,pass,-4.417579174041748,False,17.0
2014,Sean Mannion,Oregon State,2015,,,0,pass,-0.8120276927947998,False,71.0
2014,Sean Mannion,Oregon State,2015,,,16,pass,2.0629281997680664,False,65.0
2014,Sean Mannion,Oregon State,2015,,,14,pass,0.9434058666229248,False,49.0
2014,Sean Mannion,Oregon State,2015,,,0,pass,-0.6808409690856934,False,35.0
2014,Sean Mannion,Oregon State,2015,,,1,pass,-0.8560400009155273,False,35.0
2014,Sean Mannion,Oregon State,2015,,,0,pass,-1.7614246606826782,False,34.0
2014,Sean Mannion,Oregon State,2015,,,-9,pass,-2.033266067504883,False,83.0
2014,Sean Mannion,Oregon State,2015,,,0,pass,-0.4851442575454712,False,75.0
2014,Sean Mannion,Oregon State,2015,,,-1,pass,-1.2371569871902466,False,74.0
2014,Sean Mannion,Oregon State,2015,,,23,pass,2.2589261531829834,False,26.0
2014,Sean Mannion,Oregon State,2015,,,15,pass,2.7177445888519287,False,62.0
2014,Sean Mannion,Oregon State,2015,,,0,pass,-0.6643960475921631,False,65.0
2014,Sean Mannion,Oregon State,2015,,,20,pass,4.273573398590088,True,20.0
2014,Sean Mannion,Oregon State,2015,,,0,pass,-1.3115036487579346,False,20.0
2014,Sean Mannion,Oregon State,2015,,,7,pass,3.8895797729492188,False,30.0
2014,Sean Mannion,Oregon State,2015,,,5,pass,-0.7371225357055664,False,35.0
2014,Sean Mannion,Oregon State,2015,,,0,pass,-1.2272469997406006,False,35.0
2014,Sean Mannion,Oregon State,2015,,,0,pass,-0.7396100759506226,False,35.0
2014,Sean Mannion,Oregon State,2015,,,10,pass,1.614577054977417,False,58.0
2014,Sean Mannion,Oregon State,2015,,,4,pass,-0.3613920509815216,False,65.0
2014,Sean Mannion,Oregon State,2015,,,-9,pass,-1.7955198287963867,False,61.0
2014,Sean Mannion,Oregon State,2015,,,-7,pass,-1.803897738456726,False,15.0
2014,Sean Mannion,Oregon State,2015,,,5,pass,0.9459697008132935,False,20.0
2014,Sean Mannion,Oregon State,2015,,,5,pass,-0.09190154075622559,False,25.0
2014,Sean Mannion,Oregon State,2015,,,5,pass,0.9705795049667358,False,34.0
2014,Sean Mannion,Oregon State,2015,,,6,pass,1.0709184408187866,False,45.0
2014,Sean Mannion,Oregon State,2015,,,18,pass,1.406287670135498,False,63.0
2014,Sean Mannion,Oregon State,2015,,,0,pass,-0.6657527685165405,False,58.0
2014,Sean Mannion,Oregon State,2015,,,11,pass,1.5499166250228882,False,65.0
2014,Sean Mannion,Oregon State,2015,,,4,pass,0.014161914587020874,False,69.0
2014,Sean Mannion,Oregon State,2015,,,0,pass,-0.9106458425521851,False,72.0
2014,Sean Mannion,Oregon State,2015,,,0,pass,-0.7413136959075928,False,72.0
2014,Sean Mannion,Oregon State,2015,,,0,pass,-0.7989675998687744,False,72.0
2014,Sean Mannion,Oregon State,2015,,,5,pass,-0.0019115805625915527,False,77.0
2014,Sean Mannion,Oregon State,2015,,,7,pass,-0.010775342583656311,False,61.0
2014,Sean Mannion,Oregon State,2015,,,0,pass,-0.8047681450843811,False,61.0
2014,Sean Mannion,Oregon State,2015,,,4,pass,0.17897969484329224,False,67.0
2014,Sean Mannion,Oregon State,2015,,,9,pass,0.7646143436431885,False,39.0
2014,Sean Mannion,Oregon State,2015,,,0,pass,-0.6326214075088501,False,57.0
