season,player_name,college,down,distance,yards_gained,epa,success,pass,completion,interception,touchdown
2021,Seth Henigan,Memphis,1,15.0,15,0.8828872157298931,1,1,1,0,0
2021,Seth Henigan,Memphis,2,8.0,0,-0.26931522945819,0,1,0,0,0
2021,Seth Henigan,Memphis,1,10.0,0,-1.0146424556055624,0,1,1,0,0
2021,Seth Henigan,Memphis,2,10.0,10,1.9807462289805322,1,1,1,0,0
2021,Seth Henigan,Memphis,1,10.0,0,-0.9391692565688832,0,1,0,0,0
2021,Seth Henigan,Memphis,2,4.0,0,-0.418886382771472,0,1,0,0,0
2021,Seth Henigan,Memphis,2,2.0,9,0.1261568043014077,1,1,1,0,0
2021,Seth Henigan,Memphis,1,10.0,24,0.422899318664228,1,1,1,0,0
2021,Seth Henigan,Memphis,2,5.0,0,-0.7537324720659102,0,1,0,0,0
2021,Seth Henigan,Memphis,1,10.0,6,0.3066560644610403,1,1,1,0,0
2021,Seth Henigan,Memphis,1,10.0,32,2.2756731821863685,1,1,1,0,0
2021,Seth Henigan,Memphis,1,10.0,0,-0.374805786232315,0,1,0,0,0
2021,Seth Henigan,Memphis,3,7.0,11,1.8662765859919714,1,1,1,0,0
2021,Seth Henigan,Memphis,2,10.0,19,2.054712240143571,1,1,1,0,0
2021,Seth Henigan,Memphis,1,15.0,17,0.9125822533466542,1,1,1,0,0
2021,Seth Henigan,Memphis,2,5.0,0,-1.1686934633483474,0,1,0,0,0
2021,Seth Henigan,Memphis,3,5.0,12,2.4626095545459847,1,1,1,0,0
2021,Seth Henigan,Memphis,1,10.0,25,0.7605773788602632,1,1,1,0,0
2021,Seth Henigan,Memphis,2,2.0,0,-0.501666161726224,0,1,0,0,0
2021,Seth Henigan,Memphis,2,6.0,0,-0.29509485739271,0,1,0,0,0
2021,Seth Henigan,Memphis,3,6.0,0,-0.3038593850582816,0,1,0,0,0
2021,Seth Henigan,Memphis,2,7.0,5,0.0769743223472955,1,1,1,0,0
2021,Seth Henigan,Memphis,2,7.0,3,-0.1615273717470935,0,1,1,0,0
2021,Seth Henigan,Memphis,2,9.0,42,2.6396736317438005,1,1,1,0,0
2021,Seth Henigan,Memphis,1,10.0,0,-0.2853930592519426,0,1,0,0,0
2021,Seth Henigan,Memphis,3,7.0,0,-0.325035760733144,0,1,0,0,0
2021,Seth Henigan,Memphis,1,10.0,11,2.521739413367925,1,1,1,0,1
2021,Seth Henigan,Memphis,3,9.0,13,2.2185325795608515,1,1,1,0,0
2021,Seth Henigan,Memphis,1,10.0,0,-0.402662020534962,0,1,0,0,0
2021,Seth Henigan,Memphis,2,10.0,2,-0.2716072586756635,0,1,1,0,0
2021,Seth Henigan,Memphis,3,8.0,9,0.8001526324911605,1,1,1,0,0
2021,Seth Henigan,Memphis,3,5.0,55,5.814979642476839,1,1,1,0,1
2021,Seth Henigan,Memphis,2,8.0,3,-0.3780948630945744,0,1,1,0,0
2021,Seth Henigan,Memphis,3,6.0,11,2.0860480274276396,1,1,1,0,0
2021,Seth Henigan,Memphis,2,6.0,0,-0.6509048869110972,0,1,0,0,0
2021,Seth Henigan,Memphis,1,10.0,4,-0.1142886249388964,0,1,1,0,0
2021,Seth Henigan,Memphis,2,9.0,0,-0.32759167181254867,0,1,0,0,0
2021,Seth Henigan,Memphis,2,10.0,0,-0.6004605992346148,0,1,0,0,0
2021,Seth Henigan,Memphis,2,6.0,9,0.5601704477483676,1,1,1,0,0
2021,Seth Henigan,Memphis,1,15.0,6,0.12827853118068422,1,1,1,0,0
2021,Seth Henigan,Memphis,1,10.0,0,-1.0146424556055624,0,1,0,0,0
2021,Seth Henigan,Memphis,1,10.0,8,0.541145009979541,1,1,1,0,0
2021,Seth Henigan,Memphis,1,10.0,17,2.579903102784414,1,1,1,0,1
2021,Seth Henigan,Memphis,3,9.0,13,1.906541250082749,1,1,1,0,0
2021,Seth Henigan,Memphis,1,10.0,5,0.0945451165334843,1,1,1,0,0
2021,Seth Henigan,Memphis,3,13.0,0,-0.6352657832112028,0,1,0,0,0
2021,Seth Henigan,Memphis,1,10.0,0,-1.065701080215459,0,1,0,0,0
2021,Seth Henigan,Memphis,1,10.0,0,-0.291297448934314,0,1,0,0,0
2021,Seth Henigan,Memphis,2,11.0,22,1.1125493931559074,1,1,1,0,0
2021,Seth Henigan,Memphis,1,10.0,40,3.189049143937341,1,1,1,0,1
2021,Seth Henigan,Memphis,2,10.0,0,-0.30950338122914456,0,1,0,0,0
2021,Seth Henigan,Memphis,1,10.0,3,-0.4117922810157673,0,1,1,0,0
2021,Seth Henigan,Memphis,1,10.0,8,1.0359877217814513,1,1,1,0,0
2021,Seth Henigan,Memphis,2,7.0,50,4.507091714589075,1,1,1,0,1
2021,Seth Henigan,Memphis,1,10.0,0,-0.3826565410356668,0,1,1,0,0
2021,Seth Henigan,Memphis,2,10.0,25,2.063405739042233,1,1,1,0,0
2021,Seth Henigan,Memphis,3,10.0,19,1.6328653353153675,1,1,1,0,0
2021,Seth Henigan,Memphis,1,10.0,0,-0.4710467974920665,0,1,0,0,0
2021,Seth Henigan,Memphis,2,18.0,2,-0.2040277093086118,0,1,1,0,0
2021,Seth Henigan,Memphis,3,16.0,37,4.329010166001157,1,1,1,0,0
2021,Seth Henigan,Memphis,2,10.0,75,6.780725141764973,1,1,1,0,1
2021,Seth Henigan,Memphis,1,10.0,0,-0.7029700220436519,0,1,0,0,0
2021,Seth Henigan,Memphis,2,11.0,23,2.7839450369637238,1,1,1,0,0
2021,Seth Henigan,Memphis,2,10.0,10,1.3319054412543496,1,1,1,0,0
2021,Seth Henigan,Memphis,4,3.0,0,-3.1308822585392893,0,1,0,0,0
2021,Seth Henigan,Memphis,1,10.0,-1,-0.8014893508157099,0,1,1,0,0
2021,Seth Henigan,Memphis,1,10.0,7,0.6333251560123241,1,1,1,0,0
2021,Seth Henigan,Memphis,1,10.0,-1,-0.8014893508157099,0,1,1,0,0
2021,Seth Henigan,Memphis,2,11.0,7,0.26675706725993287,1,1,1,0,0
2021,Seth Henigan,Memphis,3,4.0,0,-0.43770162015070735,0,1,0,0,0
2021,Seth Henigan,Memphis,1,10.0,0,-1.1077677360468863,0,1,0,0,0
2021,Seth Henigan,Memphis,3,10.0,0,-0.3883061492737845,0,1,0,0,0
2021,Seth Henigan,Memphis,2,10.0,4,-0.05109027840831537,0,1,1,0,0
2021,Seth Henigan,Memphis,3,6.0,0,-0.2651018088073833,0,1,0,0,0
2021,Seth Henigan,Memphis,1,10.0,0,-0.6135902757979226,0,1,0,0,0
2021,Seth Henigan,Memphis,1,10.0,0,-0.7029700220436519,0,1,0,0,0
2021,Seth Henigan,Memphis,2,10.0,0,-0.34710487712173865,0,1,0,0,0
2021,Seth Henigan,Memphis,3,10.0,9,0.3263945810520408,1,1,1,0,0
2021,Seth Henigan,Memphis,4,1.0,21,-0.1985645621653287,0,1,0,1,0
2021,Seth Henigan,Memphis,3,13.0,5,0.0517141402467534,1,1,1,0,0
2021,Seth Henigan,Memphis,1,10.0,0,-0.3882383440694163,0,1,0,0,0
2021,Seth Henigan,Memphis,1,10.0,8,0.46251371548973186,1,1,1,0,0
2021,Seth Henigan,Memphis,4,8.0,11,2.449309531617255,1,1,1,0,0
2021,Seth Henigan,Memphis,2,2.0,16,0.505892272950029,1,1,1,0,0
2021,Seth Henigan,Memphis,1,10.0,8,0.9306943515415842,1,1,1,0,0
2021,Seth Henigan,Memphis,1,10.0,7,0.529748291879379,1,1,1,0,0
2021,Seth Henigan,Memphis,3,3.0,0,-0.7487229668751514,0,1,0,0,0
2021,Seth Henigan,Memphis,3,5.0,0,-0.21681328149032897,0,1,0,0,0
2021,Seth Henigan,Memphis,3,5.0,0,-0.3926788373089023,0,1,0,0,0
2021,Seth Henigan,Memphis,2,18.0,8,0.3423607861101985,1,1,1,0,0
2021,Seth Henigan,Memphis,2,14.0,0,-0.12112037997028936,0,1,0,0,0
2021,Seth Henigan,Memphis,3,14.0,13,0.3392720342595208,1,1,1,0,0
2021,Seth Henigan,Memphis,1,10.0,60,4.756900604143675,1,1,1,0,1
2021,Seth Henigan,Memphis,3,24.0,5,0.01265246722742042,1,1,1,0,0
2021,Seth Henigan,Memphis,1,10.0,11,0.3389927208311292,1,1,1,0,0
2021,Seth Henigan,Memphis,2,7.0,41,3.5854737394611202,1,1,1,0,0
2021,Seth Henigan,Memphis,2,15.0,0,-0.28821870650710757,0,1,0,0,0
2021,Seth Henigan,Memphis,3,9.0,0,-0.35343126870322106,0,1,0,0,0
2021,Seth Henigan,Memphis,1,10.0,5,0.1088137823196469,1,1,1,0,0
2021,Seth Henigan,Memphis,2,5.0,-4,-1.6261600771982891,0,1,1,0,0
2021,Seth Henigan,Memphis,1,10.0,53,3.7275933074396903,1,1,1,0,0
2021,Seth Henigan,Memphis,1,10.0,0,-0.766047035673644,0,1,0,0,0
2021,Seth Henigan,Memphis,2,10.0,-1,-0.4407142931125634,0,1,1,0,0
2021,Seth Henigan,Memphis,1,10.0,15,0.5883556137924232,1,1,1,0,0
2021,Seth Henigan,Memphis,1,15.0,32,2.383498937322438,1,1,1,0,0
2021,Seth Henigan,Memphis,3,11.0,31,3.7871066750772897,1,1,1,0,0
2021,Seth Henigan,Memphis,1,25.0,0,-0.14049358583241744,0,1,0,0,0
2021,Seth Henigan,Memphis,1,10.0,40,2.5426326484252773,1,1,1,0,0
2021,Seth Henigan,Memphis,3,19.0,0,-0.30912105980665316,0,1,0,0,0
2021,Seth Henigan,Memphis,2,19.0,0,-0.5872952183117022,0,1,0,0,0
2021,Seth Henigan,Memphis,2,10.0,0,-0.9098186366856273,0,1,0,0,0
2021,Seth Henigan,Memphis,1,10.0,0,-1.1618692012952412,0,1,0,0,0
2021,Seth Henigan,Memphis,2,7.0,4,-0.03178152746507301,0,1,1,0,0
2021,Seth Henigan,Memphis,2,10.0,9,0.5525601871585479,1,1,1,0,0
2021,Seth Henigan,Memphis,2,12.0,11,1.547062087294906,1,1,1,0,0
2021,Seth Henigan,Memphis,2,10.0,31,1.635075065674396,1,1,1,0,0
2021,Seth Henigan,Memphis,2,8.0,0,-0.26931522945819,0,1,0,0,0
2021,Seth Henigan,Memphis,3,8.0,0,-0.354205173792517,0,1,0,0,0
2021,Seth Henigan,Memphis,1,10.0,0,-0.5586693796725282,0,1,0,0,0
2021,Seth Henigan,Memphis,1,10.0,0,-0.814236079442537,0,1,0,0,0
2021,Seth Henigan,Memphis,1,8.0,0,-0.357171386033373,0,1,0,0,0
2021,Seth Henigan,Memphis,3,3.0,5,0.6268292870029626,1,1,1,0,0
2021,Seth Henigan,Memphis,3,1.0,3,0.8240123268072175,1,1,1,0,0
2021,Seth Henigan,Memphis,2,3.0,2,-0.6807443278403706,0,1,1,0,0
2021,Seth Henigan,Memphis,1,10.0,43,2.1769975013592613,1,1,1,0,0
2021,Seth Henigan,Memphis,1,9.0,35,2.8651386310010505,1,1,1,0,1
2021,Seth Henigan,Memphis,1,15.0,0,-0.4879153464120636,0,1,0,0,0
2021,Seth Henigan,Memphis,2,15.0,0,-0.23679724370161725,0,1,0,0,0
2021,Seth Henigan,Memphis,3,15.0,0,-0.10754838814645762,0,1,0,0,0
2021,Seth Henigan,Memphis,3,13.0,0,-0.2797587279221805,0,1,0,0,0
2021,Seth Henigan,Memphis,1,20.0,0,-0.4042807876895642,0,1,0,0,0
2021,Seth Henigan,Memphis,2,9.0,17,2.4251630206239874,1,1,1,0,0
2021,Seth Henigan,Memphis,2,7.0,0,-1.1303938669231302,0,1,1,0,0
2021,Seth Henigan,Memphis,3,7.0,7,2.2086995739077278,1,1,1,0,0
2021,Seth Henigan,Memphis,1,10.0,14,0.4992387845050334,1,1,1,0,0
2021,Seth Henigan,Memphis,1,10.0,5,0.074321414460208,1,1,1,0,0
2021,Seth Henigan,Memphis,2,2.0,2,2.067936525322223,1,1,1,0,1
2021,Seth Henigan,Memphis,3,5.0,23,2.2336858424713175,1,1,1,0,0
2021,Seth Henigan,Memphis,1,10.0,25,2.2363431875999487,1,1,1,0,0
2021,Seth Henigan,Memphis,4,6.0,0,-1.1285586547247632,0,1,0,0,0
2021,Seth Henigan,Memphis,3,6.0,0,-1.0426462604369071,0,1,0,0,0
2021,Seth Henigan,Memphis,1,10.0,0,-1.0507069190375147,0,1,0,0,0
2021,Seth Henigan,Memphis,1,10.0,0,-0.7029700220436519,0,1,0,0,0
2021,Seth Henigan,Memphis,1,10.0,0,-0.7828922522763084,0,1,0,0,0
2021,Seth Henigan,Memphis,1,10.0,22,1.6623079555584874,1,1,1,0,0
2021,Seth Henigan,Memphis,2,10.0,3,-0.169154283980589,0,1,1,0,0
2021,Seth Henigan,Memphis,3,7.0,12,0.931650451479733,1,1,1,0,0
2021,Seth Henigan,Memphis,2,12.0,3,-0.096586763520497,0,1,1,0,0
2021,Seth Henigan,Memphis,3,9.0,9,3.010112654732236,1,1,1,0,1
2021,Seth Henigan,Memphis,3,15.0,4,-0.1394037768638095,0,1,1,0,0
2021,Seth Henigan,Memphis,1,10.0,0,-0.4181180581276075,0,1,0,0,0
2021,Seth Henigan,Memphis,4,11.0,16,3.3892334333179575,1,1,1,0,0
2021,Seth Henigan,Memphis,2,9.0,15,1.1541559392162046,1,1,1,0,0
2021,Seth Henigan,Memphis,1,10.0,4,-0.0334632336053265,0,1,1,0,0
2021,Seth Henigan,Memphis,1,10.0,1,-0.5142195293967999,0,1,1,0,0
2021,Seth Henigan,Memphis,1,10.0,4,-0.1142886249388964,0,1,1,0,0
2021,Seth Henigan,Memphis,1,10.0,0,-1.1527089917962545,0,1,0,0,0
2021,Seth Henigan,Memphis,2,10.0,44,-1.7519915746304378,0,1,0,1,0
2021,Seth Henigan,Memphis,3,9.0,0,-1.0310667585339084,0,1,0,0,0
2021,Seth Henigan,Memphis,3,7.0,25,1.992256850826367,1,1,1,0,0
2021,Seth Henigan,Memphis,2,6.0,7,1.2174147403568456,1,1,1,0,0
2021,Seth Henigan,Memphis,1,10.0,0,-1.1590089706435955,0,1,0,0,0
2021,Seth Henigan,Memphis,3,11.0,19,3.4216813560845667,1,1,1,0,0
2021,Seth Henigan,Memphis,2,9.0,0,-0.898580349128384,0,1,0,0,0
2021,Seth Henigan,Memphis,2,4.0,9,0.8545167631145647,1,1,1,0,0
2021,Seth Henigan,Memphis,2,2.0,0,-1.3507472811665515,0,1,0,0,0
2021,Seth Henigan,Memphis,3,2.0,11,2.01298816732902,1,1,1,0,0
2021,Seth Henigan,Memphis,3,4.0,10,1.4454991163512216,1,1,1,0,0
2021,Seth Henigan,Memphis,2,14.0,17,1.408124939640377,1,1,1,0,0
2021,Seth Henigan,Memphis,3,10.0,34,3.4602414206775953,1,1,1,0,0
2021,Seth Henigan,Memphis,2,10.0,0,-0.9411560090170408,0,1,0,0,0
2021,Seth Henigan,Memphis,4,4.0,7,2.629296955405648,1,1,1,0,0
2021,Seth Henigan,Memphis,3,9.0,5,0.0568605531306812,1,1,1,0,0
2021,Seth Henigan,Memphis,1,10.0,0,-1.0955888671820908,0,1,0,0,0
2021,Seth Henigan,Memphis,1,10.0,18,1.6667261175039005,1,1,1,0,0
2021,Seth Henigan,Memphis,2,10.0,0,-0.29227926870296894,0,1,0,0,0
2021,Seth Henigan,Memphis,3,16.0,12,0.9841019023754072,1,1,1,0,0
2021,Seth Henigan,Memphis,1,10.0,14,1.1598463006116466,1,1,1,0,0
2021,Seth Henigan,Memphis,2,3.0,29,0.8820711747765696,1,1,1,0,0
2021,Seth Henigan,Memphis,1,10.0,0,-0.340019558909725,0,1,0,0,0
2021,Seth Henigan,Memphis,4,4.0,0,-3.812544318768822,0,1,0,0,0
2021,Seth Henigan,Memphis,2,10.0,0,-0.7638433871567597,0,1,0,0,0
2021,Seth Henigan,Memphis,3,10.0,0,-0.9887363611325739,0,1,0,0,0
2021,Seth Henigan,Memphis,1,10.0,8,0.6434724471565767,1,1,1,0,0
2021,Seth Henigan,Memphis,1,10.0,3,-0.2957674139440157,0,1,1,0,0
2021,Seth Henigan,Memphis,1,10.0,16,0.5188990407371046,1,1,1,0,0
2021,Seth Henigan,Memphis,1,10.0,1,-0.4473552582060227,0,1,1,0,0
2021,Seth Henigan,Memphis,2,9.0,18,1.9329711385293287,1,1,1,0,0
2021,Seth Henigan,Memphis,1,10.0,0,-1.087995077167328,0,1,0,0,0
2021,Seth Henigan,Memphis,3,10.0,0,-0.36514774325411636,0,1,0,0,0
2021,Seth Henigan,Memphis,1,10.0,0,-0.7029700220436519,0,1,0,0,0
2021,Seth Henigan,Memphis,1,10.0,0,-1.1612466882658818,0,1,0,0,0
2021,Seth Henigan,Memphis,2,10.0,27,2.7431282850470757,1,1,1,0,0
2021,Seth Henigan,Memphis,1,10.0,20,0.364063360951644,1,1,1,0,0
2021,Seth Henigan,Memphis,1,9.0,0,-0.315798379566314,0,1,0,0,0
2021,Seth Henigan,Memphis,2,9.0,9,2.740036203212782,1,1,1,0,1
2021,Seth Henigan,Memphis,1,10.0,0,-0.557844891990525,0,1,0,0,0
2021,Seth Henigan,Memphis,2,20.0,24,3.587596616251414,1,1,1,0,0
2021,Seth Henigan,Memphis,2,4.0,0,-0.8681070846083454,0,1,0,0,0
2021,Seth Henigan,Memphis,3,4.0,0,-0.43770162015070735,0,1,0,0,0
2021,Seth Henigan,Memphis,2,10.0,30,3.372088024913296,1,1,1,0,1
2021,Seth Henigan,Memphis,1,10.0,6,0.3333748010525683,1,1,1,0,0
2021,Seth Henigan,Memphis,4,4.0,25,3.6373066659177846,1,1,1,0,0
2021,Seth Henigan,Memphis,4,11.0,12,2.69085729603984,1,1,1,0,0
2021,Seth Henigan,Memphis,3,11.0,0,-0.19800924889514881,0,1,0,0,0
2021,Seth Henigan,Memphis,2,14.0,3,-0.11738157982979747,0,1,1,0,0
2021,Seth Henigan,Memphis,1,10.0,4,-0.05111426634582639,0,1,1,0,0
2021,Seth Henigan,Memphis,2,6.0,16,1.2073955693584484,1,1,1,0,0
2021,Seth Henigan,Memphis,1,10.0,0,-2.4382967879606845,0,1,0,1,0
2021,Seth Henigan,Memphis,1,10.0,49,3.357752997313141,1,1,1,0,0
2021,Seth Henigan,Memphis,3,2.0,3,2.554387631408499,1,1,1,0,1
2021,Seth Henigan,Memphis,3,8.0,33,0.05671502208542378,1,1,0,1,0
2021,Seth Henigan,Memphis,1,10.0,12,0.6532905038679333,1,1,1,0,0
2021,Seth Henigan,Memphis,1,10.0,0,-0.7342478781140684,0,1,0,0,0
2021,Seth Henigan,Memphis,2,10.0,74,6.741024190575034,1,1,1,0,1
2021,Seth Henigan,Memphis,1,10.0,12,1.093747356833746,1,1,1,0,0
2021,Seth Henigan,Memphis,2,9.0,8,0.4245333930956665,1,1,1,0,0
2021,Seth Henigan,Memphis,1,10.0,0,-1.065701080215459,0,1,0,0,0
2021,Seth Henigan,Memphis,2,6.0,51,3.405744082603684,1,1,1,0,0
2021,Seth Henigan,Memphis,2,19.0,0,-0.3436703868431694,0,1,0,0,0
2021,Seth Henigan,Memphis,3,19.0,6,0.06748921860689716,1,1,1,0,0
2021,Seth Henigan,Memphis,3,6.0,0,-0.8603959659552948,0,1,0,0,0
2021,Seth Henigan,Memphis,3,5.0,10,2.2279557197565927,1,1,1,0,0
2021,Seth Henigan,Memphis,2,15.0,10,0.5324013005173942,1,1,1,0,0
2021,Seth Henigan,Memphis,1,10.0,0,-0.8627910327708888,0,1,0,0,0
2021,Seth Henigan,Memphis,2,6.0,0,-1.066795924557951,0,1,0,0,0
2021,Seth Henigan,Memphis,4,5.0,27,3.030616648887108,1,1,1,0,0
2021,Seth Henigan,Memphis,2,6.0,13,1.6716482467602436,1,1,1,0,0
2021,Seth Henigan,Memphis,2,8.0,0,-0.607748585389043,0,1,0,0,0
2021,Seth Henigan,Memphis,1,10.0,8,0.8672445366681929,1,1,1,0,0
2021,Seth Henigan,Memphis,2,2.0,5,0.195919949745873,1,1,1,0,0
2021,Seth Henigan,Memphis,1,10.0,0,-1.041155320344064,0,1,0,0,0
2021,Seth Henigan,Memphis,3,1.0,1,1.0165829883607544,1,1,1,0,0
2021,Seth Henigan,Memphis,1,10.0,3,-0.4184086843592085,0,1,1,0,0
2021,Seth Henigan,Memphis,4,12.0,0,-1.642868105704352,0,1,0,0,0
2021,Seth Henigan,Memphis,2,10.0,9,0.9868674020734325,1,1,1,0,0
2021,Seth Henigan,Memphis,3,7.0,23,2.958650033859451,1,1,1,0,0
2021,Seth Henigan,Memphis,1,10.0,1,-0.5142195293967999,0,1,1,0,0
2021,Seth Henigan,Memphis,3,3.0,12,1.9512961672911526,1,1,1,0,0
2021,Seth Henigan,Memphis,1,10.0,8,1.004806098349837,1,1,1,0,0
2021,Seth Henigan,Memphis,2,2.0,16,0.6816174676716342,1,1,1,0,0
2021,Seth Henigan,Memphis,3,2.0,4,0.4504209493822755,1,1,1,0,0
2021,Seth Henigan,Memphis,2,9.0,6,0.17589581464834225,1,1,1,0,0
2021,Seth Henigan,Memphis,3,6.0,0,-0.5991233526411863,0,1,0,0,0
2021,Seth Henigan,Memphis,2,10.0,8,0.5500524468254182,1,1,1,0,0
2021,Seth Henigan,Memphis,1,10.0,8,1.0359877217814513,1,1,1,0,0
2021,Seth Henigan,Memphis,1,10.0,12,1.0272443261435713,1,1,1,0,0
2021,Seth Henigan,Memphis,2,13.0,0,-0.7714223748640414,0,1,0,0,0
2021,Seth Henigan,Memphis,3,13.0,12,1.3403908367274955,1,1,1,0,0
2021,Seth Henigan,Memphis,1,2.0,2,1.213235297672098,1,1,1,0,1
2021,Seth Henigan,Memphis,4,1.0,36,3.0454713113530385,1,1,1,0,0
2021,Seth Henigan,Memphis,1,10.0,0,-0.9932236875390341,0,1,0,1,0
2021,Seth Henigan,Memphis,2,13.0,0,-0.12112992177628976,0,1,0,0,0
2021,Seth Henigan,Memphis,3,13.0,0,-0.0524939807433631,0,1,0,0,0
2021,Seth Henigan,Memphis,1,20.0,8,0.4820325233055786,1,1,1,0,0
2021,Seth Henigan,Memphis,4,12.0,27,4.225201667890884,1,1,1,0,0
2021,Seth Henigan,Memphis,2,9.0,0,-0.31009262307283425,0,1,0,0,0
2021,Seth Henigan,Memphis,2,11.0,0,-0.6916300760871792,0,1,0,0,0
2021,Seth Henigan,Memphis,3,11.0,0,-0.9496487849893462,0,1,0,0,0
2021,Seth Henigan,Memphis,1,10.0,10,0.40778645753210174,1,1,1,0,0
2021,Seth Henigan,Memphis,1,10.0,0,-1.087995077167328,0,1,0,0,0
2021,Seth Henigan,Memphis,1,10.0,9,1.094285718541039,1,1,1,0,0
2021,Seth Henigan,Memphis,3,9.0,17,2.2119746756803034,1,1,1,0,0
2021,Seth Henigan,Memphis,2,10.0,12,2.1995867857254456,1,1,1,0,0
2021,Seth Henigan,Memphis,4,11.0,27,4.949238781118025,1,1,1,0,1
2021,Seth Henigan,Memphis,1,10.0,9,1.3370266566355031,1,1,1,0,0
2021,Seth Henigan,Memphis,2,13.0,12,1.7313971459375066,1,1,1,0,0
2021,Seth Henigan,Memphis,2,10.0,0,-0.6004605992346148,0,1,0,0,0
2021,Seth Henigan,Memphis,3,10.0,8,0.3888045949390033,1,1,1,0,0
2021,Seth Henigan,Memphis,1,10.0,0,-1.0146424556055624,0,1,0,0,0
2021,Seth Henigan,Memphis,2,8.0,9,1.695892912504016,1,1,1,0,0
2021,Seth Henigan,Memphis,3,9.0,10,1.9263560082503863,1,1,1,0,0
2021,Seth Henigan,Memphis,2,9.0,0,-0.40831395320271024,0,1,0,0,0
2021,Seth Henigan,Memphis,4,3.0,0,-1.2162807246844647,0,1,0,0,0
2021,Seth Henigan,Memphis,2,10.0,0,-0.2760618997483206,0,1,0,0,0
2021,Seth Henigan,Memphis,3,10.0,13,1.8554433974526212,1,1,1,0,0
2021,Seth Henigan,Memphis,2,8.0,1,-0.617496896386525,0,1,1,0,0
2021,Seth Henigan,Memphis,1,10.0,0,-0.585616097616759,0,1,0,0,0
2021,Seth Henigan,Memphis,3,8.0,31,4.0004683184728105,1,1,1,0,1
2021,Seth Henigan,Memphis,1,15.0,5,0.0521490862413341,1,1,1,0,0
2021,Seth Henigan,Memphis,3,4.0,6,1.5619766096993484,1,1,1,0,0
2021,Seth Henigan,Memphis,2,8.0,0,-0.8373064649049704,0,1,0,0,0
2021,Seth Henigan,Memphis,3,8.0,0,-0.46204865532895845,0,1,0,0,0
2021,Seth Henigan,Memphis,1,10.0,0,-0.7029700220436519,0,1,0,0,0
2021,Seth Henigan,Memphis,2,10.0,75,6.780725141764973,1,1,1,0,1
2021,Seth Henigan,Memphis,3,6.0,0,-0.5717654008281619,0,1,0,1,0
2021,Seth Henigan,Memphis,1,8.0,0,-0.357171386033373,0,1,0,0,0
2021,Seth Henigan,Memphis,1,10.0,19,1.5310417591402368,1,1,1,0,0
2021,Seth Henigan,Memphis,2,4.0,18,1.4010039586744192,1,1,1,0,0
2021,Seth Henigan,Memphis,1,10.0,15,0.3443781093715365,1,1,1,0,0
2021,Seth Henigan,Memphis,1,2.0,2,1.213235297672098,1,1,1,0,1
2021,Seth Henigan,Memphis,2,9.0,0,-0.2780956371054808,0,1,1,0,0
2021,Seth Henigan,Memphis,3,10.0,0,-0.6105978704287018,0,1,0,0,0
2021,Seth Henigan,Memphis,3,11.0,10,0.9224001618714937,1,1,1,0,0
2021,Seth Henigan,Memphis,1,10.0,0,-0.3301132067544156,0,1,0,0,0
2021,Seth Henigan,Memphis,2,10.0,0,-0.380857143240037,0,1,0,0,0
2021,Seth Henigan,Memphis,1,6.0,0,-0.476177221716661,0,1,0,0,0
2021,Seth Henigan,Memphis,2,10.0,0,-0.9619971707978011,0,1,0,0,0
2021,Seth Henigan,Memphis,1,10.0,0,-1.1527089917962545,0,1,0,0,0
2021,Seth Henigan,Memphis,4,10.0,23,4.006360333673294,1,1,1,0,0
2021,Seth Henigan,Memphis,3,10.0,10,1.22720330022155,1,1,1,0,0
2021,Seth Henigan,Memphis,2,10.0,0,-0.8568313524572986,0,1,1,0,0
2021,Seth Henigan,Memphis,2,8.0,12,1.293709677357956,1,1,1,0,0
2021,Seth Henigan,Memphis,3,10.0,0,-0.673481036981288,0,1,0,0,0
2021,Seth Henigan,Memphis,1,10.0,16,1.5056894652482098,1,1,1,0,0
2021,Seth Henigan,Memphis,2,7.0,12,1.528773108636658,1,1,1,0,0
2021,Seth Henigan,Memphis,1,10.0,0,-1.1143038065675126,0,1,0,0,0
2021,Seth Henigan,Memphis,2,10.0,-4,-1.6406974760092528,0,1,1,0,0
2021,Seth Henigan,Memphis,3,14.0,-1,-0.4886029184974774,0,1,1,0,0
2021,Seth Henigan,Memphis,1,10.0,3,-0.2714196551267518,0,1,1,0,0
2021,Seth Henigan,Memphis,1,10.0,0,-0.7029700220436519,0,1,0,0,0
2021,Seth Henigan,Memphis,1,10.0,18,0.344875683936905,1,1,1,0,0
2021,Seth Henigan,Memphis,1,10.0,0,-0.320977659489319,0,1,0,0,0
2021,Seth Henigan,Memphis,3,5.0,0,-0.3700472119473802,0,1,0,0,0
2021,Seth Henigan,Memphis,2,10.0,17,2.219021929725658,1,1,1,0,0
2021,Seth Henigan,Memphis,4,3.0,10,2.920324905829017,1,1,1,0,0
2021,Seth Henigan,Memphis,2,1.0,0,-1.068672392142235,0,1,0,0,0
2021,Seth Henigan,Memphis,3,1.0,0,-1.135209145842477,0,1,0,0,0
2021,Seth Henigan,Memphis,4,1.0,0,-2.147785496819907,0,1,0,0,0
2021,Seth Henigan,Memphis,1,10.0,0,-0.8947814664467213,0,1,0,0,0
2021,Seth Henigan,Memphis,2,10.0,9,0.8518930522804951,1,1,1,0,0
2021,Seth Henigan,Memphis,2,5.0,36,3.159922270656921,1,1,1,0,0
2021,Seth Henigan,Memphis,1,10.0,9,0.883641454107563,1,1,1,0,0
2021,Seth Henigan,Memphis,2,1.0,0,-4.588705982535439,0,1,0,1,0
2021,Seth Henigan,Memphis,4,1.0,1,0.875955336962232,1,1,1,0,0
2021,Seth Henigan,Memphis,2,10.0,0,-0.5229247355568223,0,1,0,0,0
2021,Seth Henigan,Memphis,3,10.0,0,-0.7937431562948642,0,1,0,0,0
2021,Seth Henigan,Memphis,1,5.0,5,1.883780840558874,1,1,1,0,1
2021,Seth Henigan,Memphis,1,10.0,7,0.5005481645051048,1,1,1,0,0
2021,Seth Henigan,Memphis,1,10.0,13,1.1436983628772455,1,1,1,0,0
2021,Seth Henigan,Memphis,1,10.0,29,1.214884254788013,1,1,1,0,0
2021,Seth Henigan,Memphis,1,4.0,0,-0.6456997217339855,0,1,0,0,0
2021,Seth Henigan,Memphis,2,4.0,0,-0.362082681028621,0,1,0,0,0
2021,Seth Henigan,Memphis,3,4.0,0,-0.2868087912016805,0,1,0,0,0
2021,Seth Henigan,Memphis,2,10.0,14,1.7608343868019567,1,1,1,0,0
2021,Seth Henigan,Memphis,2,9.0,0,-0.31009262307283425,0,1,0,0,0
2021,Seth Henigan,Memphis,3,9.0,0,-0.13875783656262275,0,1,0,0,0
2021,Seth Henigan,Memphis,1,10.0,3,-0.1388134637685603,0,1,1,0,0
2021,Seth Henigan,Memphis,3,5.0,0,-0.16212976268062462,0,1,0,0,0
2021,Seth Henigan,Memphis,1,10.0,0,-0.6723571521309859,0,1,0,0,0
2021,Seth Henigan,Memphis,3,16.0,0,-0.05138887031406458,0,1,0,0,0
2021,Seth Henigan,Memphis,4,16.0,0,0.37081649588177434,1,1,0,0,0
2021,Seth Henigan,Memphis,1,10.0,0,-1.065701080215459,0,1,0,0,0
2021,Seth Henigan,Memphis,3,1.0,0,-1.071687959376776,0,1,0,0,0
2021,Seth Henigan,Memphis,1,10.0,-1,-0.977642243698774,0,1,1,0,0
2021,Seth Henigan,Memphis,2,11.0,0,-2.927765107716038,0,1,0,1,0
2021,Seth Henigan,Memphis,2,11.0,0,-2.927765107716038,0,1,0,1,0
2021,Seth Henigan,Memphis,1,5.0,0,-1.428426234292239,0,1,0,0,0
2021,Seth Henigan,Memphis,2,10.0,8,0.4833825674180429,1,1,1,0,0
2021,Seth Henigan,Memphis,1,10.0,0,-1.041155320344064,0,1,0,0,0
2021,Seth Henigan,Memphis,1,10.0,0,-1.1590089706435955,0,1,0,0,0
2021,Seth Henigan,Memphis,2,10.0,9,1.109523512471588,1,1,1,0,0
2021,Seth Henigan,Memphis,1,10.0,9,0.8612480847860534,1,1,1,0,0
2021,Seth Henigan,Memphis,1,10.0,0,-0.2977696357406735,0,1,0,0,0
2021,Seth Henigan,Memphis,3,11.0,13,3.220261824610713,1,1,1,0,1
2021,Seth Henigan,Memphis,1,10.0,0,-0.7029700220436519,0,1,0,0,0
2021,Seth Henigan,Memphis,2,1.0,9,-0.2847061369607625,0,1,1,0,0
2021,Seth Henigan,Memphis,1,15.0,16,0.5919582071286218,1,1,1,0,0
2021,Seth Henigan,Memphis,1,10.0,11,1.0006166758011863,1,1,1,0,0
2021,Seth Henigan,Memphis,2,9.0,22,2.660720805744082,1,1,1,0,0
2021,Seth Henigan,Memphis,1,10.0,15,2.558199089565083,1,1,1,0,1
2021,Seth Henigan,Memphis,3,7.0,0,-0.2994278057522406,0,1,0,0,0
2021,Seth Henigan,Memphis,2,11.0,6,0.2923070743068428,1,1,1,0,0
2021,Seth Henigan,Memphis,3,13.0,0,-1.0071588067334094,0,1,0,0,0
2021,Seth Henigan,Memphis,4,13.0,11,-1.3432492120661532,0,1,1,0,0
2021,Seth Henigan,Memphis,1,10.0,14,1.333757235567841,1,1,1,0,0
2021,Seth Henigan,Memphis,2,14.0,14,2.7303722491297036,1,1,1,0,0
2021,Seth Henigan,Memphis,3,5.0,9,1.4328905713502862,1,1,1,0,0
2021,Seth Henigan,Memphis,1,10.0,0,-0.402662020534962,0,1,0,0,0
2021,Seth Henigan,Memphis,2,10.0,7,0.239222998804765,1,1,1,0,0
2021,Seth Henigan,Memphis,1,10.0,0,-0.291297448934314,0,1,0,0,0
2021,Seth Henigan,Memphis,3,8.0,0,-0.3751543911976396,0,1,0,0,0
2021,Seth Henigan,Memphis,1,10.0,5,0.1057711896973057,1,1,1,0,0
2021,Seth Henigan,Memphis,1,10.0,17,0.492815788283091,1,1,1,0,0
2021,Seth Henigan,Memphis,3,4.0,12,2.3282033673639937,1,1,1,0,0
2021,Seth Henigan,Memphis,1,10.0,0,-0.402662020534962,0,1,0,0,0
2021,Seth Henigan,Memphis,2,10.0,0,-0.5229247355568223,0,1,0,0,0
2021,Seth Henigan,Memphis,3,10.0,0,-0.7937431562948642,0,1,0,0,0
2021,Seth Henigan,Memphis,2,8.0,4,-0.151775237614185,0,1,1,0,0
2021,Seth Henigan,Memphis,1,10.0,0,-0.8627910327708888,0,1,0,0,0
2021,Seth Henigan,Memphis,2,10.0,3,-0.20135729217262366,0,1,1,0,0
2021,Seth Henigan,Memphis,3,7.0,24,3.4045647559170016,1,1,1,0,0
2021,Seth Henigan,Memphis,1,10.0,13,0.5381269550080832,1,1,1,0,0
2021,Seth Henigan,Memphis,1,10.0,29,1.876221857802328,1,1,1,0,0
2021,Seth Henigan,Memphis,3,6.0,25,3.40871656141392,1,1,1,0,1
2021,Seth Henigan,Memphis,2,5.0,9,0.5783840905513085,1,1,1,0,0
2021,Seth Henigan,Memphis,1,10.0,14,1.1926147027363,1,1,1,0,0
2021,Seth Henigan,Memphis,4,9.0,0,-1.4170474713031016,0,1,0,0,0
2022,Seth Henigan,Memphis,1,10.0,12,0.9676400834980621,1,1,1,0,0
2022,Seth Henigan,Memphis,2,14.0,8,0.4232452194116929,1,1,1,0,0
2022,Seth Henigan,Memphis,3,8.0,0,-0.3653640252162109,0,1,0,0,0
2022,Seth Henigan,Memphis,2,8.0,0,-0.7094238664971115,0,1,0,0,0
2022,Seth Henigan,Memphis,3,6.0,0,-0.7539828282362944,0,1,0,0,0
2022,Seth Henigan,Memphis,1,10.0,2,-0.3623882030735057,0,1,1,0,0
2022,Seth Henigan,Memphis,3,6.0,0,-0.2368142460140934,0,1,0,0,0
2022,Seth Henigan,Memphis,2,9.0,4,-0.1009693488436038,0,1,1,0,0
2022,Seth Henigan,Memphis,3,5.0,0,-0.5147129574042966,0,1,0,0,0
2022,Seth Henigan,Memphis,1,10.0,1,-0.7412392194018765,0,1,1,0,0
2022,Seth Henigan,Memphis,3,7.0,5,0.02714901972500527,1,1,1,0,0
2022,Seth Henigan,Memphis,1,10.0,3,-0.204908473427289,0,1,1,0,0
2022,Seth Henigan,Memphis,2,7.0,0,-0.3750038566867593,0,1,0,0,0
2022,Seth Henigan,Memphis,2,7.0,0,-0.8677535954355031,0,1,0,0,0
2022,Seth Henigan,Memphis,3,7.0,0,-0.4769471385968531,0,1,0,0,0
2022,Seth Henigan,Memphis,1,10.0,17,1.5876447370197757,1,1,1,0,0
2022,Seth Henigan,Memphis,2,6.0,1,-0.3414576098215383,0,1,1,0,0
2022,Seth Henigan,Memphis,2,5.0,0,-1.18115859347677,0,1,0,0,0
2022,Seth Henigan,Memphis,1,10.0,4,-0.0658646968869041,0,1,1,0,0
2022,Seth Henigan,Memphis,3,5.0,21,2.369271506785225,1,1,1,0,0
2022,Seth Henigan,Memphis,1,10.0,0,-1.1387859939569847,0,1,0,0,0
2022,Seth Henigan,Memphis,2,10.0,43,3.2290756224630375,1,1,1,0,0
2022,Seth Henigan,Memphis,1,10.0,9,1.0829013043177111,1,1,1,0,0
2022,Seth Henigan,Memphis,1,10.0,7,0.6714265021529684,1,1,1,0,0
2022,Seth Henigan,Memphis,2,3.0,0,-1.1474186383277107,0,1,1,0,0
2022,Seth Henigan,Memphis,1,10.0,8,0.4460962314173945,1,1,1,0,0
2022,Seth Henigan,Memphis,1,10.0,-1,-0.5191767230513005,0,1,1,0,0
2022,Seth Henigan,Memphis,1,10.0,6,0.3333748010525683,1,1,1,0,0
2022,Seth Henigan,Memphis,2,4.0,0,-0.8681070846083454,0,1,0,0,0
2022,Seth Henigan,Memphis,2,12.0,33,3.5744680385067724,1,1,1,0,0
2022,Seth Henigan,Memphis,1,10.0,0,-0.6082596672078662,0,1,0,0,0
2022,Seth Henigan,Memphis,1,10.0,12,1.0272443261435713,1,1,1,0,0
2022,Seth Henigan,Memphis,3,10.0,0,-0.15871308844886392,0,1,0,0,0
2022,Seth Henigan,Memphis,2,3.0,0,-1.1862154296076763,0,1,0,0,0
2022,Seth Henigan,Memphis,3,3.0,28,1.9949713473978945,1,1,1,0,0
2022,Seth Henigan,Memphis,3,6.0,7,0.907241157405272,1,1,1,0,0
2022,Seth Henigan,Memphis,1,6.0,0,-0.476177221716661,0,1,0,0,0
2022,Seth Henigan,Memphis,3,8.0,0,-0.354205173792517,0,1,0,0,0
2022,Seth Henigan,Memphis,1,20.0,9,0.8392585478060449,1,1,1,0,0
2022,Seth Henigan,Memphis,3,9.0,22,3.1657638440138682,1,1,1,0,0
2022,Seth Henigan,Memphis,2,8.0,12,0.515188127280616,1,1,1,0,0
2022,Seth Henigan,Memphis,1,10.0,15,2.558199089565083,1,1,1,0,1
2022,Seth Henigan,Memphis,1,10.0,15,0.868823148344417,1,1,1,0,0
2022,Seth Henigan,Memphis,2,7.0,22,2.840974209403445,1,1,1,0,1
2022,Seth Henigan,Memphis,1,10.0,13,0.86761573377888,1,1,1,0,0
2022,Seth Henigan,Memphis,1,10.0,10,0.352137370333439,1,1,1,0,0
2022,Seth Henigan,Memphis,2,6.0,10,0.276214567324821,1,1,1,0,0
2022,Seth Henigan,Memphis,1,10.0,6,0.181437359303738,1,1,1,0,0
2022,Seth Henigan,Memphis,2,3.0,0,-0.413137785818898,0,1,0,0,0
2022,Seth Henigan,Memphis,3,3.0,3,2.624562399778991,1,1,1,0,1
2022,Seth Henigan,Memphis,1,10.0,0,-1.0742999147475647,0,1,0,0,0
2022,Seth Henigan,Memphis,3,6.0,0,-1.0284087656657714,0,1,0,0,0
2022,Seth Henigan,Memphis,1,10.0,0,-1.0146424556055624,0,1,0,0,0
2022,Seth Henigan,Memphis,2,7.0,9,1.2231120793810017,1,1,1,0,0
2022,Seth Henigan,Memphis,1,10.0,4,-0.05810963665836066,0,1,1,0,0
2022,Seth Henigan,Memphis,1,10.0,42,3.1746803462193336,1,1,1,0,0
2022,Seth Henigan,Memphis,2,14.0,6,0.2450344260705481,1,1,1,0,0
2022,Seth Henigan,Memphis,1,10.0,6,0.3957205453341055,1,1,1,0,0
2022,Seth Henigan,Memphis,1,10.0,11,1.0601561524132492,1,1,1,0,0
2022,Seth Henigan,Memphis,3,9.0,50,6.186179746693927,1,1,1,0,1
2022,Seth Henigan,Memphis,3,9.0,50,4.497989227979952,1,1,1,0,0
2022,Seth Henigan,Memphis,1,10.0,11,1.0601561524132492,1,1,1,0,0
2022,Seth Henigan,Memphis,2,9.0,0,-0.2780956371054808,0,1,0,0,0
2022,Seth Henigan,Memphis,2,10.0,0,-0.446734032487145,0,1,0,0,0
2022,Seth Henigan,Memphis,3,5.0,41,3.5938963338771206,1,1,1,0,0
2022,Seth Henigan,Memphis,1,10.0,0,-1.0146424556055624,0,1,0,0,0
2022,Seth Henigan,Memphis,2,9.0,15,2.1893775090874943,1,1,1,0,0
2022,Seth Henigan,Memphis,4,3.0,5,2.5985450019067464,1,1,1,0,0
2022,Seth Henigan,Memphis,3,15.0,10,1.0046360351888763,1,1,1,0,0
2022,Seth Henigan,Memphis,1,15.0,5,0.03276119145367318,1,1,1,0,0
2022,Seth Henigan,Memphis,2,10.0,16,1.7975345675023,1,1,1,0,0
2022,Seth Henigan,Memphis,1,10.0,0,-0.320977659489319,0,1,0,0,0
2022,Seth Henigan,Memphis,1,10.0,9,1.276519304717759,1,1,1,0,0
2022,Seth Henigan,Memphis,2,1.0,4,-0.124759028721659,0,1,1,0,0
2022,Seth Henigan,Memphis,1,10.0,0,-1.1077677360468863,0,1,0,0,0
2022,Seth Henigan,Memphis,1,10.0,0,-0.814236079442537,0,1,0,0,0
2022,Seth Henigan,Memphis,1,10.0,12,0.183081751826403,1,1,1,0,0
2022,Seth Henigan,Memphis,3,1.0,3,0.396401153152601,1,1,1,0,0
2022,Seth Henigan,Memphis,2,10.0,9,0.816992639830001,1,1,1,0,0
2022,Seth Henigan,Memphis,2,1.0,0,-1.132096065375069,0,1,0,0,0
2022,Seth Henigan,Memphis,2,10.0,0,-0.7257152293373617,0,1,0,0,0
2022,Seth Henigan,Memphis,3,10.0,11,2.847087069727741,1,1,1,0,0
2022,Seth Henigan,Memphis,2,22.0,3,-0.2904853999848402,0,1,1,0,0
2022,Seth Henigan,Memphis,3,19.0,15,1.1526639823429365,1,1,1,0,0
2022,Seth Henigan,Memphis,3,5.0,26,1.569699724584078,1,1,1,0,0
2022,Seth Henigan,Memphis,1,10.0,5,0.086001265551813,1,1,1,0,0
2022,Seth Henigan,Memphis,2,6.0,0,-0.29509485739271,0,1,0,0,0
2022,Seth Henigan,Memphis,2,8.0,0,-0.244613289421725,0,1,0,0,0
2022,Seth Henigan,Memphis,3,8.0,17,1.6171447974704538,1,1,1,0,0
2022,Seth Henigan,Memphis,1,10.0,6,0.3796734133063547,1,1,1,0,0
2022,Seth Henigan,Memphis,2,22.0,37,4.218356154745561,1,1,1,0,0
2022,Seth Henigan,Memphis,3,13.0,22,2.2341325649992,1,1,1,0,0
2022,Seth Henigan,Memphis,2,10.0,0,-0.6310378338259923,0,1,0,0,0
2022,Seth Henigan,Memphis,3,10.0,0,-0.32221199814427326,0,1,0,0,0
2022,Seth Henigan,Memphis,1,10.0,11,0.9305625119459905,1,1,1,0,0
2022,Seth Henigan,Memphis,1,10.0,0,-1.041155320344064,0,1,0,0,0
2022,Seth Henigan,Memphis,3,3.0,10,1.9052060487971572,1,1,1,0,0
2022,Seth Henigan,Memphis,1,10.0,42,1.992980490746941,1,1,1,0,0
2022,Seth Henigan,Memphis,2,7.0,7,0.621831951873403,1,1,1,0,0
2022,Seth Henigan,Memphis,2,16.0,16,3.1765466047076885,1,1,1,0,1
2022,Seth Henigan,Memphis,2,7.0,0,-0.9908118029689649,0,1,0,0,0
2022,Seth Henigan,Memphis,4,4.0,0,-2.027977017179177,0,1,0,0,0
2022,Seth Henigan,Memphis,3,10.0,19,2.831948291602023,1,1,1,0,0
2022,Seth Henigan,Memphis,1,10.0,56,3.6665571117459272,1,1,1,0,0
2022,Seth Henigan,Memphis,3,8.0,21,3.368425534182192,1,1,1,0,1
2022,Seth Henigan,Memphis,2,4.0,0,-0.5767115925182065,0,1,0,0,0
2022,Seth Henigan,Memphis,2,6.0,15,1.3129201941949393,1,1,1,0,0
2022,Seth Henigan,Memphis,1,10.0,11,0.284848059937831,1,1,1,0,0
2022,Seth Henigan,Memphis,2,1.0,11,0.5488335226163326,1,1,1,0,0
2022,Seth Henigan,Memphis,1,10.0,8,0.9420759997342945,1,1,1,0,0
2022,Seth Henigan,Memphis,2,2.0,0,-1.267471633082744,0,1,0,0,0
2022,Seth Henigan,Memphis,1,10.0,0,-0.9864556271674072,0,1,0,0,0
2022,Seth Henigan,Memphis,1,10.0,0,-0.7029700220436519,0,1,0,0,0
2022,Seth Henigan,Memphis,2,10.0,30,3.3042110566979055,1,1,1,0,0
2022,Seth Henigan,Memphis,2,13.0,10,1.2172544563734249,1,1,1,0,0
2022,Seth Henigan,Memphis,1,10.0,4,-0.1142886249388964,0,1,1,0,0
2022,Seth Henigan,Memphis,2,6.0,0,-0.6509048869110972,0,1,1,0,0
2022,Seth Henigan,Memphis,4,6.0,17,2.972740820783965,1,1,1,0,0
2022,Seth Henigan,Memphis,2,5.0,4,-0.1122902908557162,0,1,1,0,0
2022,Seth Henigan,Memphis,3,13.0,0,-0.22853660243720597,0,1,0,0,0
2022,Seth Henigan,Memphis,1,10.0,8,0.7987441096809142,1,1,1,0,0
2022,Seth Henigan,Memphis,2,8.0,11,0.433960096413961,1,1,1,0,0
2022,Seth Henigan,Memphis,2,7.0,4,-0.1642736951190677,0,1,1,0,0
2022,Seth Henigan,Memphis,1,10.0,4,-0.017336858055032,0,1,1,0,0
2022,Seth Henigan,Memphis,1,10.0,8,0.5910137767334082,1,1,1,0,0
2022,Seth Henigan,Memphis,2,6.0,9,2.556266073100879,1,1,1,0,1
2022,Seth Henigan,Memphis,2,8.0,2,-0.39947361572575707,0,1,1,0,0
2022,Seth Henigan,Memphis,3,6.0,0,-0.41860474378249357,0,1,0,0,0
2022,Seth Henigan,Memphis,2,7.0,18,2.754421028373514,1,1,1,0,1
2022,Seth Henigan,Memphis,1,10.0,13,0.205815384573348,1,1,1,0,0
2022,Seth Henigan,Memphis,1,10.0,7,0.304923286072843,1,1,1,0,0
2022,Seth Henigan,Memphis,2,4.0,12,0.6425846266934823,1,1,1,0,0
2022,Seth Henigan,Memphis,1,10.0,16,1.4450731004216504,1,1,1,0,0
2022,Seth Henigan,Memphis,2,6.0,3,-0.3813230298008482,0,1,1,0,0
2022,Seth Henigan,Memphis,3,3.0,0,-0.7808446326487023,0,1,0,0,0
2022,Seth Henigan,Memphis,2,15.0,0,-0.13957987999223942,0,1,0,0,0
2022,Seth Henigan,Memphis,3,15.0,13,0.37324115939539393,1,1,1,0,0
2022,Seth Henigan,Memphis,3,9.0,0,-0.11619662673695783,0,1,0,0,0
2022,Seth Henigan,Memphis,3,8.0,0,-0.22421028645399854,0,1,0,0,0
2022,Seth Henigan,Memphis,1,10.0,3,-0.204908473427289,0,1,1,0,0
2022,Seth Henigan,Memphis,1,10.0,3,-0.3446420231971743,0,1,1,0,0
2022,Seth Henigan,Memphis,3,15.0,0,-0.08696773152847825,0,1,0,0,0
2022,Seth Henigan,Memphis,3,3.0,0,-0.8451240228241659,0,1,0,0,0
2022,Seth Henigan,Memphis,2,2.0,0,-0.8713750791653769,0,1,0,0,0
2022,Seth Henigan,Memphis,1,10.0,8,0.7299114161837501,1,1,1,0,0
2022,Seth Henigan,Memphis,1,10.0,5,0.0837442926407759,1,1,1,0,0
2022,Seth Henigan,Memphis,2,5.0,-3,-0.7787995594539066,0,1,1,0,0
2022,Seth Henigan,Memphis,3,8.0,0,-0.15651254264732373,0,1,0,0,0
2022,Seth Henigan,Memphis,1,10.0,14,1.2737030844235093,1,1,1,0,0
2022,Seth Henigan,Memphis,1,10.0,0,-1.1387859939569847,0,1,0,0,0
2022,Seth Henigan,Memphis,3,4.0,0,-0.9078276011078685,0,1,0,0,0
2022,Seth Henigan,Memphis,2,18.0,13,0.3343406387434067,1,1,1,0,0
2022,Seth Henigan,Memphis,2,10.0,3,-0.2472652683788095,0,1,1,0,0
2022,Seth Henigan,Memphis,2,4.0,0,-0.6545626180064668,0,1,0,0,0
2022,Seth Henigan,Memphis,1,10.0,7,0.3187109891493991,1,1,1,0,0
2022,Seth Henigan,Memphis,1,10.0,6,0.2714669258479434,1,1,1,0,0
2022,Seth Henigan,Memphis,2,10.0,0,-0.20870260143022978,0,1,0,0,0
2022,Seth Henigan,Memphis,2,10.0,0,-0.389084322022601,0,1,0,0,0
2022,Seth Henigan,Memphis,3,5.0,6,1.0745479871622399,1,1,1,0,0
2022,Seth Henigan,Memphis,1,10.0,0,-0.766047035673644,0,1,0,0,0
2022,Seth Henigan,Memphis,2,6.0,0,-0.5661585529417099,0,1,0,0,0
2022,Seth Henigan,Memphis,1,10.0,6,0.4012419719961234,1,1,1,0,0
2022,Seth Henigan,Memphis,4,7.0,0,-1.0220258483269031,0,1,0,0,0
2022,Seth Henigan,Memphis,1,10.0,0,-0.42008778911877176,0,1,0,0,0
2022,Seth Henigan,Memphis,2,10.0,12,1.073378292986705,1,1,1,0,0
2022,Seth Henigan,Memphis,2,20.0,8,0.09427945621462541,1,1,1,0,0
2022,Seth Henigan,Memphis,3,12.0,14,2.245000575846941,1,1,1,0,0
2022,Seth Henigan,Memphis,2,9.0,1,-0.6475159090620152,0,1,1,0,0
2022,Seth Henigan,Memphis,3,8.0,0,-0.48894328509254864,0,1,0,0,0
2022,Seth Henigan,Memphis,2,10.0,0,-1.0526570825811008,0,1,0,0,0
2022,Seth Henigan,Memphis,3,10.0,3,-0.3748119608141281,0,1,1,0,0
2022,Seth Henigan,Memphis,4,7.0,0,-1.369106089761459,0,1,0,0,0
2022,Seth Henigan,Memphis,1,10.0,0,-0.908489395271188,0,1,0,0,0
2022,Seth Henigan,Memphis,1,10.0,23,1.9477815391192108,1,1,1,0,0
2022,Seth Henigan,Memphis,1,10.0,0,-1.0742999147475647,0,1,0,0,0
2022,Seth Henigan,Memphis,1,10.0,1,-0.299663506721031,0,1,1,0,0
2022,Seth Henigan,Memphis,2,9.0,0,-0.4604860525382467,0,1,0,0,0
2022,Seth Henigan,Memphis,3,9.0,8,0.3642095717833607,1,1,1,0,0
2022,Seth Henigan,Memphis,1,10.0,5,0.0943461181043617,1,1,1,0,0
2022,Seth Henigan,Memphis,2,5.0,9,0.5402217968897584,1,1,1,0,0
2022,Seth Henigan,Memphis,3,3.0,6,0.4972748895536028,1,1,1,0,0
2022,Seth Henigan,Memphis,1,10.0,0,-0.350740748439042,0,1,0,0,0
2022,Seth Henigan,Memphis,3,7.0,12,1.606856329128654,1,1,1,0,0
2022,Seth Henigan,Memphis,1,10.0,19,1.7428228328611919,1,1,1,0,0
2022,Seth Henigan,Memphis,1,10.0,0,-1.0742999147475647,0,1,0,0,0
2022,Seth Henigan,Memphis,2,6.0,13,0.369147315213178,1,1,1,0,0
2022,Seth Henigan,Memphis,3,7.0,0,-0.428634738789288,0,1,0,0,0
2022,Seth Henigan,Memphis,1,10.0,0,-1.1247712359915258,0,1,0,0,0
2022,Seth Henigan,Memphis,2,10.0,0,-0.7576599502448165,0,1,0,0,0
2022,Seth Henigan,Memphis,2,4.0,4,2.3338902404479605,1,1,1,0,1
2022,Seth Henigan,Memphis,2,10.0,0,-0.29227926870296894,0,1,0,0,0
2022,Seth Henigan,Memphis,1,10.0,0,-1.041155320344064,0,1,0,0,0
2022,Seth Henigan,Memphis,1,10.0,10,0.591641187694769,1,1,1,0,0
2022,Seth Henigan,Memphis,1,10.0,7,0.3040362457915165,1,1,1,0,0
2022,Seth Henigan,Memphis,3,10.0,14,2.030661739066683,1,1,1,0,0
2022,Seth Henigan,Memphis,2,12.0,10,1.0117883087070307,1,1,1,0,0
2022,Seth Henigan,Memphis,2,4.0,3,-0.3474918167604901,0,1,1,0,0
2022,Seth Henigan,Memphis,2,13.0,0,-0.5235457310927094,0,1,0,0,0
2022,Seth Henigan,Memphis,1,10.0,20,1.6291571914614273,1,1,1,0,0
2022,Seth Henigan,Memphis,1,10.0,0,-0.7029700220436519,0,1,0,0,0
2022,Seth Henigan,Memphis,2,10.0,0,-0.34710487712173865,0,1,0,0,0
2022,Seth Henigan,Memphis,3,9.0,4,-0.0967511080941197,0,1,1,0,0
2022,Seth Henigan,Memphis,3,10.0,15,2.3709294147430366,1,1,1,0,0
2022,Seth Henigan,Memphis,1,10.0,2,-0.5836824413377926,0,1,1,0,0
2022,Seth Henigan,Memphis,2,8.0,0,-0.6778990972831398,0,1,0,0,0
2022,Seth Henigan,Memphis,3,8.0,0,-0.3439975114087259,0,1,0,0,0
2022,Seth Henigan,Memphis,1,10.0,7,0.604642460086338,1,1,1,0,0
2022,Seth Henigan,Memphis,2,9.0,0,-0.12481725076114092,0,1,0,0,0
2022,Seth Henigan,Memphis,2,11.0,0,-0.3515213419470049,0,1,0,0,0
2022,Seth Henigan,Memphis,1,10.0,-1,-0.9133346639440578,0,1,1,0,0
2022,Seth Henigan,Memphis,3,9.0,26,1.4632554381116805,1,1,1,0,0
2022,Seth Henigan,Memphis,3,11.0,15,2.5587855061177995,1,1,1,0,0
2022,Seth Henigan,Memphis,2,9.0,9,0.925744875724639,1,1,1,0,0
2022,Seth Henigan,Memphis,2,9.0,0,-1.0260560859071228,0,1,0,0,0
2022,Seth Henigan,Memphis,1,10.0,1,-0.9130431154710728,0,1,1,0,0
2022,Seth Henigan,Memphis,1,10.0,3,-0.3178831342797892,0,1,1,0,0
2022,Seth Henigan,Memphis,2,8.0,0,-1.0500937719222838,0,1,0,0,0
2022,Seth Henigan,Memphis,1,10.0,2,-0.4922124363662006,0,1,1,0,0
2022,Seth Henigan,Memphis,2,8.0,25,1.2289488183732415,1,1,1,0,0
2022,Seth Henigan,Memphis,1,10.0,15,1.371012222182621,1,1,1,0,0
2022,Seth Henigan,Memphis,1,9.0,20,1.5028447939048695,1,1,1,0,0
2022,Seth Henigan,Memphis,1,10.0,12,0.8805322025783994,1,1,1,0,0
2022,Seth Henigan,Memphis,3,14.0,48,4.436680728129068,1,1,1,0,0
2022,Seth Henigan,Memphis,2,6.0,7,0.3275750464576861,1,1,1,0,0
2022,Seth Henigan,Memphis,1,10.0,0,-0.42008778911877176,0,1,0,0,0
2022,Seth Henigan,Memphis,1,10.0,11,0.2392226117934694,1,1,1,0,0
2022,Seth Henigan,Memphis,1,10.0,0,-0.3882383440694163,0,1,0,0,0
2022,Seth Henigan,Memphis,2,10.0,0,-0.18738797717800715,0,1,0,0,0
2022,Seth Henigan,Memphis,3,21.0,10,1.0888010456198953,1,1,1,0,0
2022,Seth Henigan,Memphis,3,10.0,43,3.915172494694824,1,1,1,0,0
2022,Seth Henigan,Memphis,2,7.0,7,2.607148468017737,1,1,1,0,1
2022,Seth Henigan,Memphis,1,10.0,5,0.0872656999639112,1,1,1,0,0
2022,Seth Henigan,Memphis,3,3.0,8,0.8689514109211718,1,1,1,0,0
2022,Seth Henigan,Memphis,1,10.0,15,1.320854515577646,1,1,1,0,0
2022,Seth Henigan,Memphis,1,10.0,20,1.5678514602063345,1,1,1,0,0
2022,Seth Henigan,Memphis,3,5.0,0,-0.290992528642002,0,1,0,0,0
2022,Seth Henigan,Memphis,3,9.0,21,2.24594135112512,1,1,1,0,0
2022,Seth Henigan,Memphis,2,8.0,0,-0.5308962154816008,0,1,0,0,0
2022,Seth Henigan,Memphis,1,10.0,16,0.8308568739057351,1,1,1,0,0
2022,Seth Henigan,Memphis,1,10.0,-1,-1.1754014811374063,0,1,1,0,0
2022,Seth Henigan,Memphis,2,5.0,0,-1.0991546213533567,0,1,0,0,0
2022,Seth Henigan,Memphis,2,11.0,9,0.8618429163652568,1,1,1,0,0
2022,Seth Henigan,Memphis,1,10.0,5,0.07867780591471615,1,1,1,0,0
2022,Seth Henigan,Memphis,3,2.0,9,1.8700417391835273,1,1,1,0,0
2022,Seth Henigan,Memphis,1,10.0,40,3.1051663359443653,1,1,1,0,0
2022,Seth Henigan,Memphis,1,10.0,0,-0.6918622905019662,0,1,0,0,0
2022,Seth Henigan,Memphis,2,10.0,-1,-1.1306585850107937,0,1,1,0,0
2022,Seth Henigan,Memphis,2,11.0,41,3.9066556867600757,1,1,1,0,0
2022,Seth Henigan,Memphis,2,10.0,12,1.0004733962076937,1,1,1,0,0
2022,Seth Henigan,Memphis,1,10.0,13,2.538929215045847,1,1,1,0,1
2022,Seth Henigan,Memphis,1,10.0,0,-0.6918622905019662,0,1,0,0,0
2022,Seth Henigan,Memphis,2,7.0,5,0.064432720053743,1,1,1,0,0
2022,Seth Henigan,Memphis,3,2.0,2,0.191426753711547,1,1,1,0,0
2022,Seth Henigan,Memphis,1,10.0,12,0.1611551472202105,1,1,1,0,0
2022,Seth Henigan,Memphis,2,12.0,18,0.958540880465021,1,1,1,0,0
2022,Seth Henigan,Memphis,3,4.0,0,-0.43770162015070735,0,1,0,0,0
2022,Seth Henigan,Memphis,1,10.0,21,1.4173498056375644,1,1,1,0,0
2022,Seth Henigan,Memphis,1,10.0,11,1.0578194730061268,1,1,1,0,0
2022,Seth Henigan,Memphis,2,10.0,0,-0.34710487712173865,0,1,0,0,0
2022,Seth Henigan,Memphis,3,10.0,0,-0.15871308844886392,0,1,0,0,0
2022,Seth Henigan,Memphis,1,10.0,4,-0.08358568772589688,0,1,1,0,0
2022,Seth Henigan,Memphis,2,6.0,3,-0.20775230698876612,0,1,1,0,0
2022,Seth Henigan,Memphis,3,3.0,2,-0.24808651636888968,0,1,1,0,0
2022,Seth Henigan,Memphis,1,10.0,0,-0.7342478781140684,0,1,0,0,0
2022,Seth Henigan,Memphis,2,10.0,0,-0.3675373383433538,0,1,0,0,0
2022,Seth Henigan,Memphis,3,10.0,0,-0.1692248042178708,0,1,0,0,0
2022,Seth Henigan,Memphis,1,10.0,0,-1.1612466882658818,0,1,0,0,0
2022,Seth Henigan,Memphis,2,10.0,7,0.566000947971494,1,1,1,0,0
2022,Seth Henigan,Memphis,1,10.0,20,0.922219362141526,1,1,1,0,0
2022,Seth Henigan,Memphis,1,10.0,6,0.204023160418757,1,1,1,0,0
2022,Seth Henigan,Memphis,1,10.0,4,-0.023063540640796,0,1,1,0,0
2022,Seth Henigan,Memphis,3,7.0,7,2.884594628720352,1,1,1,0,1
2022,Seth Henigan,Memphis,2,7.0,2,-0.4936806009598937,0,1,1,0,0
2022,Seth Henigan,Memphis,3,5.0,0,-0.542351648341338,0,1,0,0,0
2022,Seth Henigan,Memphis,4,5.0,6,2.468419391380574,1,1,1,0,0
2022,Seth Henigan,Memphis,2,8.0,-2,-1.4689340414860883,0,1,1,0,0
2022,Seth Henigan,Memphis,2,12.0,33,3.730090264001557,1,1,1,0,1
2022,Seth Henigan,Memphis,1,10.0,9,0.73596654934212,1,1,1,0,0
2022,Seth Henigan,Memphis,2,3.0,0,-0.472311762915044,0,1,1,0,0
2022,Seth Henigan,Memphis,2,8.0,7,0.3177467942976433,1,1,1,0,0
2022,Seth Henigan,Memphis,1,10.0,0,-0.766047035673644,0,1,0,0,0
2022,Seth Henigan,Memphis,2,10.0,0,-0.389084322022601,0,1,0,0,0
2022,Seth Henigan,Memphis,3,10.0,9,0.362577407316091,1,1,1,0,0
2022,Seth Henigan,Memphis,1,10.0,5,0.1106144250151839,1,1,1,0,0
2022,Seth Henigan,Memphis,2,5.0,55,4.6462861791284915,1,1,1,0,1
2022,Seth Henigan,Memphis,1,10.0,21,1.5102945805625723,1,1,1,0,0
2022,Seth Henigan,Memphis,1,10.0,10,0.957607503602544,1,1,1,0,0
2022,Seth Henigan,Memphis,2,10.0,24,1.6491137850531397,1,1,1,0,0
2022,Seth Henigan,Memphis,1,10.0,0,-0.31971922650399254,0,1,0,0,0
2022,Seth Henigan,Memphis,2,10.0,21,1.2346220710156397,1,1,1,0,0
2022,Seth Henigan,Memphis,1,10.0,0,-0.3301132067544156,0,1,0,0,0
2022,Seth Henigan,Memphis,2,10.0,0,-0.380857143240037,0,1,0,0,0
2022,Seth Henigan,Memphis,3,10.0,9,0.384447183124992,1,1,1,0,0
2022,Seth Henigan,Memphis,1,10.0,4,-0.1543469215353017,0,1,1,0,0
2022,Seth Henigan,Memphis,2,6.0,1,-0.9246833718359433,0,1,1,0,0
2022,Seth Henigan,Memphis,2,9.0,3,-0.127003351772727,0,1,1,0,0
2022,Seth Henigan,Memphis,3,6.0,8,0.815634561703755,1,1,1,0,0
2022,Seth Henigan,Memphis,3,5.0,29,2.56988209830703,1,1,1,0,0
2022,Seth Henigan,Memphis,2,2.0,7,0.1695906053693416,1,1,1,0,0
2022,Seth Henigan,Memphis,2,3.0,0,-0.431583653196981,0,1,0,0,0
2022,Seth Henigan,Memphis,2,5.0,0,-4.526260072299326,0,1,0,1,0
2022,Seth Henigan,Memphis,2,7.0,0,-0.60040272366439,0,1,0,0,0
2022,Seth Henigan,Memphis,3,4.0,15,1.846434753565425,1,1,1,0,0
2022,Seth Henigan,Memphis,2,5.0,20,2.1417980710664644,1,1,1,0,0
2022,Seth Henigan,Memphis,3,7.0,15,1.032717653363454,1,1,1,0,0
2022,Seth Henigan,Memphis,2,13.0,3,-0.112698359573024,0,1,1,0,0
2022,Seth Henigan,Memphis,1,10.0,10,0.652362788184032,1,1,1,0,0
2022,Seth Henigan,Memphis,1,10.0,4,-0.090113775884788,0,1,1,0,0
2022,Seth Henigan,Memphis,2,10.0,5,0.04378266651122598,1,1,1,0,0
2022,Seth Henigan,Memphis,3,5.0,0,-0.3716239049161505,0,1,0,0,0
2022,Seth Henigan,Memphis,1,10.0,0,-0.6425305871127751,0,1,0,0,0
2022,Seth Henigan,Memphis,2,10.0,25,2.844833392591741,1,1,1,0,0
2022,Seth Henigan,Memphis,3,10.0,13,1.2306682297149258,1,1,1,0,0
2022,Seth Henigan,Memphis,2,12.0,5,0.029984031400957,1,1,1,0,0
2022,Seth Henigan,Memphis,2,5.0,22,1.2034326103627961,1,1,1,0,0
2022,Seth Henigan,Memphis,1,10.0,0,-1.041155320344064,0,1,0,0,0
2022,Seth Henigan,Memphis,2,10.0,0,-0.6310378338259923,0,1,0,0,0
2022,Seth Henigan,Memphis,1,10.0,15,0.8256043907235783,1,1,1,0,0
2022,Seth Henigan,Memphis,1,10.0,7,0.3845817836398665,1,1,1,0,0
2022,Seth Henigan,Memphis,2,18.0,0,-0.9386709707983673,0,1,0,0,0
2022,Seth Henigan,Memphis,4,15.0,0,-0.600371266102977,0,1,0,0,0
2022,Seth Henigan,Memphis,1,10.0,12,-2.991945711289569,0,1,0,1,0
2022,Seth Henigan,Memphis,2,10.0,8,0.7214509551122265,1,1,1,0,0
2022,Seth Henigan,Memphis,3,2.0,4,1.4588426842967375,1,1,1,0,0
2022,Seth Henigan,Memphis,3,11.0,0,-0.0514368385525561,0,1,0,0,0
2022,Seth Henigan,Memphis,1,10.0,0,-0.334056406101074,0,1,0,0,0
2022,Seth Henigan,Memphis,1,10.0,2,-0.673782181215797,0,1,1,0,0
2022,Seth Henigan,Memphis,2,8.0,0,-0.8991648660998165,0,1,0,0,0
2022,Seth Henigan,Memphis,3,8.0,15,3.015080726270458,1,1,1,0,0
2022,Seth Henigan,Memphis,1,10.0,14,0.5986392245872503,1,1,1,0,0
2022,Seth Henigan,Memphis,1,10.0,16,0.2659599577436895,1,1,1,0,0
2022,Seth Henigan,Memphis,1,10.0,14,2.5482831751790815,1,1,1,0,1
2022,Seth Henigan,Memphis,1,10.0,0,-0.8627910327708888,0,1,0,0,0
2022,Seth Henigan,Memphis,3,6.0,0,-0.958383929960062,0,1,0,0,0
2022,Seth Henigan,Memphis,2,9.0,15,2.2532307909436184,1,1,1,0,0
2022,Seth Henigan,Memphis,1,10.0,-3,-1.7400757003895964,0,1,1,0,0
2022,Seth Henigan,Memphis,3,6.0,28,2.317494576995323,1,1,1,0,0
2022,Seth Henigan,Memphis,1,10.0,13,1.2441591314559408,1,1,1,0,0
2022,Seth Henigan,Memphis,3,11.0,0,-0.5099612870160346,0,1,0,0,0
2022,Seth Henigan,Memphis,3,5.0,0,-1.0618160775042256,0,1,0,0,0
2022,Seth Henigan,Memphis,1,10.0,0,-0.7519361608312708,0,1,0,0,0
2022,Seth Henigan,Memphis,3,23.0,0,-0.27428398254278097,0,1,0,0,0
2022,Seth Henigan,Memphis,2,7.0,0,-0.8990343603036663,0,1,0,0,0
2022,Seth Henigan,Memphis,3,7.0,4,-0.0949594397152698,0,1,1,0,0
2022,Seth Henigan,Memphis,1,10.0,10,0.713118817138307,1,1,1,0,0
2022,Seth Henigan,Memphis,1,10.0,4,-0.1003137729896652,0,1,1,0,0
2022,Seth Henigan,Memphis,2,6.0,0,-0.9595013827419905,0,1,0,0,0
2022,Seth Henigan,Memphis,3,6.0,20,1.7629579182331887,1,1,1,0,0
2022,Seth Henigan,Memphis,2,9.0,0,-0.3954209141026027,0,1,0,0,0
2022,Seth Henigan,Memphis,3,9.0,4,-0.0722565470903083,0,1,1,0,0
2022,Seth Henigan,Memphis,1,10.0,0,-0.9864556271674072,0,1,0,0,0
2022,Seth Henigan,Memphis,3,8.0,12,2.6862647587110553,1,1,1,0,0
2022,Seth Henigan,Memphis,3,2.0,0,-1.160853186367655,0,1,0,0,0
2022,Seth Henigan,Memphis,1,10.0,14,0.413154699978213,1,1,1,0,0
2022,Seth Henigan,Memphis,3,3.0,16,2.348932175449064,1,1,1,0,0
2022,Seth Henigan,Memphis,2,5.0,2,-0.699134091008986,0,1,1,0,0
2022,Seth Henigan,Memphis,1,10.0,5,0.1106253034395996,1,1,1,0,0
2022,Seth Henigan,Memphis,1,10.0,0,-0.7029700220436519,0,1,0,0,0
2022,Seth Henigan,Memphis,1,10.0,7,0.38157906422711824,1,1,1,0,0
2022,Seth Henigan,Memphis,3,3.0,8,0.8981047199303713,1,1,1,0,0
2022,Seth Henigan,Memphis,2,5.0,0,-0.8824226559216264,0,1,0,0,0
2022,Seth Henigan,Memphis,3,5.0,12,2.3717612171079856,1,1,1,0,0
2022,Seth Henigan,Memphis,2,8.0,2,-0.6454782456475368,0,1,1,0,0
2022,Seth Henigan,Memphis,3,6.0,0,-0.8898142292343482,0,1,0,0,0
2022,Seth Henigan,Memphis,1,10.0,21,1.8602553046625463,1,1,1,0,0
2022,Seth Henigan,Memphis,1,10.0,14,0.63456791499412,1,1,1,0,0
2022,Seth Henigan,Memphis,3,24.0,0,-0.3554214543570149,0,1,0,0,0
2022,Seth Henigan,Memphis,1,10.0,6,0.38118862332173,1,1,1,0,0
2022,Seth Henigan,Memphis,1,10.0,38,3.094592648585188,1,1,1,0,1
2022,Seth Henigan,Memphis,1,10.0,13,0.3468004169425675,1,1,1,0,0
2022,Seth Henigan,Memphis,2,2.0,0,-0.535026198157898,0,1,0,0,0
2022,Seth Henigan,Memphis,2,5.0,0,-0.8824226559216264,0,1,0,0,0
2022,Seth Henigan,Memphis,3,5.0,18,2.870424918513237,1,1,1,0,0
2022,Seth Henigan,Memphis,2,12.0,0,-0.9523184172996871,0,1,0,0,0
2022,Seth Henigan,Memphis,3,12.0,0,-0.6210901835874116,0,1,0,0,0
2022,Seth Henigan,Memphis,1,10.0,17,1.5564831744113778,1,1,1,0,0
2022,Seth Henigan,Memphis,1,10.0,0,-1.0742999147475647,0,1,0,0,0
2022,Seth Henigan,Memphis,2,10.0,0,-1.0509966519448302,0,1,0,0,0
2022,Seth Henigan,Memphis,3,10.0,21,3.070249561580866,1,1,1,0,0
2022,Seth Henigan,Memphis,2,8.0,14,0.482487434285618,1,1,1,0,0
2022,Seth Henigan,Memphis,1,10.0,9,0.613120222765927,1,1,1,0,0
2022,Seth Henigan,Memphis,1,10.0,24,1.434667067243417,1,1,1,0,0
2022,Seth Henigan,Memphis,1,10.0,6,0.214950746647972,1,1,1,0,0
2022,Seth Henigan,Memphis,2,4.0,0,-0.60039401369416,0,1,0,0,0
2022,Seth Henigan,Memphis,3,4.0,11,0.6791062619400545,1,1,1,0,0
2022,Seth Henigan,Memphis,1,10.0,6,0.1809070651975925,1,1,1,0,0
2022,Seth Henigan,Memphis,2,4.0,0,-0.381304226764371,0,1,0,0,0
2022,Seth Henigan,Memphis,3,4.0,0,-0.339040583334988,0,1,0,0,0
2022,Seth Henigan,Memphis,1,10.0,8,0.9104368550610653,1,1,1,0,0
2022,Seth Henigan,Memphis,1,10.0,0,-0.8457687366186873,0,1,0,0,0
2022,Seth Henigan,Memphis,1,10.0,7,0.34844572143239,1,1,1,0,0
2022,Seth Henigan,Memphis,1,10.0,2,-0.5661525320140282,0,1,1,0,0
2022,Seth Henigan,Memphis,3,5.0,15,1.7753941177775694,1,1,1,0,0
2022,Seth Henigan,Memphis,1,10.0,4,-0.0380297652801275,0,1,1,0,0
2022,Seth Henigan,Memphis,3,9.0,0,-0.8562259914857897,0,1,0,0,0
2022,Seth Henigan,Memphis,1,10.0,12,1.147417577118027,1,1,1,0,0
2022,Seth Henigan,Memphis,1,10.0,36,1.5153963307888938,1,1,1,0,0
2022,Seth Henigan,Memphis,2,9.0,8,0.317270541002124,1,1,1,0,0
2022,Seth Henigan,Memphis,2,10.0,4,-0.1663353187565111,0,1,1,0,0
2022,Seth Henigan,Memphis,3,6.0,0,-0.9913259097005076,0,1,0,0,0
2022,Seth Henigan,Memphis,2,3.0,23,1.9965985745679156,1,1,1,0,0
2022,Seth Henigan,Memphis,1,10.0,0,-0.557844891990525,0,1,0,0,0
2022,Seth Henigan,Memphis,1,10.0,0,-1.0146424556055624,0,1,0,0,0
2022,Seth Henigan,Memphis,3,11.0,0,-0.2579129276180723,0,1,0,0,0
2022,Seth Henigan,Memphis,3,8.0,10,2.5516314288211603,1,1,1,0,0
2022,Seth Henigan,Memphis,1,10.0,0,-1.1527089917962545,0,1,0,0,0
2022,Seth Henigan,Memphis,2,10.0,8,0.8384539710247372,1,1,1,0,0
2022,Seth Henigan,Memphis,1,10.0,0,-0.814236079442537,0,1,0,0,0
2022,Seth Henigan,Memphis,1,10.0,16,0.2061752801587385,1,1,1,0,0
2022,Seth Henigan,Memphis,1,10.0,15,1.320854515577646,1,1,1,0,0
2022,Seth Henigan,Memphis,1,10.0,3,-0.4315308590496248,0,1,1,0,0
2022,Seth Henigan,Memphis,1,10.0,2,-0.547828113258845,0,1,1,0,0
2022,Seth Henigan,Memphis,2,8.0,0,-0.6166151306782144,0,1,0,0,0
2022,Seth Henigan,Memphis,1,10.0,0,-1.1527089917962545,0,1,0,0,0
2022,Seth Henigan,Memphis,1,10.0,4,-0.090113775884788,0,1,1,0,0
2022,Seth Henigan,Memphis,2,6.0,6,0.464919786899358,1,1,1,0,0
2022,Seth Henigan,Memphis,1,10.0,4,-0.049162128193405,0,1,1,0,0
2022,Seth Henigan,Memphis,2,6.0,0,-0.599740220609048,0,1,0,0,0
2022,Seth Henigan,Memphis,3,6.0,19,1.266390851398013,1,1,1,0,0
2022,Seth Henigan,Memphis,1,7.0,7,2.196754630327211,1,1,1,0,1
2022,Seth Henigan,Memphis,1,9.0,0,-0.315798379566314,0,1,0,0,0
2022,Seth Henigan,Memphis,3,3.0,3,0.325417199611936,1,1,1,0,0
2022,Seth Henigan,Memphis,2,8.0,5,0.054042546208828,1,1,1,0,0
2022,Seth Henigan,Memphis,4,10.0,24,3.6590832900442978,1,1,1,0,0
2022,Seth Henigan,Memphis,3,10.0,0,-0.9110484955798565,0,1,0,0,0
2022,Seth Henigan,Memphis,2,10.0,0,-1.060943078602227,0,1,0,0,0
2022,Seth Henigan,Memphis,1,10.0,0,-0.9391692565688832,0,1,0,0,0
2022,Seth Henigan,Memphis,1,10.0,7,0.6703928066087635,1,1,1,0,0
2022,Seth Henigan,Memphis,1,10.0,0,-0.4404078956667625,0,1,0,0,0
2022,Seth Henigan,Memphis,2,10.0,29,2.6911866641626663,1,1,1,0,0
2022,Seth Henigan,Memphis,2,3.0,6,0.3474198868396883,1,1,1,0,0
2023,Seth Henigan,Memphis,1,10.0,1,-0.638641687269482,0,1,1,0,0
2023,Seth Henigan,Memphis,2,9.0,22,2.7299451893700457,1,1,1,0,0
2023,Seth Henigan,Memphis,1,10.0,13,0.7900033006446298,1,1,1,0,0
2023,Seth Henigan,Memphis,1,10.0,22,0.4932095419116602,1,1,1,0,0
2023,Seth Henigan,Memphis,1,10.0,7,0.590106702773282,1,1,1,0,0
2023,Seth Henigan,Memphis,2,3.0,-2,-1.6300033797716864,0,1,1,0,0
2023,Seth Henigan,Memphis,3,5.0,0,-1.0480751097049001,0,1,0,0,0
2023,Seth Henigan,Memphis,4,5.0,17,3.1653692446862465,1,1,1,0,0
2023,Seth Henigan,Memphis,1,10.0,12,0.1952917528460566,1,1,1,0,0
2023,Seth Henigan,Memphis,1,10.0,6,0.1820990038493714,1,1,1,0,0
2023,Seth Henigan,Memphis,1,18.0,-3,-0.9748037328197335,0,1,1,0,0
2023,Seth Henigan,Memphis,2,21.0,0,-0.9526102542053944,0,1,0,0,0
2023,Seth Henigan,Memphis,3,21.0,0,-0.9495518518578338,0,1,1,0,0
2023,Seth Henigan,Memphis,2,9.0,24,1.5552899378577185,1,1,1,0,0
2023,Seth Henigan,Memphis,2,7.0,9,0.9941917732470815,1,1,1,0,0
2023,Seth Henigan,Memphis,1,10.0,5,0.075070788233958,1,1,1,0,0
2023,Seth Henigan,Memphis,1,10.0,5,0.074321414460208,1,1,1,0,0
2023,Seth Henigan,Memphis,3,4.0,4,0.414131778453085,1,1,1,0,0
2023,Seth Henigan,Memphis,2,8.0,0,-0.26931522945819,0,1,0,0,0
2023,Seth Henigan,Memphis,3,8.0,0,-0.354205173792517,0,1,0,0,0
2023,Seth Henigan,Memphis,1,9.0,19,0.195701205425911,1,1,1,0,0
2023,Seth Henigan,Memphis,1,10.0,9,0.613120222765927,1,1,1,0,0
2023,Seth Henigan,Memphis,1,10.0,4,-0.1670469651624733,0,1,1,0,0
2023,Seth Henigan,Memphis,2,6.0,0,-1.0721081742584593,0,1,0,0,0
2023,Seth Henigan,Memphis,3,6.0,11,2.5508837677513343,1,1,1,0,0
2023,Seth Henigan,Memphis,2,6.0,0,-0.7751757096233421,0,1,0,0,0
2023,Seth Henigan,Memphis,1,10.0,7,0.5149869636577264,1,1,1,0,0
2023,Seth Henigan,Memphis,2,1.0,47,3.113066170416541,1,1,1,0,1
2023,Seth Henigan,Memphis,2,10.0,22,2.515392296759739,1,1,1,0,0
2023,Seth Henigan,Memphis,1,10.0,9,1.257116610962765,1,1,1,0,0
2023,Seth Henigan,Memphis,2,7.0,7,2.607148468017737,1,1,1,0,1
2023,Seth Henigan,Memphis,2,4.0,54,2.841673828570448,1,1,1,0,0
2023,Seth Henigan,Memphis,1,20.0,0,-0.5609446262915,0,1,0,0,0
2023,Seth Henigan,Memphis,3,7.0,7,1.27680031576986,1,1,1,0,0
2023,Seth Henigan,Memphis,1,10.0,4,-0.0356690725209355,0,1,1,0,0
2023,Seth Henigan,Memphis,3,5.0,70,3.6048154067796414,1,1,1,0,1
2023,Seth Henigan,Memphis,1,10.0,0,-0.9262377870973815,0,1,0,0,0
2023,Seth Henigan,Memphis,3,8.0,9,2.0692059904631863,1,1,1,0,0
2023,Seth Henigan,Memphis,1,10.0,-3,-0.789060058576041,0,1,1,0,0
2023,Seth Henigan,Memphis,2,13.0,4,-0.04544121961146619,0,1,1,0,0
2023,Seth Henigan,Memphis,3,9.0,8,0.20153698093214434,1,1,1,0,0
2023,Seth Henigan,Memphis,1,10.0,11,0.6849418807335004,1,1,1,0,0
2023,Seth Henigan,Memphis,1,10.0,18,0.317043017745018,1,1,1,0,0
2023,Seth Henigan,Memphis,2,6.0,51,4.249646355108609,1,1,1,0,1
2023,Seth Henigan,Memphis,2,10.0,0,-0.7006450342354943,0,1,0,0,0
2023,Seth Henigan,Memphis,3,10.0,0,-0.9527802815229531,0,1,0,0,0
2023,Seth Henigan,Memphis,2,3.0,0,-1.1990721797509778,0,1,0,0,0
2023,Seth Henigan,Memphis,1,10.0,7,0.6465727155045757,1,1,1,0,0
2023,Seth Henigan,Memphis,2,7.0,6,0.3265009710321518,1,1,1,0,0
2023,Seth Henigan,Memphis,1,10.0,14,0.202351626345639,1,1,1,0,0
2023,Seth Henigan,Memphis,1,10.0,17,0.7549862235363523,1,1,1,0,0
2023,Seth Henigan,Memphis,1,10.0,6,0.4024109850387187,1,1,1,0,0
2023,Seth Henigan,Memphis,2,,5,,0,1,1,0,1
2023,Seth Henigan,Memphis,1,10.0,5,0.081604517220205,1,1,1,0,0
2023,Seth Henigan,Memphis,1,10.0,0,-1.1143038065675126,0,1,0,0,0
2023,Seth Henigan,Memphis,2,10.0,2,-0.6205479306066408,0,1,1,0,0
2023,Seth Henigan,Memphis,3,8.0,48,5.925631852928836,1,1,1,0,1
2023,Seth Henigan,Memphis,2,10.0,24,1.319598253848019,1,1,1,0,0
2023,Seth Henigan,Memphis,3,10.0,17,3.2293170569608174,1,1,1,0,0
2023,Seth Henigan,Memphis,3,1.0,0,-0.37784950184134125,0,1,0,0,0
2023,Seth Henigan,Memphis,2,7.0,2,-0.19143355574122722,0,1,1,0,0
2023,Seth Henigan,Memphis,3,5.0,0,-0.15501605671030738,0,1,0,0,0
2023,Seth Henigan,Memphis,1,10.0,0,-0.4522778946200265,0,1,0,0,0
2023,Seth Henigan,Memphis,2,10.0,0,-0.6084005148647674,0,1,0,0,0
2023,Seth Henigan,Memphis,3,10.0,10,1.2025636821857684,1,1,1,0,0
2023,Seth Henigan,Memphis,2,7.0,22,1.743077240450644,1,1,1,0,0
2023,Seth Henigan,Memphis,3,4.0,7,1.1504364622436736,1,1,1,0,0
2023,Seth Henigan,Memphis,4,,0,,0,1,0,0,0
2023,Seth Henigan,Memphis,1,10.0,5,0.0927395188594593,1,1,1,0,0
2023,Seth Henigan,Memphis,3,6.0,0,-0.2971550972327286,0,1,0,0,0
2023,Seth Henigan,Memphis,2,3.0,0,-0.5038916089586278,0,1,0,0,0
2023,Seth Henigan,Memphis,3,3.0,0,-0.2186559393617591,0,1,0,0,0
2023,Seth Henigan,Memphis,2,8.0,8,0.9626700040719065,1,1,1,0,0
2023,Seth Henigan,Memphis,2,5.0,3,-0.3509482987735746,0,1,1,0,0
2023,Seth Henigan,Memphis,3,2.0,2,1.153818466845812,1,1,1,0,0
2023,Seth Henigan,Memphis,2,4.0,3,-0.4595255355580327,0,1,1,0,0
2023,Seth Henigan,Memphis,1,10.0,21,1.166108118637483,1,1,1,0,0
2023,Seth Henigan,Memphis,2,6.0,0,-0.711882124036327,0,1,0,0,0
2023,Seth Henigan,Memphis,1,10.0,45,3.3788899036534623,1,1,1,0,0
2023,Seth Henigan,Memphis,2,10.0,-4,-1.223767509720494,0,1,1,0,0
2023,Seth Henigan,Memphis,2,10.0,0,-0.2792458253567104,0,1,0,0,0
2023,Seth Henigan,Memphis,2,8.0,7,0.5139961538990258,1,1,1,0,0
2023,Seth Henigan,Memphis,4,3.0,8,2.1486137495550373,1,1,1,0,0
2023,Seth Henigan,Memphis,2,14.0,24,1.4996393610054106,1,1,1,0,0
2023,Seth Henigan,Memphis,1,9.0,7,0.356301298324245,1,1,1,0,0
2023,Seth Henigan,Memphis,3,4.0,4,2.6959729214765815,1,1,1,0,1
2023,Seth Henigan,Memphis,1,10.0,9,1.3191287933513696,1,1,1,0,0
2023,Seth Henigan,Memphis,1,10.0,6,0.3957205453341055,1,1,1,0,0
2023,Seth Henigan,Memphis,2,4.0,52,4.16598266670521,1,1,1,0,1
2023,Seth Henigan,Memphis,2,2.0,13,0.3589251116167204,1,1,1,0,0
2023,Seth Henigan,Memphis,2,13.0,4,-0.1401398326393722,0,1,1,0,0
2023,Seth Henigan,Memphis,3,9.0,13,1.5887369493755281,1,1,1,0,0
2023,Seth Henigan,Memphis,1,10.0,4,-0.1319374071745773,0,1,1,0,0
2023,Seth Henigan,Memphis,3,7.0,4,-0.1643246526307003,0,1,1,0,0
2023,Seth Henigan,Memphis,1,10.0,0,-0.5586693796725282,0,1,0,0,0
2023,Seth Henigan,Memphis,2,10.0,0,-0.2608138520764314,0,1,0,0,0
2023,Seth Henigan,Memphis,3,10.0,0,-0.11593841189942822,0,1,0,0,0
2023,Seth Henigan,Memphis,1,10.0,0,-0.6630222646782312,0,1,0,0,0
2023,Seth Henigan,Memphis,1,10.0,21,1.1865532480221548,1,1,1,0,0
2023,Seth Henigan,Memphis,1,10.0,0,-0.8947814664467213,0,1,0,0,0
2023,Seth Henigan,Memphis,2,10.0,10,1.8430601217633438,1,1,1,0,0
2023,Seth Henigan,Memphis,2,5.0,0,-1.18115859347677,0,1,0,0,0
2023,Seth Henigan,Memphis,3,5.0,10,2.3168709860008487,1,1,1,0,0
2023,Seth Henigan,Memphis,2,10.0,14,0.9818206965602022,1,1,1,0,0
2023,Seth Henigan,Memphis,3,8.0,11,1.040212835985658,1,1,1,0,0
2023,Seth Henigan,Memphis,3,6.0,0,-0.2651018088073833,0,1,0,0,0
2023,Seth Henigan,Memphis,2,6.0,0,-0.5661585529417099,0,1,0,0,0
2023,Seth Henigan,Memphis,2,8.0,11,1.5773551583638685,1,1,1,0,0
2023,Seth Henigan,Memphis,1,10.0,2,-0.6656376494811928,0,1,1,0,0
2023,Seth Henigan,Memphis,2,8.0,2,-0.5486029295404142,0,1,1,0,0
2023,Seth Henigan,Memphis,3,6.0,0,-0.6401731194806475,0,1,0,0,0
2023,Seth Henigan,Memphis,3,20.0,5,0.02679967695624177,1,1,1,0,0
2023,Seth Henigan,Memphis,2,8.0,0,-0.3313693913204929,0,1,0,0,0
2023,Seth Henigan,Memphis,3,8.0,0,-0.14770021702486427,0,1,0,0,0
2023,Seth Henigan,Memphis,1,10.0,7,0.6703928066087635,1,1,1,0,0
2023,Seth Henigan,Memphis,2,3.0,9,0.5107408308332015,1,1,1,0,0
2023,Seth Henigan,Memphis,1,10.0,6,0.265204892676964,1,1,1,0,0
2023,Seth Henigan,Memphis,2,4.0,10,0.242406302653402,1,1,1,0,0
2023,Seth Henigan,Memphis,1,10.0,5,0.075070788233958,1,1,1,0,0
2023,Seth Henigan,Memphis,1,10.0,5,0.0748456356820665,1,1,1,0,0
2023,Seth Henigan,Memphis,2,5.0,7,2.455248906353859,1,1,1,0,1
2023,Seth Henigan,Memphis,3,7.0,31,3.030134761850286,1,1,1,0,0
2023,Seth Henigan,Memphis,2,7.0,0,-0.7793420910928395,0,1,0,0,0
2023,Seth Henigan,Memphis,1,10.0,3,-0.2162251621009335,0,1,1,0,0
2023,Seth Henigan,Memphis,1,10.0,9,1.010286769016353,1,1,1,0,0
2023,Seth Henigan,Memphis,2,18.0,23,3.5702702679373517,1,1,1,0,0
2023,Seth Henigan,Memphis,1,10.0,4,-0.080462810572756,0,1,1,0,0
2023,Seth Henigan,Memphis,3,4.0,0,-0.9617891472502117,0,1,0,0,0
2023,Seth Henigan,Memphis,1,10.0,5,0.0855067756440384,1,1,1,0,0
2023,Seth Henigan,Memphis,1,10.0,0,-0.9864556271674072,0,1,0,0,0
2023,Seth Henigan,Memphis,3,10.0,8,0.3695019113292757,1,1,1,0,0
2023,Seth Henigan,Memphis,3,7.0,13,2.273941912078933,1,1,1,0,0
2023,Seth Henigan,Memphis,1,10.0,0,-1.1387859939569847,0,1,0,0,0
2023,Seth Henigan,Memphis,2,16.0,0,-0.7379290315365967,0,1,0,0,0
2023,Seth Henigan,Memphis,2,7.0,21,2.4501553297723984,1,1,1,0,0
2023,Seth Henigan,Memphis,1,10.0,6,0.353216982318957,1,1,1,0,0
2023,Seth Henigan,Memphis,2,7.0,0,-0.934430506952081,0,1,0,0,0
2023,Seth Henigan,Memphis,4,8.0,11,2.9123196691458144,1,1,1,0,0
2023,Seth Henigan,Memphis,2,8.0,0,-0.579657351242977,0,1,1,0,0
2023,Seth Henigan,Memphis,3,8.0,0,-0.831644544890821,0,1,0,0,0
2023,Seth Henigan,Memphis,2,9.0,4,-0.021563425955808,0,1,1,0,0
2023,Seth Henigan,Memphis,4,3.0,3,2.916346544502382,1,1,1,0,1
2023,Seth Henigan,Memphis,1,10.0,5,0.1068735075937823,1,1,1,0,0
2023,Seth Henigan,Memphis,2,9.0,0,-0.9581774393485141,0,1,0,0,0
2023,Seth Henigan,Memphis,3,9.0,0,-0.5919648164575921,0,1,0,0,0
2023,Seth Henigan,Memphis,3,18.0,20,2.2915213200207214,1,1,1,0,0
2023,Seth Henigan,Memphis,1,10.0,-2,-1.3954766705179846,0,1,1,0,0
2023,Seth Henigan,Memphis,2,12.0,3,-0.2231311901681918,0,1,1,0,0
2023,Seth Henigan,Memphis,3,9.0,0,-0.39906977707034574,0,1,0,0,0
2023,Seth Henigan,Memphis,1,10.0,0,-0.46182849902011913,0,1,0,0,0
2023,Seth Henigan,Memphis,2,10.0,6,0.11514449122515558,1,1,1,0,0
2023,Seth Henigan,Memphis,1,10.0,7,0.604642460086338,1,1,1,0,0
2023,Seth Henigan,Memphis,2,3.0,0,-0.9937966012014892,0,1,0,0,0
2023,Seth Henigan,Memphis,2,4.0,10,1.1323181582353874,1,1,1,0,0
2023,Seth Henigan,Memphis,1,10.0,33,1.4773717045416086,1,1,1,0,0
2023,Seth Henigan,Memphis,1,10.0,0,-1.1143038065675126,0,1,0,0,0
2023,Seth Henigan,Memphis,2,10.0,0,-1.0237730924311421,0,1,0,0,0
2023,Seth Henigan,Memphis,3,10.0,23,3.238207989728542,1,1,1,0,0
2023,Seth Henigan,Memphis,1,10.0,0,-0.490975886965904,0,1,1,0,0
2023,Seth Henigan,Memphis,2,20.0,5,0.0481904631555548,1,1,1,0,0
2023,Seth Henigan,Memphis,1,10.0,4,-0.1142886249388964,0,1,1,0,0
2023,Seth Henigan,Memphis,3,3.0,0,-0.5139435334013278,0,1,0,0,0
2023,Seth Henigan,Memphis,4,3.0,26,3.6859173226656763,1,1,1,0,0
2023,Seth Henigan,Memphis,1,10.0,26,0.7262127502797496,1,1,1,0,0
2023,Seth Henigan,Memphis,1,10.0,0,-0.3301132067544156,0,1,0,0,0
2023,Seth Henigan,Memphis,2,10.0,9,0.383679911678904,1,1,1,0,0
2023,Seth Henigan,Memphis,2,6.0,-2,-0.417419191409317,0,1,1,0,0
2023,Seth Henigan,Memphis,3,8.0,5,0.029739639688873,1,1,1,0,0
2023,Seth Henigan,Memphis,1,10.0,11,0.9305625119459905,1,1,1,0,0
2023,Seth Henigan,Memphis,1,10.0,15,1.3848620561380827,1,1,1,0,0
2023,Seth Henigan,Memphis,1,10.0,5,0.1003706527461523,1,1,1,0,0
2023,Seth Henigan,Memphis,2,5.0,3,-0.382232538145731,0,1,1,0,0
2023,Seth Henigan,Memphis,1,10.0,12,0.270777959706495,1,1,1,0,0
2023,Seth Henigan,Memphis,1,10.0,0,-0.3882383440694163,0,1,0,0,0
2023,Seth Henigan,Memphis,3,4.0,2,-0.09163807031383885,0,1,1,0,0
2023,Seth Henigan,Memphis,2,11.0,0,-0.7387696165320605,0,1,0,0,0
2023,Seth Henigan,Memphis,3,11.0,12,3.043717436443094,1,1,1,0,0
2023,Seth Henigan,Memphis,1,10.0,4,-0.0884321258012219,0,1,1,0,0
2023,Seth Henigan,Memphis,2,6.0,4,-0.08028538836854975,0,1,1,0,0
2023,Seth Henigan,Memphis,1,10.0,0,-0.956890163923906,0,1,0,0,0
2023,Seth Henigan,Memphis,2,10.0,-3,-0.7337737301697587,0,1,1,0,0
2023,Seth Henigan,Memphis,3,13.0,6,0.07251361233283848,1,1,1,0,0
2023,Seth Henigan,Memphis,1,10.0,0,-0.2935937291294204,0,1,0,0,0
2023,Seth Henigan,Memphis,2,12.0,8,0.23874981350321178,1,1,1,0,0
2023,Seth Henigan,Memphis,3,4.0,0,-0.28798753920273157,0,1,0,0,0
2023,Seth Henigan,Memphis,1,10.0,0,-0.7029700220436519,0,1,0,0,0
2023,Seth Henigan,Memphis,2,10.0,53,4.133102375116513,1,1,1,0,0
2023,Seth Henigan,Memphis,2,7.0,19,2.773925023082645,1,1,1,0,1
2023,Seth Henigan,Memphis,1,10.0,19,1.7235671484631843,1,1,1,0,0
2023,Seth Henigan,Memphis,1,15.0,16,1.1376035508219342,1,1,1,0,0
2023,Seth Henigan,Memphis,3,9.0,0,-0.21404973600507393,0,1,0,0,0
2023,Seth Henigan,Memphis,1,10.0,13,1.2426974783254945,1,1,1,0,0
2023,Seth Henigan,Memphis,1,20.0,9,0.7649878848940465,1,1,1,0,0
2023,Seth Henigan,Memphis,2,11.0,0,-0.832728914489671,0,1,0,0,0
2023,Seth Henigan,Memphis,3,11.0,0,-0.4816897557515212,0,1,0,0,0
2023,Seth Henigan,Memphis,2,8.0,0,-0.244613289421725,0,1,0,0,0
2023,Seth Henigan,Memphis,3,8.0,24,2.271432161906013,1,1,1,0,0
2023,Seth Henigan,Memphis,2,7.0,59,5.3781154070831505,1,1,1,0,1
2023,Seth Henigan,Memphis,1,10.0,-1,-0.8014893508157099,0,1,1,0,0
2023,Seth Henigan,Memphis,2,11.0,14,1.9262408298575409,1,1,1,0,0
2023,Seth Henigan,Memphis,3,6.0,11,1.6134697859122937,1,1,1,0,0
2023,Seth Henigan,Memphis,2,7.0,0,-0.5478469606301284,0,1,0,0,0
2023,Seth Henigan,Memphis,2,14.0,0,-0.6013216031711437,0,1,0,0,0
2023,Seth Henigan,Memphis,3,14.0,0,-0.31296469506259417,0,1,0,0,0
2023,Seth Henigan,Memphis,2,1.0,0,-3.4992584961404987,0,1,0,1,0
2023,Seth Henigan,Memphis,1,10.0,0,-0.7029700220436519,0,1,0,0,0
2023,Seth Henigan,Memphis,2,10.0,11,1.6335325339896425,1,1,1,0,0
2023,Seth Henigan,Memphis,2,12.0,0,-0.4808475386399689,0,1,0,0,0
2023,Seth Henigan,Memphis,3,12.0,0,-0.2345867459755775,0,1,0,0,0
2023,Seth Henigan,Memphis,2,8.0,0,-0.20287580991242482,0,1,0,0,0
2023,Seth Henigan,Memphis,3,8.0,0,-0.08697739568759656,0,1,0,0,0
2023,Seth Henigan,Memphis,1,10.0,0,-0.36548578366266504,0,1,0,0,0
2023,Seth Henigan,Memphis,2,10.0,21,1.6097473761484773,1,1,1,0,0
2023,Seth Henigan,Memphis,2,7.0,0,-0.7715709570940418,0,1,0,0,0
2023,Seth Henigan,Memphis,3,7.0,47,4.07748208761412,1,1,1,0,0
2023,Seth Henigan,Memphis,2,9.0,0,-0.3954209141026027,0,1,0,0,0
2023,Seth Henigan,Memphis,1,10.0,9,1.1993956515648607,1,1,1,0,0
2023,Seth Henigan,Memphis,2,1.0,16,1.002907153914105,1,1,1,0,0
2023,Seth Henigan,Memphis,1,10.0,0,-1.1430602484821704,0,1,0,0,0
2023,Seth Henigan,Memphis,2,10.0,6,0.3216903083971978,1,1,1,0,0
2023,Seth Henigan,Memphis,3,4.0,18,2.0654097546569723,1,1,1,0,0
2023,Seth Henigan,Memphis,1,10.0,0,-0.512081873784803,0,1,0,0,0
2023,Seth Henigan,Memphis,2,10.0,0,-0.7006450342354943,0,1,0,0,0
2023,Seth Henigan,Memphis,1,10.0,13,1.124751479041831,1,1,1,0,0
2023,Seth Henigan,Memphis,2,9.0,17,2.426864605441816,1,1,1,0,0
2023,Seth Henigan,Memphis,2,3.0,4,0.0092594195029285,1,1,1,0,0
2023,Seth Henigan,Memphis,2,7.0,22,0.7810596378227465,1,1,1,0,0
2023,Seth Henigan,Memphis,1,10.0,4,-0.1644248613169578,0,1,1,0,0
2023,Seth Henigan,Memphis,1,10.0,0,-3.076632796107061,0,1,0,1,0
2023,Seth Henigan,Memphis,1,10.0,23,2.0697008310108904,1,1,1,0,0
2023,Seth Henigan,Memphis,1,10.0,5,0.1045373160815773,1,1,1,0,0
2023,Seth Henigan,Memphis,3,14.0,0,-0.3799815127387074,0,1,0,0,0
2023,Seth Henigan,Memphis,1,10.0,6,0.1832299019007113,1,1,1,0,0
2023,Seth Henigan,Memphis,2,4.0,10,0.4045973563169367,1,1,1,0,0
2023,Seth Henigan,Memphis,2,6.0,0,-0.5399585387119359,0,1,0,0,0
2023,Seth Henigan,Memphis,3,6.0,8,1.5348542288595128,1,1,1,0,0
2023,Seth Henigan,Memphis,1,10.0,8,1.0284623848933538,1,1,1,0,0
2023,Seth Henigan,Memphis,1,10.0,11,0.5098075840080333,1,1,1,0,0
2023,Seth Henigan,Memphis,1,10.0,4,-0.059449490714332,0,1,1,0,0
2023,Seth Henigan,Memphis,2,6.0,0,-0.682442837013065,0,1,0,0,0
2023,Seth Henigan,Memphis,4,18.0,0,-0.2855490906611564,0,1,0,0,0
2023,Seth Henigan,Memphis,1,10.0,18,1.6778987835204866,1,1,1,0,0
2023,Seth Henigan,Memphis,1,10.0,6,0.366045681425021,1,1,1,0,0
2023,Seth Henigan,Memphis,1,10.0,13,0.828774555307751,1,1,1,0,0
2023,Seth Henigan,Memphis,2,4.0,0,-0.781180687607332,0,1,0,0,0
2023,Seth Henigan,Memphis,3,4.0,23,2.912797278381655,1,1,1,0,0
2023,Seth Henigan,Memphis,1,15.0,0,-0.5495750572974937,0,1,0,0,0
2023,Seth Henigan,Memphis,3,14.0,13,1.21064089652211,1,1,1,0,0
2023,Seth Henigan,Memphis,2,5.0,7,2.455248906353859,1,1,1,0,1
2023,Seth Henigan,Memphis,3,8.0,5,0.01999754234369622,1,1,1,0,0
2023,Seth Henigan,Memphis,1,10.0,0,-0.40084650139258127,0,1,0,0,0
2023,Seth Henigan,Memphis,1,10.0,14,1.1926147027363,1,1,1,0,0
2023,Seth Henigan,Memphis,2,5.0,5,0.834501015825895,1,1,1,0,0
2023,Seth Henigan,Memphis,3,10.0,0,-0.36514774325411636,0,1,0,0,0
2023,Seth Henigan,Memphis,1,10.0,0,-0.7029700220436519,0,1,0,0,0
2023,Seth Henigan,Memphis,1,10.0,0,-1.1077677360468863,0,1,0,0,0
2023,Seth Henigan,Memphis,2,21.0,2,-0.5198140530851809,0,1,1,0,0
2023,Seth Henigan,Memphis,3,19.0,0,-0.9951194987715973,0,1,0,0,0
2023,Seth Henigan,Memphis,1,10.0,13,0.881007244177801,1,1,1,0,0
2023,Seth Henigan,Memphis,2,7.0,3,-0.311336219735379,0,1,1,0,0
2023,Seth Henigan,Memphis,3,4.0,7,1.9160861190347678,1,1,1,0,0
2023,Seth Henigan,Memphis,2,6.0,9,1.1810459558359625,1,1,1,0,0
2023,Seth Henigan,Memphis,1,10.0,6,0.2876660938940478,1,1,1,0,0
2023,Seth Henigan,Memphis,2,4.0,21,0.495981272744432,1,1,1,0,0
2023,Seth Henigan,Memphis,1,4.0,4,1.688190518713975,1,1,1,0,1
2023,Seth Henigan,Memphis,1,10.0,7,0.6806591914994475,1,1,1,0,0
2023,Seth Henigan,Memphis,3,1.0,0,-1.1835782054817103,0,1,0,0,0
2023,Seth Henigan,Memphis,1,10.0,0,-0.908489395271188,0,1,0,0,0
2023,Seth Henigan,Memphis,1,10.0,11,0.9305625119459905,1,1,1,0,0
2023,Seth Henigan,Memphis,2,5.0,4,-0.122844946762167,0,1,1,0,0
2023,Seth Henigan,Memphis,1,10.0,12,1.147417577118027,1,1,1,0,0
2023,Seth Henigan,Memphis,1,10.0,4,-0.0356690725209355,0,1,1,0,0
2023,Seth Henigan,Memphis,2,6.0,4,-0.039760159907708,0,1,1,0,0
2023,Seth Henigan,Memphis,3,9.0,0,-0.4145338296897077,0,1,0,0,0
2023,Seth Henigan,Memphis,2,9.0,14,0.8808433923463194,1,1,1,0,0
2023,Seth Henigan,Memphis,2,10.0,32,3.4133580492880986,1,1,1,0,0
2023,Seth Henigan,Memphis,2,5.0,5,0.6903784221425511,1,1,1,0,0
2023,Seth Henigan,Memphis,1,10.0,13,0.5834871589478077,1,1,1,0,0
2023,Seth Henigan,Memphis,1,15.0,24,2.092091253212681,1,1,1,0,0
2023,Seth Henigan,Memphis,2,11.0,0,-0.5821953428262194,0,1,0,0,0
2023,Seth Henigan,Memphis,3,11.0,63,5.93498084344778,1,1,1,0,0
2023,Seth Henigan,Memphis,1,10.0,13,1.124751479041831,1,1,1,0,0
2023,Seth Henigan,Memphis,2,8.0,7,0.59263087678702,1,1,1,0,0
2023,Seth Henigan,Memphis,1,10.0,0,-0.7215426143188567,0,1,0,0,0
2023,Seth Henigan,Memphis,4,1.0,0,-3.208293065310576,0,1,0,0,0
2023,Seth Henigan,Memphis,2,8.0,7,0.4295698173730899,1,1,1,0,0
2023,Seth Henigan,Memphis,1,10.0,6,0.3983464844048346,1,1,1,0,0
2023,Seth Henigan,Memphis,3,3.0,0,-0.813051991048222,0,1,0,0,0
2023,Seth Henigan,Memphis,4,7.0,0,-1.190669587274149,0,1,0,0,0
2023,Seth Henigan,Memphis,1,10.0,12,1.0272443261435713,1,1,1,0,0
2023,Seth Henigan,Memphis,1,10.0,19,1.637628436067729,1,1,1,0,0
2023,Seth Henigan,Memphis,1,15.0,18,2.244794408189305,1,1,1,0,0
2023,Seth Henigan,Memphis,1,10.0,4,-0.1055620972164722,0,1,1,0,0
2023,Seth Henigan,Memphis,2,6.0,3,-0.3261209565497936,0,1,1,0,0
2023,Seth Henigan,Memphis,1,10.0,19,1.7075723383420156,1,1,1,0,0
2023,Seth Henigan,Memphis,3,3.0,36,3.78405314169712,1,1,1,0,1
2023,Seth Henigan,Memphis,1,10.0,0,-0.6723571521309859,0,1,0,0,0
2023,Seth Henigan,Memphis,2,10.0,26,2.9765635634254037,1,1,1,0,0
2023,Seth Henigan,Memphis,1,10.0,17,0.938337158619385,1,1,1,0,0
2023,Seth Henigan,Memphis,1,10.0,29,1.214884254788013,1,1,1,0,0
2023,Seth Henigan,Memphis,1,3.0,3,1.464451732731337,1,1,1,0,1
2023,Seth Henigan,Memphis,1,10.0,18,1.612438422209995,1,1,1,0,0
2023,Seth Henigan,Memphis,3,9.0,43,3.786671085125892,1,1,1,0,0
2023,Seth Henigan,Memphis,2,2.0,2,2.067936525322223,1,1,1,0,1
2023,Seth Henigan,Memphis,1,10.0,25,2.0684367396234906,1,1,1,0,0
2023,Seth Henigan,Memphis,2,12.0,4,-0.1342895778999332,0,1,1,0,0
2023,Seth Henigan,Memphis,3,8.0,14,2.895395934774026,1,1,1,0,0
2023,Seth Henigan,Memphis,1,10.0,2,-0.2736731894519623,0,1,1,0,0
2023,Seth Henigan,Memphis,2,8.0,0,-0.607748585389043,0,1,0,0,0
2023,Seth Henigan,Memphis,3,8.0,0,-0.8610926804415193,0,1,0,0,0
2023,Seth Henigan,Memphis,1,10.0,23,2.0697008310108904,1,1,1,0,0
2023,Seth Henigan,Memphis,1,10.0,0,-1.1430602484821704,0,1,0,0,0
2023,Seth Henigan,Memphis,2,10.0,13,2.0106759822610503,1,1,1,0,0
2023,Seth Henigan,Memphis,1,10.0,0,-0.814236079442537,0,1,0,0,0
2023,Seth Henigan,Memphis,2,10.0,0,-1.008878077670078,0,1,0,0,0
2023,Seth Henigan,Memphis,2,10.0,10,2.7992199015013846,1,1,1,0,1
2023,Seth Henigan,Memphis,1,10.0,0,-0.7029700220436519,0,1,0,0,0
2023,Seth Henigan,Memphis,2,15.0,9,0.30188008058966975,1,1,1,0,0
2023,Seth Henigan,Memphis,3,6.0,28,3.490578543640461,1,1,1,0,0
2023,Seth Henigan,Memphis,2,3.0,0,-0.918188329258518,0,1,0,0,0
2023,Seth Henigan,Memphis,1,10.0,18,2.591792709070591,1,1,1,0,1
2023,Seth Henigan,Memphis,1,10.0,13,1.213913660715649,1,1,1,0,0
2023,Seth Henigan,Memphis,1,10.0,0,-1.1496266880203319,0,1,0,0,0
2023,Seth Henigan,Memphis,2,10.0,7,0.5512629254184472,1,1,1,0,0
2023,Seth Henigan,Memphis,3,3.0,0,-1.0200812830572126,0,1,0,0,0
2023,Seth Henigan,Memphis,1,10.0,0,-1.1247712359915258,0,1,0,0,0
2023,Seth Henigan,Memphis,2,10.0,10,2.0402599080138284,1,1,1,0,0
2023,Seth Henigan,Memphis,2,4.0,16,0.732139520370778,1,1,1,0,0
2023,Seth Henigan,Memphis,1,10.0,0,-0.512081873784803,0,1,0,0,0
2023,Seth Henigan,Memphis,2,10.0,0,-0.7006450342354943,0,1,0,0,0
2023,Seth Henigan,Memphis,2,9.0,15,2.2554397749038593,1,1,1,0,0
2023,Seth Henigan,Memphis,1,10.0,0,-0.5586693796725282,0,1,0,0,0
2023,Seth Henigan,Memphis,2,10.0,4,-0.04461511769139115,0,1,1,0,0
2023,Seth Henigan,Memphis,1,10.0,0,-1.1143038065675126,0,1,0,0,0
2023,Seth Henigan,Memphis,2,10.0,0,-1.0237730924311421,0,1,0,0,0
2023,Seth Henigan,Memphis,3,10.0,0,-0.7052334563220866,0,1,0,0,0
2023,Seth Henigan,Memphis,1,10.0,3,-0.4062307312880424,0,1,1,0,0
2023,Seth Henigan,Memphis,1,10.0,9,1.2321065178353567,1,1,1,0,0
2023,Seth Henigan,Memphis,2,1.0,0,-1.2838054719013667,0,1,0,0,0
2023,Seth Henigan,Memphis,2,8.0,0,-0.9957414928914172,0,1,0,0,0
2023,Seth Henigan,Memphis,3,8.0,4,-0.1646425177115453,0,1,1,0,0
2023,Seth Henigan,Memphis,4,4.0,15,2.256456939044522,1,1,1,0,0
2023,Seth Henigan,Memphis,2,8.0,0,-0.413744932811472,0,1,0,0,0
2023,Seth Henigan,Memphis,2,9.0,3,-0.4030491287168409,0,1,1,0,0
2023,Seth Henigan,Memphis,3,1.0,0,-1.135209145842477,0,1,0,0,0
2023,Seth Henigan,Memphis,2,15.0,6,0.2650767941770038,1,1,1,0,0
2023,Seth Henigan,Memphis,3,9.0,0,-1.0267863164886872,0,1,0,0,0
2023,Seth Henigan,Memphis,1,10.0,4,-0.1564365612469736,0,1,1,0,0
2023,Seth Henigan,Memphis,1,10.0,11,0.7787667904900532,1,1,1,0,0
2023,Seth Henigan,Memphis,1,10.0,0,-0.8947814664467213,0,1,0,0,0
2023,Seth Henigan,Memphis,2,10.0,0,-0.48647765014911126,0,1,0,0,0
2023,Seth Henigan,Memphis,3,10.0,1,-0.19798262420441848,0,1,1,0,0
2023,Seth Henigan,Memphis,1,10.0,10,0.3383246293503932,1,1,1,0,0
2023,Seth Henigan,Memphis,2,6.0,12,1.1804973017550857,1,1,1,0,0
2023,Seth Henigan,Memphis,1,10.0,0,-0.956890163923906,0,1,0,0,0
2023,Seth Henigan,Memphis,1,10.0,4,-0.0884321258012219,0,1,1,0,0
2023,Seth Henigan,Memphis,2,6.0,2,-0.33440584197175577,0,1,1,0,0
2023,Seth Henigan,Memphis,3,4.0,6,1.289585047736221,1,1,1,0,0
2023,Seth Henigan,Memphis,1,10.0,18,1.6778987835204866,1,1,1,0,0
2023,Seth Henigan,Memphis,2,3.0,8,0.278716445571135,1,1,1,0,0
2023,Seth Henigan,Memphis,1,10.0,35,2.972588783776956,1,1,1,0,1
2023,Seth Henigan,Memphis,1,10.0,0,-0.7029700220436519,0,1,0,0,0
2023,Seth Henigan,Memphis,3,12.0,13,2.0647292366149053,1,1,1,0,0
2023,Seth Henigan,Memphis,2,3.0,8,0.1969367431548684,1,1,1,0,0
2023,Seth Henigan,Memphis,1,10.0,0,-0.6082596672078662,0,1,0,0,0
2023,Seth Henigan,Memphis,3,8.0,12,1.331459091634121,1,1,1,0,0
2023,Seth Henigan,Memphis,1,10.0,16,1.378557411398493,1,1,1,0,0
2023,Seth Henigan,Memphis,1,10.0,9,0.687915414120443,1,1,1,0,0
2023,Seth Henigan,Memphis,2,16.0,0,-0.770452018076174,0,1,0,0,0
2023,Seth Henigan,Memphis,3,16.0,0,-0.9877744486867854,0,1,0,0,0
2023,Seth Henigan,Memphis,1,10.0,47,3.3137406455828904,1,1,1,0,0
2023,Seth Henigan,Memphis,2,3.0,13,0.101612895459825,1,1,1,0,0
2023,Seth Henigan,Memphis,2,8.0,8,2.676770954733065,1,1,1,0,1
2023,Seth Henigan,Memphis,1,10.0,-2,-0.6332666004473406,0,1,1,0,0
2023,Seth Henigan,Memphis,2,12.0,20,1.9743722419648604,1,1,1,0,0
2023,Seth Henigan,Memphis,1,10.0,4,-0.1622709044233037,0,1,1,0,0
2023,Seth Henigan,Memphis,2,6.0,0,-0.9945585445183011,0,1,0,0,0
2023,Seth Henigan,Memphis,3,6.0,17,2.9516519687860816,1,1,1,0,0
2023,Seth Henigan,Memphis,1,10.0,0,-0.9391692565688832,0,1,0,0,0
2023,Seth Henigan,Memphis,1,10.0,0,-0.534372502378378,0,1,0,0,0
2023,Seth Henigan,Memphis,2,10.0,3,-0.231783379754889,0,1,1,0,0
2023,Seth Henigan,Memphis,3,7.0,4,-0.105874614963804,0,1,1,0,0
2023,Seth Henigan,Memphis,2,3.0,7,0.6180966231701175,1,1,1,0,0
2023,Seth Henigan,Memphis,2,10.0,12,1.7302143481872232,1,1,1,0,0
2023,Seth Henigan,Memphis,3,1.0,3,1.1827438030925206,1,1,1,0,0
2023,Seth Henigan,Memphis,2,15.0,24,3.233550760370284,1,1,1,0,0
2023,Seth Henigan,Memphis,2,7.0,0,-0.6866967790038297,0,1,0,0,0
2023,Seth Henigan,Memphis,3,7.0,0,-0.9232432234551168,0,1,0,0,0
2023,Seth Henigan,Memphis,2,5.0,5,0.607764501056721,1,1,1,0,0
2023,Seth Henigan,Memphis,1,10.0,8,0.9916447666850381,1,1,1,0,0
2023,Seth Henigan,Memphis,2,6.0,12,0.597724971215154,1,1,1,0,0
2023,Seth Henigan,Memphis,1,10.0,-4,-0.9092348030773927,0,1,1,0,0
2023,Seth Henigan,Memphis,2,13.0,27,3.4576824910760866,1,1,1,0,1
2023,Seth Henigan,Memphis,2,10.0,5,0.0557743573496614,1,1,1,0,0
2023,Seth Henigan,Memphis,3,5.0,0,-0.5709613673025657,0,1,0,0,0
2023,Seth Henigan,Memphis,1,10.0,0,-1.0146424556055624,0,1,0,0,0
2023,Seth Henigan,Memphis,2,10.0,4,-0.1103335900264737,0,1,1,0,0
2023,Seth Henigan,Memphis,3,6.0,15,2.8244056481889066,1,1,1,0,0
2023,Seth Henigan,Memphis,1,10.0,4,-0.1215209117621187,0,1,1,0,0
2023,Seth Henigan,Memphis,3,7.0,0,-1.0117773993157453,0,1,0,0,0
2023,Seth Henigan,Memphis,4,7.0,18,3.2778897894070393,1,1,1,0,0
2023,Seth Henigan,Memphis,1,10.0,0,-0.4522778946200265,0,1,0,0,0
2023,Seth Henigan,Memphis,2,10.0,5,0.0467815048235404,1,1,1,0,0
2023,Seth Henigan,Memphis,3,5.0,2,-0.3203824120741884,0,1,1,0,0
2023,Seth Henigan,Memphis,1,10.0,25,2.2363431875999487,1,1,1,0,0
2023,Seth Henigan,Memphis,2,23.0,17,1.869695709037667,1,1,1,0,0
2023,Seth Henigan,Memphis,3,6.0,34,2.5919565154094713,1,1,1,0,0
2023,Seth Henigan,Memphis,3,4.0,3,-0.0967554167741425,0,1,1,0,0
2023,Seth Henigan,Memphis,2,11.0,17,2.663432773173886,1,1,1,0,0
2023,Seth Henigan,Memphis,1,10.0,9,0.9315823230417933,1,1,1,0,0
2023,Seth Henigan,Memphis,1,10.0,3,-0.1975844330204505,0,1,1,0,0
2023,Seth Henigan,Memphis,2,7.0,0,-0.7170623106570665,0,1,0,0,0
2023,Seth Henigan,Memphis,3,7.0,24,1.765231746114228,1,1,1,0,0
2023,Seth Henigan,Memphis,1,10.0,0,-0.7029700220436519,0,1,0,0,0
2023,Seth Henigan,Memphis,2,10.0,0,-0.34710487712173865,0,1,0,0,0
2023,Seth Henigan,Memphis,3,10.0,0,-0.15871308844886392,0,1,0,0,0
2023,Seth Henigan,Memphis,1,10.0,8,0.9306943515415842,1,1,1,0,0
2023,Seth Henigan,Memphis,2,2.0,19,1.4628797196529517,1,1,1,0,0
2023,Seth Henigan,Memphis,1,15.0,0,-1.042246974706444,0,1,0,0,0
2023,Seth Henigan,Memphis,2,15.0,1,-0.6442854368597288,0,1,1,0,0
2023,Seth Henigan,Memphis,3,14.0,0,-0.5134329490926985,0,1,0,0,0
2023,Seth Henigan,Memphis,1,10.0,6,0.3731544450397237,1,1,1,0,0
2023,Seth Henigan,Memphis,2,4.0,3,-0.4130230822257753,0,1,1,0,0
2023,Seth Henigan,Memphis,3,1.0,19,2.437719684518271,1,1,1,0,0
2023,Seth Henigan,Memphis,1,10.0,0,-0.908489395271188,0,1,0,0,0
2023,Seth Henigan,Memphis,2,10.0,0,-1.0526570825811008,0,1,0,0,0
2023,Seth Henigan,Memphis,3,10.0,12,2.441838816501642,1,1,1,0,0
2023,Seth Henigan,Memphis,1,10.0,0,-0.557844891990525,0,1,0,0,0
2023,Seth Henigan,Memphis,2,10.0,10,0.754160295881597,1,1,1,0,0
2023,Seth Henigan,Memphis,1,10.0,0,-0.374805786232315,0,1,0,0,0
2023,Seth Henigan,Memphis,2,10.0,20,2.992733515264014,1,1,1,0,1
2023,Seth Henigan,Memphis,1,10.0,54,4.184897537685208,1,1,1,0,1
2023,Seth Henigan,Memphis,2,8.0,0,-0.4788075161366292,0,1,0,0,0
2023,Seth Henigan,Memphis,3,8.0,9,1.8619737074046574,1,1,1,0,0
2023,Seth Henigan,Memphis,1,10.0,31,2.244117834273343,1,1,1,0,0
2023,Seth Henigan,Memphis,2,5.0,0,-0.658198642078979,0,1,0,0,0
2023,Seth Henigan,Memphis,3,5.0,17,0.959709015529441,1,1,1,0,0
2023,Seth Henigan,Memphis,1,10.0,11,2.521739413367925,1,1,1,0,1
2023,Seth Henigan,Memphis,3,13.0,12,0.6508807858693482,1,1,1,0,0
2023,Seth Henigan,Memphis,2,9.0,-2,-0.9083079658640241,0,1,1,0,0
2023,Seth Henigan,Memphis,3,11.0,0,-0.2753558461921699,0,1,0,0,0
2023,Seth Henigan,Memphis,1,10.0,0,-0.8305196050291288,0,1,0,0,0
2023,Seth Henigan,Memphis,2,10.0,25,3.062849069649629,1,1,1,0,0
2023,Seth Henigan,Memphis,1,10.0,8,0.552344804306543,1,1,1,0,0
2023,Seth Henigan,Memphis,2,2.0,7,-0.220066272030396,0,1,1,0,0
2023,Seth Henigan,Memphis,2,3.0,2,-0.242573615219457,0,1,1,0,0
2023,Seth Henigan,Memphis,1,10.0,0,-2.5346833024886735,0,1,0,1,0
2023,Seth Henigan,Memphis,1,10.0,0,-0.8947814664467213,0,1,0,0,0
2023,Seth Henigan,Memphis,1,10.0,0,-0.7215426143188567,0,1,0,0,0
2023,Seth Henigan,Memphis,2,10.0,5,0.0610919348625973,1,1,1,0,0
2023,Seth Henigan,Memphis,3,5.0,18,1.1322995594242085,1,1,1,0,0
2023,Seth Henigan,Memphis,1,10.0,13,2.538929215045847,1,1,1,0,1
2023,Seth Henigan,Memphis,1,10.0,0,-1.0146424556055624,0,1,0,0,0
2023,Seth Henigan,Memphis,1,10.0,22,0.59725643486675,1,1,1,0,0
2023,Seth Henigan,Memphis,2,5.0,3,-0.106252592532941,0,1,1,0,0
2023,Seth Henigan,Memphis,2,6.0,0,-1.0222685605653614,0,1,0,0,0
2023,Seth Henigan,Memphis,3,6.0,0,-0.6094006658069526,0,1,0,0,0
2023,Seth Henigan,Memphis,1,10.0,13,0.324966017128496,1,1,1,0,0
2023,Seth Henigan,Memphis,3,2.0,2,2.544830284062861,1,1,1,0,1
2024,Seth Henigan,Memphis,2,9.0,3,-0.23128624816079407,0,1,1,0,0
2024,Seth Henigan,Memphis,3,6.0,14,2.6320339591785142,1,1,1,0,0
2024,Seth Henigan,Memphis,2,7.0,-2,-1.5419038052936376,0,1,1,0,0
2024,Seth Henigan,Memphis,3,9.0,6,0.2578085790802476,1,1,1,0,0
2024,Seth Henigan,Memphis,2,8.0,4,-0.084838249605749,0,1,1,0,0
2024,Seth Henigan,Memphis,1,4.0,4,1.688190518713975,1,1,1,0,1
2024,Seth Henigan,Memphis,1,10.0,0,-0.8772679222659558,0,1,0,0,0
2024,Seth Henigan,Memphis,3,7.0,20,1.893800373064495,1,1,1,0,0
2024,Seth Henigan,Memphis,1,10.0,0,-0.350740748439042,0,1,1,0,0
2024,Seth Henigan,Memphis,3,8.0,0,-0.553372477964512,0,1,0,0,0
2024,Seth Henigan,Memphis,2,6.0,8,1.1415329510824677,1,1,1,0,0
2024,Seth Henigan,Memphis,2,11.0,2,-0.3783118785219228,0,1,1,0,0
2024,Seth Henigan,Memphis,3,9.0,25,3.6177100227871835,1,1,1,0,0
2024,Seth Henigan,Memphis,1,10.0,0,-0.7519361608312708,0,1,0,0,0
2024,Seth Henigan,Memphis,2,6.0,-1,-0.6597903231564839,0,1,1,0,0
2024,Seth Henigan,Memphis,3,7.0,0,-0.7766202957597521,0,1,0,0,0
2024,Seth Henigan,Memphis,3,6.0,50,4.210651817775822,1,1,1,0,0
2024,Seth Henigan,Memphis,2,6.0,0,-0.6509048869110972,0,1,0,0,0
2024,Seth Henigan,Memphis,2,7.0,18,2.754421028373514,1,1,1,0,1
2024,Seth Henigan,Memphis,1,10.0,48,3.3364742783298356,1,1,1,0,0
2024,Seth Henigan,Memphis,2,9.0,0,-0.357795042815253,0,1,0,0,0
2024,Seth Henigan,Memphis,3,9.0,9,1.131865871762484,1,1,1,0,0
2024,Seth Henigan,Memphis,1,10.0,0,-0.7029700220436519,0,1,0,0,0
2024,Seth Henigan,Memphis,2,10.0,12,1.7302143481872232,1,1,1,0,0
2024,Seth Henigan,Memphis,3,2.0,0,-0.9737649945886115,0,1,0,0,0
2024,Seth Henigan,Memphis,1,10.0,89,5.855822978016762,1,1,1,0,0
2024,Seth Henigan,Memphis,1,10.0,8,0.9979151532889787,1,1,1,0,0
2024,Seth Henigan,Memphis,1,10.0,0,-1.1247712359915258,0,1,0,0,0
2024,Seth Henigan,Memphis,3,4.0,35,2.9878707976143577,1,1,1,0,0
2024,Seth Henigan,Memphis,2,10.0,5,0.041692539492061,1,1,1,0,0
2024,Seth Henigan,Memphis,1,10.0,7,0.4338898358306427,1,1,1,0,0
2024,Seth Henigan,Memphis,3,14.0,0,-0.03865651527118974,0,1,0,0,0
2024,Seth Henigan,Memphis,2,2.0,2,2.067936525322223,1,1,1,0,1
2024,Seth Henigan,Memphis,3,3.0,4,0.3379025760736705,1,1,1,0,0
2024,Seth Henigan,Memphis,2,10.0,27,2.4510301749265437,1,1,1,0,0
2024,Seth Henigan,Memphis,1,10.0,7,0.3286472091407865,1,1,1,0,0
2024,Seth Henigan,Memphis,1,10.0,21,1.28182276418322,1,1,1,0,0
2024,Seth Henigan,Memphis,2,9.0,32,3.3859273337708,1,1,1,0,1
2024,Seth Henigan,Memphis,1,9.0,4,-0.014339867883452,0,1,1,0,0
2024,Seth Henigan,Memphis,3,8.0,1,-0.5334378512641074,0,1,1,0,0
2024,Seth Henigan,Memphis,2,8.0,0,-0.47794201886493,0,1,0,0,0
2024,Seth Henigan,Memphis,1,10.0,12,0.3086111057057275,1,1,1,0,0
2024,Seth Henigan,Memphis,2,11.0,0,-0.832728914489671,0,1,0,0,0
2024,Seth Henigan,Memphis,3,6.0,16,2.622944960824713,1,1,1,0,0
2024,Seth Henigan,Memphis,1,10.0,0,-1.1387859939569847,0,1,0,0,0
2024,Seth Henigan,Memphis,2,10.0,8,0.8042521100473597,1,1,1,0,0
2024,Seth Henigan,Memphis,2,6.0,0,-1.066795924557951,0,1,0,0,0
2024,Seth Henigan,Memphis,1,10.0,0,-0.6351269961541294,0,1,0,0,0
2024,Seth Henigan,Memphis,2,10.0,6,0.2125044425736177,1,1,1,0,0
2024,Seth Henigan,Memphis,1,10.0,7,0.4598399849082394,1,1,1,0,0
2024,Seth Henigan,Memphis,2,3.0,30,1.092489122274305,1,1,1,0,0
2024,Seth Henigan,Memphis,1,4.0,1,-0.523234095246118,0,1,1,0,0
2024,Seth Henigan,Memphis,1,10.0,21,1.7124840147829712,1,1,1,0,0
2024,Seth Henigan,Memphis,3,3.0,0,-0.291784144723391,0,1,0,0,0
2024,Seth Henigan,Memphis,1,10.0,45,2.4587180845071592,1,1,1,0,0
2024,Seth Henigan,Memphis,2,16.0,9,0.4445618439830917,1,1,1,0,0
2024,Seth Henigan,Memphis,1,10.0,0,-0.8627910327708888,0,1,0,0,0
2024,Seth Henigan,Memphis,2,10.0,0,-0.4604691796083076,0,1,0,0,0
2024,Seth Henigan,Memphis,3,10.0,20,3.174634799162167,1,1,1,0,0
2024,Seth Henigan,Memphis,1,10.0,0,-1.1143038065675126,0,1,0,0,0
2024,Seth Henigan,Memphis,2,10.0,6,0.3209798005253487,1,1,1,0,0
2024,Seth Henigan,Memphis,1,10.0,8,0.637524267916824,1,1,1,0,0
2024,Seth Henigan,Memphis,2,16.0,5,0.0527905700858593,1,1,1,0,0
2024,Seth Henigan,Memphis,3,11.0,12,2.493516537071018,1,1,1,0,0
2024,Seth Henigan,Memphis,1,10.0,4,-0.024495891923003,0,1,1,0,0
2024,Seth Henigan,Memphis,2,10.0,0,-0.6622137678957802,0,1,0,0,0
2024,Seth Henigan,Memphis,3,10.0,4,-0.06817923957803274,0,1,1,0,0
2024,Seth Henigan,Memphis,1,10.0,0,-1.0955888671820908,0,1,0,0,0
2024,Seth Henigan,Memphis,2,10.0,13,1.847141323805543,1,1,1,0,0
2024,Seth Henigan,Memphis,1,10.0,0,-0.7215426143188567,0,1,0,0,0
2024,Seth Henigan,Memphis,3,6.0,9,0.657794807046727,1,1,1,0,0
2024,Seth Henigan,Memphis,2,8.0,4,-0.020461859342591,0,1,1,0,0
2024,Seth Henigan,Memphis,1,10.0,14,0.340291969981463,1,1,1,0,0
2024,Seth Henigan,Memphis,1,10.0,-1,-0.6343354265717327,0,1,1,0,0
2024,Seth Henigan,Memphis,2,6.0,-1,-0.7409105172171424,0,1,1,0,0
2024,Seth Henigan,Memphis,3,7.0,0,-0.26587881160037785,0,1,0,0,0
2024,Seth Henigan,Memphis,1,10.0,8,0.521143846211366,1,1,1,0,0
2024,Seth Henigan,Memphis,1,10.0,1,-0.280938211620716,0,1,1,0,0
2024,Seth Henigan,Memphis,2,9.0,5,0.047016238158686,1,1,1,0,0
2024,Seth Henigan,Memphis,1,10.0,13,1.2371082237357438,1,1,1,0,0
2024,Seth Henigan,Memphis,1,10.0,0,-1.1612466882658818,0,1,0,0,0
2024,Seth Henigan,Memphis,1,4.0,4,1.688190518713975,1,1,1,0,1
2024,Seth Henigan,Memphis,1,10.0,0,-1.1247712359915258,0,1,0,0,0
2024,Seth Henigan,Memphis,1,10.0,0,-0.6082596672078662,0,1,0,0,0
2024,Seth Henigan,Memphis,2,10.0,26,1.4272893217315517,1,1,1,0,0
2024,Seth Henigan,Memphis,1,10.0,7,0.38157906422711824,1,1,1,0,0
2024,Seth Henigan,Memphis,2,8.0,0,-0.5265664548341907,0,1,0,0,0
2024,Seth Henigan,Memphis,3,8.0,16,1.2733725411505328,1,1,1,0,0
2024,Seth Henigan,Memphis,1,7.0,0,-0.410393837690526,0,1,0,0,0
2024,Seth Henigan,Memphis,2,11.0,7,0.5498762134227598,1,1,1,0,0
2024,Seth Henigan,Memphis,3,4.0,0,-1.0551802473396048,0,1,0,0,0
2024,Seth Henigan,Memphis,1,10.0,0,-0.34929852451643395,0,1,0,0,0
2024,Seth Henigan,Memphis,2,10.0,5,0.02945612858002101,1,1,1,0,0
2024,Seth Henigan,Memphis,2,4.0,14,1.340333169662224,1,1,1,0,0
2024,Seth Henigan,Memphis,3,18.0,-4,-0.1610224248035328,0,1,1,0,0
2024,Seth Henigan,Memphis,1,10.0,7,0.7081222799232592,1,1,1,0,0
2024,Seth Henigan,Memphis,1,15.0,43,2.5835497443648454,1,1,1,0,0
2024,Seth Henigan,Memphis,1,10.0,10,1.07447748231451,1,1,1,0,0
2024,Seth Henigan,Memphis,1,10.0,16,1.46739873671061,1,1,1,0,0
2024,Seth Henigan,Memphis,2,8.0,5,0.0884154183505075,1,1,1,0,0
2024,Seth Henigan,Memphis,4,2.0,0,-1.0851731157082227,0,1,0,0,0
2024,Seth Henigan,Memphis,3,10.0,0,-0.15871308844886392,0,1,0,0,0
2024,Seth Henigan,Memphis,2,10.0,0,-0.34710487712173865,0,1,0,0,0
2024,Seth Henigan,Memphis,1,10.0,0,-0.7029700220436519,0,1,0,0,0
2024,Seth Henigan,Memphis,3,1.0,0,-0.5751385390717143,0,1,1,0,0
2024,Seth Henigan,Memphis,2,1.0,0,-0.635415870732274,0,1,1,0,0
2024,Seth Henigan,Memphis,1,10.0,9,0.669445675164459,1,1,1,0,0
2024,Seth Henigan,Memphis,1,1.0,0,-0.962330962352563,0,1,0,0,0
2024,Seth Henigan,Memphis,1,20.0,0,-0.6225064634602653,0,1,0,0,0
2024,Seth Henigan,Memphis,2,20.0,13,0.9458520320793972,1,1,1,0,0
2024,Seth Henigan,Memphis,3,7.0,12,2.0764728518139144,1,1,1,0,0
2024,Seth Henigan,Memphis,3,5.0,31,3.5965039203221965,1,1,1,0,0
2024,Seth Henigan,Memphis,2,10.0,14,1.2545902721080304,1,1,1,0,0
2024,Seth Henigan,Memphis,2,3.0,3,1.013996937620431,1,1,1,0,0
2024,Seth Henigan,Memphis,1,10.0,21,1.8928575820361135,1,1,1,0,0
2024,Seth Henigan,Memphis,1,10.0,7,0.6465727155045757,1,1,1,0,0
2024,Seth Henigan,Memphis,2,13.0,0,-0.9968979493347163,0,1,0,0,0
2024,Seth Henigan,Memphis,3,13.0,17,3.1730811759102795,1,1,1,0,0
2024,Seth Henigan,Memphis,2,17.0,11,1.0828714030318114,1,1,1,0,0
2024,Seth Henigan,Memphis,3,6.0,0,-3.59128343858608,0,1,0,1,0
2024,Seth Henigan,Memphis,2,15.0,0,-0.6529455491754916,0,1,0,0,0
2024,Seth Henigan,Memphis,3,15.0,7,0.2653965518482426,1,1,1,0,0
2024,Seth Henigan,Memphis,4,3.0,3,2.3659685293495176,1,1,1,0,0
2024,Seth Henigan,Memphis,1,10.0,13,0.2670717969514394,1,1,1,0,0
2024,Seth Henigan,Memphis,2,11.0,7,0.211863897821409,1,1,1,0,0
2024,Seth Henigan,Memphis,3,4.0,6,0.641614971772342,1,1,1,0,0
2024,Seth Henigan,Memphis,1,7.0,0,-0.410393837690526,0,1,0,0,0
2024,Seth Henigan,Memphis,1,10.0,22,1.8903469227604806,1,1,1,0,0
2024,Seth Henigan,Memphis,1,10.0,0,-0.9391692565688832,0,1,0,0,0
2024,Seth Henigan,Memphis,1,15.0,1,-0.5554645883483946,0,1,1,0,0
2024,Seth Henigan,Memphis,2,14.0,0,-0.40521661267779496,0,1,0,0,0
2024,Seth Henigan,Memphis,2,7.0,8,1.2263299258900062,1,1,1,0,0
2024,Seth Henigan,Memphis,1,10.0,0,-0.27058748136936206,0,1,0,0,0
2024,Seth Henigan,Memphis,2,7.0,22,2.5321106015439643,1,1,1,0,0
2024,Seth Henigan,Memphis,2,6.0,2,-0.651589797484151,0,1,1,0,0
2024,Seth Henigan,Memphis,1,10.0,0,-0.512081873784803,0,1,0,0,0
2024,Seth Henigan,Memphis,2,10.0,6,0.1757400617114476,1,1,1,0,0
2024,Seth Henigan,Memphis,2,8.0,4,-0.0303311539911685,0,1,1,0,0
2024,Seth Henigan,Memphis,3,4.0,0,-0.388682602539534,0,1,0,0,0
2024,Seth Henigan,Memphis,2,5.0,23,2.3429914512417067,1,1,1,0,0
2024,Seth Henigan,Memphis,1,10.0,0,-0.9690270974076257,0,1,0,0,0
2024,Seth Henigan,Memphis,2,10.0,7,0.520047619940952,1,1,1,0,0
2024,Seth Henigan,Memphis,3,3.0,37,3.861861834976695,1,1,1,0,1
2024,Seth Henigan,Memphis,2,4.0,0,-0.7415975879341534,0,1,0,0,0
2024,Seth Henigan,Memphis,1,10.0,6,0.2977036772411737,1,1,1,0,0
2024,Seth Henigan,Memphis,3,4.0,21,2.7663744117997044,1,1,1,0,0
2024,Seth Henigan,Memphis,2,5.0,2,-0.5043021433521488,0,1,1,0,0
2024,Seth Henigan,Memphis,1,10.0,0,-1.1590089706435955,0,1,0,0,0
2024,Seth Henigan,Memphis,1,10.0,9,1.276519304717759,1,1,1,0,0
2024,Seth Henigan,Memphis,2,10.0,2,-0.5817253446000324,0,1,1,0,0
2024,Seth Henigan,Memphis,1,10.0,16,0.5749333491639435,1,1,1,0,0
2024,Seth Henigan,Memphis,2,9.0,6,0.1654175366633215,1,1,1,0,0
2024,Seth Henigan,Memphis,2,10.0,0,-0.2792458253567104,0,1,0,0,0
2024,Seth Henigan,Memphis,3,10.0,0,-0.435155339591331,0,1,0,0,0
2024,Seth Henigan,Memphis,4,10.0,0,-3.486378933550574,0,1,0,0,0
2024,Seth Henigan,Memphis,1,10.0,0,-0.5586693796725282,0,1,0,0,0
2024,Seth Henigan,Memphis,2,10.0,7,0.2521898511573468,1,1,1,0,0
2024,Seth Henigan,Memphis,1,10.0,0,-0.7215426143188567,0,1,0,0,0
2024,Seth Henigan,Memphis,2,10.0,0,-0.9411560090170408,0,1,0,0,0
2024,Seth Henigan,Memphis,3,10.0,36,4.6734767183496935,1,1,1,0,1
2024,Seth Henigan,Memphis,3,10.0,7,0.3796796333023096,1,1,1,0,0
2024,Seth Henigan,Memphis,2,10.0,0,-0.7006450342354943,0,1,0,0,0
2024,Seth Henigan,Memphis,1,10.0,26,1.420883063546777,1,1,1,0,0
2024,Seth Henigan,Memphis,3,2.0,6,1.6245823045283367,1,1,1,0,0
2024,Seth Henigan,Memphis,2,2.0,0,-1.3106693825978206,0,1,0,0,0
2024,Seth Henigan,Memphis,1,10.0,8,1.0205002560261356,1,1,1,0,0
2024,Seth Henigan,Memphis,1,10.0,12,0.8667470799632433,1,1,1,0,0
2024,Seth Henigan,Memphis,4,3.0,16,1.7132809082975446,1,1,1,0,0
2024,Seth Henigan,Memphis,1,5.0,0,-0.554796850971046,0,1,0,0,0
2024,Seth Henigan,Memphis,2,5.0,0,-0.32302193763867,0,1,0,0,0
2024,Seth Henigan,Memphis,1,10.0,7,0.472919396686684,1,1,1,0,0
2024,Seth Henigan,Memphis,3,2.0,4,1.210284142183124,1,1,1,0,0
2024,Seth Henigan,Memphis,2,2.0,0,-1.2432197286365396,0,1,0,0,0
2024,Seth Henigan,Memphis,2,3.0,9,0.1020139524772595,1,1,1,0,0
2024,Seth Henigan,Memphis,1,10.0,0,-0.4710467974920665,0,1,0,0,0
2024,Seth Henigan,Memphis,1,10.0,0,-1.0742999147475647,0,1,0,0,0
2024,Seth Henigan,Memphis,1,10.0,13,0.7515524566234523,1,1,1,0,0
2024,Seth Henigan,Memphis,1,10.0,0,-0.7215426143188567,0,1,0,0,0
2024,Seth Henigan,Memphis,1,10.0,18,1.6839238012221107,1,1,1,0,0
2024,Seth Henigan,Memphis,2,7.0,0,-1.1303938669231302,0,1,0,0,0
2024,Seth Henigan,Memphis,3,7.0,0,-0.8995343697285872,0,1,1,0,0
2024,Seth Henigan,Memphis,1,10.0,2,-0.27305302769881834,0,1,1,0,0
2024,Seth Henigan,Memphis,2,8.0,4,-0.04061376241774627,0,1,1,0,0
2024,Seth Henigan,Memphis,3,4.0,22,2.4120303944061483,1,1,1,0,0
2024,Seth Henigan,Memphis,1,10.0,0,-1.1496266880203319,0,1,0,0,0
2024,Seth Henigan,Memphis,1,10.0,0,-1.0507069190375147,0,1,0,0,0
2024,Seth Henigan,Memphis,3,6.0,25,2.2370023757677386,1,1,1,0,0
2024,Seth Henigan,Memphis,1,10.0,-3,-0.603122363035689,0,1,1,0,0
2024,Seth Henigan,Memphis,3,13.0,4,-0.1158861971507826,0,1,1,0,0
2024,Seth Henigan,Memphis,1,10.0,0,-0.5586693796725282,0,1,0,0,0
2024,Seth Henigan,Memphis,1,10.0,18,1.4619651325715515,1,1,1,0,0
2024,Seth Henigan,Memphis,2,12.0,0,-1.038221942721906,0,1,0,0,0
2024,Seth Henigan,Memphis,3,12.0,0,-0.8085261951717496,0,1,0,0,0
2024,Seth Henigan,Memphis,2,5.0,7,1.0281644515384691,1,1,1,0,0
2024,Seth Henigan,Memphis,1,10.0,7,0.6896384238174758,1,1,1,0,0
2024,Seth Henigan,Memphis,1,10.0,0,-0.6918622905019662,0,1,1,0,0
2024,Seth Henigan,Memphis,2,10.0,0,-0.9144980156718301,0,1,0,0,0
2024,Seth Henigan,Memphis,4,9.0,16,2.802713653723696,1,1,1,0,0
2024,Seth Henigan,Memphis,1,20.0,8,0.323556449619449,1,1,1,0,0
2024,Seth Henigan,Memphis,2,12.0,0,-0.505557559327883,0,1,0,0,0
2024,Seth Henigan,Memphis,3,12.0,10,0.578245671289192,1,1,1,0,0
2024,Seth Henigan,Memphis,1,5.0,1,-0.4501093998890865,0,1,1,0,0
2024,Seth Henigan,Memphis,1,10.0,1,-0.46882789768185695,0,1,1,0,0
2024,Seth Henigan,Memphis,2,9.0,3,-0.13445659968206236,0,1,1,0,0
2024,Seth Henigan,Memphis,3,6.0,11,1.7466252822776873,1,1,1,0,0
2024,Seth Henigan,Memphis,1,10.0,5,0.1088137823196469,1,1,1,0,0
2024,Seth Henigan,Memphis,2,5.0,6,0.9490056906864799,1,1,1,0,0
2024,Seth Henigan,Memphis,1,10.0,0,-1.1590089706435955,0,1,0,0,0
2024,Seth Henigan,Memphis,2,10.0,0,-0.9368191801087571,0,1,0,0,0
2024,Seth Henigan,Memphis,3,10.0,0,-0.5798306702788407,0,1,0,0,0
2024,Seth Henigan,Memphis,1,10.0,0,-0.3125697195395781,0,1,0,0,0
2024,Seth Henigan,Memphis,2,10.0,13,1.9228316195982167,1,1,1,0,0
2024,Seth Henigan,Memphis,1,10.0,11,0.979711793542446,1,1,1,0,0
2024,Seth Henigan,Memphis,2,8.0,0,-0.6971224254482103,0,1,0,0,0
2024,Seth Henigan,Memphis,3,8.0,0,-0.940668691137505,0,1,0,0,0
2024,Seth Henigan,Memphis,2,8.0,13,0.9940799530424158,1,1,1,0,0
2024,Seth Henigan,Memphis,1,10.0,2,-0.4716869696142973,0,1,1,0,0
2024,Seth Henigan,Memphis,3,4.0,23,3.0889275121705024,1,1,1,0,0
2024,Seth Henigan,Memphis,3,7.0,0,-1.026496477637295,0,1,0,0,0
2024,Seth Henigan,Memphis,1,10.0,0,-0.7029700220436519,0,1,0,0,0
2024,Seth Henigan,Memphis,1,10.0,0,-1.1247712359915258,0,1,1,0,0
2024,Seth Henigan,Memphis,2,10.0,7,0.5310768366439405,1,1,1,0,0
2024,Seth Henigan,Memphis,2,7.0,10,1.0785427570596406,1,1,1,0,0
2024,Seth Henigan,Memphis,2,6.0,31,3.0398709028211677,1,1,1,0,1
2024,Seth Henigan,Memphis,2,5.0,3,-0.19299095417774392,0,1,1,0,0
2024,Seth Henigan,Memphis,1,10.0,0,-0.6351269961541294,0,1,0,0,0
2024,Seth Henigan,Memphis,2,10.0,24,1.1139639460096493,1,1,1,0,0
2024,Seth Henigan,Memphis,1,9.0,9,2.424237823646468,1,1,1,0,1
2024,Seth Henigan,Memphis,1,10.0,5,0.07257903633006091,1,1,1,0,0
2024,Seth Henigan,Memphis,2,5.0,15,1.1393702396123961,1,1,1,0,0
2024,Seth Henigan,Memphis,1,10.0,24,2.106428358131838,1,1,1,0,0
2024,Seth Henigan,Memphis,1,20.0,2,-0.4712107131579585,0,1,1,0,0
2024,Seth Henigan,Memphis,2,12.0,4,-0.1134152607333086,0,1,1,0,0
2024,Seth Henigan,Memphis,3,8.0,12,2.822251869783205,1,1,1,0,0
2024,Seth Henigan,Memphis,2,7.0,4,-0.1409504060348146,0,1,1,0,0
2024,Seth Henigan,Memphis,1,10.0,2,-0.6162239991596916,0,1,1,0,0
2024,Seth Henigan,Memphis,2,6.0,0,-1.156867358544499,0,1,1,0,0
2024,Seth Henigan,Memphis,1,10.0,0,-0.34929852451643395,0,1,0,0,0
2024,Seth Henigan,Memphis,1,10.0,-2,-0.7686606851401576,0,1,1,0,0
2024,Seth Henigan,Memphis,2,12.0,8,0.30297972165746057,1,1,1,0,0
2024,Seth Henigan,Memphis,3,4.0,6,1.400896376094205,1,1,1,0,0
2024,Seth Henigan,Memphis,3,6.0,0,-0.9443882288796744,0,1,0,0,0
2024,Seth Henigan,Memphis,1,10.0,8,0.98359054098046,1,1,1,0,0
2024,Seth Henigan,Memphis,2,2.0,0,-1.245051900709334,0,1,0,0,0
2024,Seth Henigan,Memphis,3,2.0,0,-0.7206950210295426,0,1,0,0,0
2024,Seth Henigan,Memphis,3,4.0,0,-0.3031229601980776,0,1,0,0,0
2024,Seth Henigan,Memphis,2,12.0,8,0.2501709082888173,1,1,1,0,0
2024,Seth Henigan,Memphis,1,10.0,3,-0.2150808966639328,0,1,1,0,0
2024,Seth Henigan,Memphis,1,10.0,6,0.3608772046980507,1,1,1,0,0
2024,Seth Henigan,Memphis,3,6.0,4,-0.1607731690931776,0,1,1,0,0
2024,Seth Henigan,Memphis,4,2.0,0,-1.523813897486141,0,1,0,1,0
2024,Seth Henigan,Memphis,3,3.0,4,1.0371709968131162,1,1,1,0,0
2024,Seth Henigan,Memphis,2,9.0,6,0.1560172634913597,1,1,1,0,0
2024,Seth Henigan,Memphis,2,12.0,0,-0.33790192419717613,0,1,1,0,0
2024,Seth Henigan,Memphis,3,12.0,0,-0.15640808346597715,0,1,0,0,0
2024,Seth Henigan,Memphis,3,3.0,5,1.5865801864430296,1,1,1,0,0
2024,Seth Henigan,Memphis,3,9.0,0,-0.9225941685485717,0,1,0,0,0
2024,Seth Henigan,Memphis,1,20.0,0,-0.3799777458699589,0,1,0,0,0
2024,Seth Henigan,Memphis,2,20.0,0,-0.1819408679021537,0,1,0,0,0
2024,Seth Henigan,Memphis,1,10.0,0,-0.7029700220436519,0,1,0,0,0
2024,Seth Henigan,Memphis,3,9.0,9,1.8308316053343825,1,1,1,0,0
2024,Seth Henigan,Memphis,1,10.0,11,1.0578194730061268,1,1,1,0,0
2024,Seth Henigan,Memphis,1,10.0,5,0.1068990350586356,1,1,1,0,0
2024,Seth Henigan,Memphis,2,5.0,16,1.1749237291245844,1,1,1,0,0
2024,Seth Henigan,Memphis,1,10.0,29,1.214884254788013,1,1,1,0,0
2024,Seth Henigan,Memphis,1,4.0,0,-0.6456997217339855,0,1,0,0,0
2024,Seth Henigan,Memphis,3,6.0,38,3.939873858069327,1,1,1,0,0
2024,Seth Henigan,Memphis,1,10.0,5,0.079824986683601,1,1,1,0,0
2024,Seth Henigan,Memphis,1,10.0,8,0.446550170719648,1,1,1,0,0
2024,Seth Henigan,Memphis,1,10.0,3,-0.2957674139440157,0,1,1,0,0
2024,Seth Henigan,Memphis,3,4.0,0,-0.43770162015070735,0,1,0,0,0
2024,Seth Henigan,Memphis,1,10.0,3,-0.3884871214664028,0,1,1,0,0
2024,Seth Henigan,Memphis,1,10.0,0,-1.1618692012952412,0,1,0,0,0
2024,Seth Henigan,Memphis,2,10.0,10,1.9619683535445382,1,1,1,0,0
2024,Seth Henigan,Memphis,1,5.0,29,-0.068346851845249,0,1,1,0,0
2024,Seth Henigan,Memphis,1,10.0,0,-0.291297448934314,0,1,0,0,0
2024,Seth Henigan,Memphis,2,10.0,0,-0.293579166082473,0,1,0,0,0
2024,Seth Henigan,Memphis,3,10.0,10,2.168594753264269,1,1,1,0,0
2024,Seth Henigan,Memphis,1,10.0,0,-0.350740748439042,0,1,0,0,0
2024,Seth Henigan,Memphis,3,8.0,2,-0.2862335834811384,0,1,1,0,0
2024,Seth Henigan,Memphis,2,8.0,0,-0.8686215818531692,0,1,0,0,0
2024,Seth Henigan,Memphis,3,8.0,0,-0.48894328509254864,0,1,0,0,0
2024,Seth Henigan,Memphis,2,6.0,0,-1.1516648081442948,0,1,0,0,0
2024,Seth Henigan,Memphis,3,6.0,0,-0.8299455885918112,0,1,0,0,0
2024,Seth Henigan,Memphis,1,10.0,0,-1.1077677360468863,0,1,0,0,0
2024,Seth Henigan,Memphis,2,10.0,0,-0.7257152293373617,0,1,0,0,0
2024,Seth Henigan,Memphis,2,8.0,6,0.2676426459915015,1,1,1,0,0
2024,Seth Henigan,Memphis,3,2.0,0,-0.37470631340543026,0,1,0,0,0
2024,Seth Henigan,Memphis,1,10.0,7,0.4482007778738044,1,1,1,0,0
2024,Seth Henigan,Memphis,2,10.0,62,6.0409987178468185,1,1,1,0,1
2024,Seth Henigan,Memphis,1,10.0,6,0.3333748010525683,1,1,1,0,0
2024,Seth Henigan,Memphis,2,4.0,7,0.7913766779892626,1,1,1,0,0
2024,Seth Henigan,Memphis,1,10.0,-2,-1.3169300165905415,0,1,1,0,0
2024,Seth Henigan,Memphis,3,6.0,20,3.1271734304268515,1,1,1,0,0
2024,Seth Henigan,Memphis,2,12.0,0,-0.6226112747362205,0,1,1,0,0
2024,Seth Henigan,Memphis,3,12.0,20,2.183272127106449,1,1,1,0,0
2024,Seth Henigan,Memphis,2,15.0,15,1.1558129053279507,1,1,1,0,0
2024,Seth Henigan,Memphis,1,10.0,5,0.0945451165334843,1,1,1,0,0
2024,Seth Henigan,Memphis,2,5.0,0,-0.7537324720659102,0,1,0,0,0
2024,Seth Henigan,Memphis,3,11.0,16,2.416618373252134,1,1,1,0,0
2024,Seth Henigan,Memphis,1,10.0,0,-1.1247712359915258,0,1,0,0,0
2024,Seth Henigan,Memphis,3,2.0,2,2.544830284062861,1,1,1,0,1
2024,Seth Henigan,Memphis,1,10.0,8,0.9027604054456208,1,1,1,0,0
2024,Seth Henigan,Memphis,1,10.0,5,0.077091139010788,1,1,1,0,0
2024,Seth Henigan,Memphis,3,5.0,0,-0.582544025368854,0,1,1,0,0
2024,Seth Henigan,Memphis,2,6.0,3,-0.4013907489851576,0,1,1,0,0
2024,Seth Henigan,Memphis,2,19.0,3,-0.3261556360145059,0,1,1,0,0
2024,Seth Henigan,Memphis,1,10.0,2,-0.234690741470521,0,1,1,0,0
2024,Seth Henigan,Memphis,2,5.0,0,-0.68551586602778,0,1,0,0,0
2024,Seth Henigan,Memphis,1,10.0,18,1.071328127796761,1,1,1,0,0
2024,Seth Henigan,Memphis,1,3.0,0,-0.746972881228756,0,1,0,0,0
2024,Seth Henigan,Memphis,3,2.0,0,-0.306522417191541,0,1,0,0,0
2024,Seth Henigan,Memphis,1,10.0,0,-0.585616097616759,0,1,0,0,0
2024,Seth Henigan,Memphis,1,10.0,0,-0.557844891990525,0,1,0,0,0
2024,Seth Henigan,Memphis,2,12.0,0,-1.0372460779172707,0,1,0,0,0
2024,Seth Henigan,Memphis,3,12.0,6,0.2720160375427661,1,1,1,0,0
2024,Seth Henigan,Memphis,4,6.0,10,2.429431480835598,1,1,1,0,0
2024,Seth Henigan,Memphis,1,10.0,6,0.3333748010525683,1,1,1,0,0
2024,Seth Henigan,Memphis,3,6.0,0,-0.3146897268978579,0,1,0,0,0
2024,Seth Henigan,Memphis,3,17.0,14,1.1535868747920457,1,1,1,0,0
2024,Seth Henigan,Memphis,2,9.0,40,2.7410828734960915,1,1,1,0,0
2024,Seth Henigan,Memphis,2,17.0,0,-0.7083267963829433,0,1,0,0,0
2024,Seth Henigan,Memphis,1,10.0,7,0.7032387839448688,1,1,1,0,0
2024,Seth Henigan,Memphis,3,9.0,14,2.316648011882042,1,1,1,0,0
2024,Seth Henigan,Memphis,1,10.0,0,-0.7029700220436519,0,1,0,0,0
2024,Seth Henigan,Memphis,2,3.0,25,1.2896473460603757,1,1,1,0,0
2024,Seth Henigan,Memphis,1,10.0,4,-0.043244644569821,0,1,1,0,0
2024,Seth Henigan,Memphis,2,6.0,24,2.807259118708252,1,1,1,0,1
2024,Seth Henigan,Memphis,2,11.0,9,0.9855500591721835,1,1,1,0,0
2024,Seth Henigan,Memphis,1,10.0,18,0.3680034396212956,1,1,1,0,0
2024,Seth Henigan,Memphis,3,4.0,0,-0.2868087912016805,0,1,0,0,0
2024,Seth Henigan,Memphis,1,10.0,3,-0.4327220980688242,0,1,1,0,0
2024,Seth Henigan,Memphis,1,10.0,16,1.4187427699228943,1,1,1,0,0
2024,Seth Henigan,Memphis,2,7.0,0,-1.0372452328048558,0,1,0,0,0
2024,Seth Henigan,Memphis,2,3.0,3,-0.0110616623676145,0,1,1,0,0
2024,Seth Henigan,Memphis,2,18.0,38,3.3970249280505875,1,1,1,0,0
2024,Seth Henigan,Memphis,2,2.0,7,0.264419067226207,1,1,1,0,0
2024,Seth Henigan,Memphis,1,10.0,4,-0.1162027181056828,0,1,1,0,0
2024,Seth Henigan,Memphis,3,4.0,7,1.29922600554392,1,1,1,0,0
2024,Seth Henigan,Memphis,1,10.0,14,0.2797267165183714,1,1,1,0,0
2024,Seth Henigan,Memphis,2,13.0,21,3.19491507210628,1,1,1,0,1
2024,Seth Henigan,Memphis,1,10.0,0,-0.7029700220436519,0,1,0,0,0
2024,Seth Henigan,Memphis,2,10.0,15,2.023824537621298,1,1,1,0,0
2024,Seth Henigan,Memphis,1,10.0,14,0.9278915774366077,1,1,1,0,0
2024,Seth Henigan,Memphis,1,10.0,69,5.60729100511505,1,1,1,0,1
2024,Seth Henigan,Memphis,2,6.0,0,-1.0482155226357586,0,1,0,0,0
2024,Seth Henigan,Memphis,3,6.0,5,0.0610084304594656,1,1,1,0,0
2024,Seth Henigan,Memphis,2,4.0,-2,-1.700109130607034,0,1,1,0,0
2024,Seth Henigan,Memphis,1,10.0,20,1.8011418824049565,1,1,1,0,0
2024,Seth Henigan,Memphis,3,6.0,5,0.0706702872902109,1,1,1,0,0
2024,Seth Henigan,Memphis,2,17.0,5,0.018482504779896658,1,1,1,0,0
2024,Seth Henigan,Memphis,3,17.0,0,-0.09472760329581487,0,1,0,0,0
2024,Seth Henigan,Memphis,2,15.0,0,-0.14903888205704785,0,1,0,0,0
2024,Seth Henigan,Memphis,3,15.0,0,-0.06579665004736057,0,1,0,0,0
2024,Seth Henigan,Memphis,3,10.0,7,0.1469772246489116,1,1,1,0,0
2024,Seth Henigan,Memphis,2,10.0,0,-0.34710487712173865,0,1,0,0,0
2024,Seth Henigan,Memphis,1,10.0,0,-0.7029700220436519,0,1,0,0,0
2024,Seth Henigan,Memphis,1,10.0,4,-1.852807392224669,0,1,0,1,0
2024,Seth Henigan,Memphis,3,8.0,14,1.9692744783750609,1,1,1,0,0
2024,Seth Henigan,Memphis,2,10.0,7,0.2521898511573468,1,1,1,0,0
2024,Seth Henigan,Memphis,1,10.0,0,-0.5586693796725282,0,1,0,0,0
2024,Seth Henigan,Memphis,1,10.0,5,0.1043573190685727,1,1,1,0,0
2024,Seth Henigan,Memphis,2,5.0,0,-0.946565887314053,0,1,0,0,0
2024,Seth Henigan,Memphis,3,5.0,0,-0.5147129574042966,0,1,0,0,0
2024,Seth Henigan,Memphis,4,5.0,0,-0.0357874692351734,0,1,0,0,0
2024,Seth Henigan,Memphis,4,1.0,0,-0.1985645621653287,0,1,0,0,0
2024,Seth Henigan,Memphis,3,10.0,9,0.3263945810520408,1,1,1,0,0
2024,Seth Henigan,Memphis,2,18.0,8,0.12591158789095935,1,1,1,0,0
2024,Seth Henigan,Memphis,1,10.0,24,2.681437948606975,1,1,1,0,1
2024,Seth Henigan,Memphis,2,7.0,11,0.660557815510252,1,1,1,0,0
2024,Seth Henigan,Memphis,1,10.0,3,-0.247403115532039,0,1,1,0,0
2024,Seth Henigan,Memphis,1,10.0,24,1.8584109920943026,1,1,1,0,0
2024,Seth Henigan,Memphis,1,10.0,13,1.124751479041831,1,1,1,0,0
2024,Seth Henigan,Memphis,1,10.0,0,-1.1143038065675126,0,1,0,0,0
2024,Seth Henigan,Memphis,1,10.0,0,-0.3048472994988835,0,1,0,0,0
2024,Seth Henigan,Memphis,2,10.0,8,0.2684875474586815,1,1,1,0,0
2024,Seth Henigan,Memphis,3,2.0,5,2.575288967086049,1,1,1,0,1
2024,Seth Henigan,Memphis,1,10.0,12,0.1611551472202105,1,1,1,0,0
2024,Seth Henigan,Memphis,2,10.0,25,2.255631376422828,1,1,1,0,0
2024,Seth Henigan,Memphis,2,9.0,0,-0.1842326929917011,0,1,0,0,0
2024,Seth Henigan,Memphis,3,9.0,0,0.2718147701192928,1,1,0,1,0
2024,Seth Henigan,Memphis,1,10.0,-2,-0.8852575132705454,0,1,1,0,0
2024,Seth Henigan,Memphis,2,12.0,3,-0.11053598303385037,0,1,1,0,0
2024,Seth Henigan,Memphis,3,9.0,13,2.2185325795608515,1,1,1,0,0
2024,Seth Henigan,Memphis,2,8.0,0,-0.8991648660998165,0,1,0,0,0
2024,Seth Henigan,Memphis,3,8.0,0,-0.5168458897793737,0,1,0,0,0
2024,Seth Henigan,Memphis,2,3.0,0,-0.9937966012014892,0,1,0,0,0
2024,Seth Henigan,Memphis,3,3.0,0,-0.5139435334013278,0,1,0,0,0
2024,Seth Henigan,Memphis,2,7.0,11,0.9165223588670395,1,1,1,0,0
2024,Seth Henigan,Memphis,1,10.0,0,-0.557844891990525,0,1,1,0,0
2024,Seth Henigan,Memphis,1,10.0,9,0.621912808977063,1,1,1,0,0
2024,Seth Henigan,Memphis,1,9.0,9,2.424237823646468,1,1,1,0,1
2024,Seth Henigan,Memphis,1,10.0,13,0.506634286974012,1,1,1,0,0
2024,Seth Henigan,Memphis,1,10.0,31,2.6377799626498124,1,1,1,0,0
2024,Seth Henigan,Memphis,1,10.0,5,0.0885892770886229,1,1,1,0,0
2024,Seth Henigan,Memphis,1,10.0,34,2.837235493824802,1,1,1,0,0
2024,Seth Henigan,Memphis,1,10.0,0,-0.4346450377339437,0,1,0,0,0
2024,Seth Henigan,Memphis,2,5.0,0,-0.8978390125055055,0,1,0,0,0
2024,Seth Henigan,Memphis,2,8.0,0,-0.4788075161366292,0,1,0,0,0
2024,Seth Henigan,Memphis,3,8.0,9,1.8619737074046574,1,1,1,0,0
2024,Seth Henigan,Memphis,2,2.0,0,-1.357540388593467,0,1,0,0,0
2024,Seth Henigan,Memphis,1,10.0,0,-1.1527089917962545,0,1,0,0,0
2024,Seth Henigan,Memphis,2,20.0,0,-0.29606549973540197,0,1,0,0,0
2024,Seth Henigan,Memphis,1,10.0,0,-0.6425305871127751,0,1,0,0,0
2024,Seth Henigan,Memphis,3,4.0,0,-0.39384507400369273,0,1,0,0,0
2024,Seth Henigan,Memphis,1,10.0,0,-0.31971922650399254,0,1,0,0,0
2024,Seth Henigan,Memphis,1,10.0,5,0.076570349594624,1,1,1,0,0
2024,Seth Henigan,Memphis,2,8.0,0,-0.9286544985354048,0,1,0,0,0
2024,Seth Henigan,Memphis,3,8.0,0,-0.5456864727395683,0,1,0,0,0
2024,Seth Henigan,Memphis,1,10.0,4,-0.1670469651624733,0,1,1,0,0
2024,Seth Henigan,Memphis,3,3.0,37,2.8636217212498383,1,1,1,0,0
2024,Seth Henigan,Memphis,1,10.0,29,2.509654250703874,1,1,1,0,0
2024,Seth Henigan,Memphis,2,10.0,12,0.8711579753125163,1,1,1,0,0
2024,Seth Henigan,Memphis,1,10.0,0,-0.34929852451643395,0,1,0,0,0
2024,Seth Henigan,Memphis,1,10.0,0,-0.7828922522763084,0,1,0,0,0
2024,Seth Henigan,Memphis,1,15.0,5,0.0399570129657113,1,1,1,0,0
2024,Seth Henigan,Memphis,3,10.0,0,-0.8238981172019636,0,1,0,0,0
2024,Seth Henigan,Memphis,3,6.0,0,-0.8898142292343482,0,1,0,0,0
2024,Seth Henigan,Memphis,1,10.0,6,0.1799366018014815,1,1,1,0,0
2024,Seth Henigan,Memphis,3,4.0,0,-0.2868087912016805,0,1,0,0,0
2024,Seth Henigan,Memphis,2,7.0,10,2.637530074102983,1,1,1,0,1
2024,Seth Henigan,Memphis,1,10.0,0,-1.1527089917962545,0,1,0,0,0
2024,Seth Henigan,Memphis,2,10.0,17,2.237230330355766,1,1,1,0,0
2024,Seth Henigan,Memphis,1,10.0,7,0.40306460138266,1,1,1,0,0
2024,Seth Henigan,Memphis,1,10.0,3,-0.1308110107399085,0,1,1,0,0
2024,Seth Henigan,Memphis,1,10.0,0,-0.7029700220436519,0,1,0,0,0
2024,Seth Henigan,Memphis,3,9.0,0,-0.18876768235831598,0,1,0,0,0
2024,Seth Henigan,Memphis,1,10.0,6,0.3584299311182697,1,1,1,0,0
2024,Seth Henigan,Memphis,2,4.0,25,2.256683155251263,1,1,1,0,0
2024,Seth Henigan,Memphis,1,10.0,0,-0.8772679222659558,0,1,0,0,0
2024,Seth Henigan,Memphis,2,9.0,0,-1.0769566573515554,0,1,0,0,0
2024,Seth Henigan,Memphis,3,9.0,7,0.5247143097021442,1,1,1,0,0
2024,Seth Henigan,Memphis,1,10.0,14,0.298627144864465,1,1,1,0,0
2024,Seth Henigan,Memphis,1,10.0,19,2.604447628637523,1,1,1,0,1
2024,Seth Henigan,Memphis,1,10.0,17,1.516051907682006,1,1,1,0,0
2024,Seth Henigan,Memphis,2,12.0,17,2.7548287313556834,1,1,1,0,0
2024,Seth Henigan,Memphis,1,20.0,0,-0.8762769199734581,0,1,0,0,0
2024,Seth Henigan,Memphis,2,20.0,1,-0.460565639720099,0,1,1,0,0
2024,Seth Henigan,Memphis,3,2.0,2,2.544830284062861,1,1,1,0,1
2024,Seth Henigan,Memphis,3,19.0,20,3.9242611697453045,1,1,1,0,0
2024,Seth Henigan,Memphis,2,6.0,4,-0.1458551728702293,0,1,1,0,0
2024,Seth Henigan,Memphis,3,2.0,34,3.0276662248453015,1,1,1,0,0
2024,Seth Henigan,Memphis,2,2.0,3,2.0758577388257855,1,1,1,0,1
2024,Seth Henigan,Memphis,2,10.0,0,-0.4016550456030307,0,1,0,0,0
2024,Seth Henigan,Memphis,3,10.0,17,3.3215777072971697,1,1,1,0,1
2024,Seth Henigan,Memphis,1,10.0,0,-0.7029700220436519,0,1,0,0,0
2024,Seth Henigan,Memphis,3,9.0,42,4.202029190436755,1,1,1,0,0
2024,Seth Henigan,Memphis,1,10.0,9,0.7099805309828754,1,1,1,0,0
2024,Seth Henigan,Memphis,2,17.0,-2,-0.1296317050842095,0,1,1,0,0
2024,Seth Henigan,Memphis,2,6.0,10,0.6696310005492144,1,1,1,0,0
2024,Seth Henigan,Memphis,3,6.0,25,3.40871656141392,1,1,1,0,1
2024,Seth Henigan,Memphis,1,10.0,9,1.352349268401042,1,1,1,0,0
2024,Seth Henigan,Memphis,3,7.0,2,-0.2209210551237192,0,1,1,0,0
2024,Seth Henigan,Memphis,1,10.0,-2,-1.4952234130406854,0,1,1,0,0
2024,Seth Henigan,Memphis,3,11.0,12,2.9890792232293517,1,1,1,0,0
2024,Seth Henigan,Memphis,1,10.0,0,-0.814236079442537,0,1,0,0,0
2024,Seth Henigan,Memphis,2,6.0,6,0.17755434522191,1,1,1,0,0
2024,Seth Henigan,Memphis,1,10.0,10,0.9665866083503082,1,1,1,0,0
2024,Seth Henigan,Memphis,1,10.0,6,0.3867807823815586,1,1,1,0,0
2024,Seth Henigan,Memphis,2,4.0,7,0.6310319110668932,1,1,1,0,0
2024,Seth Henigan,Memphis,2,21.0,0,-0.4849406377518539,0,1,0,0,0
2024,Seth Henigan,Memphis,4,16.0,0,-0.053824482187075695,0,1,0,0,0
2024,Seth Henigan,Memphis,1,10.0,0,-1.1527089917962545,0,1,0,0,0
2024,Seth Henigan,Memphis,2,10.0,6,0.2286781856928092,1,1,1,0,0
2024,Seth Henigan,Memphis,2,8.0,5,0.0718359770841026,1,1,1,0,0
2024,Seth Henigan,Memphis,3,3.0,11,2.1607243663686546,1,1,1,0,0
2024,Seth Henigan,Memphis,2,11.0,6,0.3059849159585256,1,1,1,0,0
2024,Seth Henigan,Memphis,3,5.0,12,2.1044324256125706,1,1,1,0,0
2024,Seth Henigan,Memphis,3,5.0,7,0.9408377287084129,1,1,1,0,0
2024,Seth Henigan,Memphis,1,10.0,7,0.3212971064456235,1,1,1,0,0
2024,Seth Henigan,Memphis,2,7.0,0,-0.48195105428222096,0,1,0,0,0
2024,Seth Henigan,Memphis,3,8.0,13,2.3237629086304175,1,1,1,0,0
