player_name,draft_year,college,success_rate,big_play_rate,attempts,log_attempts,seasons_played,is_fcs_team,sos_percentile,epa_adj,game_level_adj,epa_adj_shrunk,success_rate_shrunk,rush_share,rush_ypg,comp_pct,has_box_stats,name_key,pick,age_at_draft,age_source,age_missing,pick_filled,log_pick
Brady Quinn,2007,Notre Dame,0.5289142339434081,0.2167934434745503,365.3333333333333,5.900810178839851,3,0.0,81.44376394625648,0.3915842398225437,0,0.36304078325473677,0.5235929644275359,,,,0,brady quinn,22.0,22.0,draft,0,22.0,3.091042453358316
Drew Stanton,2007,Michigan State,0.5027112872147463,0.2096049660053153,256.6666666666667,5.54777822617962,3,0.0,58.4247258225324,0.236152101574086,0,0.2464342911010655,0.5037851768922212,,,,0,drew stanton,43.0,23.0,draft,0,43.0,3.7612001156935624
Isaiah Stanback,2007,Washington,0.4116312449521171,0.2038855428637359,131.0,4.875197323201151,3,0.0,69.60072164459005,0.0750304579537136,0,0.1649121429948308,0.4552518375955462,,,,0,isaiah stanback,103.0,23.0,draft,0,103.0,4.634728988229636
JaMarcus Russell,2007,LSU,0.4988618205081508,0.2247129490837376,242.66666666666663,5.491688759528576,3,0.0,86.23890234059725,0.24533659316851,0,0.25312315350405307,0.5011941629653965,,,,0,jamarcus russell,1.0,22.0,draft,0,1.0,0.0
John Beck,2007,BYU,0.535456017015952,0.2058334005487337,289.6666666666667,5.668730836597282,3,0.0,51.38156957698334,0.3649346428508263,0,0.3384487438234211,0.5273076599326785,,,,0,john beck,40.0,26.0,draft,0,40.0,3.6888794541139363
Kevin Kolb,2007,Houston,0.4620082704706065,0.2150224547481679,281.3333333333333,5.639540205927847,3,0.0,24.73769168684423,0.0537187597908772,0,0.11532339208483097,0.4746093071199677,,,,0,kevin kolb,36.0,23.0,draft,0,36.0,3.58351893845611
Trent Edwards,2007,Stanford,0.4795834470127172,0.1592796216750102,203.0,5.313205979041787,3,0.0,66.6619190048901,0.0751892469558566,0,0.1444740081826389,0.48906635053813063,,,,0,trent edwards,92.0,23.0,draft,0,92.0,4.5217885770490405
Troy Smith,2007,Ohio State,0.507496097655526,0.2120662104169526,214.66666666666663,5.369086437436244,3,0.0,77.48896168636946,0.3047042000792241,0,0.29279623497164897,0.5070669455225438,,,,0,troy smith,174.0,23.0,draft,0,174.0,5.159055299214529
Brian Brohm,2008,Louisville,0.5335536728826036,0.2058416397653714,277.75,5.6267214285197396,4,0.0,61.53417723021413,0.3527087274517712,0,0.3289277779212181,0.5257030918644328,,,,0,brian brohm,56.0,22.0,draft,0,56.0,4.02535169073515
Chad Henne,2008,Michigan,0.5160062363866615,0.1716386689653478,312.5,5.744604469176457,4,0.0,68.72442197217872,0.2569065298900796,0,0.260358504897943,0.5134297708512637,,,,0,chad henne,57.0,23.0,draft,0,57.0,4.04305126783455
Dennis Dixon,2008,Oregon,0.4917048849975679,0.1855306504696748,157.0,5.056245805348308,4,0.0,74.17467834591464,0.1258070741333572,0,0.18585541334304473,0.49776060368540165,,,,0,dennis dixon,156.0,23.0,draft,0,156.0,5.049856007249537
Joe Flacco,2008,Delaware,0.6,0.325,40.0,3.6888794541139363,1,0.0,,0.5095569372177124,0,0.3330051550331665,0.530907454012566,,,,0,joe flacco,18.0,23.0,draft,0,18.0,2.8903717578961645
John David Booty,2008,USC,0.5010117733627668,0.195578857002698,313.0,5.746203190540153,2,0.0,84.77415966386555,0.2386785861475676,0,0.24693200779254726,0.5023913900200532,,,,0,john david booty,137.0,23.31,birth_date,0,137.0,4.919980925828125
Matt Ryan,2008,Boston College,0.4789756940986676,0.1579411349699669,307.75,5.729287765064563,4,0.0,65.29290105872857,0.0942549392097929,0,0.14116272311041178,0.4862546763336614,,,,0,matt ryan,3.0,23.0,draft,0,3.0,1.0986122886681098
Josh Freeman,2009,Kansas State,0.4835602037400095,0.1730848859099353,312.6666666666667,5.7451376603381155,3,0.0,39.01960784313726,0.0707741030407715,0,0.12333408653443177,0.48954534248560666,,,,0,josh freeman,17.0,21.0,draft,0,17.0,2.833213344056216
Mark Sanchez,2009,USC,0.4778970688479891,0.261683221345798,146.33333333333334,4.9858871244070615,3,0.0,87.34943977591035,0.3806866407576803,0,0.33267743601960426,0.49019095669168705,,,,0,mark sanchez,5.0,22.0,draft,0,5.0,1.6094379124341003
Matthew Stafford,2009,Georgia,0.4994337439658767,0.2079831175448242,305.0,5.720311776607412,3,0.0,83.83986928104575,0.2686145716822243,0,0.2689827772183396,0.5012638266735787,,,,0,matthew stafford,1.0,21.0,draft,0,1.0,0.0
Pat White,2009,West Virginia,0.4700624403374489,0.1836529256394192,189.5,5.244389024522481,4,0.0,70.03403480036081,0.1924341891834929,0,0.22125219251459355,0.4835078902568303,,,,0,pat white,44.0,23.0,draft,0,44.0,3.784189633918261
Rhett Bomar,2009,Sam Houston State,0.5625,0.21875,32.0,3.4657359027997265,1,1.0,0.0,0.322119982744357,0,0.28156564611221063,0.518740750094215,,,,0,rhett bomar,151.0,24.0,draft,0,151.0,5.017279836814924
Stephen McGee,2009,Texas A&M,0.4337719621159911,0.1267541329271516,190.0,5.247024072160486,4,0.0,63.387397331814086,0.1143425382158506,0,0.17208380718172012,0.4606584424841654,,,,0,stephen mcgee,101.0,23.0,draft,0,101.0,4.61512051684126
Tom Brandstater,2009,Fresno State,0.4108101067206848,0.1258446351492362,183.5,5.212214667494625,4,0.0,22.584419360964723,0.121793796221249,0,0.1779798068723873,0.44699376280679326,,,,0,tom brandstater,174.0,24.0,draft,0,174.0,5.159055299214529
Colt McCoy,2010,Texas,0.5191283120688666,0.177984664505529,399.75,5.9908393517140635,4,0.0,60.30112044817928,0.2753920280859553,0,0.2742081510383637,0.5163074895143773,0.10597679438747976,32.729166666666664,0.7033434650455928,1,colt mccoy,85.0,24.0,draft,0,85.0,4.442651256490317
Dan LeFevour,2010,Central Michigan,0.518907790367165,0.1512882271901139,390.25,5.9667875593955415,4,0.0,23.278186274509803,0.1840320622248132,0,0.20320728638781468,0.5160828148791945,0.1859584936605059,61.416666666666664,0.664208735110607,1,dan lefevour,181.0,23.0,draft,0,181.0,5.198497031265826
Jimmy Clausen,2010,Notre Dame,0.4732970250492663,0.1518199419584912,346.3333333333333,5.847401702431117,3,0.0,70.55555555555556,0.1344680824559003,0,0.16759696971585553,0.48135155580443256,0.0,0.0,0.6261261261261262,1,jimmy clausen,48.0,22.0,draft,0,48.0,3.871201010907891
Jonathan Crompton,2010,Tennessee,0.405342436461388,0.1543395650048876,142.5,4.959341999708705,4,0.0,91.84873949579833,-0.0606207164803711,0,0.08491568302341165,0.44976083442098264,0.0,0.0,0.5532591414944356,1,jonathan crompton,168.0,23.0,draft,0,168.0,5.123963979403259
Sam Bradford,2010,Oklahoma,0.5732692307692308,0.2146153846153846,268.6666666666667,5.593471453838519,3,0.0,64.72222222222223,0.3838651494715829,0,0.35034648500697274,0.5535417661474428,0.0042643923240938165,1.0,0.6767337807606264,1,sam bradford,1.0,22.0,draft,0,1.0,0.0
Tim Tebow,2010,Florida,0.5604119833155747,0.2358068734734696,242.0,5.488937726156687,4,0.0,88.73424369747899,0.377440209516805,0,0.34343052816781466,0.5432680402711347,0.2409254414650098,61.395833333333336,0.664321608040201,1,tim tebow,25.0,23.0,draft,0,25.0,3.2188758248682006
Tony Pike,2010,Cincinnati,0.5550308760546948,0.141845769126791,198.66666666666663,5.29162837839724,3,0.0,53.61111111111112,0.2522521576554001,0,0.2586472964656862,0.5374367144199756,0.02487368830159347,3.5555555555555554,0.6173020527859238,1,tony pike,204.0,24.0,draft,0,204.0,5.318119993844216
Andy Dalton,2011,TCU,0.5436579508452657,0.188748283770835,279.5,5.633002292595154,4,0.0,38.54166666666666,0.2408980893575896,0,0.24922243539182087,0.5329507198857596,0.1350943396226415,33.5625,0.6165527714502658,1,andy dalton,35.0,23.0,draft,0,35.0,3.5553480614894135
Blaine Gabbert,2011,Missouri,0.4488922947177216,0.1061321137222465,274.3333333333333,5.61434391200896,3,0.0,61.25,0.0315362195216289,0,0.10069018989241123,0.46552545899234943,0.06291208791208791,12.722222222222221,0.6087888531618435,1,blaine gabbert,10.0,21.0,draft,0,10.0,2.302585092994046
Christian Ponder,2011,Florida State,0.4926674292056715,0.1876977454115577,223.75,5.410529357154965,4,0.0,89.99999999999999,0.1997854888866458,0,0.22321114516405238,0.49719823292612275,0.1081116158338741,17.354166666666668,0.6176165803108808,1,christian ponder,12.0,23.0,draft,0,12.0,2.4849066497880004
Colin Kaepernick,2011,Nevada,0.5127307296043692,0.2036788387319507,279.5,5.633002292595154,4,0.0,17.395833333333332,0.2868488631439097,0,0.28202258808864855,0.5108745393211578,0.2909405156272505,84.16666666666667,0.5828662930344275,1,colin kaepernick,36.0,23.0,draft,0,36.0,3.58351893845611
Jake Locker,2011,Washington,0.450951413063072,0.1495011572374462,258.25,5.553928107999748,4,0.0,91.45833333333334,0.1325121424690213,0,0.1741130741668969,0.4676838753214622,0.20244309876801003,40.395833333333336,0.539198606271777,1,jake locker,8.0,23.0,draft,0,8.0,2.0794415416798357
Nathan Enderle,2011,Idaho,0.4544919971743348,0.1770622436620104,245.75,5.504314759027276,4,0.0,20.0,0.1555704375309635,0,0.19140320174903558,0.47070014955543904,,,,0,nathan enderle,160.0,23.0,draft,0,160.0,5.075173815233827
Ricky Stanzi,2011,Iowa,0.4925595238095238,0.2089947089947089,276.0,5.62040086571715,2,0.0,57.083333333333336,0.2308734287807322,0,0.24216768043623949,0.49651144196233343,0.0,0.0,0.597574421168688,1,ricky stanzi,135.0,24.0,draft,0,135.0,4.90527477843843
Ryan Mallett,2011,Arkansas,0.5034395780784223,0.2525510204081632,374.0,5.924255797414532,2,0.0,85.0,0.3556903292098546,0,0.3359310955588628,0.5040863281980863,0.0,0.0,0.5780104712041885,1,ryan mallett,74.0,23.0,draft,0,74.0,4.30406509320417
Tyrod Taylor,2011,Virginia Tech,0.4413819725653464,0.1840110736049967,219.25,5.390212631252292,4,0.0,83.75,0.1302691031071712,0,0.17752573467600852,0.46332079540386784,0.23761408083441982,45.5625,0.5722543352601156,1,tyrod taylor,180.0,22.0,draft,0,180.0,5.19295685089021
Andrew Luck,2012,Stanford,0.5858954514459327,0.2383778261527524,315.6666666666667,5.754686804517968,3,0.0,65.0,0.4419636192036124,0,0.39690684684740696,0.5650277535597457,0.09213439876769038,26.583333333333332,0.6701127819548872,1,andrew luck,1.0,22.0,draft,0,1.0,0.0
Brandon Weeden,2012,Oklahoma State,0.5243436520376175,0.1732791274817137,254.75,5.540282672102834,4,0.0,59.583333333333336,0.2212863300022289,0,0.2361637326210919,0.5188144755727734,0.0,0.0,0.6950998185117967,1,brandon weeden,22.0,28.0,draft,0,22.0,3.091042453358316
Brock Osweiler,2012,Arizona State,0.4391514600324669,0.1693877251657572,211.33333333333331,5.353436665769116,3,0.0,55.833333333333336,0.0776120353512704,0,0.14427191069686732,0.4624002479093927,0.041674523854422024,6.138888888888889,0.6058823529411764,1,brock osweiler,57.0,21.0,draft,0,57.0,4.04305126783455
Kirk Cousins,2012,Michigan State,0.5443219791480249,0.1891024634955295,260.25,5.5616427074950785,4,0.0,68.4375,0.3033167290641875,0,0.2932843099911806,0.5328612761603443,0.0,0.0,0.6409574468085106,1,kirk cousins,102.0,24.0,draft,0,102.0,4.624972813284271
Nick Foles,2012,Arizona,0.5511417805759559,0.1569465498537508,423.6666666666667,6.048946982521344,3,0.0,67.77777777777777,0.2981147383869655,0,0.29223070342509894,0.5417504897470137,0.0,0.0,0.6685673556664291,1,nick foles,88.0,23.0,draft,0,88.0,4.477336814478207
Robert Griffin III,2012,Baylor,0.4748595126643907,0.1670872487945658,305.6666666666667,5.7224951835883555,3,0.0,71.66666666666667,0.2232092741568915,0,0.23575741991331545,0.4832790135664564,0.1786053882725832,46.958333333333336,0.6711409395973155,1,robert griffin,2.0,22.0,draft,0,2.0,0.6931471805599453
Russell Wilson,2012,Wisconsin,0.6,0.2483870967741935,310.0,5.736572297479192,1,0.0,80.0,0.5262742569320817,0,0.45822739553359515,0.5751072579437476,0.10813484514116126,29.604166666666668,0.6091336467427804,1,russell wilson,75.0,23.0,draft,0,75.0,4.31748811353631
Ryan Lindley,2012,San Diego State,0.4878683774976606,0.1968870347407531,367.0,5.905361848054571,4,0.0,27.083333333333336,0.2385052787145857,0,0.24586890889111448,0.4921669476141336,0.0,0.0,0.5548498845265589,1,ryan lindley,185.0,23.0,draft,0,185.0,5.220355825078324
Ryan Tannehill,2012,Texas A&M,0.4891146089522872,0.1298991637973438,175.25,5.166213525914699,4,0.0,73.75,-0.3221812053289538,0,-0.09121713640769351,0.49579595944965194,0.06341295755284414,7.6875,0.6253229974160207,1,ryan tannehill,8.0,24.0,draft,0,8.0,2.0794415416798357
EJ Manuel,2013,Florida State,0.5275827732138412,0.1980333582275329,349.5,5.856503561673865,2,0.0,57.096774193548384,0.1596104538779419,0,0.18640783490423088,0.5224022233115344,0.09647278673207195,17.208333333333332,0.6688963210702341,1,ej manuel,16.0,23.0,draft,0,16.0,2.772588722239781
Geno Smith,2013,West Virginia,0.4720229265133775,0.1692550195433152,351.5,5.86220971125072,4,0.0,69.1263440860215,0.1811414444553316,0,0.20261834004310064,0.48029568325958183,0.028490503165611462,7.125,0.6744027303754266,1,geno smith,39.0,22.0,draft,0,39.0,3.6635616461296463
Landry Jones,2013,Oklahoma,0.5375818522810385,0.1862557173536919,490.75,6.195934833156571,4,0.0,79.68413978494624,0.3109678068373429,0,0.30334923073913056,0.5317564093413953,0.0,0.0,0.635822262940907,1,landry jones,115.0,24.0,draft,0,115.0,4.74493212836325
Matt Barkley,2013,USC,0.5134008084844357,0.1977854835915059,360.25,5.886798234879631,4,0.0,77.78225806451613,0.2867831695357618,0,0.2827976198893329,0.5117029844977592,0.0,0.0,0.6408450704225352,1,matt barkley,98.0,22.0,draft,0,98.0,4.584967478670572
Mike Glennon,2013,NC State,0.4340420168773866,0.1255790311545659,258.5,5.554895693948484,4,0.0,68.18548387096773,0.1076253995710189,0,0.15672421372880097,0.455876726206754,0.0,0.0,0.6043030869971936,1,mike glennon,73.0,23.0,draft,0,73.0,4.290459441148391
Ryan Nassib,2013,Syracuse,0.4596954233412932,0.1659239682128508,315.25,5.753365974845029,4,0.0,69.6034946236559,0.1136597281917374,0,0.1546553766893531,0.47190281978141047,0.01753260637160573,3.4166666666666665,0.6028963414634146,1,ryan nassib,110.0,23.0,draft,0,110.0,4.700480365792417
Tyler Wilson,2013,Arkansas,0.5047329125921911,0.134721340219427,175.8,5.169346985251076,5,0.0,86.86559139784947,0.1894897643900835,0,0.22082551615230106,0.505321489642867,0.0,0.0,0.6255274261603375,1,tyler wilson,112.0,24.0,draft,0,112.0,4.718498871295094
AJ McCarron,2014,Alabama,0.5122073681573448,0.2161483372451214,312.6666666666667,5.7451376603381155,3,0.0,81.80286738351255,0.3267545601764534,0,0.31177640740100193,0.5106342107900629,0.0,0.0,0.6686159844054581,1,aj mccarron,164.0,23.0,draft,0,164.0,5.099866427824199
Aaron Murray,2014,Georgia,0.5362206441367445,0.2195012163502655,352.75,5.865759590732924,4,0.0,82.49569892473119,0.3853808337539429,0,0.3575602190107297,0.5289938264302209,0.02862623579755054,8.083333333333334,0.6231393775372125,1,aaron murray,163.0,23.0,draft,0,163.0,5.093750200806762
Blake Bortles,2014,UCF,0.5448714493343875,0.2010203796427173,290.0,5.66988092298052,3,0.0,41.5989247311828,0.3246643138261311,0,0.3094243324098092,0.5341056221694218,0.06875842627773011,15.583333333333334,0.6565656565656566,1,blake bortles,3.0,22.0,draft,0,3.0,1.0986122886681098
Derek Carr,2014,Fresno State,0.4988613444714806,0.1925721503604787,378.25,5.935555352668465,4,0.0,20.87956989247312,0.1226879890213258,0,0.15635269696778292,0.5005488435543619,0.014579496623695518,3.9583333333333335,0.6662576687116565,1,derek carr,36.0,23.0,draft,0,36.0,3.58351893845611
Jimmy Garoppolo,2014,Eastern Illinois,0.4556989247311828,0.1993646138807429,48.0,3.871201010907891,3,1.0,0.0,0.039032141278292,0,0.20072525018049278,0.4910867937867418,0.0,0.0,0.618421052631579,1,jimmy garoppolo,62.0,22.0,draft,0,62.0,4.127134385045092
Johnny Manziel,2014,Texas A&M,0.5703252338323428,0.2391860377642368,400.0,5.991464547107982,2,0.0,65.91290322580645,0.3388456313963513,1,0.32377600815928276,0.5563017430596864,0.2171388527380118,90.375,0.6894553881807648,1,johnny manziel,22.0,21.0,draft,0,22.0,3.091042453358316
Logan Thomas,2014,Virginia Tech,0.4346049654999152,0.1612920903633144,288.25,5.663828159149168,4,0.0,67.06209677419355,0.1203513355725931,0,0.1622388375561809,0.45465938923868277,0.13115228720324262,28.3125,0.5552884615384616,1,logan thomas,120.0,23.0,draft,0,120.0,4.787491742782046
Teddy Bridgewater,2014,Louisville,0.5336753899883799,0.1949925085423406,378.0,5.934894195619588,3,0.0,60.21720430107528,0.3039480936158051,0,0.2961818571389793,0.5274029431362965,0.016431219316701735,4.555555555555555,0.6838879159369528,1,teddy bridgewater,32.0,21.0,draft,0,32.0,3.4657359027997265
Brett Hundley,2015,UCLA,0.5171069387933954,0.1757409860379403,408.0,6.0112671744041615,3,0.0,87.23588709677419,0.3951115962195806,1,0.36814983501161713,0.5147664214129585,0.1490868748933265,48.52777777777778,0.6758064516129032,1,brett hundley,147.0,22.0,draft,0,147.0,4.990432586778736
Bryce Petty,2015,Baylor,0.5825163398692811,0.2222630718954248,195.5,5.27556037942542,4,0.0,60.175873655913975,0.5045437807042668,0,0.41908167554121334,0.554726629308556,0.03961092230165241,7.041666666666667,0.6272189349112426,1,bryce petty,103.0,24.0,draft,0,103.0,4.634728988229636
Jameis Winston,2015,Florida St.,0.6002743942006414,0.2630507196667717,406.0,6.0063531596017325,2,0.0,72.084375,0.4863335358430488,1,0.43953568726774206,0.5799350873423946,0.03443258971871969,11.833333333333334,0.6603995299647474,1,jameis winston,1.0,21.0,draft,0,1.0,0.0
Marcus Mariota,2015,Oregon,0.5416145606973873,0.2337663684888028,383.0,5.948034989180646,3,0.0,71.71465053763441,0.5056206861230114,1,0.4522828750832586,0.5336083769522272,0.17164121844548455,62.138888888888886,0.6675235646958012,1,marcus mariota,2.0,21.0,draft,0,2.0,0.6931471805599453
Sean Mannion,2015,Oregon St.,0.4845755003794824,0.1786424753145275,435.25,6.075920578648298,4,0.0,68.65131048387097,0.1752982767019865,0,0.1946851294147941,0.4890122439191197,0.0,0.0,0.6458106637649619,1,sean mannion,89.0,23.0,draft,0,89.0,4.48863636973214
Trevor Siemian,2015,Northwestern,0.4814425475566162,0.1590653964028746,219.25,5.390212631252292,4,0.0,74.25826612903225,0.1995574816079204,0,0.22337843497908727,0.48983152604571484,0.0,0.0,0.588865096359743,1,trevor siemian,250.0,23.0,draft,0,250.0,5.521460917862246
Brandon Allen,2016,Arkansas,0.4505137630255271,0.1792503363327599,239.0,5.476463551931511,4,0.0,83.90751008064517,0.4453440013959019,1,0.3893684257669673,0.4683034311945812,0.017509215376513954,2.7708333333333335,0.5738188976377953,1,brandon allen,201.0,24.0,draft,0,201.0,5.303304908059076
Brandon Doughty,2016,Western Kentucky,0.4773019339027627,0.1479628112430577,284.6,5.651084685655752,5,0.0,14.776317204301074,0.1286853067297882,0,0.16860382257381495,0.4854785875069985,0.0,0.0,0.6861167002012073,1,brandon doughty,223.0,24.0,draft,0,223.0,5.407171771460119
Cardale Jones,2016,Ohio St.,0.3015157886305841,0.1532007769167618,91.33333333333331,4.5145158177199605,3,0.0,77.28541666666666,0.15345980951268826,1,0.21765968928860807,0.4143118952515954,0.2098639455782313,17.13888888888889,0.6185185185185185,1,cardale jones,139.0,23.0,draft,0,139.0,4.9344739331306915
Carson Wentz,2016,North Dakota St.,0.5172413793103449,0.1379310344827586,29.0,3.367295829986474,1,1.0,0.0,-0.2162249437397443,0,0.17002715166088778,0.5085055768183145,0.15702479338842976,3.1666666666666665,0.6428571428571429,1,carson wentz,2.0,23.0,draft,0,2.0,0.6931471805599453
Cody Kessler,2016,USC,0.4973509953115995,0.1465219583807105,312.5,5.744604469176457,4,0.0,79.75257056451613,0.3779957667658429,1,0.34948689637445113,0.49969847918136334,0.0,0.0,0.6748612212529739,1,cody kessler,93.0,23.0,draft,0,93.0,4.532599493153256
Connor Cook,2016,Michigan St.,0.5143412435339422,0.1892546759534376,268.25,5.591919381510808,4,0.0,70.37615927419355,0.39824310764712695,1,0.36045118121957054,0.5119555989212887,0.022226948846112943,4.354166666666667,0.5752136752136752,1,connor cook,100.0,23.0,draft,0,100.0,4.605170185988092
Dak Prescott,2016,Mississippi St.,0.5084040906972926,0.1698602206392599,283.75,5.648093568795613,4,0.0,71.54450604838709,0.3787861626908735,1,0.3479827540796367,0.5077927735387269,0.21190216020845593,52.520833333333336,0.6278870829769033,1,dak prescott,135.0,23.0,draft,0,135.0,4.90527477843843
Jacoby Brissett,2016,North Carolina St.,0.4537283165712094,0.1485023704475076,382.5,5.94672865326659,2,0.0,61.71875,0.2828551075267065,1,0.27993890898734436,0.46562782145832915,0.1361509433962264,18.791666666666668,0.5947556615017878,1,jacoby brissett,91.0,23.0,draft,0,91.0,4.51085950651685
Jake Rudock,2016,Michigan,0.5534391534391534,0.2176046176046175,206.0,5.327876168789581,2,0.0,87.80625,0.41227026584174326,1,0.3621396880229204,0.5368114526775861,0.06669842782277274,15.555555555555555,0.6166666666666667,1,jake rudock,191.0,23.0,draft,0,191.0,5.25227342804663
Jared Goff,2016,California,0.5183389222460876,0.178330476727704,491.0,6.19644412779452,3,0.0,73.66041666666666,0.34109749257837985,1,0.3278833902879419,0.5160916067562049,0.0,0.0,0.6226896112173359,1,jared goff,1.0,21.0,draft,0,1.0,0.0
Jeff Driskel,2016,Louisiana Tech,0.5124716553287982,0.2607709750566893,441.0,6.089044875446846,1,0.0,1.5625,0.3552136513518563,1,0.33794471594632747,0.5112099872604732,0.1149684936392819,16.116666666666667,0.6077844311377245,1,jeff driskel,207.0,23.0,draft,0,207.0,5.332718793265369
Kevin Hogan,2016,Stanford,0.5094429338160318,0.1992662783441846,269.75,5.597495604138244,4,0.0,74.6726814516129,0.3923885963850153,1,0.3564634258332562,0.508504303353473,0.1174534511942825,26.020833333333332,0.6591115140525838,1,kevin hogan,162.0,23.0,draft,0,162.0,5.087596335232384
Nate Sudfeld,2016,Indiana,0.5042777059947778,0.1885633978483045,216.5,5.377590547442544,4,0.0,65.44395161290322,0.3431736541997395,1,0.3182115552749883,0.5049486287924017,0.016477343652477845,2.75,0.6032553407934893,1,nate sudfeld,187.0,22.0,draft,0,187.0,5.231108616854587
Paxton Lynch,2016,Memphis,0.4808587111512302,0.1912455207879625,379.0,5.937536205082426,3,0.0,35.60833333333333,0.27453940336591276,1,0.27350007070895416,0.4866518494192521,0.07193717277486911,19.083333333333332,0.629045643153527,1,paxton lynch,26.0,22.0,draft,0,26.0,3.258096538021482
C.J. Beathard,2017,Iowa,0.4124201123780471,0.1830684859265215,195.75,5.276838334870913,4,0.0,69.134375,0.33838001336925894,1,0.3134803353653971,0.4465776262012151,0.07160741111667501,8.9375,0.5805626598465473,1,cj beathard,104.0,23.0,draft,0,104.0,4.6443908991413725
Davis Webb,2017,California,0.4375,0.1684027777777778,576.0,6.3561076606958915,1,0.0,76.5625,0.30324614499687663,1,0.29782908520161233,0.4486960748367193,0.0,0.0,0.6152158010241404,1,davis webb,87.0,22.0,draft,0,87.0,4.465908118654584
DeShone Kizer,2017,Notre Dame,0.4799041297935102,0.2071533923303835,349.5,5.856503561673865,2,0.0,90.234375,0.37616110798388697,1,0.35038301950430323,0.48629928754065066,0.14586090280841052,41.333333333333336,0.6077586206896551,1,deshone kizer,52.0,21.0,draft,0,52.0,3.9512437185814275
Deshaun Watson,2017,Clemson,0.5160006317337636,0.231159495088616,394.0,5.976350909297934,3,0.0,81.77083333333333,0.47242896309159965,1,0.4276004010552717,0.5138403418094859,0.15987434901215178,53.72222222222222,0.6741293532338308,1,deshaun watson,12.0,21.0,draft,0,12.0,2.4849066497880004
Joshua Dobbs,2017,Tennessee,0.4613851426351426,0.1666178203110021,245.75,5.504314759027276,4,0.0,90.903125,0.36839496476956846,1,0.3375745426326751,0.47543447378012116,0.23230802323080232,45.0,0.6146146146146146,1,joshua dobbs,135.0,22.0,draft,0,135.0,4.90527477843843
Nathan Peterman,2017,Pittsburgh,0.4749794913863823,0.2227025094129278,308.5,5.731721843345443,2,0.0,70.703125,0.41512090173704447,1,0.37644870342633086,0.4833103008270546,0.09128774730996182,10.958333333333334,0.6003016591251885,1,nathan peterman,171.0,23.0,draft,0,171.0,5.14166355650266
Patrick Mahomes,2017,Texas Tech,0.4947718675745334,0.2122863707840805,429.0,6.061456918928017,3,0.0,56.25,0.4130343011513759,1,0.3834069804839933,0.49714806587855226,0.06985202942878399,23.47222222222222,0.6352853965900667,1,patrick mahomes,10.0,21.0,draft,0,10.0,2.302585092994046
Baker Mayfield,2018,Oklahoma,0.5600744346798866,0.2544000744861577,391.3333333333333,5.969559711719932,3,0.0,64.32291666666667,0.6191467004654692,1,0.5414198496082989,0.5480914377716207,0.06902485659655831,22.5625,0.685370741482966,1,baker mayfield,1.0,23.0,draft,0,1.0,0.0
Danny Etling,2018,LSU,0.438871635610766,0.1870082815734989,278.0,5.627621113690637,2,0.0,87.109375,0.426852997815566,1,0.381786391133773,0.45822727794162793,0.009795689896445563,1.4583333333333333,0.578622816032888,1,danny etling,219.0,24.0,draft,0,219.0,5.389071729816501
Josh Allen,2018,Wyoming,0.5128045859124275,0.2040824924944445,206.33333333333331,5.329492984016486,3,0.0,23.4375,0.27551837110429744,1,0.27357084964744666,0.5104958502306528,0.12985228443833735,21.0,0.5624036979969184,1,josh allen,7.0,22.0,draft,0,7.0,1.9459101490553132
Josh Rosen,2018,UCLA,0.4980564676826359,0.2287607233401626,366.6666666666667,5.9044531701183525,3,0.0,59.114583333333336,0.32444965011745996,1,0.3117005532450295,0.49997320319959737,0.0,0.0,0.6082121471343028,1,josh rosen,10.0,21.0,draft,0,10.0,2.302585092994046
Kyle Lauletta,2018,Richmond,0.6068627450980393,0.2156862745098039,32.0,3.4657359027997265,2,1.0,0.0,0.3038346144347025,0,0.27750393490685865,0.528595003823944,0.0,0.0,0.6461538461538462,1,kyle lauletta,108.0,23.0,draft,0,108.0,4.68213122712422
Lamar Jackson,2018,Louisville,0.4664058615519305,0.2277097926432306,360.6666666666667,5.887954170738317,3,0.0,83.85416666666667,0.5668165655155113,1,0.4964523413655335,0.4758497316765993,0.3136242884250474,114.77777777777777,0.5699815837937385,1,lamar jackson,32.0,21.0,draft,0,32.0,3.4657359027997265
Logan Woodside,2018,Toledo,0.4562786668876846,0.1903148905508774,271.5,5.60396213937399,4,0.0,22.00625,0.39079792651387685,1,0.3555013927065453,0.4708767081923727,0.0082932805579116,1.8333333333333333,0.6512425021422451,1,logan woodside,249.0,23.0,draft,0,249.0,5.517452896464707
Mike White,2018,Western Kentucky,0.5099192121994359,0.2059491371480472,468.5,6.149536101678477,2,0.0,9.765625,0.40939540733711893,1,0.38248624497495576,0.5092099822444951,0.0,0.0,0.6195262024407753,1,mike white,171.0,23.0,draft,0,171.0,5.14166355650266
Sam Darnold,2018,USC,0.5498512436885844,0.23677284625177,382.5,5.94672865326659,2,0.0,77.734375,0.44672303086506066,1,0.40667667301649435,0.539970649551896,0.043909535775691046,13.833333333333334,0.648936170212766,1,sam darnold,3.0,21.0,draft,0,3.0,1.0986122886681098
Tanner Lee,2018,Nebraska,0.4404761904761904,0.2023809523809523,420.0,6.040254711277414,1,0.0,99.21875,0.3558458416486197,1,0.3377621657756065,0.4543281188906576,0.0,0.0,0.551923076923077,1,tanner lee,203.0,23.0,draft,0,203.0,5.313205979041787
Clayton Thorson,2019,Northwestern,0.4252100053031242,0.1460438421812781,422.75,6.04678098777869,4,0.0,86.33413461538461,0.23804432318027244,1,0.24473693516372183,0.44218947601717573,0.03663464128580408,8.5,0.5833824395992929,1,clayton thorson,167.0,24.0,draft,0,167.0,5.117993812416755
Daniel Jones,2019,Duke,0.4320785788391569,0.145949557459753,413.3333333333333,6.024254369930973,3,0.0,75.17227564102564,0.2427359577662464,1,0.2485478504623741,0.4478973864038214,0.13449299957573185,35.22222222222222,0.6007936507936508,1,daniel jones,6.0,22.0,draft,0,6.0,1.791759469228055
Drew Lock,2019,Missouri,0.4603964497195351,0.1979118749479982,363.75,5.8964668184857025,4,0.0,75.2764423076923,0.25640355529086284,1,0.25960217270923486,0.47119442758482305,0.03460015835312748,9.104166666666666,0.5685769478428847,1,drew lock,42.0,22.0,draft,0,42.0,3.7376696182833684
Dwayne Haskins,2019,Ohio St.,0.5398107088490304,0.2320140313720299,289.5,5.66815529701305,2,0.0,91.82692307692308,0.45771964604664406,1,0.40532994866336103,0.5304437390665566,0.035208711433756805,8.083333333333334,0.6989795918367347,1,dwayne haskins,15.0,22.0,draft,0,15.0,2.70805020110221
Jarrett Stidham,2019,Auburn,0.447593130585077,0.2004192255359835,369.0,5.910796644040527,2,0.0,83.27524038461539,0.3600853079348954,1,0.3390969162047218,0.4612557295869384,0.0293168370091447,6.055555555555555,0.6426886792452831,1,jarrett stidham,133.0,23.0,draft,0,133.0,4.890349128221754
Kyler Murray,2019,Oklahoma,0.6991916129847164,0.3045977011494253,199.0,5.293304824724492,2,0.0,71.30408653846153,0.8234261820958213,1,0.6240473766561597,0.6296819836604454,0.2146072310149557,41.05555555555556,0.6737451737451737,1,kyler murray,1.0,22.0,draft,0,1.0,0.0
Ryan Finley,2019,North Carolina St.,0.4927636964061439,0.1928096992786082,434.3333333333333,6.073812288456735,3,0.0,74.95192307692308,0.37384727352216446,1,0.35254604891347785,0.49552855843698934,0.03399357601713062,6.35,0.6404494382022472,1,ryan finley,104.0,24.0,draft,0,104.0,4.6443908991413725
Will Grier,2019,West Virginia,0.5363427457261237,0.2084537446467741,379.0,5.937536205082426,2,0.0,56.23798076923077,0.3017730049416885,1,0.29451894082034036,0.5294743792539652,0.01643489254108723,3.9722222222222223,0.6575052854122622,1,will grier,100.0,24.0,draft,0,100.0,4.605170185988092
Ben DiNucci,2020,James Madison,0.5150862068965517,0.1558908045977011,26.5,3.2771447329921766,2,0.0,,-0.0876330344927037,0,0.20158967229455194,0.5079357778794739,0.15066899360093078,5.395833333333333,0.5934579439252337,1,ben dinucci,231.0,23.0,draft,0,231.0,5.442417710521793
Jacob Eason,2020,Washington,0.4773869346733668,0.1934673366834171,398.0,5.986452005284438,1,0.0,41.53846153846154,0.303833587820393,1,0.296397030519582,0.48372702594169714,0.0,0.0,0.59846547314578,1,jacob eason,122.0,22.0,draft,0,122.0,4.804021044733257
Jake Fromm,2020,Georgia,0.5072305839855509,0.2182609634662614,328.3333333333333,5.794029352503979,3,0.0,88.66185897435896,0.5191075903127876,1,0.45571707434549,0.5069797583262063,0.00484027105517909,1.1111111111111112,0.6330275229357798,1,jake fromm,167.0,22.0,draft,0,167.0,5.117993812416755
Jake Luton,2020,Oregon St.,0.4876981173181314,0.1620501481550138,238.0,5.472270673671475,3,0.0,61.06169871794873,0.2593463864336726,1,0.26275197176524495,0.4936352473876481,0.0,0.0,0.6221662468513854,1,jake luton,189.0,24.0,draft,0,189.0,5.241747015059643
Jalen Hurts,2020,Oklahoma,0.7902298850574713,0.146551724137931,174.5,5.161924741642482,2,0.0,70.0,0.20744953248548628,1,0.2319042133039227,0.6791765823911937,0.25676417535879537,68.20833333333333,0.6513849092645654,1,jalen hurts,53.0,22.0,draft,0,53.0,3.970291913552122
James Morgan,2020,Florida International,0.4822532130161334,0.1927672955974843,331.5,5.803627809625917,2,0.0,12.692307692307692,0.30913140902210495,1,0.2992415058973714,0.4883144221320873,0.0,0.0,0.5724815724815725,1,james morgan,125.0,23.0,draft,0,125.0,4.8283137373023015
Joe Burrow,2020,LSU,0.5244402985074627,0.2216025137470542,458.0,6.126869184114185,2,0.0,91.92307692307692,0.5500066285694372,1,0.4949609790101503,0.5208635026179368,0.08488420181968569,17.104166666666668,0.6878306878306878,1,joe burrow,1.0,23.0,draft,0,1.0,0.0
Justin Herbert,2020,Oregon,0.4776026439649485,0.2074244358221917,320.5,5.7698822763607245,4,0.0,58.91826923076923,0.48339326844618513,1,0.42810705989612613,0.4850227799841331,0.05044590577425457,11.666666666666666,0.6395978344934261,1,justin herbert,6.0,22.0,draft,0,6.0,1.791759469228055
Nate Stanley,2020,Iowa,0.4669541979568364,0.1819430349773357,384.5,5.951943788945699,2,0.0,83.46153846153845,0.1356898834801522,0,0.1659966876846241,0.47582104723733687,,,,0,nate stanley,244.0,23.0,draft,0,244.0,5.497168225293202
Tua Tagovailoa,2020,Alabama,0.5475043910992978,0.2766082095274618,227.33333333333331,5.426417369175352,3,0.0,84.29086538461537,0.510305515081587,1,0.4309569031469353,0.5338813897676697,0.04369056797738371,9.444444444444445,0.6929824561403509,1,tua tagovailoa,5.0,22.0,draft,0,5.0,1.6094379124341003
Davis Mills,2021,Stanford,0.3674615792262851,0.1330910742675448,141.66666666666666,4.953476880256307,3,0.0,71.08974358974359,0.3514843056700426,1,0.3154895171541149,0.4287562199715291,0.024300649901102006,2.388888888888889,0.6528735632183909,1,davis mills,67.0,22.0,draft,0,67.0,4.204692619390966
Ian Book,2021,Notre Dame,0.4896636491668646,0.1770968506066242,281.75,5.641020152919886,4,0.0,79.9834735576923,0.3699994684227059,1,0.3415399129156466,0.49438189894781615,0.14504108541945346,31.625,0.6380368098159509,1,ian book,133.0,23.0,draft,0,133.0,4.890349128221754
Justin Fields,2021,Ohio St.,0.5580428876943528,0.2162244956938905,301.0,5.707110264748875,2,0.0,98.45552884615384,0.630418225214735,1,0.5326351864437442,0.5439904403115016,0.16578870354111794,31.47222222222222,0.6844660194174758,1,justin fields,11.0,22.0,draft,0,11.0,2.3978952727983707
Kellen Mond,2021,Texas A&M,0.4721881956341128,0.1805048855156278,333.0,5.808142489980444,4,0.0,78.59375,0.29326129107952126,1,0.28740060904593023,0.4807632166816341,0.14436305163480437,33.666666666666664,0.5901033973412112,1,kellen mond,66.0,22.0,draft,0,66.0,4.189654742026425
Kyle Trask,2021,Florida,0.4928645775208917,0.1890869922481134,273.3333333333333,5.610692051590189,3,0.0,81.02764423076923,0.4856468617858454,1,0.42293914002369143,0.4967551402515355,0.007258064516129033,1.5,0.6789667896678967,1,kyle trask,64.0,23.0,draft,0,64.0,4.1588830833596715
Mac Jones,2021,Alabama,0.4384149806202059,0.2307565692992893,182.66666666666663,5.207662998279906,3,0.0,87.15544871794872,0.5082574490294058,1,0.41766205616971286,0.46420508721103526,0.00713128038897893,1.2222222222222223,0.7428057553956835,1,mac jones,15.0,23.0,draft,0,15.0,2.70805020110221
Sam Ehlinger,2021,Texas,0.4834547299793121,0.203106994769838,357.0,5.877735781779639,4,0.0,71.84795673076923,0.3695605293562105,1,0.34577152201823624,0.48889938031001035,0.14296418402517608,39.75,0.6250847457627119,1,sam ehlinger,218.0,22.0,draft,0,218.0,5.384495062789089
Trevor Lawrence,2021,Clemson,0.496996578935835,0.2249156737975358,368.6666666666667,5.90989289341417,3,0.0,68.0488782051282,0.5219306716155874,1,0.4632005861984464,0.49915240665905597,0.08540893035051172,26.194444444444443,0.6654960491659351,1,trevor lawrence,1.0,21.0,draft,0,1.0,0.0
Zach Wilson,2021,BYU,0.513391905796969,0.2436769746896329,274.0,5.6131281063880705,3,0.0,46.34214743589744,0.5074876297233182,1,0.4385485508564068,0.5113173540343756,0.0780227768354737,17.88888888888889,0.6750599520383693,1,zach wilson,2.0,22.0,draft,0,2.0,0.6931471805599453
Bailey Zappe,2022,Western Kentucky,0.5731292517006803,0.2125850340136054,588.0,6.376726947898627,1,0.0,20.76923076923077,0.44896951804716895,1,0.4203190113774099,0.5624228987543279,0.0,0.0,0.6721311475409836,1,bailey zappe,137.0,23.0,draft,0,137.0,4.919980925828125
Brock Purdy,2022,Iowa St.,0.5230175581447879,0.2152378097467597,348.5,5.853638230200579,4,0.0,68.38641826923077,0.39416756100385225,1,0.3639522943240777,0.5189365368063842,0.0881846107739567,24.520833333333332,0.6773533424283765,1,brock purdy,262.0,22.0,draft,0,262.0,5.568344503761097
Desmond Ridder,2022,Cincinnati,0.4916264563128836,0.1874865066879154,326.5,5.788429948716486,4,0.0,43.42848557692307,0.3686356683015093,1,0.34342855664283767,0.49536172942185464,0.1769954183747287,45.875,0.6211656441717791,1,desmond ridder,74.0,23.0,draft,0,74.0,4.30406509320417
Kenny Pickett,2022,Pittsburgh,0.447373680797104,0.1728814358894814,316.8,5.758270659940271,5,0.0,59.60096153846155,0.27011925013394045,1,0.2700841549533328,0.4627566048331627,0.06298552932216299,13.783333333333333,0.6248506571087217,1,kenny pickett,20.0,24.0,draft,0,20.0,2.995732273553991
Malik Willis,2022,Liberty,0.4312617903795255,0.1286689760367218,206.66666666666663,5.331107189371028,3,0.0,11.045673076923078,0.4142709348706605,1,0.3635418029222545,0.4576248852523018,0.2915583527158298,44.395833333333336,0.6272285251215559,1,malik willis,86.0,23.0,draft,0,86.0,4.454347296253507
Sam Howell,2022,North Carolina,0.5013786719465576,0.2109627450853077,386.6666666666667,5.9575629954323,3,0.0,64.6073717948718,0.4550317970996459,1,0.41345309025799526,0.5024720667945353,0.08935529578462628,28.02777777777778,0.6383169203222918,1,sam howell,144.0,21.0,draft,0,144.0,4.969813299576001
Skylar Thompson,2022,Kansas St.,0.4438440224815602,0.184049332877626,179.8,5.19184512203752,5,0.0,54.80288461538462,0.1615920391546863,0,0.20320971829384893,0.4678029488110353,,,,0,skylar thompson,247.0,25.0,draft,0,247.0,5.5093883366279774
Aidan O'Connell,2023,Purdue,0.5146198471523693,0.1797829222222061,230.0,5.438079308923196,3,0.0,90.92948717948718,0.43965162864569424,1,0.3840681166563253,0.511876162443649,0.0,0.0,0.6666666666666666,1,aidan oconnell,135.0,25.0,draft,0,135.0,4.90527477843843
Anthony Richardson,2023,Florida,0.484375,0.359375,33.0,3.4965075614664802,2,0.0,73.46454326923077,0.5518996353462996,1,0.3341181159144687,0.5012696445643096,0.26439232409381663,31.0,0.5470737913486005,1,anthony richardson,4.0,21.0,draft,0,4.0,1.3862943611198906
Bryce Young,2023,Alabama,0.3997887509902297,0.1946461579086348,284.5,5.6507332535663855,2,0.0,93.42548076923076,0.5069282010374501,1,0.43997255297866356,0.4298712140591432,0.019018548955153793,4.5,0.6575342465753424,1,bryce young,1.0,22.0,draft,0,1.0,0.0
C.J. Stroud,2023,Ohio St.,0.6332518337408313,0.2738386308068459,409.0,6.013715156042802,1,0.0,94.6153846153846,0.6048902320311995,1,0.5328647547867974,0.6059374287303589,0.01646688461072769,3.7777777777777777,0.6927710843373494,1,cj stroud,2.0,21.0,draft,0,2.0,0.6931471805599453
Clayton Tune,2023,Houston,0.4549283643712819,0.2115840829028834,249.0,5.517452896464707,4,0.0,36.73377403846154,0.32816828504131684,1,0.31011022758667184,0.47085518991734043,0.09443647618328678,20.85,0.637758505670447,1,clayton tune,139.0,24.0,draft,0,139.0,4.9344739331306915
Dorian Thompson-Robinson,2023,UCLA,0.4880304244557106,0.19979507978674,227.5,5.427150238391005,4,0.0,72.15444711538461,0.40234910056291273,1,0.3586667929522095,0.4940414777226058,0.1482975633370986,30.633333333333333,0.636432350718065,1,dorian thompsonrobinson,140.0,23.0,draft,0,140.0,4.941642422609304
Hendon Hooker,2023,Tennessee,0.4767801857585139,0.2167182662538699,323.0,5.777652323222656,1,0.0,80.76923076923077,0.5492403325331581,1,0.477311300678681,0.4843695273932471,0.1883533773397233,34.71666666666667,0.6695005313496281,1,hendon hooker,68.0,25.0,draft,0,68.0,4.219507705176107
Jaren Hall,2023,BYU,0.5261756876663709,0.2365794143744454,162.5,5.090678001769792,2,0.0,46.15384615384616,0.37574049390174336,1,0.33257691149733426,0.518041018327505,0.11420373027259684,16.583333333333332,0.6518105849582173,1,jaren hall,164.0,25.0,draft,0,164.0,5.099866427824199
Max Duggan,2023,TCU,0.4381293108924529,0.1675440994058783,257.6666666666667,5.551666759919312,3,0.0,65.7451923076923,0.411259136558027,1,0.36844040463826955,0.4587744177207268,0.16372993719469645,39.104166666666664,0.6034341782502044,1,max duggan,239.0,22.0,draft,0,239.0,5.476463551931511
Sean Clifford,2023,Penn St.,0.4760661948187469,0.2376526473390499,241.0,5.484796933490655,4,0.0,93.0408653846154,0.3458471027836986,1,0.32176865908214813,0.4856448167869063,0.09199897967859876,18.033333333333335,0.6140221402214022,1,sean clifford,149.0,25.0,draft,0,149.0,5.003946305945459
Stetson Bennett,2023,Georgia,0.5145205326936556,0.2295931922904663,155.66666666666666,5.0477169690007875,3,0.0,91.48637820512822,0.5062969247945258,1,0.4073856810529812,0.5110566443634988,0.05918481295365718,11.041666666666666,0.6504329004329005,1,stetson bennett,128.0,25.0,draft,0,128.0,4.852030263919617
Tanner McKee,2023,Stanford,0.4651162790697674,0.1561461794019933,154.0,5.0369526024136295,2,0.0,70.48076923076923,0.24755493022368028,1,0.2570020930730019,0.4824389775165381,0.0,0.0,0.6323529411764706,1,tanner mckee,188.0,23.0,draft,0,188.0,5.236441962829949
Will Levis,2023,Kentucky,0.5098591549295775,0.1887323943661971,355.0,5.872117789475416,1,0.0,53.07692307692308,0.336781351485904,1,0.320755087566525,0.5089919848971042,0.11399276236429433,15.75,0.6490514905149052,1,will levis,33.0,24.0,draft,0,33.0,3.4965075614664802
Bo Nix,2024,Oregon,0.3214285714285714,0.1785714285714285,28.0,3.332204510175204,1,0.0,60.76923076923077,0.6062099157626645,1,0.3372009303313804,0.4692975352236032,0.09529141375449349,26.95,0.6649431230610134,1,bo nix,12.0,24.0,draft,0,12.0,2.4849066497880004
Caleb Williams,2024,USC,0.5587766778375518,0.205675654819649,430.5,6.064947323867785,2,0.0,63.617057911955456,0.523154641867643,1,0.47086497906037256,0.5479267551423179,0.08521644432344133,26.083333333333332,0.668488160291439,1,caleb williams,1.0,22.0,draft,0,1.0,0.0
Devin Leary,2024,Kentucky,0.461756373937677,0.1841359773371104,353.0,5.8664680569332965,1,0.0,86.46616541353383,0.343730555843503,1,0.32596089858105537,0.4724762643029359,0.0,0.0,0.5905631659056316,1,devin leary,218.0,24.0,draft,0,218.0,5.384495062789089
Drake Maye,2024,North Carolina,0.4166666666666667,0.0833333333333333,12.0,2.4849066497880004,1,0.0,55.38461538461539,0.44012805031948005,1,0.28644238376782905,0.49758021245470124,0.13112267013437365,33.611111111111114,0.6498422712933754,1,drake maye,3.0,22.0,draft,0,3.0,1.0986122886681098
J.J. McCarthy,2024,Michigan,0.35,0.25,60.0,4.0943445622221,1,0.0,98.07692307692308,0.6137005341888991,1,0.38984363054818294,0.45175996741058316,0.0921551472732575,17.555555555555557,0.6760168302945302,1,jj mccarthy,10.0,21.0,draft,0,10.0,2.302585092994046
Jayden Daniels,2024,LSU,0.6044567062818336,0.2297102669923355,346.5,5.847882818629958,2,0.0,89.01739080525742,0.5935899272266036,1,0.5145091625043229,0.5804562452363075,0.2059666168410563,55.11666666666667,0.6627260083449235,1,jayden daniels,2.0,23.0,draft,0,2.0,0.6931471805599453
Joe Milton,2024,Tennessee,0.34375,0.109375,64.0,4.1588830833596715,1,0.0,80.76923076923077,0.5061440020124709,1,0.35583149568957273,0.4471760869986444,0.1084960774495076,9.027777777777779,0.6153846153846154,1,joe milton,193.0,24.0,draft,0,193.0,5.262690188904886
Michael Pratt,2024,Tulane,0.4508284846951682,0.1761636731596256,281.5,5.640132447579745,2,0.0,52.00120192307692,0.3708352675298722,1,0.34211965252707655,0.46660746094859407,0.10736196319018405,24.0625,0.6056572379367721,1,michael pratt,245.0,22.0,draft,0,245.0,5.501258210544727
Spencer Rattler,2024,South Carolina,0.5056790072559367,0.1971085339496703,383.0,5.948034989180646,2,0.0,83.3036790449406,0.35005362172208315,1,0.33192951146802874,0.5058070891493853,0.03737400767103737,6.983333333333333,0.6865443425076453,1,spencer rattler,150.0,23.0,draft,0,150.0,5.0106352940962555
Graham Mertz,2025,Florida,0.575801366263794,0.1862848134524435,217.0,5.37989735354046,2,0.0,87.25171136797218,0.3689231878997973,1,0.33523010163882566,0.55211412878767,0.0,0.0,0.6470588235294118,1,graham mertz,197.0,24.0,draft,0,197.0,5.2832037287379885
Adam Urena,2026,Mercyhurst,0.5606060606060606,0.1647940074906367,267.0,5.58724865840025,1,1.0,0.0,-0.0698945652543353,1,0.030582920331342654,0.5445354298444982,0.0,0.0,0.6547619047619048,1,adam urena,,22.7,class_year,0,263.0,5.572154032177765
Aidan Armenta,2026,UL Monroe,0.3977900552486187,0.1767955801104972,181.0,5.198497031265826,1,0.0,44.776119402985074,0.08519366728458472,1,0.15585413562551304,0.43926098795699436,0.03861386138613861,4.875,0.5659090909090909,1,aidan armenta,,20.7,class_year,0,263.0,5.572154032177765
Aidan Bouman,2026,South Dakota,0.5375620336767423,0.2151397750842709,206.33333333333331,5.329492984016486,3,1.0,0.0,0.3071979612622261,1,0.2941006356458373,0.5265397795218438,0.0,0.0,0.6480605487228004,1,aidan bouman,,22.7,class_year,0,263.0,5.572154032177765
Aidan Chiles,2026,Michigan State,0.5361842105263158,0.1842105263157894,304.0,5.717027701406222,1,0.0,85.82089552238806,0.4208473627355209,1,0.3802145489848934,0.5281204360015932,0.11597938144329897,15.0,0.6120996441281139,1,aidan chiles,,21.7,class_year,0,263.0,5.572154032177765
Aidan Sayin,2026,Pennsylvania,0.5227095317130104,0.1307178425573133,254.33333333333331,5.538645742616347,3,1.0,0.0,0.008273456719316587,1,0.08831711674956612,0.517673858138304,0.004728517854231208,0.8055555555555556,0.6400414937759336,1,aidan sayin,,22.7,,1,263.0,5.572154032177765
Alan Bowman,2026,Oklahoma State,0.4819361200758157,0.1594095116501755,403.5,6.000176487710004,2,0.0,61.42969363707776,0.4178676205729926,1,0.385724357233527,0.4872197801742406,0.0,0.0,0.6350832266325224,1,alan bowman,,22.7,,1,263.0,5.572154032177765
Amari Odom,2026,Wofford,0.4291879795396419,0.1914961636828644,100.5,4.61015772749913,2,1.0,0.0,0.17224102918241127,1,0.22377095747958786,0.46981183908418644,0.06283068783068783,7.916666666666667,0.6057692307692307,1,amari odom,,22.7,,1,263.0,5.572154032177765
Anthony Chiccitt,2026,Robert Morris,0.4598969704753342,0.138743855538293,149.66666666666666,5.0084105990741445,3,1.0,0.0,0.28386271709881883,1,0.277920842438096,0.47974116153538426,0.022778025904421618,2.8333333333333335,0.6358118361153262,1,anthony chiccitt,,22.7,,1,263.0,5.572154032177765
Anthony Colandrea,2026,Virginia,0.4698823817026131,0.1576030857825827,274.5,5.614951260949585,2,0.0,72.88884524744697,0.23502604725188614,1,0.2451603178472962,0.48042353576978986,0.13250517598343686,32.0,0.6378433367243134,1,anthony colandrea,,22.7,,1,263.0,5.572154032177765
Ashton Daniels,2026,Stanford,0.4774287686327694,0.1525839918033226,194.33333333333331,5.269574897682382,3,0.0,60.79323293993215,0.19815318210302768,1,0.22442492028402422,0.48796795778667273,0.22655239327296248,29.1875,0.6002766251728907,1,ashton daniels,,22.7,,1,263.0,5.572154032177765
Athan Kaliakmanis,2026,Rutgers,0.4915254237288136,0.1723163841807909,354.0,5.869296913133774,1,0.0,78.35820895522389,0.2811283320809353,1,0.27844899448339866,0.49506458866077124,0.0506454816285998,9.5625,0.5633561643835616,1,athan kaliakmanis,223.0,22.68,birth_date,0,223.0,5.407171771460119
Austin Smith,2026,Austin Peay,0.4964788732394366,0.1514084507042253,284.0,5.648974238161206,1,1.0,0.0,0.2149993518367033,0,0.23055684598582743,0.49924203523202865,0.12029416914725967,11.45,0.6005188067444877,1,austin smith,,22.7,class_year,0,263.0,5.572154032177765
Avery Johnson,2026,Kansas State,0.4753722299168975,0.1860500346260387,212.5,5.358941988364472,2,0.0,65.94377735383235,0.3148076832405316,1,0.29933181204245957,0.48603156507833833,0.1973778994381213,38.05555555555556,0.5879332477535302,1,avery johnson,,21.7,class_year,0,263.0,5.572154032177765
Ayden Pereira,2026,Merrimack,0.5887850467289719,0.205607476635514,107.0,4.672828834461906,1,1.0,0.0,-0.0595644275756914,1,0.10901663795766167,0.5465615859679367,0.32464293810927225,39.77777777777778,0.5419354838709678,1,ayden pereira,,21.7,class_year,0,263.0,5.572154032177765
Beau Brungard,2026,Youngstown State,0.4657590759075908,0.1443894389438944,157.5,5.059425458265688,2,1.0,0.0,0.1401677846769872,1,0.19413477355072745,0.48258963412531686,0.3237167478456351,72.0,0.6780354706684857,1,beau brungard,,21.7,class_year,0,263.0,5.572154032177765
Behren Morton,2026,Texas Tech,0.3510806901431901,0.1212974525474525,225.5,5.418320158942733,4,0.0,60.486732075453794,0.2544549620156483,1,0.25961047070401494,0.4025907567015151,0.0,0.0,0.626782884310618,1,behren morton,234.0,24.27,birth_date,0,234.0,5.455321115357702
Ben Finley,2026,Akron,0.4651162790697674,0.1976744186046511,344.0,5.840641657373398,1,0.0,51.49253731343284,0.08369220176783916,1,0.12946692861278747,0.4752221425864202,0.026628979470395716,2.486111111111111,0.5366834170854271,1,ben finley,,22.7,class_year,0,263.0,5.572154032177765
Ben Wooldridge,2026,Louisiana,0.485878054495146,0.1748859442659166,193.33333333333331,5.264415814872355,3,0.0,18.72102210636538,0.19136565214814052,1,0.22021401525847858,0.4933513941514261,0.08959815420111517,7.766666666666667,0.608,1,ben wooldridge,,22.7,,1,263.0,5.572154032177765
Blaine Hipa,2026,Princeton,0.7465753424657534,0.084090909090909,110.5,4.705015520957808,2,1.0,0.0,-0.16442478823192563,1,0.0543029378746582,0.6255675947485879,0.004670714619336758,0.2777777777777778,0.5562130177514792,1,blaine hipa,,22.7,class_year,0,263.0,5.572154032177765
Brady Cook,2026,Missouri,0.5513030692523475,0.1865120567980726,213.8,5.365040998590945,5,0.0,75.76935186132745,0.36745529362480195,1,0.33393613140587003,0.5358079593961512,0.12005885237861696,20.4,0.6534040671971706,1,brady cook,,24.53,birth_date,0,263.0,5.572154032177765
Brady Meitz,2026,Stetson,0.5856171589158015,0.2238529564697756,152.66666666666666,5.028256895446075,3,1.0,0.0,0.5851467651737763,1,0.4517370510256196,0.5520184279638618,0.0,0.0,0.5806010928961749,1,brady meitz,,20.7,class_year,0,263.0,5.572154032177765
Brady Olson,2026,Central Connecticut,0.5352697095435685,0.1950207468879668,241.0,5.484796933490655,1,1.0,0.0,0.02008541219476046,1,0.09940284017597241,0.526057297487471,0.05630131630392285,7.2,0.5382003395585738,1,brady olson,,22.7,class_year,0,263.0,5.572154032177765
Braedyn Locke,2026,Wisconsin,0.4068837507733908,0.1306858543962969,220.0,5.393627546352362,2,0.0,88.58293120861856,-0.49569255168437115,1,-0.2372994053702946,0.4404151352959772,0.0,0.0,0.5291576673866091,1,braedyn locke,,22.7,,1,263.0,5.572154032177765
Brayden Fowler-Nicolosi,2026,Colorado State,0.4569954860128211,0.1544854215534102,276.6666666666667,5.622813412122534,3,0.0,28.79668408802569,0.32109692037286136,1,0.30636259918932407,0.47119285993889115,0.007483091092243488,1.0833333333333333,0.6022845275181724,1,brayden fowlernicolosi,,21.7,class_year,0,263.0,5.572154032177765
Brayden Schager,2026,Hawai'i,0.4641948158384376,0.1305857350790327,335.0,5.814130531825066,4,0.0,22.27490279849016,0.11133789741255702,1,0.1511044530791908,0.4747351001074803,0.033779477374123644,6.625,0.5926183844011143,1,brayden schager,,22.7,,1,263.0,5.572154032177765
Braylon Braxton,2026,Marshall,0.4818652849740932,0.2020725388601036,193.0,5.262690188904886,1,0.0,23.88059701492537,0.14780171035424544,1,0.19268430527217106,0.4908208350348717,0.16407551360355357,19.7,0.6,1,braylon braxton,,22.7,,1,263.0,5.572154032177765
Brendan Sorsby,2026,Cincinnati,0.5301837270341208,0.1496062992125984,381.0,5.942799375126701,1,0.0,64.92537313432835,0.5067341006002525,1,0.45292688398484005,0.5247430130028706,0.1539366835353654,27.25,0.6138716356107661,1,brendan sorsby,,21.7,class_year,0,263.0,5.572154032177765
Brendon Lewis,2026,Nevada,0.4919701213818861,0.1367585630743525,243.0,5.493061443340548,2,0.0,25.00280552126585,0.250736880303603,1,0.25681174905812326,0.49647535939589216,0.21822799648334473,31.02777777777778,0.6338028169014085,1,brendon lewis,,22.7,,1,263.0,5.572154032177765
Brett Gabbert,2026,Miami (OH),0.5399594164029466,0.2088187126713699,177.8,5.180659323079804,5,0.0,26.19135536775128,0.3425644952261004,1,0.3145051446964676,0.5269253202599475,0.0426699716713881,6.694444444444445,0.5840840840840841,1,brett gabbert,,22.7,,1,263.0,5.572154032177765
Brock Vandagriff,2026,Kentucky,0.4575471698113207,0.2028301886792453,212.0,5.356586274672012,1,0.0,94.77611940298507,0.3985706613887201,0,0.35410559132935865,0.4743868749346419,0.09147286821705426,3.6875,0.5732217573221757,1,brock vandagriff,,22.7,,1,263.0,5.572154032177765
Bryce Archie,2026,South Florida,0.387719298245614,0.1087719298245614,150.0,5.0106352940962555,2,0.0,10.854561777578272,-0.09056433609390026,1,0.0636111833646655,0.4384023514480747,0.07055503292568203,4.166666666666667,0.5825242718446602,1,bryce archie,,22.7,,1,263.0,5.572154032177765
CJ Bailey,2026,NC State,0.5428571428571428,0.1857142857142857,280.0,5.634789603169249,1,0.0,55.970149253731336,0.38927078915147106,1,0.35517598896643887,0.5323924573960714,0.08218266511395775,20.583333333333332,0.670958512160229,1,cj bailey,,20.7,class_year,0,263.0,5.572154032177765
CJ Ogbonna,2026,Buffalo,0.3125,0.25,16.0,2.772588722239781,1,0.0,51.127819548872175,-0.0353067422682357,0,0.23184148129900417,0.4820381660633243,0.21885625965996908,14.75,0.5447368421052632,1,cj ogbonna,,22.7,,1,263.0,5.572154032177765
Cade Klubnik,2026,Clemson,0.5022268032261876,0.1534489985013276,342.3333333333333,5.835784921260449,3,0.0,65.97807895607768,0.29219978010926834,1,0.28672126234797185,0.5032177140453834,0.07972727272727273,18.270833333333332,0.6396648044692738,1,cade klubnik,110.0,22.0,draft,0,110.0,4.700480365792417
Cade McNamara,2026,Iowa,0.3935607294041029,0.1466134809508303,115.5,4.749270529961848,2,0.0,91.02233194927618,0.053703762851273276,1,0.1602097997307198,0.4490511748653295,0.0,0.0,0.6214039125431531,1,cade mcnamara,,22.7,,1,263.0,5.572154032177765
Caden Veltkamp,2026,Western Kentucky,0.5078947368421053,0.1135627530364372,145.33333333333334,4.979029954680925,3,0.0,31.03222051939693,0.23251167904996425,1,0.2488262516953207,0.507176431531852,0.03641004971113798,5.645833333333333,0.6742976066597295,1,caden veltkamp,,22.7,,1,263.0,5.572154032177765
Cam Fancher,2026,Florida Atlantic,0.4873096446700508,0.1776649746192893,197.0,5.2832037287379885,1,0.0,2.985074626865672,0.2437957676016742,0,0.2532915465327025,0.4941752493264213,0.18673218673218672,21.533333333333335,0.6031175059952039,1,cam fancher,,22.7,,1,263.0,5.572154032177765
Cam Miller,2025,North Dakota State,0.5899376114443092,0.2147116305947582,265.3333333333333,5.580986897176273,3,1.0,0.0,0.4585068116094992,1,0.4025285691852496,0.5650865223998758,0.1881350713332649,30.55,0.7062146892655368,1,cam miller,215.0,24.0,draft,0,215.0,5.3706380281276624
Camden Coleman,2026,Richmond,0.5570710696338836,0.13490069394592,141.5,4.952299717083292,2,1.0,0.0,0.3267743786601566,0,0.3016764231128334,0.5346085434962998,0.0885208452312964,12.916666666666666,0.6516290726817042,1,camden coleman,,22.7,,1,263.0,5.572154032177765
Caron Tyler,2026,Valparaiso,0.3933333333333333,0.1733333333333333,150.0,5.0106352940962555,1,1.0,0.0,-0.4566167874765575,1,-0.1459125195184354,0.4416157527386591,0.2542372881355932,12.916666666666666,0.5825688073394495,1,caron tyler,,20.7,class_year,0,263.0,5.572154032177765
Carson Beck,2026,Georgia,0.529438207762494,0.214180812570261,225.5,5.418320158942733,4,0.0,84.25581843364866,0.43658749135547736,1,0.3812802045314987,0.5217386748330506,0.0239740281361858,4.8,0.6944644140905823,1,carson beck,65.0,24.0,draft,0,65.0,4.174387269895637
Carson Conklin,2026,Sacramento State,0.5124701385570951,0.1554865424430641,218.0,5.384495062789089,2,1.0,0.0,0.09494865558854673,1,0.15437607324062286,0.5103565597483678,0.0,0.0,0.5922818791946308,1,carson conklin,,22.7,,1,263.0,5.572154032177765
Carter Cravens,2026,Morehead State,0.4375105444785276,0.1651242970347648,173.0,5.153291594497779,3,1.0,0.0,0.07716134389731807,1,0.15296243910349322,0.464530761726311,0.0557968593384564,6.958333333333333,0.5433962264150943,1,carter cravens,,22.7,class_year,0,263.0,5.572154032177765
Carter Peevy,2026,Maine,0.5483870967741935,0.1709677419354838,310.0,5.736572297479192,1,1.0,0.0,0.05366701287614253,1,0.11110115053859297,0.5371979928713231,0.09635281945162959,10.347222222222221,0.6388888888888888,1,carter peevy,,22.7,class_year,0,263.0,5.572154032177765
Chad Mascoe II,2026,Campbell,0.5,0.2083333333333333,24.0,3.1780538303479458,1,1.0,0.0,-0.0201929964334516,0,0.21879980463134086,0.505143304778302,0.014460999123575811,0.9166666666666666,0.6509803921568628,1,chad mascoe,,22.7,,1,263.0,5.572154032177765
Chandler Morris,2026,North Texas,0.486652977412731,0.1786447638603696,487.0,6.18826412308259,1,0.0,13.432835820895525,0.3039784060304513,1,0.29761957845386616,0.4903178381840002,0.08810091378625348,12.319444444444445,0.6430278884462152,1,chandler morris,,22.7,,1,263.0,5.572154032177765
Chase Artopoeus,2026,Chattanooga,0.634637905632579,0.209946734161913,231.5,5.444579873526289,2,1.0,0.0,0.3453159247903737,1,0.32074492960319145,0.5927594515814221,0.05141916906622789,10.416666666666666,0.6132075471698113,1,chase artopoeus,,22.7,,1,263.0,5.572154032177765
Christian Veilleux,2026,Georgia State,0.4631578947368421,0.1894736842105263,285.0,5.652489180268651,1,0.0,28.35820895522388,0.2500874477131866,0,0.25570301909240545,0.47531811390850615,0.03550011993283761,2.466666666666667,0.5436241610738255,1,christian veilleux,,22.7,class_year,0,263.0,5.572154032177765
Christopher Zellous,2026,Hampton,0.4430622009569378,0.166267942583732,58.5,4.069026754237811,2,1.0,0.0,-0.3458364838341135,1,0.058766210213289136,0.4845740223946076,0.28477848646785037,34.416666666666664,0.5890850722311396,1,christopher zellous,,22.7,,1,263.0,5.572154032177765
Cole Gonzales,2026,Western Carolina,0.5707587638521491,0.2361488640259332,223.66666666666663,5.410156848303572,3,1.0,0.0,0.2736851454795523,1,0.2724500749137526,0.549225034578301,0.0749346899491269,11.354166666666666,0.6372670807453417,1,cole gonzales,,22.7,,1,263.0,5.572154032177765
Cole Snyder,2026,Eastern Michigan,0.4820936639118457,0.1373626373626373,364.0,5.8971538676367405,1,0.0,7.462686567164178,0.1747418788226756,0,0.19716125303334445,0.4877786389325276,0.07248467363865849,10.05,0.5818330605564648,1,cole snyder,,22.7,,1,263.0,5.572154032177765
Collin Hurst,2026,Presbyterian,0.5163934426229508,0.2113821138211382,246.0,5.5053315359323625,1,1.0,0.0,0.5429832125234425,1,0.45754428160515387,0.513217286528441,0.04476755308972642,9.75,0.6773618538324421,1,collin hurst,,20.7,class_year,0,263.0,5.572154032177765
Colton Joseph,2026,Old Dominion,0.4946808510638298,0.1702127659574468,188.0,5.236441962829949,1,0.0,47.01492537313433,0.3386559307475769,1,0.31301009659947365,0.4989995353385416,0.2810169491525424,69.08333333333333,0.6,1,colton joseph,,20.7,class_year,0,263.0,5.572154032177765
Connor Bazelak,2026,Bowling Green,0.5311106550495346,0.1539907460960092,334.5,5.8126368795682835,2,0.0,44.65267646728762,0.2590044340750295,1,0.2617598953574934,0.5248707991148671,0.0,0.0,0.6297918948521358,1,connor bazelak,,25.59,birth_date,0,263.0,5.572154032177765
Connor Watkins,2026,Villanova,0.4647649792797124,0.196649953064542,247.0,5.5093883366279774,3,1.0,0.0,0.2089481178505184,1,0.22799731148209357,0.4777105754111304,0.1554397559735638,33.97222222222222,0.5391095066185319,1,connor watkins,,22.7,,1,263.0,5.572154032177765
Cooper Legas,2026,Tulsa,0.4102564102564102,0.1794871794871795,156.0,5.049856007249537,1,0.0,1.8656716417910448,0.1470578525222007,0,0.1984464921761333,0.45038357292570924,0.11677160847166572,12.75,0.6022727272727273,1,cooper legas,,22.7,,1,263.0,5.572154032177765
Daniel Richardson,2026,Florida A&M,0.5675675675675675,0.1915708812260536,261.0,5.564520407322694,1,0.0,,0.521158355532841,0,0.4457105314142473,0.5491473626074209,0.0,0.0,0.6296296296296297,1,daniel richardson,,22.7,,1,263.0,5.572154032177765
Danny Lauter,2026,Georgetown,0.5416666666666666,0.1666666666666666,264.0,5.575949103146316,1,1.0,0.0,0.1755465446349463,0,0.2036877820782219,0.5311114911803337,0.007194244604316547,0.5833333333333334,0.6121495327102804,1,danny lauter,,22.7,class_year,0,263.0,5.572154032177765
Danny O'Neil,2026,San Diego State,0.4691358024691358,0.1265432098765432,324.0,5.780743515792329,1,0.0,10.44776119402985,0.2216903191320149,0,0.23410124854671915,0.4786722215514454,0.04961187985150186,6.125,0.6428571428571429,1,danny oneil,,22.7,,1,263.0,5.572154032177765
Dante Chachere,2026,Portland State,0.5251634169463335,0.1713434246109877,217.66666666666663,5.382964840608321,3,1.0,0.0,0.23983634052708255,1,0.25008258535671263,0.5187337882390052,0.26308724832214764,40.833333333333336,0.6080332409972299,1,dante chachere,,22.7,,1,263.0,5.572154032177765
Darian Mensah,2026,Tulane,0.539568345323741,0.2321428571428571,280.0,5.634789603169249,1,0.0,36.56716417910448,0.3610212041274872,1,0.3350008231417715,0.5300436782708629,0.014714537963507945,4.166666666666667,0.6645489199491741,1,darian mensah,,22.7,,1,263.0,5.572154032177765
Darius Perrantes,2026,Duquesne,0.529882182389753,0.1987929125548553,123.0,4.812184355372417,4,1.0,0.0,0.5125593939387713,1,0.39691681088935227,0.5186135494971547,0.0,0.0,0.5450310559006211,1,darius perrantes,,22.7,,1,263.0,5.572154032177765
Darius Wilson,2026,William & Mary,0.4956182558156242,0.1884632239895398,137.5,4.923623917106626,4,1.0,0.0,0.2164913773918485,1,0.24051165570898275,0.5003899269785885,0.20810112817724616,31.895833333333332,0.6179775280898876,1,darius wilson,,22.7,,1,263.0,5.572154032177765
Davin Wydner,2026,West Georgia,0.5180722891566265,0.2352941176470588,85.0,4.442651256490317,1,1.0,0.0,0.0869943236345536,1,0.19105380212703982,0.5113464938418559,0.17091571279916754,27.375,0.5808510638297872,1,davin wydner,,21.7,class_year,0,263.0,5.572154032177765
Davis Bryson,2026,Kennesaw State,0.256,0.118,130.0,4.867534450455582,2,0.0,25.37313432835821,-0.0657670173032254,0,0.08966733110051991,0.3718493466160626,,,,0,davis bryson,,21.7,class_year,0,263.0,5.572154032177765
Davis Warren,2026,Michigan,0.3526570048309179,0.0821256038647342,73.33333333333333,4.295015257684252,3,0.0,96.20803461313646,0.2924248496944679,1,0.2788611472209564,0.44549248223597926,0.003098373353989156,0.1111111111111111,0.6244343891402715,1,davis warren,,22.7,class_year,0,263.0,5.572154032177765
Dean DeNobile,2026,Lafayette,0.6058532323820618,0.1739323561139666,256.0,5.545177444479562,2,1.0,0.0,0.09660287024941032,1,0.14939112277490596,0.5755262636670743,0.02582093741229301,5.111111111111111,0.6529535864978903,1,dean denobile,,22.7,class_year,0,263.0,5.572154032177765
Derek Robertson,2026,Monmouth,0.5686274509803921,0.2224938875305623,409.0,6.013715156042802,1,1.0,0.0,0.3079510026051748,1,0.29978593656531916,0.5552113094795911,0.0,0.0,0.6589492430988424,1,derek robertson,,22.7,class_year,0,263.0,5.572154032177765
Deshawn Purdie,2026,Charlotte,0.4325842696629213,0.2415730337078651,178.0,5.181783550292085,1,0.0,40.298507462686565,0.3869417866664704,0,0.3417572944028309,0.4610419091811876,0.0,0.0,0.5,1,deshawn purdie,,22.7,,1,263.0,5.572154032177765
Devin Farrell,2026,Rhode Island,0.7610837438423645,0.1157635467980295,102.0,4.624972813284271,2,1.0,0.0,0.16587975984142705,1,0.22037871712285323,0.62767583644799,0.07125930941096818,11.694444444444445,0.6267942583732058,1,devin farrell,,21.7,class_year,0,263.0,5.572154032177765
Devon Dampier,2026,New Mexico,0.5422857482467609,0.1776120290027338,202.5,5.310739886546594,2,0.0,9.721131186174391,0.30256800171228215,1,0.2909604654624619,0.5294463761372449,0.2863137109712452,64.44444444444444,0.6065989847715736,1,devon dampier,,22.7,,1,263.0,5.572154032177765
Diego Pavia,2026,Vanderbilt,0.5085324232081911,0.1706484641638225,293.0,5.680172609017068,1,0.0,79.8507462686567,0.5395424007173227,1,0.46496903063453576,0.5078995628181217,0.23162867426514697,64.35416666666667,0.6214459788789602,1,diego pavia,,23.6,birth_date,0,263.0,5.572154032177765
Dillon Gabriel,2025,Oregon,0.5613636363636364,0.2022727272727272,440.0,6.0867747269123065,1,0.0,86.94029850746269,0.5576011130717343,0,0.4992191207674413,0.5501753061924934,0.061246040126715945,16.916666666666668,0.6513064133016627,1,dillon gabriel,94.0,24.0,draft,0,94.0,4.543294782270004
Draylen Ellis,2026,Tennessee State,0.5280937453351247,0.1654151054348991,230.0,5.438079308923196,3,1.0,0.0,0.26519766538475464,1,0.2667659961800796,0.5209359556313462,0.06279895077920074,8.479166666666666,0.5750273822562979,1,draylen ellis,,22.7,,1,263.0,5.572154032177765
Drew Allar,2026,Penn State,0.4891102658208948,0.1722402237731251,264.3333333333333,5.5772109329667385,3,0.0,87.45233826276984,0.41413444623309176,1,0.37121807674123886,0.4942115946276227,0.0904399115261735,15.333333333333334,0.6323676323676324,1,drew allar,76.0,22.0,draft,0,76.0,4.330733340286331
Drew VanVleet,2026,Dayton,0.5117227646454265,0.1091909882232462,195.5,5.27556037942542,2,1.0,0.0,0.1123062693954925,0,0.16975689023167445,0.5097268716742397,0.0,0.0,0.6185770750988142,1,drew vanvleet,,20.7,class_year,0,263.0,5.572154032177765
Dylan Raiola,2026,Nebraska,0.5027322404371585,0.1557377049180328,366.0,5.902633333401366,1,0.0,79.1044776119403,0.26202469903798353,1,0.263890630140058,0.5035556179157289,0.0,0.0,0.6904400606980273,1,dylan raiola,,20.7,class_year,0,263.0,5.572154032177765
E.J. Warner,2026,Rice,0.431924882629108,0.1408450704225352,426.0,6.054439346269371,1,0.0,35.07462686567165,0.4635652491117021,1,0.42324879271895494,0.44740330406196,0.010674208557613356,2.4375,0.6157205240174672,1,ej warner,,22.7,,1,263.0,5.572154032177765
Eli Holstein,2026,Pittsburgh,0.5,0.1737588652482269,282.0,5.641907070938114,1,0.0,50.0,0.3463771043009488,0,0.32465318284470696,0.5017758702542817,0.11176786673831274,17.333333333333332,0.6168674698795181,1,eli holstein,,20.7,class_year,0,263.0,5.572154032177765
Eli Sawyer,2026,SE Louisiana,0.5779322229920364,0.2089927799130716,180.33333333333331,5.194806990178372,3,1.0,0.0,0.2228747164101327,1,0.24092979124500205,0.5504579116031599,0.0,0.0,0.6188466947960619,1,eli sawyer,,22.7,,1,263.0,5.572154032177765
Elijah Owens,2026,Indiana State,0.4400826446280991,0.149793388429752,143.0,4.962844630259907,2,1.0,0.0,0.1924702433842766,0,0.22652620936394025,0.46915090968991635,0.2572153504598795,22.52777777777778,0.6657060518731989,1,elijah owens,,20.7,class_year,0,263.0,5.572154032177765
Emmett Brown,2026,San José State,0.495049504950495,0.1831683168316831,202.0,5.308267697401205,1,0.0,16.417910447761194,0.2970452960347119,0,0.2873898456853387,0.4990441334628721,0.0,0.0,0.5746606334841629,1,emmett brown,,22.7,,1,263.0,5.572154032177765
Ethan Garbers,2026,UCLA,0.5445119183407434,0.1754000907842361,147.5,4.993828175779875,4,0.0,55.02679923531672,0.3621732331912167,1,0.3223726408232964,0.5279908175811578,0.06201387429051924,6.145833333333333,0.6532663316582915,1,ethan garbers,,22.7,,1,263.0,5.572154032177765
Ethan Hampton,2026,Northern Illinois,0.4251382743362832,0.0678729456384323,94.0,4.543294782270004,4,0.0,25.13637568035126,0.4482804749414604,1,0.35131924440297385,0.46924590212682493,0.04371785451873622,1.9833333333333334,0.5821256038647343,1,ethan hampton,,22.7,,1,263.0,5.572154032177765
Ethan Vasko,2026,Coastal Carolina,0.4685808039376538,0.1769483182936833,190.0,5.247024072160486,2,0.0,18.000224441701267,0.17015008808908083,1,0.2071874953419611,0.4825536651073132,0.18128360215053763,22.479166666666668,0.5692771084337349,1,ethan vasko,,22.7,,1,263.0,5.572154032177765
Evan Bullock,2026,Louisiana Tech,0.4516891891891892,0.1827702702702702,150.5,5.01396308418893,2,0.0,25.12344293569745,0.04367963914767707,1,0.1402664202747595,0.4749734667244062,0.0,0.0,0.6430594900849859,1,evan bullock,,20.7,class_year,0,263.0,5.572154032177765
Evan Simon,2026,Temple,0.4421052631578947,0.175438596491228,285.0,5.652489180268651,1,0.0,33.582089552238806,0.2588164472260822,1,0.2619684759140588,0.4602070632153306,0.040550735571482456,3.5833333333333335,0.5924050632911393,1,evan simon,,22.7,class_year,0,263.0,5.572154032177765
Evan Svoboda,2026,Wyoming,0.395010395010395,0.1669927846398434,129.0,4.859812404361672,2,0.0,23.98720682302772,-0.22922373163811,1,0.0028406236063265033,0.44671933552261334,,,,0,evan svoboda,,22.7,class_year,0,263.0,5.572154032177765
Fernando Mendoza,2026,California,0.5292022516778091,0.1780731924102485,284.0,5.648974238161206,2,0.0,47.56480754124116,0.4716871786706231,1,0.4146180164094453,0.5227067371225427,0.05359192104659169,12.972222222222221,0.685515873015873,1,fernando mendoza,1.0,22.0,draft,0,1.0,0.0
Garrett Greene,2026,West Virginia,0.4738996702564065,0.1543697458476781,130.6,4.8721392168423305,5,0.0,62.155598256858624,0.32794530622608326,1,0.3011792485847693,0.48883665081542993,0.28457234212629895,35.6,0.5669515669515669,1,garrett greene,,22.7,,1,263.0,5.572154032177765
Garrett Nussmeier,2026,LSU,0.4836970992543748,0.1583796713592536,182.75,5.208119098629888,4,0.0,88.81409149906959,0.38034709463691985,1,0.338397326121732,0.49226772575453714,0.0,0.0,0.6391852570320078,1,garrett nussmeier,249.0,24.21,birth_date,0,249.0,5.517452896464707
Gevani McCoy,2026,Oregon State,0.48,0.135,200.0,5.298317366548036,1,0.0,44.02985074626866,0.1675937208287059,0,0.20436224903286332,0.4894244841047948,0.08379103333759101,13.666666666666666,0.6567844925883695,1,gevani mccoy,,22.7,,1,263.0,5.572154032177765
Grant Jordan,2026,Yale,0.6724137931034483,0.1885714285714285,175.0,5.1647859739235145,1,1.0,0.0,0.3625856043540126,0,0.3264368767771154,0.6075460522053932,0.14598786244099798,18.041666666666668,0.6361111111111111,1,grant jordan,,22.7,,1,263.0,5.572154032177765
Grant Sergent,2026,San Diego,0.6768946882825886,0.3553183076314749,124.66666666666669,4.825643508746422,3,1.0,0.0,0.11953679234245777,1,0.19075501269988676,0.5961135140041867,0.0,0.0,0.6063569682151589,1,grant sergent,,22.7,,1,263.0,5.572154032177765
Grayson James,2026,Boston College,0.514792899408284,0.1893491124260355,169.0,5.1298987149230735,1,0.0,70.1492537313433,0.3729991462582814,0,0.331926786261205,0.5113847416296883,0.07782101167315175,6.666666666666667,0.5948509485094851,1,grayson james,,22.7,class_year,0,263.0,5.572154032177765
Hajj-Malik Williams,2026,UNLV,0.4796747967479675,0.1951219512195122,246.0,5.5053315359323625,1,0.0,31.343283582089555,0.3262596055115192,0,0.30864759915723294,0.4879902951999686,0.1818576388888889,23.27777777777778,0.6245019920318725,1,hajjmalik williams,,22.7,,1,263.0,5.572154032177765
Hank Bachmeier,2026,Wake Forest,0.5072463768115942,0.1594202898550724,345.0,5.84354441703136,1,0.0,61.56716417910447,0.3571713644614663,0,0.33579531347717506,0.5070008254595816,0.017114914425427872,2.7222222222222223,0.6301003344481605,1,hank bachmeier,,22.7,,1,263.0,5.572154032177765
Hayden Johnson,2026,Lehigh,0.6747967479674797,0.2764227642276423,123.0,4.812184355372417,1,1.0,0.0,0.19651957615980614,1,0.23154273786226587,0.5944429564337844,0.16332686920922215,31.583333333333332,0.639821029082774,1,hayden johnson,,20.7,class_year,0,263.0,5.572154032177765
Hayden Wolff,2026,Western Michigan,0.5252224760475979,0.1718094718537965,244.5,5.499215308914927,2,0.0,55.524071372461,0.32042024824212206,1,0.30456935374149285,0.5192581546991206,0.0,0.0,0.6200150489089541,1,hayden wolff,,22.7,,1,263.0,5.572154032177765
Haynes King,2026,Georgia Tech,0.5265220659293461,0.179413185869215,273.0,5.60947179518496,2,0.0,70.98529906856695,0.46092393988102026,1,0.4053568073319312,0.5206209829230986,0.20345956839365187,33.65277777777778,0.6557645134914145,1,haynes king,,25.29,birth_date,0,263.0,5.572154032177765
Hudson Card,2026,Purdue,0.4921251993620414,0.1530602073365231,290.0,5.66988092298052,2,0.0,98.50746268656717,0.1079514449979295,1,0.15311266821929548,0.4960605620972287,0.04309601792794346,4.166666666666667,0.6022304832713755,1,hudson card,,22.7,,1,263.0,5.572154032177765
Hunter Helms,2026,Rhode Island,0.5039370078740157,0.1968503937007874,127.0,4.844187086458591,1,1.0,0.0,0.0975333931238812,0,0.17837066376083494,0.5050188157755795,0.007204610951008645,0.20833333333333334,0.6180904522613065,1,hunter helms,,22.7,,1,263.0,5.572154032177765
Hunter Watson,2026,Sam Houston,0.4642857142857143,0.1309523809523809,252.0,5.529429087511423,1,0.0,34.32835820895522,0.008511242263289993,1,0.08899472543660739,0.4772010370117282,0.24023945861530452,38.458333333333336,0.6025917926565875,1,hunter watson,,22.7,class_year,0,263.0,5.572154032177765
Isaac Wilson,2026,Utah,0.4407582938388625,0.1800947867298578,211.0,5.351858133476067,1,0.0,55.223880597014926,0.1605949241944518,0,0.19853918982911742,0.46347370512426783,0.03205128205128205,2.0833333333333335,0.5619469026548672,1,isaac wilson,,20.7,class_year,0,263.0,5.572154032177765
JC French,2026,Georgia Southern,0.597822445561139,0.1546063651591289,206.5,5.330300412401088,2,0.0,35.17843115250814,0.18194282985020652,1,0.21291351744196801,0.5656080744631639,0.09277554800864464,16.694444444444443,0.6507352941176471,1,jc french,,21.7,class_year,0,263.0,5.572154032177765
JT Fayard,2026,Northwestern State,0.6843971631205674,0.2411347517730496,72.0,4.276666119016055,2,1.0,0.0,-0.09195012080989085,1,0.12840466040079546,0.575933742761448,0.0,0.0,0.5934959349593496,1,jt fayard,,22.7,,1,263.0,5.572154032177765
Ja'Shawn Scroggins,2026,Howard,0.4906367041198502,0.2691011235955056,62.333333333333336,4.132496328186477,3,1.0,0.0,0.09783095293967621,1,0.20845215978880638,0.5006660486568235,0.2723449001051525,10.791666666666666,0.5192307692307693,1,jashawn scroggins,,21.7,class_year,0,263.0,5.572154032177765
JaCobian Morgan,2026,Jackson State,0.5559988179669031,0.180112293144208,130.0,4.867534450455582,2,1.0,0.0,0.13395874011533546,1,0.19693125066984118,0.5329655165943614,0.13282442748091602,11.6,0.6346483704974271,1,jacobian morgan,,22.7,class_year,0,263.0,5.572154032177765
Jack Capaldi,2026,Fordham,0.7411764705882353,0.5614035087719298,86.0,4.454347296253507,2,1.0,0.0,0.4345293298089023,1,0.3414319160111773,0.6082547315573308,0.08395629672225417,6.083333333333333,0.49800796812749004,1,jack capaldi,,22.7,class_year,0,263.0,5.572154032177765
Jack Lausch,2026,Northwestern,0.3929552975489371,0.1887935386168601,97.66666666666669,4.581560320348958,3,0.0,95.50929562712751,0.009714421158902045,1,0.14878097165526488,0.45348765063926666,0.13928914505283382,8.055555555555555,0.5374592833876222,1,jack lausch,,22.7,,1,263.0,5.572154032177765
Jack Layne,2026,Idaho,0.6206896551724137,0.3167134831460674,56.5,4.034240638152395,2,0.0,,0.23618322952908316,1,0.25865489687662446,0.5446057625970971,0.0465897166841553,4.625,0.6549815498154982,1,jack layne,,22.7,,1,263.0,5.572154032177765
Jack Wagner,2026,Idaho,0.73,0.255,77.0,4.343805421853684,2,0.0,,1.1583487046336534,0,0.6317952703767392,0.597375225504836,0.04424276800907544,2.1666666666666665,0.5668202764976958,1,jack wagner,,20.7,class_year,0,263.0,5.572154032177765
Jackson Arnold,2026,Oklahoma,0.4865424430641822,0.1300897170462387,135.0,4.90527477843843,2,0.0,78.96981259117945,0.23159376743352217,1,0.24900704087526826,0.4954789599067684,0.20917387127761766,24.194444444444443,0.630188679245283,1,jackson arnold,,22.7,,1,263.0,5.572154032177765
Jackson Berry,2026,Southern Utah,0.2993421052631579,0.0811688311688311,77.5,4.350277936359301,2,1.0,0.0,0.21388647790307153,1,0.24704960834172263,0.4216545976266605,0.16566626650660263,7.666666666666667,0.6223404255319149,1,jackson berry,,22.7,,1,263.0,5.572154032177765
Jackson Proctor,2026,Dartmouth,0.6168530947054437,0.1218803418803418,79.33333333333333,4.373658385003365,3,1.0,0.0,0.4588158954005737,1,0.3482559884610303,0.5520923278164742,0.21465076660988075,13.125,0.6945337620578779,1,jackson proctor,,22.7,,1,263.0,5.572154032177765
Jacob Clark,2026,Missouri State,0.5940656565656566,0.1890782828282828,153.0,5.030437921392435,3,0.0,,0.27646440662534805,1,0.27372506212875614,0.5569373810135698,0.008511703592439605,1.1333333333333333,0.6728538283062645,1,jacob clark,,25.48,birth_date,0,263.0,5.572154032177765
Jacolby Criswell,2026,North Carolina,0.4194343342432514,0.1634629966636336,86.25,4.457250055911469,4,0.0,53.51050207162952,0.04249302177065452,1,0.17104319546057517,0.4684888530297359,0.12358049432197729,7.708333333333333,0.5930232558139535,1,jacolby criswell,,22.7,,1,263.0,5.572154032177765
Jaden Craig,2026,Harvard,0.598095238095238,0.248984962406015,125.5,4.832305758571839,2,1.0,0.0,0.28033165629644863,1,0.2754509720066366,0.5547681850040617,0.030371203599550055,5.25,0.611032531824611,1,jaden craig,,22.7,class_year,0,263.0,5.572154032177765
Jaden Johnson,2026,Prairie View A&M,0.4675324675324675,0.1883116883116883,154.0,5.0369526024136295,1,1.0,0.0,0.2183880483433057,0,0.24011983768056094,0.4838375058498331,0.11695501730103806,3.5208333333333335,0.572972972972973,1,jaden johnson,,22.7,,1,263.0,5.572154032177765
Jake Garcia,2026,East Carolina,0.4943820224719101,0.2022471910112359,178.0,5.181783550292085,1,0.0,5.223880597014925,0.2078135348115325,0,0.2318325076590494,0.4989650437421961,0.006688963210702341,0.4444444444444444,0.6123778501628665,1,jake garcia,,22.7,,1,263.0,5.572154032177765
Jake Retzlaff,2026,BYU,0.4278907093563682,0.1607788366743345,238.5,5.474369310328396,2,0.0,61.42688811581192,0.27776742080642225,1,0.27527966675445925,0.4529374534747953,0.14811524305114862,32.416666666666664,0.5843714609286523,1,jake retzlaff,,22.7,,1,263.0,5.572154032177765
Jake Stearney,2026,Colgate,0.6298997805847121,0.1258672834015299,148.0,4.997212273764115,2,1.0,0.0,0.16642489251033696,1,0.21104906794664008,0.5766166892016719,0.036019154694982305,4.805555555555555,0.6181556195965417,1,jake stearney,,21.7,class_year,0,263.0,5.572154032177765
Jake Willcox,2026,Brown,0.5672274836179271,0.142295642607739,96.66666666666669,4.5712686343124105,3,1.0,0.0,0.1542226760059903,1,0.21637257503063506,0.5344874128936754,0.05985768103809125,11.916666666666666,0.635673624288425,1,jake willcox,,22.7,,1,263.0,5.572154032177765
Jalen Kitna,2026,UAB,0.5062111801242236,0.1677018633540372,322.0,5.7745515455444085,1,0.0,26.119402985074625,0.09870217480539342,1,0.1429218652061153,0.5062198719199799,0.0,0.0,0.6431784107946027,1,jalen kitna,,22.7,class_year,0,263.0,5.572154032177765
Jalen Milroe,2025,Alabama,0.4105957448348752,0.1964265738363359,161.0,5.081404364984463,4,0.0,85.37209761988339,0.557657782408385,1,0.4396006208697944,0.4498488819185468,0.20789993416721528,32.895833333333336,0.6425339366515838,1,jalen milroe,92.0,22.0,draft,0,92.0,4.5217885770490405
Jalon Daniels,2026,Kansas,0.5167866118719349,0.2000800666308231,167.8,5.122772794033106,5,0.0,69.4739769266386,0.4657784867796792,1,0.3873797402817804,0.5125655272963624,0.13706293706293707,20.416666666666668,0.6152556580050293,1,jalon daniels,,23.49,birth_date,0,263.0,5.572154032177765
Jameson Wang,2026,Cornell,0.5875322596226832,0.155042440573935,209.0,5.342334251964811,3,1.0,0.0,0.2974308583740579,1,0.2878513497395852,0.5591603379563047,0.18496889678811732,40.47222222222222,0.6266531027466938,1,jameson wang,,22.7,,1,263.0,5.572154032177765
Jarrett Guest,2026,Bryant,0.5141242937853108,0.1864406779661017,177.0,5.176149732573829,1,1.0,0.0,0.1995295804223999,0,0.22684309749157683,0.5110696589357319,0.0736875395319418,3.236111111111111,0.6121951219512195,1,jarrett guest,,22.7,,1,263.0,5.572154032177765
Jaxson Dart,2025,Ole Miss,0.5399669744969726,0.2438840906371101,358.3333333333333,5.881463651893654,3,0.0,77.92214671348533,0.530441248770136,1,0.46839356752549305,0.5319334590133111,0.11411233626877822,32.125,0.6518745218056619,1,jaxson dart,25.0,22.0,draft,0,25.0,3.2188758248682006
Jayden Maiava,2026,USC,0.4551282051282051,0.1645569620253164,158.0,5.062595033026967,1,0.0,97.76119402985076,0.552568974280215,1,0.4353119390735311,0.4763388369220716,0.05651250589900897,13.305555555555555,0.6378378378378379,1,jayden maiava,,21.7,class_year,0,263.0,5.572154032177765
Jaylen King,2026,East Tennessee State,0.4583333333333333,0.1770833333333333,192.0,5.2574953720277815,1,1.0,0.0,0.0983102086689604,0,0.1615803358496628,0.4759909558374113,0.23370050610300686,21.805555555555557,0.5160493827160494,1,jaylen king,,22.7,,1,263.0,5.572154032177765
Jaylen Raynor,2026,Arkansas State,0.5088566827697263,0.1922705314009661,342.0,5.834810737062605,2,0.0,18.33408147233756,0.10436556456414355,1,0.14523980674827147,0.5082120915603272,0.12089023773394031,33.19444444444444,0.6282157676348548,1,jaylen raynor,,21.7,class_year,0,263.0,5.572154032177765
Joe Fagnano,2026,UConn,0.4432432432432432,0.1621621621621621,185.0,5.220355825078324,1,0.0,4.477611940298507,0.3954733816171045,1,0.3481352446145728,0.46700940457823353,0.0634719502361479,7.652777777777778,0.6201478743068392,1,joe fagnano,,25.07,birth_date,0,263.0,5.572154032177765
Joe Pesansky,2026,Holy Cross,0.557389237968889,0.2079415295049543,95.66666666666669,4.560869927091511,3,1.0,0.0,0.2428306740858991,1,0.25747930896339355,0.5297988944376028,0.06797982224357435,5.895833333333333,0.5756385068762279,1,joe pesansky,,22.7,,1,263.0,5.572154032177765
Joey Aguilar,2026,App State,0.4905487223493516,0.1979523401826484,411.0,6.018593214496234,2,0.0,29.76377510941533,0.35879896288634006,1,0.3397714551876784,0.4939114586296886,0.05207567964731815,15.75,0.6241021548284118,1,joey aguilar,,24.86,birth_date,0,263.0,5.572154032177765
John Mateer,2026,Washington State,0.7544215960057544,0.2363544046712363,105.66666666666669,4.660289485209171,3,0.0,40.08941403297465,0.3319701475232533,1,0.3000674186921936,0.626689258986652,0.18311874105865522,29.333333333333332,0.6369593709043251,1,john mateer,,22.7,,1,263.0,5.572154032177765
John Michalski,2026,Sacred Heart,0.547486033519553,0.1396648044692737,179.0,5.187385805840755,1,1.0,0.0,0.3782165458567757,1,0.33654657678213923,0.5316078718107157,0.28715498938428874,22.541666666666668,0.5482625482625483,1,john michalski,,21.7,class_year,0,263.0,5.572154032177765
Johnathan Bennett,2026,The Citadel,0.5933333333333334,0.271523178807947,151.0,5.017279836814924,1,1.0,0.0,0.582373144901986,0,0.44929971664298995,0.5562347387633354,0.16863905325443787,10.291666666666666,0.5380116959064327,1,johnathan bennett,,22.7,,1,263.0,5.572154032177765
Jordan McCloud,2026,Texas State,0.6072727272727273,0.1818181818181818,275.0,5.616771097666572,1,0.0,8.208955223880597,0.4874887050824219,0,0.42451775607090203,0.5780234797937107,0.08859735825321233,16.433333333333334,0.654292343387471,1,jordan mccloud,,22.7,,1,263.0,5.572154032177765
Jordyn Potts,2026,Tennessee Tech,0.4355482933914306,0.1333172999839666,158.0,5.062595033026967,2,1.0,0.0,0.0342236619492537,0,0.1320517943435564,0.4648835257118814,0.014369106421194431,0.8888888888888888,0.5417721518987342,1,jordyn potts,,22.7,,1,263.0,5.572154032177765
Josh Hoover,2026,TCU,0.3641975308641975,0.1285833599076731,225.66666666666663,5.419058984244165,3,0.0,59.90840151535269,0.2397485739019166,1,0.2497812297145665,0.4113299100183131,0.0,0.0,0.652027027027027,1,josh hoover,,21.7,class_year,0,263.0,5.572154032177765
Justin Fomby,2026,North Carolina A&T,0.4407582938388625,0.1611374407582938,211.0,5.351858133476067,1,1.0,0.0,0.1154443590201855,0,0.1690500635691592,0.46347370512426783,0.0,0.0,0.5960061443932412,1,justin fomby,,22.7,,1,263.0,5.572154032177765
Kadin Semonza,2026,Ball State,0.5036764705882353,0.1508578431372549,244.0,5.497168225293202,2,0.0,42.71125575131859,0.1860226461985197,1,0.21244751338607784,0.5044847979058602,0.0,0.0,0.6385068762278978,1,kadin semonza,,22.7,,1,263.0,5.572154032177765
Kaidon Salter,2026,Liberty,0.5154036209494991,0.2740330619516926,169.5,5.1328529268205045,4,0.0,22.335223070735445,0.3727371293478147,1,0.33184198852194025,0.5117584496368748,0.24514061207609594,39.516666666666666,0.5949227373068433,1,kaidon salter,,22.7,,1,263.0,5.572154032177765
Katin Houser,2026,East Carolina,0.4852320675105485,0.1814345991561181,237.0,5.4680601411351315,1,0.0,5.223880597014925,0.2847249899236824,1,0.2799929261144888,0.49197789337105596,0.05460448642266824,7.708333333333333,0.6273584905660378,1,katin houser,,22.7,class_year,0,263.0,5.572154032177765
Keali'i Ah Yat,2026,Montana,0.5054347826086957,0.1360294117647059,109.0,4.6913478822291435,2,1.0,0.0,0.23774035538058538,1,0.25408584802240997,0.5058454223462452,0.03851615193468229,6.027777777777778,0.6632947976878613,1,kealii ah yat,,20.7,class_year,0,263.0,5.572154032177765
Kekoa Visperas,2026,Eastern Washington,0.5551426643531906,0.1990023134759977,175.33333333333334,5.1666889240696,3,1.0,0.0,0.21289710637567333,1,0.2351567628331065,0.5360764543908438,0.12327227778402068,22.854166666666668,0.6782608695652174,1,kekoa visperas,,22.7,,1,263.0,5.572154032177765
Kevin Jennings,2026,SMU,0.5436331913543709,0.2114078355365218,166.66666666666666,5.115995809754082,3,0.0,33.316100436804675,0.3585852730847062,1,0.3229640843863068,0.5286014505159842,0.06727605118829982,11.5,0.6507276507276507,1,kevin jennings,,21.7,class_year,0,263.0,5.572154032177765
Keyone Jenkins,2026,Florida International,0.4919220419857723,0.1837013715642805,303.0,5.713732805509369,2,0.0,14.215576254068006,0.1282318322848202,1,0.16650315620070025,0.49578899584431824,0.04191019244476123,8.166666666666666,0.60734149054505,1,keyone jenkins,,21.7,class_year,0,263.0,5.572154032177765
Kia'i Keone,2026,Northern Colorado,0.4779411764705882,0.1838235294117647,136.0,4.912654885736052,1,1.0,0.0,0.0352584712604135,0,0.14129532082591667,0.49072725942999484,0.1910569105691057,7.833333333333333,0.5590062111801242,1,kiai keone,,22.7,class_year,0,263.0,5.572154032177765
Kinkead Dent,2026,UT Martin,0.4763988847824677,0.1761395318679893,278.0,5.627621113690637,2,1.0,0.0,0.17626560223568824,1,0.2031902198912136,0.48497332797268394,0.13294251134644477,11.716666666666667,0.5582450832072617,1,kinkead dent,,22.7,,1,263.0,5.572154032177765
Kirk Francis,2026,Tulsa,0.4710351377018044,0.1597024374802152,180.0,5.19295685089021,2,0.0,11.459151610369206,-0.012293268524918056,1,0.09601381727127038,0.48454472129703874,0.0,0.0,0.5844155844155844,1,kirk francis,,20.7,class_year,0,263.0,5.572154032177765
Kobe Tracy,2026,Idaho State,0.5062344139650873,0.1870324189526184,401.0,5.993961427306569,1,1.0,0.0,0.1567126367440934,0,0.1814530776502007,0.5062366927818809,0.017364514773841197,3.4444444444444446,0.5666666666666667,1,kobe tracy,,22.7,,1,263.0,5.572154032177765
Kurtis Rourke,2025,Indiana,0.6044303797468354,0.2310126582278481,316.0,5.755742213586912,1,0.0,73.13432835820896,0.652645955207766,0,0.5524704901525116,0.5787267387746153,0.06922609224355077,11.069444444444445,0.670817120622568,1,kurtis rourke,227.0,24.0,draft,0,227.0,5.424950017481403
Kyle McCord,2025,Syracuse,0.568695652173913,0.2034782608695652,575.0,6.354370040797351,1,0.0,54.47761194029851,0.5028761136525175,0,0.46489127226270127,0.5585098479179552,0.0,0.0,0.6623246492985972,1,kyle mccord,181.0,22.0,draft,0,181.0,5.198497031265826
Kyron Drones,2026,Virginia Tech,0.4584574151280524,0.1578816756005558,247.5,5.511410582008745,2,0.0,71.35843339692515,0.24468479485890932,1,0.2525698247250215,0.4733508214523534,0.24213836477987422,38.5,0.5832349468713105,1,kyron drones,,22.75,birth_date,0,263.0,5.572154032177765
Lanorris Sellers,2026,South Carolina,0.7580071174377224,0.347864768683274,142.5,4.959341999708705,2,0.0,85.77320166086858,0.34532439822254846,1,0.3121591047361244,0.6471784801067385,0.16556510244547257,27.833333333333332,0.6348408710217756,1,lanorris sellers,,20.7,class_year,0,263.0,5.572154032177765
Logan Fife,2026,Montana,0.5103734439834025,0.1493775933609958,241.0,5.484796933490655,1,1.0,0.0,0.0616029613569344,1,0.1277428325235493,0.5090630386813377,0.0374331550802139,3.6166666666666667,0.6021634615384616,1,logan fife,,22.7,,1,263.0,5.572154032177765
Luke Altmyer,2026,Illinois,0.5142705005324814,0.1766021424544258,284.0,5.648974238161206,2,0.0,91.03916507687129,0.44278380869601297,1,0.3938924986771388,0.511999740900001,0.08583294877711121,12.4,0.637065637065637,1,luke altmyer,,23.51,birth_date,0,263.0,5.572154032177765
Luke Bailey,2026,Drake,0.495591813846964,0.1616210546165994,243.0,5.493061443340548,3,1.0,0.0,0.03947267600599029,1,0.11222451814448887,0.4989540115958111,0.0,0.0,0.5925085130533485,1,luke bailey,,22.7,,1,263.0,5.572154032177765
Maalik Murphy,2026,Duke,0.47,0.1596009975062344,401.0,5.993961427306569,1,0.0,56.71641791044776,0.16445734861233507,1,0.1875062234243226,0.4779164410408245,0.0,0.0,0.5911458333333334,1,maalik murphy,,22.7,,1,263.0,5.572154032177765
Maddux Madsen,2026,Boise State,0.4490510801534424,0.2064770299145299,174.0,5.159055299214529,3,0.0,35.82178072502665,0.40826986573994417,1,0.354098560978199,0.47145598770478947,0.06035958904109589,8.8125,0.6079136690647482,1,maddux madsen,,21.7,class_year,0,263.0,5.572154032177765
Marcel Reed,2026,Texas A&M,0.5071428571428571,0.2252100840336134,136.5,4.916324614625014,2,0.0,70.37088991134553,0.3543519345870776,1,0.31631611006280913,0.5067380004529973,0.16712877387553912,30.13888888888889,0.6156202143950995,1,marcel reed,,20.7,class_year,0,263.0,5.572154032177765
Mark Gronowski,2026,South Dakota State,0.5457636511230044,0.2108183185105523,290.0,5.66988092298052,3,1.0,0.0,0.3403865300236588,1,0.3207645255044188,0.5347491536178612,0.14144198466706864,34.208333333333336,0.6374172185430463,1,mark gronowski,,24.55,birth_date,0,263.0,5.572154032177765
Marqui Adams,2026,Delaware State,0.4889129389129389,0.1640051306717973,94.0,4.543294782270004,3,1.0,0.0,0.11815049289802311,1,0.20072157185508055,0.49833843105533415,0.13392226148409894,10.527777777777779,0.5988200589970502,1,marqui adams,,21.7,class_year,0,263.0,5.572154032177765
Matt Morrissey,2026,Eastern Kentucky,0.5,0.1546762589928057,278.0,5.627621113690637,1,1.0,0.0,0.1141697867517716,0,0.15893390416572115,0.5017940814872484,0.013019529293940912,1.4444444444444444,0.589041095890411,1,matt morrissey,,22.7,,1,263.0,5.572154032177765
Matthew Caldwell,2026,Troy,0.5409090909090909,0.1454545454545454,220.0,5.393627546352362,1,0.0,21.64179104477612,0.3569761711847883,0,0.32761924429409994,0.5292109502937428,0.0632398753894081,4.229166666666667,0.6059957173447538,1,matthew caldwell,,22.92,birth_date,0,263.0,5.572154032177765
Matthew Downing,2026,Elon,0.5113636363636364,0.2147599591419816,199.0,5.293304824724492,2,1.0,0.0,0.16690893640279214,1,0.2040423639912119,0.5095195778484058,0.0,0.0,0.5970961887477314,1,matthew downing,,22.7,,1,263.0,5.572154032177765
Matthew Schecklman,2026,Northern Iowa,0.5374149659863946,0.1496598639455782,147.0,4.990432586778736,1,1.0,0.0,0.06803983173084627,1,0.15539417378760137,0.5239318703182098,0.08860759493670886,10.791666666666666,0.61,1,matthew schecklman,,21.7,class_year,0,263.0,5.572154032177765
Maverick McIvor,2026,Abilene Christian,0.5064431955078325,0.1589323627540188,307.0,5.726847747587197,3,1.0,0.0,0.14531415195370298,1,0.1786522084808458,0.5063901554824889,0.012366442421844084,2.6041666666666665,0.6179525222551929,1,maverick mcivor,,22.7,,1,263.0,5.572154032177765
Max Brosmer,2026,Minnesota,0.5335051546391752,0.1778350515463917,388.0,5.961005339623274,1,0.0,80.59701492537313,0.4134587127971062,0,0.3813071373339167,0.5273962902461719,0.02086709886547812,4.291666666666667,0.6390577507598785,1,max brosmer,,25.08,birth_date,0,263.0,5.572154032177765
Mekhi Hagens,2026,Arkansas-Pine Bluff,0.4900675607542603,0.1610366038116366,129.0,4.859812404361672,2,1.0,0.0,0.21007344853417237,1,0.23792416963375246,0.4975878059043738,0.08657081676353624,11.791666666666666,0.5199063231850117,1,mekhi hagens,,22.7,,1,263.0,5.572154032177765
Michael Van Buren Jr.,2026,Mississippi State,0.4444444444444444,0.1522633744855967,243.0,5.493061443340548,1,0.0,93.28358208955224,-0.015465136062059235,1,0.07462559718302297,0.463949233881508,0.03883172917358115,4.875,0.5749385749385749,1,michael van buren,,22.7,,1,263.0,5.572154032177765
Mikey Keene,2026,Fresno State,0.5093248254721363,0.148621998013562,375.0,5.926926025970411,2,0.0,19.414207159690267,0.15084285777529266,1,0.17825446898828018,0.5086161995905399,0.0,0.0,0.6783876500857633,1,mikey keene,,22.7,,1,263.0,5.572154032177765
Miles Hastings,2026,UC Davis,0.5223142639927141,0.1805998479856749,333.3333333333333,5.809142990314028,3,1.0,0.0,0.1492889008658294,1,0.17965584661999767,0.5182712224007728,0.0,0.0,0.6826196473551638,1,miles hastings,,22.7,,1,263.0,5.572154032177765
Miller Moss,2026,USC,0.5616188141923436,0.2274523382760306,114.25,4.738389029774314,4,0.0,73.46036592497887,0.2863977635005442,1,0.278270749703905,0.534199706708784,0.0,0.0,0.6510791366906474,1,miller moss,,24.1,birth_date,0,263.0,5.572154032177765
Myles Burkett,2026,UAlbany,0.5094339622641509,0.1650943396226415,212.0,5.356586274672012,1,1.0,0.0,-0.07109525875728769,1,0.0468506114914773,0.508331163172525,0.11795681937862032,12.444444444444445,0.5433526011560693,1,myles burkett,,22.7,,1,263.0,5.572154032177765
Myles Crawley,2026,Grambling,0.4826203208556149,0.1805903648008911,180.0,5.19295685089021,2,1.0,0.0,0.05037523139412356,1,0.13463709368153925,0.49168479536600906,0.0,0.0,0.5851735015772871,1,myles crawley,,22.7,,1,263.0,5.572154032177765
Nate Glantz,2026,Lindenwood,0.5805084745762712,0.2711864406779661,236.0,5.4638318050256105,1,1.0,0.0,0.14381753679585763,1,0.1844379881101888,0.5565987958860399,0.10301109350237718,18.055555555555557,0.5712418300653594,1,nate glantz,,22.7,class_year,0,263.0,5.572154032177765
Nate Lamb,2026,Western Illinois,0.6,0.4,5.0,1.6094379124341003,1,1.0,0.0,0.2909245879337409,0,0.2708793342187319,0.5102494101242614,0.09377504675394069,14.625,0.6470588235294118,1,nate lamb,,22.7,,1,263.0,5.572154032177765
Nate Yarnell,2026,Pittsburgh,0.5944444444444444,0.3196969696969697,80.0,4.382026634673881,3,0.0,59.77634927012187,0.4106286028703249,1,0.3285680331107388,0.542983120111985,0.014941302027748132,0.7777777777777778,0.6131687242798354,1,nate yarnell,,22.7,,1,263.0,5.572154032177765
Nick Evers,2026,UConn,0.4350282485875706,0.1186440677966101,177.0,5.176149732573829,1,0.0,4.477611940298507,0.0927331874323648,0,0.16144859573684237,0.4626368765012277,0.19194312796208532,6.75,0.5459183673469388,1,nick evers,,21.7,class_year,0,263.0,5.572154032177765
Nick Vattiato,2026,Middle Tennessee,0.4623655913978494,0.1397849462365591,93.0,4.532599493153256,1,0.0,15.384615384615383,0.30641074617864095,1,0.286504949260205,0.4863445127076952,0.052765540871267745,8.983333333333333,0.6471830985915493,1,nick vattiato,,22.7,,1,263.0,5.572154032177765
Nico Iamaleava,2026,Tennessee,0.5514786418400877,0.1630613362541073,188.0,5.236441962829949,2,0.0,79.8058579284031,0.33536937573868025,1,0.31095093678075586,0.5345856515732654,0.16212487064505002,26.11111111111111,0.6396011396011396,1,nico iamaleava,,22.7,,1,263.0,5.572154032177765
Noah Bodden,2026,Southern,0.6301169590643274,0.4201754385964912,55.66666666666666,4.019381523748645,3,1.0,0.0,0.1000086963335572,1,0.2135718008120962,0.5473565607730227,0.03980891719745223,1.5625,0.4838709677419355,1,noah bodden,,22.7,,1,263.0,5.572154032177765
Noah Fifita,2026,Arizona,0.4556410751339092,0.1832131540064754,254.33333333333331,5.538645742616347,3,0.0,52.75736338681956,0.32801995520366367,1,0.3102701222863198,0.4711180847834584,0.021940568750665673,4.291666666666667,0.64822460776218,1,noah fifita,,21.7,class_year,0,263.0,5.572154032177765
Owen McCown,2026,UTSA,0.5459584295612009,0.1460162263365924,246.0,5.5053315359323625,2,0.0,11.22208506340478,0.2430963422167059,1,0.2515115345777088,0.5335294644790386,0.05727652041977494,9.4375,0.6479690522243714,1,owen mccown,,21.7,class_year,0,263.0,5.572154032177765
Parker Awad,2026,New Mexico State,0.3741935483870968,0.1806451612903225,155.0,5.043425116919247,1,0.0,29.1044776119403,0.1481136954575262,0,0.19925171932966074,0.429603194416047,0.10008340283569642,5.0,0.4567901234567901,1,parker awad,,21.7,class_year,0,263.0,5.572154032177765
Parker Navarro,2026,Ohio,0.4693759512937595,0.1172602739726027,109.66666666666669,4.697445462097263,3,0.0,25.66059674650909,0.30861688494834455,1,0.2890923786932539,0.4880094158723489,0.30051453205395634,36.016666666666666,0.6379310344827587,1,parker navarro,,22.7,class_year,0,263.0,5.572154032177765
Pat McQuaide,2026,Nicholls,0.5493307230012747,0.1816332067281606,259.5,5.558756702605943,2,1.0,0.0,0.1631659337234519,1,0.1953819107554044,0.5363362790513779,0.0,0.0,0.5821033210332104,1,pat mcquaide,,22.7,,1,263.0,5.572154032177765
Paxton DeLaurent,2026,Southeast Missouri State,0.529508146420791,0.1915985854006205,360.0,5.886104031450156,3,1.0,0.0,0.20993533934829797,1,0.22419025819186608,0.5239857709061624,0.05091151622943531,12.722222222222221,0.6094527363184079,1,paxton delaurent,,22.7,,1,263.0,5.572154032177765
Payton Thorne,2026,Auburn,0.5007987220447284,0.1745176709512841,285.5,5.654242029096065,2,0.0,76.40556615419145,0.4269078786366143,1,0.382675986814507,0.5023338221823433,0.08872642685054416,17.8,0.613998613998614,1,payton thorne,,22.7,,1,263.0,5.572154032177765
Pierce Holley,2026,Eastern Illinois,0.5762275359049553,0.1831702654071075,327.0,5.7899601708972535,2,1.0,0.0,0.17298721368654346,1,0.19774372719824046,0.5583660101365615,0.0,0.0,0.6293877551020408,1,pierce holley,,22.7,,1,263.0,5.572154032177765
Quincy Crittendon,2026,Samford,0.3272526257600884,0.07724553718619,136.0,4.912654885736052,3,1.0,0.0,-0.018348137465077123,1,0.11190530750179573,0.4081117271576065,0.11301115241635688,12.666666666666666,0.6857541899441341,1,quincy crittendon,,22.7,class_year,0,263.0,5.572154032177765
Quinn Ewers,2025,Texas,0.5080974779853523,0.216574537150562,358.0,5.8805329864007,3,0.0,78.07661457391913,0.43959405221661735,1,0.39915995805776,0.5076558186913617,0.0,0.0,0.6490299823633157,1,quinn ewers,231.0,22.0,draft,0,231.0,5.442417710521793
Ralph Rucker,2026,Bucknell,0.6307692307692307,0.1811320754716981,265.0,5.579729825986222,1,1.0,0.0,0.002119750111566208,1,0.08172790393802662,0.5937612257290978,0.05201916495550993,7.916666666666667,0.6556064073226545,1,ralph rucker,,22.7,class_year,0,263.0,5.572154032177765
Reagan Andrew,2026,Butler,0.5190476190476191,0.1666666666666666,210.0,5.3471075307174685,1,1.0,0.0,0.03900821252344249,1,0.1193761995683276,0.5145929148718933,0.2635265700483092,45.458333333333336,0.6634615384615384,1,reagan andrew,,21.7,class_year,0,263.0,5.572154032177765
Reggie Graff,2026,Utah Tech,0.528,0.208,125.0,4.8283137373023015,1,1.0,0.0,-0.21981678747655747,1,0.011716527565298729,0.5177161599584725,0.2958535674262234,33.0,0.5746031746031746,1,reggie graff,,21.7,class_year,0,263.0,5.572154032177765
Richie Munoz,2026,Weber State,0.5399895905621097,0.1693964771857012,220.0,5.393627546352362,2,1.0,0.0,0.22111391115309,0,0.2376064146699539,0.5286017536849652,0.06406926406926407,6.166666666666667,0.6133603238866396,1,richie munoz,,22.7,,1,263.0,5.572154032177765
Riley Leonard,2025,Notre Dame,0.5189873417721519,0.1417721518987341,395.0,5.978885764901122,1,0.0,88.80597014925374,0.3653582779362717,0,0.34428075875704817,0.5161712489938647,0.22552966101694916,44.354166666666664,0.6376101860920667,1,riley leonard,189.0,22.0,draft,0,189.0,5.241747015059643
Robert Coleman,2026,Lamar,0.4849891576664772,0.176417585180839,218.5,5.3867860145356445,2,1.0,0.0,0.2181170696755401,0,0.2357003451998644,0.49219486423352754,0.09102402022756005,12.0,0.5751211631663974,1,robert coleman,,22.7,class_year,0,263.0,5.572154032177765
Rocco Becht,2026,Iowa State,0.4301210473094892,0.1527969757023664,267.0,5.58724865840025,3,0.0,66.83114302790129,0.5531908219306655,1,0.46946757701920394,0.452625281666728,0.050671863780900606,10.291666666666666,0.6071428571428571,1,rocco becht,,21.7,class_year,0,263.0,5.572154032177765
Ron Peace,2026,East Texas A&M,0.4536741214057508,0.1884984025559105,313.0,5.746203190540153,1,1.0,0.0,0.0809215778717679,0,0.1307651235007286,0.46753355645919303,0.03145514223194748,4.791666666666667,0.5633802816901409,1,ron peace,,22.7,class_year,0,263.0,5.572154032177765
Sam Leavitt,2026,Arizona State,0.4983498349834983,0.1716171617161716,303.0,5.713732805509369,1,0.0,72.38805970149254,0.27397707492816403,1,0.2728992550399263,0.5004813761011319,0.14923189465983908,22.666666666666668,0.6143790849673203,1,sam leavitt,,20.7,class_year,0,263.0,5.572154032177765
Sam Vidlak,2026,Stephen F. Austin,0.5566037735849056,0.1745283018867924,212.0,5.356586274672012,1,1.0,0.0,0.13991087100477842,1,0.18489061261729475,0.5391896070251461,0.0,0.0,0.668141592920354,1,sam vidlak,,22.7,class_year,0,263.0,5.572154032177765
Sawyer Robertson,2026,Baylor,0.4741959064327485,0.1845029239766081,237.0,5.4680601411351315,2,0.0,61.79160588037257,0.36305412803212556,1,0.33317571380030997,0.4844847200049125,0.03972344437460717,6.583333333333333,0.6056056056056056,1,sawyer robertson,,22.7,class_year,0,263.0,5.572154032177765
Sean Brown,2026,Towson,0.4629107981220657,0.1345070422535211,111.5,4.7140245909001735,2,1.0,0.0,0.058267211012706266,1,0.16439143731594505,0.4846321366539831,0.0,0.0,0.6204379562043796,1,sean brown,,22.7,class_year,0,263.0,5.572154032177765
Seth Henigan,2026,Memphis,0.5046636774744656,0.1882543718158814,437.5,6.081076705797669,4,0.0,18.124346600192563,0.2848390121107119,1,0.28181013033889085,0.5049860925246387,0.05929634998023455,18.75,0.640625,1,seth henigan,,23.13,birth_date,0,263.0,5.572154032177765
Seth Morgan,2026,New Hampshire,0.5496688741721855,0.1584158415841584,303.0,5.713732805509369,1,1.0,0.0,0.3282555503992872,0,0.31252331368038766,0.537945004188227,0.0,0.0,0.603202846975089,1,seth morgan,,22.7,,1,263.0,5.572154032177765
Shedeur Sanders,2025,Colorado,0.531378764694516,0.1730577160925072,440.0,6.0867747269123065,2,0.0,72.69666704073617,0.3748867599135079,1,0.3535931824156161,0.5262769369746501,0.0026272875520927702,0.6041666666666666,0.7139800285306704,1,shedeur sanders,144.0,23.0,draft,0,144.0,4.969813299576001
Simon Romfo,2026,North Dakota,0.6094161958568738,0.0485875706214689,99.66666666666669,4.601831284722577,3,1.0,0.0,-0.25386216708658826,1,0.02339345227880292,0.5548108810957352,0.1452513966480447,7.583333333333333,0.6095238095238096,1,simon romfo,,22.7,class_year,0,263.0,5.572154032177765
Skyler Locklear,2026,UTEP,0.4366812227074236,0.131004366812227,229.0,5.43372200355424,1,0.0,45.8955223880597,-0.08816754796262519,1,0.029508715949812768,0.45953737405609374,0.170974690360797,13.229166666666666,0.5947136563876652,1,skyler locklear,,21.7,class_year,0,263.0,5.572154032177765
Sonny Mannino,2026,Marist,0.4457364341085271,0.1653846153846153,260.0,5.560681631015528,1,1.0,0.0,-0.1791167874765575,1,-0.04385239865004706,0.463960887613274,0.1680487804878049,28.708333333333332,0.5532286212914486,1,sonny mannino,,21.7,class_year,0,263.0,5.572154032177765
Spencer Petras,2026,Utah State,0.5318352059925093,0.1610486891385767,267.0,5.58724865840025,1,0.0,27.611940298507463,0.2788693587118966,0,0.2762428863378697,0.5242700105145217,0.0,0.0,0.5920138888888888,1,spencer petras,,22.7,,1,263.0,5.572154032177765
Taisun Phommachanh,2026,Massachusetts,0.46549039412495,0.172011447088778,218.0,5.384495062789089,2,0.0,55.08079901245651,0.23301408702324147,1,0.24556624038238592,0.47932713621688083,0.14499484004127966,7.805555555555555,0.5739299610894941,1,taisun phommachanh,,22.7,,1,263.0,5.572154032177765
Tak Tateoka,2026,St. Thomas (MN),0.5068724379069207,0.1666264769713045,100.5,4.61015772749913,2,1.0,0.0,0.2604934479186621,0,0.2654972979498471,0.5065415764160118,0.035611717403790925,2.5833333333333335,0.5598455598455598,1,tak tateoka,,22.7,,1,263.0,5.572154032177765
Taron Dickens,2026,Western Carolina,0.7948717948717949,0.4262820512820512,79.5,4.375757021660286,2,1.0,0.0,0.2661332125234425,1,0.26838642380644007,0.6260286909978219,0.06827383143172616,10.305555555555555,0.7403314917127072,1,taron dickens,,20.7,class_year,0,263.0,5.572154032177765
Tate Rodemaker,2026,Southern Miss,0.430379746835443,0.1518987341772152,158.0,5.062595033026967,1,0.0,38.059701492537314,0.1303762095112589,0,0.18830625405629597,0.46185964541562896,0.0,0.0,0.5865724381625441,1,tate rodemaker,,22.7,,1,263.0,5.572154032177765
Taylen Green,2026,Arkansas,0.5333333333333333,0.216,375.0,5.926926025970411,1,0.0,77.61194029850746,0.41276550837033404,1,0.37991527274043546,0.5271009506465472,0.19930244145490783,40.0,0.600335852225021,1,taylen green,182.0,23.0,draft,0,182.0,5.204006687076795
Thomas Castellanos,2026,Boston College,0.4719230769230769,0.1947435897435897,228.0,5.429345628954441,2,0.0,65.52575468522052,0.4158875610718059,1,0.36780813975000504,0.4832331605990091,0.23465405085748078,41.333333333333336,0.5845588235294118,1,thomas castellanos,,22.7,,1,263.0,5.572154032177765
Tommy Mellott,2025,Montana State,0.5528316904888547,0.2263160674339561,177.33333333333334,5.1780312006735345,3,1.0,0.0,0.5406216879915842,1,0.4358244492723337,0.53479211329548,0.3251054328950633,72.80555555555556,0.6448445171849427,1,tommy mellott,213.0,20.7,class_year,0,213.0,5.3612921657094255
Tommy Rittenhouse,2026,Illinois State,0.516941616941617,0.1357708357708358,141.33333333333334,4.951121166563848,3,1.0,0.0,0.1486496035829369,1,0.20230873247648268,0.5122110960713073,0.1353364787683139,22.708333333333332,0.6491575817641229,1,tommy rittenhouse,,22.7,class_year,0,263.0,5.572154032177765
Tommy Ulatowski,2026,Kent State,0.5000859993120056,0.2062887810102562,87.33333333333333,4.4697322150929875,3,0.0,44.52806991844428,0.20828006121278203,1,0.24295855134281208,0.5035473067176688,0.03905221588415972,1.8541666666666667,0.4807692307692308,1,tommy ulatowski,,22.7,,1,263.0,5.572154032177765
Trey Hedden,2026,Furman,0.4741784037558685,0.1596244131455399,213.0,5.3612921657094255,1,1.0,0.0,-0.01597614260765418,1,0.08260527577435473,0.48523289925797064,0.0,0.0,0.6581325301204819,1,trey hedden,,20.7,class_year,0,263.0,5.572154032177765
Tucker Gleason,2026,Toledo,0.4497944257645417,0.2265841224639173,132.0,4.882801922586371,4,0.0,20.860144814319305,0.29986059015055605,1,0.28614317606028505,0.4757136538016659,0.10167658193618172,12.533333333333333,0.5959595959595959,1,tucker gleason,,22.7,class_year,0,263.0,5.572154032177765
Ty Pennington,2026,Northern Arizona,0.5147058823529411,0.1813725490196078,204.0,5.318119993844216,1,1.0,0.0,0.16129114800676686,1,0.19982894173372667,0.5117059904777035,0.11254249418500627,26.208333333333332,0.6556603773584906,1,ty pennington,,21.7,class_year,0,263.0,5.572154032177765
Ty'Jarian Williams,2026,Mississippi Valley State,0.5638268541494349,0.1838749485808309,152.0,5.0238805208462765,2,1.0,0.0,0.3550787381981669,0,0.3189671300554055,0.5393905392739711,,,,0,tyjarian williams,,22.7,,1,263.0,5.572154032177765
Tyler Huff,2026,Jacksonville State,0.5088967971530249,0.2135231316725978,281.0,5.638354669333745,1,0.0,29.850746268656717,0.4321035905112615,0,0.38588402173242037,0.508140733770847,0.2847748551047704,70.97222222222223,0.6494597839135654,1,tyler huff,,22.7,,1,263.0,5.572154032177765
Tyler Knoop,2026,Stony Brook,0.5294117647058824,0.171945701357466,221.0,5.3981627015177525,1,1.0,0.0,0.2204832453198638,0,0.23713842253556308,0.521617099850413,0.08930766079475624,12.11111111111111,0.6612377850162866,1,tyler knoop,,22.7,,1,263.0,5.572154032177765
Tyler Shough,2025,Louisville,0.4934725848563969,0.1984334203655352,383.0,5.948034989180646,1,0.0,64.17910447761194,0.4726597055044024,0,0.4267828445929852,0.49636367643763823,0.08589172720881182,10.180555555555555,0.6294736842105263,1,tyler shough,40.0,25.0,draft,0,40.0,3.6888794541139363
Victor Gabalis,2026,Tarleton State,0.5232094768138728,0.2271991407356672,255.0,5.541263545158426,2,1.0,0.0,0.41126648312988395,1,0.36813443345230845,0.5180303202150869,0.0,0.0,0.5711849957374254,1,victor gabalis,,22.7,class_year,0,263.0,5.572154032177765
Walker Eget,2026,San José State,0.5302083333333333,0.0697916666666666,109.66666666666669,4.697445462097263,3,0.0,18.76682354522163,0.152555964452354,1,0.21190432786030527,0.5180972365915699,0.031472787341331944,3.7708333333333335,0.5767123287671233,1,walker eget,,22.7,class_year,0,263.0,5.572154032177765
Walker Harris,2026,North Carolina Central,0.5253968253968254,0.3,84.66666666666667,4.438721978350427,3,1.0,0.0,0.14717824432808804,1,0.21713185149263384,0.5144874043034966,0.004144144144144144,0.4791666666666667,0.6179604261796042,1,walker harris,,20.7,class_year,0,263.0,5.572154032177765
Whitt Newbauer,2026,Mercer,0.4777070063694267,0.197452229299363,157.0,5.056245805348308,1,1.0,0.0,0.2667577183822002,0,0.26810181688748996,0.48959267241732074,0.02027972027972028,1.2083333333333333,0.5652173913043478,1,whitt newbauer,,22.7,,1,263.0,5.572154032177765
Will Howard,2025,Ohio State,0.6032608695652174,0.2391304347826087,368.0,5.908082938168931,1,0.0,98.50746268656717,0.6232994777208367,0,0.5408253317446272,0.5806144378283482,0.1058780576852866,19.333333333333332,0.6381031613976705,1,will howard,185.0,23.0,draft,0,185.0,5.220355825078324
Will McElvain,2026,Central Arkansas,0.5448674606421271,0.2133445892235979,222.33333333333331,5.404177757247514,3,1.0,0.0,0.3488504893782261,1,0.322421448418287,0.5319244376538438,0.0,0.0,0.6323676323676324,1,will mcelvain,,22.7,,1,263.0,5.572154032177765
Will Rogers,2026,Washington,0.5888157894736842,0.2039473684210526,304.0,5.717027701406222,1,0.0,85.07462686567165,0.468972025929914,0,0.4153774657673689,0.5665763899306843,0.0,0.0,0.695016003657979,1,will rogers,,22.7,,1,263.0,5.572154032177765
Xaiver Lankford,2026,Alabama A&M,0.4848484848484848,0.1729323308270676,133.0,4.890349128221754,1,1.0,0.0,0.0930272044321403,0,0.17394584983406167,0.49463254245364696,0.21841648051625714,24.444444444444443,0.5343035343035343,1,xaiver lankford,,22.7,,1,263.0,5.572154032177765
Zach Calzada,2026,Incarnate Word,0.6128955033316044,0.2047628432531861,284.5,5.6507332535663855,2,1.0,0.0,0.18962671225770347,1,0.21233441503837142,0.582758061429618,0.04259523548139203,6.466666666666667,0.6210350584307178,1,zach calzada,,22.7,,1,263.0,5.572154032177765
Zach Gibson,2026,Georgia State,0.5570469798657718,0.1409395973154362,149.0,5.003946305945459,1,0.0,28.35820895522388,0.306918226967398,0,0.2910645807265688,0.5352401198042684,0.0,0.0,0.6135693215339233,1,zach gibson,,22.7,,1,263.0,5.572154032177765
Ty Simpson,2026,Alabama,0.485,0.155,22.5,3.1135153092103742,2,0.0,91.00549882168109,0.4138691519188656,1,0.29404398275679267,0.502692472173087,0.053464397027091826,4.645833333333333,0.638623326959847,1,ty simpson,13.0,23.0,draft,0,13.0,2.5649493574615367
Dante Moore,2026,Oregon,0.8571428571428571,0.0,7.0,1.9459101490553132,2,0.0,86.94029850746269,0.5096478985345411,1,0.2840756071650128,0.5268754335176519,0.014897227984159909,2.1944444444444446,0.6587677725118484,1,dante moore,,20.7,class_year,0,263.0,5.572154032177765
