season,receiver_player_id,receiver_player_name,targets,receptions,yards,touchdowns,total_epa,epa_per_target,success_rate,catch_rate,yards_per_reception,yards_per_target,air_yards,yac,racr,first_downs,interceptions,total_air_epa,air_epa_per_target,total_yac_epa,yac_epa_per_target,games,targets_per_game
2023,00-0030035,A.Thielen,138.0,103.0,1014.0,4.0,60.7283975481987,0.3642173947437721,0.5419507044203141,0.7339185388649211,8.99225871703204,6.721828134620891,6.158594355863683,2.8336643751929786,0.5350849812521654,56.0,1.0,68.26248186826706,0.4995976747835384,-8.587082028388977,-0.14015299300937092,17,8.117647058823529
2023,00-0030061,Z.Ertz,43.0,27.0,187.0,1.0,-14.025217056274414,-0.4331835742507662,0.4250000012772424,0.6571428648063115,6.71428564616612,4.150000027247837,4.928571496691022,1.7857142857142858,0.25369618957241374,8.0,2.0,19.041844248771667,0.26719614011900766,-33.06706237792969,-0.7003797292709351,7,6.142857142857143
2023,00-0030279,K.Allen,150.0,108.0,1257.0,7.0,60.83327329158783,0.4039878249168396,0.584128377529291,0.6982795023001157,11.716114557706392,8.103807339301476,8.149306223942684,3.489885091781616,0.4574183546579801,57.0,2.0,113.38059854507446,0.8282126623850602,-52.547325015068054,-0.42422483231012637,13,11.538461538461538
2023,00-0030431,R.Woods,81.0,42.0,443.0,1.0,-1.3399925231933594,-0.013111759349703789,0.4168518582979838,0.5050000091393788,9.87555554707845,5.483703664938608,7.253333346048991,2.6222222169240315,0.49188009543078287,27.0,1.0,66.3726259469986,0.8524828692277272,-67.7126202583313,-0.8655946393807729,15,5.4
2023,00-0030506,T.Kelce,158.0,125.0,1346.0,8.0,77.6337939798832,0.45197804056500135,0.6023342287854144,0.7832511114446741,10.429125861117715,8.350566010726126,5.258050419782338,5.130139764986541,0.9225289355963469,70.0,2.0,56.59830787777901,0.30269076400681544,21.03548750281334,0.14928728871439634,19,8.31578947368421
2023,00-0030564,D.Hopkins,137.0,75.0,1057.0,7.0,19.16530130803585,0.22331284139962757,0.45612688976175647,0.5615782983162824,14.45238093768849,8.074980946148143,11.422058792675243,3.030322138000937,0.30724595837733326,48.0,6.0,164.23726201057434,1.210431728292914,-145.07195287942886,-0.9871188418611008,17,8.058823529411764
2023,00-0031235,O.Beckham,71.0,39.0,599.0,3.0,24.368940711021423,0.5385445444844663,0.5461309608072042,0.5885416753590107,15.63020834326744,9.816964253783226,11.091666609048843,4.538541663438082,0.6863295027365287,29.0,1.0,98.72584354877472,1.3996455892920494,-74.3569041416049,-0.8611010764725506,16,4.4375
2023,00-0031236,B.Cooks,90.0,60.0,704.0,8.0,34.771498918533325,0.42120976921390085,0.5957282948143342,0.6702380969243891,10.87581699034747,7.452661002383513,9.130065413082347,1.7457516263513004,0.2897596660563174,43.0,5.0,119.21451759338379,1.3198744023547453,-85.49601694568992,-0.8968055626815733,17,5.294117647058823
2023,00-0031260,L.Thomas,79.0,55.0,496.0,5.0,-4.838877588510513,-0.0027487757615745068,0.5387310665100813,0.6714488659054041,8.173263907432556,5.775520846247673,4.851388826966286,3.3218750059604645,0.9498753512899081,21.0,2.0,17.93036177754402,0.2052270700223744,-23.822241842746735,-0.26418013948205044,16,4.9375
2023,00-0031376,J.McKinnon,34.0,27.0,207.0,4.0,7.4967445731163025,0.18175300726523766,0.4025641060792483,0.7641025689932016,7.448717960944543,6.141025671592126,-0.525641028697674,7.9743589621323805,9.000000035762787,11.0,0.0,-23.521792709827423,-0.5936781809880183,31.01853847503662,0.7754312071662682,13,2.6153846153846154
2023,00-0031381,D.Adams,175.0,103.0,1149.0,9.0,13.481439411640167,0.03473822115098729,0.4702309225411976,0.5806668891626245,10.90878043455236,6.495065825826981,7.477693417493035,3.3890702163471893,0.618320155012257,59.0,6.0,138.66938507556915,0.76416746965226,-125.18794959783554,-0.7294292708530146,17,10.294117647058824
2023,00-0031408,M.Evans,157.0,90.0,1450.0,14.0,61.978143244981766,0.4302034478046392,0.5277970644988512,0.5893017877089349,15.3852757654692,9.517008837900663,11.758019974357204,3.627255643668928,0.3222047035631381,61.0,4.0,211.31316685676575,1.314384058902138,-147.44102042913437,-0.8579583156265711,19,8.263157894736842
2023,00-0031428,A.Robinson,52.0,36.0,292.0,0.0,-5.880451738834381,-0.30739688826724887,0.4010416716337204,0.662326393648982,7.620833367109299,5.368055582046509,5.2125000059604645,2.408333322033286,0.2636643663669626,10.0,1.0,17.539248690009117,0.4054578294453677,-23.419699877500534,-0.7128547010943294,16,3.25
2023,00-0031544,A.Cooper,135.0,76.0,1309.0,5.0,49.995713233947754,0.35565119748935103,0.5081710005179048,0.5628483546897769,16.22830080986023,9.706587076187134,13.019534707069397,3.2087662424892187,0.2388088864972815,54.0,6.0,173.2631893157959,1.2618848774582148,-123.37347984313965,-0.8976591471582651,16,8.4375
2023,00-0031547,D.Parker,55.0,33.0,394.0,0.0,1.0191890001296997,-0.056795782257372945,0.49230769735116225,0.603418808716994,11.580769245441143,6.950213670730591,8.539743588520931,3.0410256569202128,0.8237171860841604,17.0,2.0,45.20510795712471,0.8599306770528738,-44.18591865897179,-0.9167264699935913,13,4.230769230769231
2023,00-0031549,N.Agholor,52.0,38.0,432.0,5.0,18.410603940486908,0.22150154329008526,0.4851851877239015,0.6601851863993539,11.43796299563514,8.421296305126614,6.102777759234111,5.335185178452068,1.14329241375838,21.0,1.0,39.21815696358681,0.7757950930131806,-20.80755317211151,-0.5542935447560416,18,2.888888888888889
2023,00-0031588,S.Diggs,178.0,117.0,1256.0,8.0,39.60946913808584,0.27291112023062614,0.5399222907267118,0.6672952865299425,10.42000833310579,7.243968612269351,6.1232038108926075,4.296804503390663,0.9250149159795709,65.0,4.0,116.54480254650116,0.6332976539668284,-77.98833891749382,-0.35997097086357444,19,9.368421052631579
2023,00-0031610,D.Waller,74.0,52.0,552.0,1.0,15.290661424398422,0.08829578633109729,0.48358586554725963,0.6940386046965917,10.07361114025116,6.986237366994222,6.356646776199341,3.7169642547766366,0.7418418799837431,25.0,2.0,29.66060698032379,0.31494048222278553,-14.369945839047432,-0.2266447115689516,12,6.166666666666667
2023,00-0031687,R.Mostert,34.0,26.0,172.0,3.0,-3.7544435262680054,-0.18203947842121124,0.29873016277949016,0.7288888911406199,4.782539653778076,4.062539641062418,-1.9603174686431886,6.742857170104981,4.799999992052714,6.0,1.0,-27.191148951649666,-0.8618361777315537,23.436704566702247,0.6797966762135427,15,2.2666666666666666
2023,00-0032211,T.Lockett,124.0,79.0,894.0,5.0,41.28231915831566,0.3081732878790182,0.6089062953696531,0.6209086749483558,11.866176436929141,7.240648031234741,9.323529383715462,2.542647060225992,0.3093401143217788,48.0,4.0,112.0193499326706,0.9966779281111324,-72.84303224086761,-0.6931891375604797,17,7.294117647058823
2023,00-0032392,A.Hooper,32.0,25.0,234.0,0.0,10.412619471549988,0.22824405692517757,0.5604166686534882,0.7583333365619183,8.505208313465118,7.279166668653488,3.65625,4.848958343267441,2.2274307809196987,12.0,0.0,-6.048361837863922,-0.17376025090925395,17.407981522381306,0.42805802868679166,16,2.0
2023,00-0032398,C.Moore,35.0,22.0,424.0,0.0,18.269116759300232,0.6343825290600459,0.5888888915379842,0.6722222248713176,21.311111132303875,15.250000063578288,18.388888867696128,2.9222222208976745,0.2097128196977652,16.0,1.0,47.0045565366745,1.381435889005661,-28.73543970286846,-0.7470533462862173,15,2.3333333333333335
2023,00-0032464,K.Raymond,44.0,35.0,489.0,1.0,29.941923707723618,0.7286558491177857,0.7135416679084301,0.8489583358168602,13.30729165673256,11.21354165673256,7.545833334326744,5.761458344757557,0.3592363093048334,20.0,0.0,6.719400346279144,0.09845446376129985,23.222523825243115,0.630201377090998,16,2.75
2023,00-0032764,D.Henry,36.0,28.0,214.0,0.0,3.1744807064533234,0.062316254278024036,0.4833333353201548,0.7444444457689922,8.055555566151936,5.833333301544189,-1.794444449742635,9.85,0.0,8.0,0.0,-32.301585987210274,-0.888133109609286,35.47606768459082,0.9504493866115808,15,2.4
2023,00-0032765,M.Thomas,64.0,39.0,448.0,1.0,12.608109831809998,0.05310423523187637,0.49880953431129454,0.5432539790868759,10.689047574996948,6.3249999523162845,7.960952377319336,2.72809522151947,0.3624672670331266,21.0,1.0,63.7178218960762,1.0195025404915214,-51.109712064266205,-0.9663982965052128,10,6.4
2023,00-0032775,D.Robinson,45.0,29.0,415.0,4.0,17.998627960681915,0.6786717983583609,0.6444444490803612,0.7629629704687331,14.25,10.440740797254774,10.842592557271322,3.4074074228604636,0.48431750138600665,23.0,1.0,65.37920805811882,1.1730394694540236,-47.38057905435562,-0.4943676292896271,9,5.0
2023,00-0033009,T.Boyd,98.0,67.0,667.0,2.0,5.828840136528015,0.07396262708832235,0.46274510551901427,0.691923448268105,10.42471986658433,7.053641445496503,6.550000036464018,3.874719872194178,0.6923900261959609,29.0,4.0,31.02420538663864,0.3679982165203375,-25.195366874337196,-0.2940355984165388,17,5.764705882352941
2023,00-0033040,T.Hill,180.0,124.0,1861.0,15.0,89.30450022220612,0.5358835722264998,0.566879540681839,0.6896690025049097,15.542893185335046,10.804358033572926,10.030871727887321,5.504668474197388,0.7723869427162058,84.0,5.0,144.66754508018494,0.8308108626481365,-54.41604448854923,-0.28017852614250255,17,10.588235294117647
2023,00-0033045,E.Elliott,65.0,51.0,313.0,2.0,-10.107500493526459,-0.01993687649567922,0.35791486700375874,0.7681168874104818,6.440158716837565,5.57380952835083,-0.8738095263640085,7.313968276977539,4.0,12.0,0.0,-52.518226623535156,-0.8548409005006155,42.41072705388069,0.8349040413896243,15,4.333333333333333
2023,00-0033090,H.Henry,61.0,42.0,419.0,6.0,18.46560901403427,0.17971214881310096,0.5838827926378983,0.648840056015895,9.07399265582745,6.626556671582735,6.846336988302378,2.227655678987503,0.20026718080043793,29.0,2.0,43.68995729088783,0.7709786966443062,-25.22434564679861,-0.591266499259151,13,4.6923076923076925
2023,00-0033110,T.Higbee,71.0,47.0,495.0,2.0,18.33457860350609,0.23204612638801336,0.47805736772716045,0.6096590980887413,9.49791669845581,6.610511340200901,4.720833279192448,4.777083337306976,1.6935503482818604,26.0,0.0,12.426486939191818,0.18079028325155377,5.908090651035309,0.05125583673361689,16,4.4375
2023,00-0033280,C.McCaffrey,108.0,86.0,716.0,9.0,7.78999237716198,0.16240069733344412,0.4932957495513715,0.8402882249731767,8.572556395279733,7.311466154299285,1.4976190344283455,7.074937393790798,3.8788616210222244,37.0,2.0,-47.37371674180031,-0.4429217699032865,55.16370964050293,0.6053224788292458,19,5.684210526315789
2023,00-0033282,C.Samuel,91.0,62.0,613.0,4.0,6.00624193251133,-0.0050745109329000115,0.4687748048454523,0.6929811546579003,10.160218209028244,6.842162683606148,5.678124964237213,4.48209323734045,1.0820571120296205,26.0,4.0,17.09080195426941,0.14208426140248775,-11.084557622671127,-0.1471587447449565,16,5.6875
2023,00-0033288,G.Kittle,103.0,73.0,1132.0,7.0,67.30553162097931,0.7574634057910818,0.5893863525829817,0.7063454169976083,14.871282527321263,10.451682285258645,7.957393476837559,6.913888899903548,1.0734374248667766,47.0,2.0,71.85176438093185,0.8401374967866823,-4.546229541301727,-0.08267406344805893,19,5.421052631578948
2023,00-0033293,A.Jones,51.0,34.0,254.0,1.0,6.762951076030731,0.22937579381351286,0.38791209344680494,0.6919413988406842,8.346153864493736,5.6238095668646,-2.129487168330413,10.475641012191772,33.23076923688253,14.0,0.0,-39.938981890678406,-0.8651458919048309,45.64893178641796,1.0742365934241276,13,3.923076923076923
2023,00-0033307,K.Bourne,55.0,37.0,406.0,6.0,-9.540424823760986,-0.3475934872403741,0.4910714365541935,0.6715999394655228,12.539583325386047,8.116414189338684,7.062499970197678,5.47708335518837,1.0914937406778336,16.0,3.0,28.2799471616745,0.5329082813113928,-37.820372462272644,-0.8805017881095409,8,6.875
2023,00-0033357,T.Hill,40.0,33.0,291.0,2.0,10.079289317131042,0.19004979332288105,0.5216666698455811,0.8316666682561239,8.15,7.631666660308838,3.6595238049825034,4.490476187070211,1.8992018794471568,11.0,0.0,-1.3219524919986725,-0.07233291467030843,11.401242576539516,0.2623827298482259,15,2.6666666666666665
2023,00-0033526,S.Perine,56.0,50.0,455.0,0.0,12.130847692489624,0.1445772713598083,0.616526615970275,0.9078431409948012,9.050280066097484,8.241456592784209,-0.0319327712059021,9.082212924957275,6.770833343267441,23.0,0.0,-35.06903159618378,-0.6515087459017249,47.19987953454256,0.7960860249312485,17,3.2941176470588234
2023,00-0033553,J.Conner,35.0,27.0,165.0,2.0,2.325234293937683,0.012665321429570517,0.3944444457689921,0.6430555582046509,4.104166636864345,3.8819444154699645,-1.1527777761220932,5.256944437821706,0.0,11.0,0.0,-25.518140196800232,-0.6690521565350619,29.737373277544975,0.7835970090871508,12,2.9166666666666665
2023,00-0033555,M.Hollins,30.0,18.0,251.0,0.0,9.6983083486557,0.3046272546052933,0.48148148589664036,0.6574074096149869,12.333333333333334,8.13888888888889,9.814814726511637,2.5185185107919903,0.3096644948236644,9.0,0.0,30.848572492599487,0.8994600176811218,-21.150264646857977,-0.5948327770456672,9,3.3333333333333335
2023,00-0033591,N.Brown,57.0,33.0,567.0,2.0,19.040849089622498,-0.038281581618569115,0.42401613836938684,0.48007674650712445,11.377705617384477,7.971192403273149,6.486471804705533,4.891233725981279,0.6235519860471997,25.0,0.0,59.03147220611572,1.1828342919999904,-39.04362368583679,-1.2222505035725506,11,5.181818181818182
2023,00-0033699,A.Ekeler,74.0,51.0,424.0,2.0,-13.322742313146591,-0.2331599000442241,0.31981293112039566,0.6693877641643796,7.405272109167917,4.997108851160322,-1.3646258456366402,8.780102014541626,4.733333444595337,20.0,1.0,-70.64276188611984,-0.7877651437052658,57.320016384124756,0.5546052102664751,14,5.285714285714286
2023,00-0033857,J.Smith-Schuster,47.0,29.0,260.0,1.0,-10.345766246318817,0.18730607053095644,0.5008658075874503,0.6404761956496672,8.531818173148416,5.072727257555181,6.260606055909937,2.271212111819874,0.42325957790017127,13.0,4.0,26.578365206718445,0.9859960314352065,-36.924129128456116,-0.7986899150366132,11,4.2727272727272725
2023,00-0033858,J.Smith,70.0,50.0,582.0,3.0,9.006752964109182,0.18096582169334094,0.5098412772019704,0.7346825460592906,10.53777780532837,9.116904709736506,3.940000037352244,6.597777700424194,1.674586628874143,26.0,2.0,16.3245048224926,0.2881489723920822,-7.317752838134766,-0.10718316833178203,15,4.666666666666667
2023,00-0033881,E.Engram,144.0,114.0,963.0,4.0,10.245342314243317,0.07305097187567941,0.5260055345647475,0.7973497159340802,8.244389309602624,6.684835314750671,3.839512726839851,4.451935347388773,2.7736371448811363,47.0,3.0,10.99903291463852,0.056704073706093955,0.19330954551696777,0.018634978462668025,17,8.470588235294118
2023,00-0033885,D.Njoku,134.0,88.0,975.0,8.0,-9.507154509425163,-0.05377303480225451,0.42477719047490287,0.6850988970083349,10.925630288965563,7.411378467784209,3.3606442633797142,7.564986046622781,7.921374922990799,39.0,4.0,8.458758056163788,0.006627975579570322,-17.965914726257324,-0.060401017613270706,17,7.882352941176471
2023,00-0033891,Z.Jones,64.0,34.0,321.0,2.0,-4.416608810424805,-0.028658093108485144,0.4570987754397922,0.5468254056241777,8.30000008477105,5.023236327701145,7.101851887173122,1.1981481611728668,0.1910663414746523,15.0,2.0,76.54894971847534,1.1887417899237738,-80.96556037664413,-1.2173999001582463,9,7.111111111111111
2023,00-0033895,G.Everett,70.0,51.0,411.0,3.0,7.632986031472683,0.08819913069407145,0.43740741262833277,0.7590740780035655,7.611111164093018,6.2074074427286785,2.4525396784146625,5.158571434020996,5.703971008841808,27.0,1.0,-3.30532855540514,-0.07050828834374746,10.93831491470337,0.1587074230114619,15,4.666666666666667
2023,00-0033897,J.Mixon,65.0,52.0,376.0,3.0,3.351456642150879,0.12216417748919305,0.518347343101221,0.8033613474930034,7.33235289068783,6.183333286467721,-2.0176470630309162,9.349999988780302,22.0,14.0,1.0,-59.19982409477234,-0.9151642795871285,61.49828064441681,1.0220068500322455,17,3.823529411764706
2023,00-0033906,A.Kamara,87.0,75.0,466.0,1.0,3.351239800453186,0.01985596349606147,0.42912089022306293,0.8720695972442627,6.299661911450899,5.40549452488239,-0.3698365711248838,6.6694984917457285,15.980769217014313,24.0,0.0,-74.05563741922379,-0.8014163099802457,76.35387897491455,0.8174749612808228,13,6.6923076923076925
2023,00-0033908,C.Kupp,106.0,64.0,764.0,6.0,8.597443222999573,0.13067823992325708,0.5188505976245954,0.6292041402596694,11.708424898294302,7.269061455359826,7.061446868456327,4.646978011498084,0.8923165717950234,35.0,3.0,65.84496715664864,0.5975257626089913,-57.35352647304535,-0.47516857718045896,13,8.153846153846153
2023,00-0033921,C.Godwin,144.0,91.0,1109.0,3.0,48.96537637710571,0.3403284575692133,0.4937970003015117,0.615145826026013,11.589473724365234,7.492025588688097,7.3728070510061166,4.2166666466938825,1.0028071716013882,57.0,3.0,110.61743521690369,0.8260578807247313,-62.705059975385666,-0.493608024412472,19,7.578947368421052
2023,00-0033943,J.Reynolds,78.0,48.0,740.0,6.0,17.742737531661987,-0.010400422505642238,0.5283208081596776,0.6166666730454093,15.359649106075889,9.382080178511771,11.78245613763207,3.57719297785508,0.8422557805713854,40.0,1.0,64.93197731673717,0.6577891291756379,-47.18924015760422,-0.6681895518283311,19,4.105263157894737
2023,00-0034270,T.Conklin,87.0,61.0,621.0,0.0,6.411194384098053,-0.03495490419514039,0.42077498576220346,0.7015406261472141,9.093137292300954,6.6845004278070785,5.279271742876838,3.8138655634487377,1.2339803755283356,27.0,1.0,18.293165385723114,0.1373209909481161,-11.881971210241318,-0.17227589317104397,17,5.117647058823529
2023,00-0034272,M.Valdes-Scantling,55.0,29.0,443.0,2.0,5.850909441709518,0.11107572205364705,0.41583333611488343,0.5383333384990692,12.258333325386047,7.835833311080933,9.34166669845581,2.916666680574417,0.3197764787822962,19.0,2.0,86.34019911289215,1.5763411581516267,-80.48929107934237,-1.4652654578909279,20,2.75
2023,00-0034348,C.Sutton,91.0,59.0,772.0,10.0,22.04758596420288,0.23765241005457938,0.4762851819396019,0.5978287421166897,13.254166662693024,8.104640185832977,11.016666650772095,2.237499989569187,0.28989741454521817,37.0,2.0,101.66053020954132,1.2774249538779259,-78.66594329476357,-1.0328827304765582,16,5.6875
2023,00-0034351,D.Goedert,89.0,63.0,613.0,5.0,14.45955640077591,0.13137953703602154,0.514047626654307,0.6641534447669983,8.816745932896932,6.528783043225606,4.399444429079692,4.4173015832901,1.3811537974647112,34.0,3.0,22.081662267446518,0.4243569071094195,-7.622101962566376,-0.2929773156841596,15,5.933333333333334
2023,00-0034383,D.Schultz,98.0,65.0,715.0,6.0,27.63812220096588,0.2780534081599292,0.4793226482237087,0.6298701412537518,11.465336126439711,7.456544472890742,7.960854348014383,3.5044817994622623,0.7448346978674333,38.0,2.0,61.967750668525696,0.7914040557601872,-33.38262823224068,-0.5076343353618594,17,5.764705882352941
2023,00-0034386,Ju.Watson,63.0,33.0,550.0,4.0,8.40872474014759,0.16653512261415782,0.4963317466409583,0.5116427525093681,15.119298232229132,8.645693753895006,13.086842085185804,2.0324561446905136,0.19581416563596576,26.0,3.0,107.56619855761528,1.5972060670978145,-99.15747395157814,-1.4306709570320029,19,3.3157894736842106
2023,00-0034418,C.Wilson,45.0,25.0,333.0,3.0,1.392709732055664,0.04098977753892541,0.4654761962592602,0.5954365146656831,14.37499996026357,7.212698355317116,12.048611084620157,2.326388900478681,0.19437796554782175,16.0,1.0,47.36751812696457,0.9933963865041733,-45.97480866312981,-0.952406607568264,12,3.75
2023,00-0034419,B.Berrios,34.0,27.0,238.0,2.0,9.792169362306595,-0.06916377906288419,0.5071428609745843,0.7452380997794015,7.654761893408639,6.576190420559475,4.77380953516279,2.88095238166196,1.5160316167907282,15.0,2.0,23.480590034276247,0.6341601197740862,-13.688421130180359,-0.7033239301027996,14,2.4285714285714284
2023,00-0034521,A.Lazard,49.0,23.0,311.0,1.0,0.3768792748451233,-0.05080013779493479,0.3756410296146686,0.40128205487361324,10.371794920701246,5.66923084625831,8.282051233144907,2.089743591271914,0.2853228125721216,17.0,1.0,43.81687122583389,1.0174871453872094,-43.439993634819984,-1.0682873035279603,13,3.769230769230769
2023,00-0034613,T.Hudson,50.0,39.0,352.0,2.0,12.267451293766499,0.1269803944354256,0.6019841308395067,0.7960317507386208,9.14305559794108,7.086904764175415,5.197222212950389,3.9458333452542624,0.6795224953781475,22.0,1.0,8.819007977843285,0.10511383134871721,3.4484418630599976,0.021866532663504284,12,4.166666666666667
2023,00-0034646,B.Powell,44.0,29.0,324.0,1.0,-1.4677107781171799,-0.21704546534098113,0.4512820564783536,0.6038461602651156,8.46153842485868,6.32435897221932,5.775640964508057,2.685897423670842,0.5477715568108992,18.0,1.0,21.7100692987442,0.5990387023641512,-23.17778018116951,-0.8160841780213209,13,3.3846153846153846
2023,00-0034753,M.Andrews,63.0,47.0,559.0,6.0,33.941650688648224,0.6197691519152034,0.6537878838452426,0.7780303088101473,12.497474757107822,9.375,7.625757564197887,4.871717171235518,0.6588058376854117,27.0,0.0,22.478651970624924,0.40774546495892783,11.462997436523438,0.2120236720551144,11,5.7272727272727275
2023,00-0034764,M.Gallup,63.0,40.0,521.0,2.0,11.668258160352707,0.1609518769032815,0.558263311491293,0.642577036338694,10.460784238927504,8.235854345209459,8.498039175482358,1.9627450844820808,0.3042772057155768,23.0,2.0,47.38720664381981,0.8082869112053338,-35.71894713677466,-0.647335021482671,17,3.7058823529411766
2023,00-0034775,C.Kirk,85.0,57.0,787.0,3.0,23.39244508743286,0.37114984495565295,0.5556367312868437,0.6766053463021914,15.034722328186035,10.428553382555643,11.320391376813253,3.7143308023611703,0.39623016739885014,34.0,2.0,59.70779037475586,0.784411440603435,-36.31534334272146,-0.41326157934963703,12,7.083333333333333
2023,00-0034777,D.Chark,66.0,35.0,525.0,5.0,15.333778694272041,0.23630373845142977,0.4123376650469644,0.5795454585126468,14.821428571428571,8.35606060709272,12.38095246042524,2.440476181251662,0.24556297290005855,22.0,0.0,85.62626504898071,1.191183796950749,-70.29248443245888,-0.9548800449286189,14,4.714285714285714
2023,00-0034798,D.Smythe,47.0,38.0,378.0,0.0,18.376079170033336,0.4135659506926978,0.6556122494595391,0.7984693901879447,9.413095201764788,8.076360481125969,6.1761905040059775,3.2369047829083035,0.7555576092921771,22.0,0.0,15.671160638332367,0.40087816385286196,2.7049180790781975,0.012687784752675466,14,3.357142857142857
2023,00-0034827,D.Moore,138.0,96.0,1364.0,8.0,64.28823632001877,0.3853165977908408,0.5664614912341622,0.6810100148705875,13.745269943686093,9.55180165346931,8.599146899055032,5.146122960483327,0.7544465165804414,64.0,3.0,114.46463793516159,0.8470367095433176,-48.28240215778351,-0.41979028109241934,17,8.117647058823529
2023,00-0034829,M.Gesicki,46.0,29.0,247.0,2.0,-3.1105308532714844,0.09612066696087519,0.522222226858139,0.6166666706403097,7.618888854980469,5.505555558204651,4.878888893127441,2.7,0.8245797008275986,11.0,2.0,29.2485613822937,0.7579980711142222,-31.41209203004837,-0.62554199496905,15,3.066666666666667
2023,00-0034830,H.Hurst,32.0,18.0,184.0,1.0,-3.781781494617462,-0.1464040203847819,0.37830688887172276,0.523809529013104,9.985185146331787,5.317460325029161,6.233333322736952,3.7518518235948353,0.6240176483988762,7.0,2.0,16.846301347017288,0.5079585827059216,-20.62808334827423,-0.6543626156118181,9,3.5555555555555554
2023,00-0034837,C.Ridley,137.0,76.0,1016.0,8.0,32.3809435069561,0.328641208984396,0.5243002158754012,0.5753294176915112,12.776540531831628,7.842554372899673,10.27528013902552,2.50126049536116,0.2127106775296852,49.0,3.0,176.00318503379822,1.3445614225724165,-144.6752370595932,-1.0131717885241789,17,8.058823529411764
2023,00-0034844,S.Barkley,61.0,41.0,280.0,5.0,-7.518395781517029,-0.013748590435300554,0.4243197324020522,0.6894557880503791,6.880952417850494,5.714795883212771,0.994047615144934,5.886904767581394,8.523504325499138,16.0,3.0,-22.98851478099823,-0.3912404530814716,16.417120039463043,0.38509634669337955,14,4.357142857142857
2023,00-0034960,J.Meyers,106.0,71.0,807.0,8.0,18.461269855499268,0.24437826866051182,0.6102449707686901,0.6954098027199507,12.892708390951157,8.752884596586227,8.720486149191856,4.172222219407558,0.6571635494474322,47.0,4.0,71.25883877277374,0.6642446834594011,-52.79756800830364,-0.41986639983952045,16,6.625
2023,00-0034972,A.Mattison,44.0,30.0,192.0,3.0,-5.054178297519684,-0.19666920304298402,0.2960317482550939,0.7246031800905863,5.5600000063578285,4.638095243771871,0.23666666746139525,5.323333311080932,3.632222165664037,6.0,0.0,-22.160462856292725,-0.5642992563545703,17.106284141540527,0.3676300530632337,15,2.933333333333333
2023,00-0034975,J.Hill,48.0,34.0,251.0,1.0,-2.180599892511964,-0.08634052276611329,0.2974603220820427,0.6914285739262899,5.536666679382324,4.489365069071452,-0.24888889789581298,5.7855555534362795,7.708333492279053,12.0,0.0,-29.418291993439198,-0.4538331891099612,27.237693129340187,0.36749268958034614,15,3.2
2023,00-0034983,H.Renfrow,37.0,25.0,255.0,0.0,-0.26947610080242157,-0.026612805632444527,0.4333333384532195,0.6487179536085862,8.864102510305552,6.937179455390344,4.173076923076923,4.69102562390841,2.265404924750328,12.0,0.0,6.803298324346542,0.16914039047864768,-7.072774559259415,-0.19575319725733537,13,2.8461538461538463
2023,00-0035140,M.Hardman,31.0,20.0,186.0,1.0,-3.930045759305358,-0.6494962269440293,0.4121212184429169,0.7212121248245239,6.466666626930237,5.283333325386048,1.5500000715255737,4.916666662693023,0.6128315795212984,10.0,2.0,2.8739050030708313,-0.04076600130647421,-6.803949624300003,-0.608730198442936,10,3.1
2023,00-0035216,D.Johnson,94.0,55.0,758.0,6.0,25.465613424777985,0.3199232720902988,0.5148242743951934,0.5963718891143799,13.770153045654297,8.614030599594116,8.959693840571813,4.810459205082485,0.7171904375510556,41.0,2.0,106.19574856758118,1.0973085165023804,-80.73013544082642,-0.7773852461416807,14,6.714285714285714
2023,00-0035229,T.Hockenson,127.0,95.0,960.0,5.0,31.822887361049652,0.2577923667927583,0.5159379581610362,0.7546488761901855,10.530714289347332,7.853203423817953,6.487438678741455,4.043275618553162,0.5037169871585709,48.0,1.0,47.085819363594055,0.3637739052375158,-15.262932181358337,-0.10598154291510582,15,8.466666666666667
2023,00-0035243,M.Sanders,41.0,27.0,154.0,1.0,-9.622439086437225,-0.17321999514332184,0.3538461568263861,0.6478632550973159,4.546153866327726,3.429914570771731,-0.08589744567871094,4.632051247816819,1.3809524178504944,8.0,1.0,-23.936284244060516,-0.6571552936847394,14.313845425844193,0.4839352930967624,13,3.1538461538461537
2023,00-0035250,D.Singletary,47.0,38.0,245.0,0.0,-3.5979049652814865,-0.1823282784057988,0.3145502673255073,0.8050264550579919,5.223148180378808,4.510052939256032,-0.28240740299224854,5.505555576748318,1.7400000095367432,9.0,0.0,-27.102568045258522,-0.649103419855237,23.50466449558735,0.46677516649166745,18,2.611111111111111
2023,00-0035261,T.Pollard,76.0,62.0,340.0,0.0,-6.272625043988228,-0.14864759147167206,0.31197479454910054,0.8236227894530577,4.826330502243603,4.089262403109494,-0.1708683555617052,4.997198876212625,8.051587325831255,14.0,0.0,-46.480051040649414,-0.5970683146048995,40.20742602646351,0.448420726639383,17,4.470588235294118
2023,00-0035329,D.Parham,41.0,27.0,285.0,4.0,18.289647787809372,0.2900106551555487,0.5358974383427546,0.6000000032094809,7.879487221057598,5.507692337036133,4.7192307985745945,3.160256404143113,1.1046758456663652,22.0,1.0,35.13863053917885,1.0195030888112693,-16.848984479904175,-0.7294924694758195,13,3.1538461538461537
2023,00-0035341,T.Irwin,32.0,25.0,316.0,1.0,19.366652220487595,1.0625482633709908,0.6950000047683715,0.8400000035762787,15.575,13.394999980926514,9.64583330154419,5.929166674613953,0.8181277826428414,15.0,1.0,22.30437572300434,0.7740255422890187,-2.9377242624759674,0.2885227009654045,10,3.2
2023,00-0035500,G.Dortch,41.0,24.0,280.0,2.0,4.755318284034729,0.0031613492303424412,0.32777778142028385,0.5537037087811364,10.153439203898111,5.560846593644884,4.88095235824585,5.272486726442973,2.0241731639419283,14.0,0.0,27.29488515853882,1.0217005643579695,-22.539567083120346,-1.0185391969150968,9,4.555555555555555
2023,00-0035535,D.Slayton,79.0,50.0,770.0,4.0,29.19376030564308,0.3568646228488754,0.5334033685572007,0.6530812417759615,14.44019603729248,9.640826253330006,8.704901961719289,5.735294094857047,0.7199012336786836,30.0,2.0,62.18913224339485,0.6776477492907468,-32.99537390470505,-0.3207831249079284,17,4.647058823529412
2023,00-0035640,D.Metcalf,119.0,66.0,1114.0,8.0,42.64521664381027,0.4107386958785355,0.5308779808692634,0.5665922658517957,18.21354168653488,9.744940422475338,11.779166638851166,6.4343749806284904,0.5196771654300392,52.0,4.0,144.03865361213684,1.265456261113286,-101.39343452453613,-0.8547175480052829,16,7.4375
2023,00-0035644,N.Fant,43.0,32.0,414.0,0.0,11.724469661712646,0.34812855294772554,0.5714285746216774,0.7369047658784049,12.444047621318273,10.52857141835349,7.03095235143389,5.413095225180898,1.2851613505433004,16.0,1.0,2.946428820490837,0.0683369083063943,8.778040677309036,0.2797916554180639,14,3.0714285714285716
2023,00-0035659,T.McLaurin,132.0,79.0,1002.0,4.0,9.272234916687012,0.08268836009151795,0.427773538757773,0.5992042334640727,12.113725521985222,7.411739293266745,7.698529430172023,4.415196119862444,0.7439138279606898,47.0,4.0,119.56308019161224,0.8491153795929516,-110.29084712266922,-0.766427023226724,17,7.764705882352941
2023,00-0035662,M.Brown,104.0,51.0,574.0,4.0,-7.575340613722801,-0.12918187434283587,0.3688465425601372,0.45605741097376895,11.345970740685097,5.2373184607579155,8.457142884914692,2.8888278855727267,0.48623329494148493,32.0,2.0,85.20427870750427,0.8119017458879031,-89.93862104415894,-0.9109046929157697,13,8.0
2023,00-0035676,A.Brown,158.0,106.0,1456.0,8.0,65.87283754348755,0.11204031646689948,0.5144579340429867,0.6842797819305869,12.863118480233585,9.016651490155388,8.800233504351448,4.062885151189916,0.5347479178624994,70.0,4.0,137.3882658481598,0.885690903838943,-71.51542454957962,-0.7736505874816109,17,9.294117647058824
2023,00-0035685,D.Montgomery,31.0,22.0,162.0,0.0,-5.436857640743256,-0.2408265769481659,0.5833333347524915,0.7321428592715945,6.678571428571429,6.190476196152823,-0.9642857164144516,7.642857142857143,4.0930555537343025,11.0,1.0,-25.68617394566536,-0.7475353553891182,20.249316698871553,0.5067087874215629,14,2.2142857142857144
2023,00-0035689,D.Knox,40.0,24.0,199.0,3.0,-9.072600305080414,0.0903423714141051,0.6305555601914724,0.6750000044703484,8.749999940395355,6.076388895511627,3.9861110846201577,4.763888885577519,2.1379509527574885,15.0,2.0,19.755975112318993,0.41735032324989635,-29.881575107574463,-0.3943537200490634,12,3.3333333333333335
2023,00-0035700,J.Jacobs,54.0,37.0,296.0,0.0,-0.39654815196990967,0.10175212938338518,0.5385101077457269,0.7203282887736956,8.21458331743876,5.881691912810008,-0.06597223381201427,8.280555586020151,1.6071428507566452,15.0,2.0,-29.464431881904602,-0.6788950835665067,29.067882657051086,0.7806472027053436,12,4.5
2023,00-0035719,D.Samuel,111.0,73.0,1038.0,7.0,40.15585571527481,0.5134150337646989,0.602431891595616,0.7109540841158699,13.363515489241657,10.226657376569861,5.161484592101154,8.202030869091258,10.657519615255296,40.0,3.0,29.25534075498581,0.17853757651413188,10.900514602661133,0.33487745242960315,17,6.529411764705882
2023,00-0036040,J.Johnson,59.0,37.0,368.0,4.0,-4.487487494945526,-0.09326677712110373,0.5056776599242137,0.6212454323585217,8.394871785090519,6.150183122891646,5.455128192901611,2.9397435738490176,0.6887666461989284,23.0,4.0,30.903900027275085,0.5618927404284477,-35.39138576388359,-0.6551595003559039,13,4.538461538461538
2023,00-0036165,I.Hodgins,33.0,21.0,230.0,3.0,3.9315881580114365,0.0807198892746653,0.5154761927468436,0.5571428601230893,8.714285714285714,6.291666678019932,5.559523786817278,3.1547619104385376,0.7076160043478013,12.0,0.0,30.34518438577652,1.0107414365879126,-26.413596212863922,-0.9300215446523258,14,2.357142857142857
2023,00-0036182,N.Westbrook-Ikhine,46.0,28.0,370.0,3.0,20.679265588521957,0.7101350541298206,0.6150183196251209,0.6362637396042163,15.970512756934532,9.44249076109666,12.062820507929874,3.907692308609302,0.81597089022398,18.0,0.0,52.611160695552826,1.5499243094370916,-32.98489625006914,-0.8536968927543896,13,3.5384615384615383
2023,00-0036196,G.Davis,82.0,45.0,746.0,7.0,24.154762864112854,-0.10398056823760271,0.41577381175011396,0.44851190876215696,13.40625,7.615178599953651,10.493055567145348,2.9131944365799427,0.39650839287787676,34.0,6.0,131.40156161785126,1.973701050505042,-108.29979193210602,-2.087099026888609,16,5.125
2023,00-0036244,C.Parkinson,34.0,25.0,247.0,2.0,8.381130650639534,0.22448699282748358,0.5345238127878734,0.7630952426365444,8.988095266478402,7.205952422959464,6.202380972249167,2.7857142921004976,0.6110393296067531,11.0,0.0,10.36189566552639,0.2862095007938998,-1.9807649552822113,-0.06172250796641622,14,2.4285714285714284
2023,00-0036251,Z.Moss,39.0,27.0,192.0,2.0,-1.0372580289840698,0.1600275435908274,0.4231601790948348,0.6991342035206881,6.795454545454546,5.455627658150413,0.12121212482452393,6.6742424531416455,4.858974441885948,10.0,1.0,-27.56536853313446,-0.7983954514969479,28.422110717743635,0.9421427734196186,11,3.5454545454545454
2023,00-0036252,M.Pittman,158.0,109.0,1152.0,4.0,28.089786291122437,0.2517459311638959,0.5292983101680875,0.6805624151602387,12.48825752735138,7.8181722313165665,6.640782877802849,5.8474747240543365,0.9112386577762663,53.0,6.0,62.638500452041626,0.4871944189071655,-36.654718190431595,-0.2550287678313907,16,9.875
2023,00-0036259,J.Jennings,46.0,29.0,376.0,2.0,15.542428523302078,0.22301524976889292,0.48259259661038717,0.5514814853668213,10.444444465637208,7.493333307902018,7.3477777481079105,3.0966666539510093,0.6110337572172284,20.0,1.0,39.23656988143921,1.169001407424609,-23.694141000509262,-0.9459861437479655,15,3.066666666666667
2023,00-0036261,B.Aiyuk,125.0,84.0,1491.0,8.0,90.0827761888504,0.8036033289605066,0.6747702642490989,0.6858813746979362,17.474248133207624,12.047514589209305,12.953446036890933,4.5208020273007845,0.4039570561757213,70.0,3.0,153.87892484664917,1.2385667687968205,-63.79615280032158,-0.43496346282527637,19,6.578947368421052
2023,00-0036275,D.Swift,53.0,43.0,246.0,1.0,-8.210561588406563,-0.17758665084838868,0.47555555899937946,0.8311111152172088,5.45,4.87222221493721,-1.8305555621782938,7.280555550257365,5.6,10.0,1.0,-34.975329875946045,-0.7105466809123755,26.764767795801163,0.5329600234826406,15,3.533333333333333
2023,00-0036290,C.Kmet,90.0,73.0,719.0,6.0,32.52244779467583,0.3683230144282182,0.6278571526209513,0.8091534455617269,10.095714314778645,8.183042287826538,6.0974603255589805,3.998253925641378,1.1665724704840355,36.0,2.0,20.38228738307953,0.25119887813925745,12.140160202980042,0.11712412933508555,15,6.0
2023,00-0036309,D.Mooney,61.0,31.0,414.0,2.0,-4.804643929004669,-0.11993478238582611,0.4391156498874937,0.5231292567082814,12.921428544180733,7.530272143227713,8.203571421759468,4.717857156481061,1.1165323356787364,20.0,3.0,51.481499433517456,1.0495532367910658,-56.286143720149994,-1.1694879989538873,14,4.357142857142857
2023,00-0036322,J.Jefferson,100.0,68.0,1074.0,5.0,42.822707027196884,0.41892391368746756,0.5780769318342209,0.6625091671943665,15.27069263458252,10.141770458221435,11.935165882110596,3.3355266988277434,0.31769138351082804,51.0,3.0,110.12474346160889,1.1040657937526703,-67.30203765630722,-0.6851418826729059,10,10.0
2023,00-0036328,A.Gibson,59.0,48.0,389.0,2.0,0.8663654178380966,0.11459833802655339,0.5531250042840838,0.8375000022351742,7.73854161798954,6.586458347737789,-0.32395834010094404,8.0625,4.306984141469002,19.0,1.0,-40.23190580308437,-0.6206070687621832,41.09827137738466,0.7352054030634463,16,3.6875
2023,00-0036345,K.Osborn,75.0,48.0,540.0,4.0,6.300212770700455,-0.1456306640058756,0.4284127046664556,0.6238624393939972,11.62166659037272,6.905026435852051,7.291666666666667,4.330000028014183,1.1037165744762336,28.0,3.0,52.74958556890488,0.7405074109633764,-46.449374318122864,-0.8861381215353806,15,5.0
2023,00-0036358,C.Lamb,199.0,144.0,1859.0,13.0,97.15345931053162,0.5399791107823452,0.5955087426635954,0.7322929484976662,12.959195084042019,9.569576978683472,7.997257378366259,4.961937718921238,0.6423490213023292,89.0,2.0,150.31891587376595,0.7692233293006817,-54.218459129333496,-0.2326779273442096,18,11.055555555555555
2023,00-0036407,J.Jeudy,87.0,54.0,758.0,2.0,16.952773302793503,0.19563165510771796,0.5010416768491268,0.6373512018471956,14.381250113248825,8.663839265704155,8.168749995529652,6.2125000804662704,1.875004550209269,28.0,3.0,77.42566607892513,0.8596611426910385,-60.47289112210274,-0.66402947017923,16,5.4375
2023,00-0036410,T.Higgins,76.0,42.0,656.0,5.0,26.474023163318634,0.4290415334204833,0.5532407412926356,0.5636574079593023,14.91041668256124,9.011574069658915,9.79652770360311,5.113888909419377,0.6904397339306094,33.0,1.0,88.37765216827393,1.221831997235616,-61.90363031625748,-0.7927904588480791,12,6.333333333333333
2023,00-0036415,V.Jefferson,43.0,20.0,211.0,0.0,-17.63956242799759,-0.6667883787304163,0.35476191129003254,0.3928571513720921,10.130952392305646,4.444047638348171,9.119047607694354,0.9761904733521598,0.1725774221122265,11.0,4.0,58.04444640874863,1.5633250448320593,-75.68400931358337,-2.230113430746964,14,3.0714285714285716
2023,00-0036422,A.Trautman,35.0,22.0,204.0,3.0,-1.0960961282253265,-0.1104621747508645,0.41875000298023224,0.5500000026077032,7.737500011920929,5.708333343267441,3.4593749940395355,4.278125002980232,1.0214804247021676,10.0,1.0,17.739323437213898,0.7190978713333607,-18.835419204086065,-0.829560034791939,16,2.1875
2023,00-0036550,R.Bateman,62.0,36.0,408.0,1.0,3.732849210500717,0.12331613460007836,0.4911764781264698,0.6029411834828994,10.823529411764707,6.8264705959488365,9.029411764705882,1.7941176470588236,0.16867989022284746,22.0,3.0,69.42463129758835,1.1207116057767588,-65.69178223609924,-0.9973954751211054,17,3.6470588235294117
2023,00-0036554,N.Collins,127.0,91.0,1461.0,9.0,79.7621738910675,0.6275930091300431,0.6155674492611605,0.7305131239049575,15.250046617844525,11.383057355880737,8.320681600009694,6.929365101982565,1.1276544665589052,62.0,2.0,105.82792103290558,0.8251970901208765,-27.11874557286501,-0.2098140746135922,17,7.470588235294118
2023,00-0036555,C.Hubbard,44.0,39.0,233.0,1.0,-10.740265369415283,-0.17429888481274247,0.3625000026077032,0.9145833365619183,5.528124988079071,5.379166644066572,-1.278124999254942,6.806250035762787,4.850000047683716,9.0,1.0,-37.77794164419174,-0.9460661709308624,27.037676990032196,0.7717672865837812,16,2.75
2023,00-0036613,J.Waddle,109.0,74.0,1045.0,5.0,44.977901577949524,0.4355301906665166,0.5964814881483714,0.6694444477558136,16.225873057047526,9.857407347361248,10.548492002487183,5.677380975087484,0.848169070482254,49.0,4.0,80.34938192367554,0.7713834921518962,-35.371481120586395,-0.33585330049196876,15,7.266666666666667
2023,00-0036637,N.Gray,52.0,36.0,364.0,2.0,4.794528305530548,0.26781146177090703,0.5675000049173832,0.7291666701436043,9.666666650772095,7.535833299160004,5.900000011920929,3.7666666567325593,0.8340625061708338,18.0,1.0,8.761996418237686,0.32202756674960253,-3.9674675166606903,-0.05421610213816166,20,2.6
2023,00-0036849,T.Atwell,69.0,40.0,521.0,4.0,12.924290478229523,0.5322679976622263,0.511111115415891,0.5821693181991577,14.68111120859782,10.730661376317341,10.39190476735433,4.289206357796987,0.830564566754869,27.0,2.0,60.63956505060196,1.0666095197200776,-48.7682748734951,-0.5598712315162023,15,4.6
2023,00-0036875,R.Stevenson,51.0,38.0,238.0,1.0,-18.016631066799164,-0.5805549441526333,0.2541666701436043,0.7097222258647283,4.813888907432556,3.7444444497426352,-0.4888888746500015,5.3027777671813965,4.666666626930237,8.0,1.0,-37.295375287532806,-0.7160840928554535,19.27874481678009,0.1355291629830996,12,4.25
2023,00-0036876,K.Granson,50.0,30.0,368.0,1.0,11.460440933704376,0.10672732392946879,0.42428571979204815,0.5853968302408854,10.221111138661703,7.482698408762614,6.9655555307865145,3.255555534362793,2.050948835336245,20.0,0.0,16.139951765537262,0.1894182230035464,-4.679509546607733,-0.08269089038173358,15,3.3333333333333335
2023,00-0036893,N.Harris,41.0,31.0,185.0,0.0,-1.5108558312058449,-0.09854748286306858,0.35595238847391947,0.7083333368812289,5.971428530556815,4.239285673413958,0.4023809518132891,5.569047621318272,2.0151515007019043,10.0,0.0,-25.866013702005148,-0.5003597125011895,24.355156794190407,0.4018122096146856,14,2.9285714285714284
2023,00-0036894,P.Freiermuth,56.0,37.0,384.0,2.0,12.376547992229462,0.15539214573800564,0.534848486383756,0.722348486383756,8.558333377043406,6.309090932210286,3.8296296497186026,4.728703695038955,0.6946960629688369,20.0,1.0,32.95780408382416,0.3478695551554362,-21.63425502181053,-0.21258041774854064,12,4.666666666666667
2023,00-0036900,J.Chase,145.0,100.0,1216.0,7.0,60.54723381996155,0.39003272098489106,0.5305692227557302,0.6806436236947775,11.952543318271637,8.500519640743732,6.848796024918556,5.103747271001339,1.1907195488611857,63.0,2.0,72.77739769220352,0.545375635381788,-12.230167210102081,-0.15534294163808227,16,9.0625
2023,00-0036906,K.Herbert,31.0,20.0,134.0,2.0,-16.81677156686783,-0.7083456448533318,0.30000000379302283,0.6878787956454537,6.734848455949263,4.2303030165759,-0.23484848304228348,6.969696998596191,6.6875,9.0,2.0,-13.26810336112976,-0.436224410479719,-3.5486688017845154,-0.2721212587573312,11,2.8181818181818183
2023,00-0036912,D.Smith,125.0,89.0,1214.0,7.0,38.24763751029968,0.42410287151441856,0.5843667887589511,0.7337641181314692,13.585854474235983,10.374579920488245,9.916269863353056,3.6695844916736378,0.4107220562941888,53.0,3.0,111.80553102493286,0.9234312281889074,-72.61089456826448,-0.4913482793113765,17,7.352941176470588
2023,00-0036913,K.Toney,38.0,27.0,169.0,2.0,-8.356739491224289,0.06239452554533879,0.5222222246229649,0.8152777763704459,6.502777735392253,5.96111112460494,2.0472222194075584,4.455555568138759,1.6629058346152306,12.0,2.0,-5.937945052981377,-0.02581909578293562,-2.4187928959727287,0.08821363064150016,12,3.1666666666666665
2023,00-0036919,K.Gainwell,39.0,32.0,193.0,0.0,1.6275347573682666,-0.09254712394128244,0.3544444461663564,0.7333333333333333,4.687777773539225,3.950000015894572,0.38444444636503855,4.303333314259847,3.437500011175871,11.0,0.0,-17.401178412139416,-0.3290226086974144,19.028712891042233,0.23647547910610836,15,2.6
2023,00-0036936,R.Moore,63.0,40.0,352.0,1.0,-4.296013653278351,0.1632855030543664,0.42184874503051534,0.6478291399338666,9.893137314740349,7.768277294495526,5.400980409453897,4.492156842175652,1.5385084790600971,17.0,0.0,-14.404703468084335,0.10059117569642909,11.055689930915833,0.07695836245137103,17,3.7058823529411766
2023,00-0036955,T.Marshall,33.0,19.0,139.0,0.0,-7.208909332752228,-0.23502725642174482,0.4739583358168602,0.523958332836628,6.215277791023254,3.934374988079071,5.156944423913956,1.0583333373069763,0.3556462774674098,8.0,1.0,10.300513863563538,0.25156731717288494,-17.509424097836018,-0.48659460339695215,8,4.125
2023,00-0036963,A.St. Brown,199.0,141.0,1789.0,12.0,84.93581974506378,0.44314660288785634,0.5885157600829476,0.700237943937904,13.521017200068423,9.394067839572305,7.390774968423341,6.130242247330515,0.7922874142726263,93.0,3.0,83.5154464840889,0.4387052218968931,2.3673731088638306,0.0144146959248342,19,10.473684210526315
2023,00-0036970,K.Pitts,90.0,53.0,667.0,3.0,17.377556443214417,0.2253649155883228,0.5641117131008822,0.611289374092046,12.507563086117015,7.91311642702888,9.992576963761273,2.5149860066526077,0.30657028319204555,35.0,2.0,91.97721064090729,1.0342806577682495,-74.59965145471506,-0.808915708837209,17,5.294117647058823
2023,00-0036973,T.Etienne,73.0,58.0,476.0,1.0,9.622610434889793,0.1320689666797133,0.5107843227246228,0.8254902012207929,8.038235313752118,6.3803921832757835,-0.917647074250614,8.955882324891931,2.6666666865348816,23.0,0.0,-60.70953631401062,-0.8473256440723643,70.33214551210403,0.9793946024249581,17,4.294117647058823
2023,00-0036980,E.Moore,106.0,61.0,652.0,2.0,-1.691477708518505,0.0346575771622798,0.43832867373438444,0.6201680740889381,11.040849685668945,6.175070019329295,7.885947676265941,3.1549019497983597,1.1679877430638845,29.0,2.0,76.46741372346878,0.5835117439136785,-78.15889738500118,-0.5488541901988142,17,6.235294117647059
2023,00-0036988,J.Palmer,61.0,38.0,581.0,2.0,8.454436421394348,0.18689714670181273,0.40714286267757416,0.6807142972946167,14.508333301544189,9.775,9.79333336353302,4.71500001847744,0.4756699241697788,22.0,1.0,54.2746861577034,0.7599590077996254,-45.820249792188406,-0.5730618711560964,10,6.1
2023,00-0036997,J.Williams,59.0,47.0,228.0,2.0,-4.702793046832085,-0.06743560036023458,0.4148148228724798,0.83518519004186,4.831745998064677,4.046296266714732,-1.9023809393246969,6.689682563145955,8.027777751286825,11.0,0.0,-52.3036789894104,-0.9350323796272277,46.54788666963577,0.8085041403770447,15,3.933333333333333
2023,00-0037005,T.Tremble,32.0,23.0,194.0,3.0,2.1053349673748016,0.2059649905333152,0.5641025694516989,0.7948718002209296,7.467948730175312,6.42307691849195,4.064102576329158,3.4038461538461537,1.6821338430047035,10.0,1.0,13.667508579790592,0.41977628205831236,-11.562174143269658,-0.21381130248594743,13,2.4615384615384617
2023,00-0037197,I.Pacheco,61.0,56.0,304.0,2.0,2.0761089622974396,0.026280491302410763,0.46177248987886643,0.8703703714741601,5.067592594358656,4.873148149914211,-2.187433855401145,7.255026406712002,11.375,14.0,0.0,-56.698491990566254,-0.9020059539212121,58.77460171841085,0.928286449259354,18,3.388888888888889
2023,00-0037228,J.Warren,76.0,63.0,386.0,0.0,-12.782776266336441,-0.1244551216562589,0.404629636141989,0.8249999996688631,5.675000005298191,5.050925936963823,-2.16666666418314,7.841666645473904,1.5555555820465088,20.0,0.0,-82.7843359708786,-1.1064936170975368,70.0015577673912,0.9820384697781669,18,4.222222222222222
2023,00-0037238,D.London,112.0,69.0,905.0,3.0,11.869875013828278,0.07314549759030342,0.4950148928910494,0.5692956419661641,11.72118067741394,7.264707334339619,9.438541650772095,2.282638892531395,0.2697210023800532,45.0,4.0,98.92034615576267,0.9375212183222175,-87.15647161006927,-0.8418551092036068,16,7.0
2023,00-0037239,C.Olave,139.0,87.0,1123.0,5.0,43.39849191904068,0.37892620963975787,0.5665967799723148,0.6327448664233088,12.113095253705978,8.19827064499259,8.275099247694016,3.837996020913124,0.46246629059314726,57.0,3.0,158.99366068840027,1.2209122143685818,-116.64817106723785,-0.8453142466023564,16,8.6875
2023,00-0037240,J.Williams,51.0,30.0,433.0,3.0,21.3527472615242,0.5656025360027949,0.5285714348157247,0.638095247745514,13.156666692097982,9.253174571196238,10.173333326975504,2.9833333333333334,0.4221419879856209,19.0,2.0,64.04016399383545,1.2791030178467433,-42.68741638958454,-0.7135005133847395,15,3.4
2023,00-0037247,G.Pickens,117.0,68.0,1197.0,5.0,21.481499791145325,0.2062527959180229,0.48880189394249635,0.5889461943331886,17.330252016291897,10.207132300033289,11.11582636833191,6.11148459946408,0.5644100137287751,45.0,3.0,128.11570239067078,1.0715319558101541,-106.63420480489731,-0.8652791630695847,17,6.882352941176471
2023,00-0037248,J.Cook,63.0,52.0,471.0,4.0,13.474491069093347,0.24250510110355475,0.5920168117565268,0.8376750753206366,10.162745111128864,9.202521008603712,0.695098035475787,9.467647047603831,4.645173966884613,18.0,0.0,-25.961994528770447,-0.40822975088239594,39.4364857673645,0.650734840947039,17,3.7058823529411766
2023,00-0037256,R.White,78.0,69.0,588.0,4.0,26.688045516610146,0.3667311658592601,0.5160401094900934,0.8875939893095117,9.131578947368421,8.229573927427593,-1.1170426042456376,10.24862151396902,10.86111107468605,27.0,0.0,-65.32699978351593,-0.8720898302762132,92.01504445075989,1.2388209883662824,19,4.105263157894737
2023,00-0037257,Dav.Bell,31.0,22.0,221.0,3.0,12.307781636714935,0.23428089022636414,0.39166666865348815,0.5833333373069763,9.525,5.975000023841858,3.7625,5.7625,2.1102397617484843,11.0,1.0,16.300383508205414,0.4847641237080097,-3.9926012754440308,-0.25048320963978765,10,3.1
2023,00-0037261,K.Shakir,58.0,49.0,686.0,4.0,52.575578927993774,0.8113187981976403,0.6919753104448318,0.784876545270284,12.622354401482475,10.691975249184502,6.366402082973057,6.255952424473232,1.7595481783151627,32.0,0.0,25.063422756269574,0.4538893460606535,28.45915699005127,0.41827016737725997,18,3.2222222222222223
2023,00-0037267,J.Ford,67.0,48.0,334.0,5.0,-7.108663767576218,-0.12341093271970749,0.4051820811103372,0.7295518254532534,7.260784275391522,5.236134480027592,0.4470588109072517,6.813725499545827,2.0745701094468436,18.0,0.0,-53.87611764669418,-0.8401316752219025,46.76745383441448,0.716720746282269,17,3.9411764705882355
2023,00-0037304,Co.Heyward,35.0,24.0,172.0,0.0,-4.097787740640342,-0.11887633994532128,0.4722222263614337,0.6805555572112402,6.01111114025116,4.625,2.7888888915379844,3.2222221891085305,1.5184321105480194,8.0,1.0,-0.11455298587679863,-0.07201572911192973,-3.9832348227500916,-0.046860617895921074,12,2.9166666666666665
2023,00-0037382,B.Johnson,31.0,19.0,284.0,4.0,21.361654698848724,0.5088885635137558,0.5800000101327896,0.5966666758060455,11.19166669845581,7.926666688919068,7.3416666984558105,3.85,1.8120882899633475,12.0,0.0,24.605645269155502,0.7209422878921032,-4.296991139650345,-0.21152547150850295,10,3.1
2023,00-0037545,R.Shaheed,75.0,46.0,719.0,7.0,12.090541511774063,0.38516170893174906,0.46412698874870933,0.6515343964099884,15.35666659673055,11.163915348052978,12.252222235997518,3.1044444342454276,0.9020703619878206,27.0,3.0,70.23668748140335,1.0942008100450038,-58.1461455821991,-0.7090390911946695,15,5.0
2023,00-0037614,J.Metchie,33.0,19.0,202.0,0.0,-4.286322593688965,0.0838305155436198,0.5688888917366663,0.6911111126343409,9.57777779897054,7.4022222518920895,4.37777779897054,5.2,0.9141562494138876,9.0,0.0,19.80907715857029,0.39879752894242604,-24.095399893820286,-0.31496700247128806,15,2.2
2023,00-0037664,A.Pierce,65.0,32.0,514.0,2.0,17.191658973693848,0.6289528678445255,0.5288515450323329,0.5484593887539471,16.122548888711368,11.18991586040048,12.970588235294118,3.151960790157318,0.23091308474540712,24.0,1.0,82.19470328092575,1.3151957795900457,-65.00304412841797,-0.6862429303719717,17,3.823529411764706
2023,00-0037666,J.Tolbert,38.0,22.0,268.0,2.0,-0.8913275003433228,-0.1034885857786451,0.505952384855066,0.5345238149166107,8.755952426365443,7.20357150052275,7.970238072531564,0.7857142857142857,0.18104725972645813,13.0,1.0,48.11380249261856,1.2317323514393397,-49.0051297575701,-1.3352209012456504,14,2.7142857142857144
2023,00-0037740,G.Wilson,168.0,95.0,1042.0,4.0,-10.46063244342804,-0.08530841401422068,0.41956475640044494,0.5608740992405835,12.613398692187141,6.293891429901123,8.108053179348216,4.505345502320458,0.584848004667198,47.0,6.0,117.62351280450821,0.7248809523880482,-128.08414820581675,-0.8101893751060262,17,9.882352941176471
2023,00-0037741,J.Dotson,83.0,49.0,518.0,7.0,-15.986119091510773,-0.23242772743105888,0.446685345733867,0.5255135438021492,8.676470588235293,5.5057423255022835,6.684803934658275,1.9916666676016415,0.788041526717799,27.0,7.0,69.88621056079865,0.8758406884530011,-85.87232559919357,-1.1082683845477945,17,4.882352941176471
2023,00-0037742,T.Burks,30.0,16.0,221.0,0.0,-0.7511066198348999,-0.025618573029836018,0.37037037644121384,0.5462963067822986,10.055555555555555,7.388888772990969,6.203703774346246,3.8518518341912165,0.36716013252735136,8.0,0.0,40.33042600750923,1.368629276752472,-41.08153337240219,-1.3942478828959994,9,3.3333333333333335
2023,00-0037744,T.McBride,106.0,81.0,825.0,4.0,9.802820205688477,0.07989853467134868,0.5290510251241571,0.7784526032560012,9.668907558216768,7.422228560728185,4.632212880779715,5.036694680943208,2.1177387184956493,42.0,4.0,28.10690100491047,0.1702888426644837,-18.30407890677452,-0.09039031084188644,17,6.235294117647059
2023,00-0037746,B.Robinson,43.0,36.0,368.0,4.0,20.42482990026474,0.3541070589652428,0.4700854741610013,0.777777781853309,8.52655684030973,7.27991456251878,-0.8937728955195501,9.42032971748939,6.277777989705403,15.0,0.0,-32.63665935397148,-0.7513006404042244,53.061491563916206,1.1054077406342213,13,3.3076923076923075
2023,00-0037809,C.Okonkwo,77.0,54.0,528.0,1.0,7.755042314529419,0.0733103028991643,0.4260971125434427,0.6919234395027161,9.375490118475522,6.819607832852532,4.5333333225811225,4.842156844980576,1.05967906330313,25.0,1.0,20.885390907526016,0.27561656802016143,-13.130350470542908,-0.2023062866509837,17,4.529411764705882
2023,00-0037816,R.Doubs,108.0,69.0,908.0,9.0,48.21985602378845,0.47808556905702543,0.5754578850771251,0.6416586402215456,11.916959009672466,8.542760673322176,9.02456145537527,2.8923976719379425,0.3980910776949981,49.0,3.0,122.16218891739845,1.1878059624057067,-73.9423271715641,-0.7097203474687902,19,5.684210526315789
2023,00-0037837,C.Austin,32.0,18.0,187.0,2.0,-1.3315529972314835,-0.03649281493077675,0.4013888897995154,0.5569444472591082,7.888888875643413,4.705555558204651,5.097222208976746,2.7916666666666665,0.42467415519058704,8.0,1.0,30.56082308292389,1.1249856427311897,-31.892377018928528,-1.1614784623185794,12,2.6666666666666665
2023,00-0037838,I.Likely,46.0,34.0,461.0,6.0,31.669269293546677,0.596536343296369,0.6603174646695454,0.7642857193946838,11.884444427490234,9.190476163228352,6.407777786254883,5.4766666730244955,0.8377961597094933,18.0,1.0,15.036932155489922,0.3477757875341922,16.632336914539337,0.24876055717468262,15,3.066666666666667
2023,00-0037840,K.Williams,49.0,33.0,213.0,3.0,-14.775404751300812,-0.18651716546578842,0.44502164694395935,0.722727279771458,5.993939424102956,4.527489247647199,-1.9393939213319258,7.933333266865123,6.5,9.0,1.0,-30.138243675231934,-0.5804557664827867,15.362837314605713,0.3939385576681657,11,4.454545454545454
2023,00-0038041,J.Ferguson,114.0,81.0,854.0,8.0,43.10486167669296,0.410870927075545,0.5720899527271589,0.7266534434424506,11.437962969144186,7.980158752865261,5.705290976497862,5.732671949598524,1.6587018195320578,48.0,1.0,13.606893658638,0.16595430630776617,29.497969388961792,0.2449166261487537,18,6.333333333333333
2023,00-0038090,S.Moore,38.0,21.0,244.0,1.0,-9.618858352303505,-0.31012251342718417,0.36538461996958804,0.5064102617593912,7.897435921889085,5.384615366275494,4.352564078110915,3.5448717704186072,1.261899150080151,13.0,3.0,24.8478621840477,0.5371967256069183,-34.466720283031464,-0.8473192247060629,13,2.923076923076923
2023,00-0038117,W.Robinson,78.0,60.0,525.0,1.0,21.9106213003397,0.23286740904053052,0.48632276157538096,0.717936509847641,8.495555623372395,6.377724854151408,3.346666685740153,5.148888834317526,1.5418046025129466,29.0,0.0,2.106363132596016,0.03539443711439769,19.80425724387169,0.1974729632337888,15,5.2
2023,00-0038120,Bre.Hall,95.0,76.0,591.0,4.0,6.0881262719631195,0.08854364516103969,0.38741830648744807,0.759803922737346,7.900700330734253,6.157352938371546,-0.599929970853469,8.500630308600034,26.866666650772096,30.0,1.0,-79.34450453519821,-0.8657737672328949,85.43263030052185,0.9543174119556651,17,5.588235294117647
2023,00-0038124,C.Watson,56.0,30.0,442.0,5.0,0.30881235003471375,0.012450343844565477,0.5222943777387793,0.5619408434087579,15.525108250704678,8.329834092747081,11.061471982435746,4.463636300780556,0.41466095149517057,21.0,6.0,80.19352473318577,1.3667005151510239,-79.88471066951752,-1.35425013710152,11,5.090909090909091
2023,00-0038129,C.Otton,87.0,60.0,606.0,5.0,17.89376626908779,0.2196412552665505,0.5348224350147777,0.7059463759263357,10.43379635281033,7.491712788740794,5.4935185180770025,4.940277775128682,1.3842898598975606,32.0,2.0,23.34529483318329,0.33867845084104276,-6.504527643322945,-0.13068134664920056,18,4.833333333333333
2023,00-0038134,K.Walker,37.0,29.0,259.0,1.0,3.510929048061371,0.0627069350864206,0.37619048037699293,0.7690476221697671,9.976190464837211,6.847619031156812,-2.142857159887041,12.11904764175415,2.5686274766921997,9.0,0.0,-35.81073772907257,-0.9921792830739703,39.321665834635496,1.0548861850319164,14,2.642857142857143
2023,00-0038393,D.Wicks,62.0,41.0,606.0,5.0,31.058492571115494,0.586698855547344,0.5899159715456121,0.6361344579388114,12.323529411764707,9.314986018573537,8.357843146604651,3.946078468771542,0.48042514813797815,30.0,1.0,51.908469915390015,1.0396194238873089,-20.849976778030396,-0.4529205569449593,17,3.6470588235294117
2023,00-0038496,X.Gipson,38.0,21.0,229.0,0.0,-0.6364559233188629,-0.04637713854511579,0.3273809552192688,0.605952383329471,8.72083330154419,5.473412697513898,4.2791666984558105,4.441666682561238,4.539012612774968,9.0,1.0,26.172448754310608,0.620998435964187,-26.80890381336212,-0.6673755627125502,12,3.1666666666666665
2023,00-0038542,B.Robinson,86.0,58.0,487.0,4.0,-12.915696531534195,-0.0994430537102744,0.4418154824525118,0.6602678615599871,7.369196519255638,5.234226226806641,-0.15401784796267748,7.523214340209961,3.8986568689346313,25.0,3.0,-44.35228097438812,-0.5587548986077309,31.43658259510994,0.45931181497871876,16,5.375
2023,00-0038543,J.Smith-Njigba,93.0,63.0,628.0,4.0,12.165431946516037,0.21009960589820847,0.48796792503665476,0.6692258803283467,10.239635839181787,6.98169088714263,4.362745121997945,5.87689078204772,1.0321941219947555,29.0,2.0,21.398496389389038,0.27106018101467805,-9.23306429386139,-0.0609605647623539,17,5.470588235294118
2023,00-0038544,Q.Johnston,67.0,38.0,431.0,2.0,7.05938321352005,0.047136785626849705,0.4512605123660144,0.5449579901555005,10.729411798364977,6.179131620070514,7.242156870224896,3.48725487204159,0.588249142148665,20.0,1.0,67.40913105010986,1.1165089265388601,-60.34974855184555,-1.0693721679203652,17,3.9411764705882355
2023,00-0038559,Mi.Wilson,59.0,38.0,565.0,4.0,19.10879796743393,0.42487156047270846,0.5373626431593528,0.6221611774884738,13.828754425048828,11.010805753561167,10.471611756544847,3.3571428656578064,0.29164098101583397,29.0,2.0,65.70589137077332,1.2445599482609675,-47.650095254182816,-0.841764815724813,13,4.538461538461538
2023,00-0038563,T.Tucker,34.0,19.0,331.0,2.0,6.2424191534519196,-0.0751583135376374,0.32519841690858203,0.48075397312641144,10.830555518468222,7.504960378011067,9.827777862548828,1.002777782579263,0.0827436162424939,12.0,2.0,48.49665266275406,1.4237930563588936,-42.25423377752304,-1.498951422671477,12,2.8333333333333335
2023,00-0038621,D.Douglas,79.0,49.0,561.0,0.0,-5.602887690067291,-0.004640318054173674,0.416553296148777,0.6184523957116264,12.52142858505249,7.616950103214809,6.127380952239037,6.3940476179122925,3.725679635715026,26.0,4.0,25.474651873111725,0.43995320863489595,-31.077540695667267,-0.44459353600229534,14,5.642857142857143
2023,00-0038705,E.Demercado,30.0,21.0,119.0,0.0,-14.946505904197693,-0.5321969605154462,0.12314814991421169,0.7138888935248057,6.051587316724989,3.6833333439297147,1.097883598672019,4.953703721364339,3.0416666666666665,4.0,0.0,-18.793116930872202,-0.6283791979981793,3.8466107733547688,0.09618223996626006,9,3.3333333333333335
2023,00-0038794,J.McLaughlin,36.0,31.0,160.0,2.0,1.9712465107440948,-0.06544807667915638,0.41666667048747724,0.8628205152658316,4.382051302836492,3.6192308022425723,-4.534615369943472,8.916666691119854,,6.0,0.0,-41.04968452453613,-1.181590891801394,43.02093130350113,1.1161428346083715,13,2.769230769230769
2023,00-0038933,D.Kincaid,102.0,81.0,777.0,3.0,17.55414193868637,0.08691821495691936,0.5328403131829368,0.7695526712470584,9.02268515692817,6.965704679489136,5.007341272301144,4.015343944231669,1.1378773106262088,34.0,2.0,21.72551566362381,0.06731494712746805,-4.171374797821045,0.019603256705320544,18,5.666666666666667
2023,00-0038938,J.Hyatt,40.0,23.0,373.0,0.0,3.065158098936081,-0.11594635305496362,0.4012820514348837,0.5230769239939176,11.702564019423265,8.33076919042147,10.292307633620043,1.410256408728086,0.1806541495025158,11.0,2.0,62.55760985612869,1.4775337886351805,-59.49245196580887,-1.5934801308008342,13,3.076923076923077
2023,00-0038941,T.Scott,32.0,17.0,168.0,0.0,-11.053835153579712,-0.18977255125840506,0.46111111467083293,0.581944448252519,8.777777830759684,5.937500019868215,5.805555562178294,2.9722222487131753,0.955176780000329,10.0,1.0,26.221552476286888,0.8188726628820101,-37.27538779377937,-1.008645194893082,12,2.6666666666666665
2023,00-0038976,M.Mims,33.0,22.0,377.0,1.0,9.032453522086143,0.23209537367026012,0.35666667024294535,0.6566666722297668,11.888888931274414,10.201111141840617,6.066666666666666,5.8222222328186035,1.6062000393867493,9.0,1.0,30.249858379364014,0.6345184564590454,-21.217405304312706,-0.40242310936252274,15,2.2
2023,00-0038977,N.Dell,68.0,42.0,659.0,6.0,28.925702393054962,0.45593433640897274,0.5306878354814317,0.6362433897124397,15.323412630293104,9.821957535213894,10.86984121799469,4.453571478525798,0.9274203321999974,31.0,2.0,74.68284487724304,0.9831308325131735,-44.810141026973724,-0.5118445886505975,10,6.8
2023,00-0038979,C.Tillman,44.0,21.0,224.0,1.0,-26.516041457653046,-0.35160868818109686,0.4106060645797036,0.5196969725868918,7.916666637767445,4.356060580773787,4.780303044752642,3.1363636363636362,0.5391044793650508,13.0,5.0,40.359191954135895,0.6823768371885474,-66.87523490190506,-1.0339855402708054,11,4.0
2023,00-0038994,J.Addison,108.0,70.0,911.0,10.0,26.098680913448334,-0.03739122345167048,0.43473389744758606,0.6035714394905988,11.976610632503734,7.974813236909754,8.81330534991096,3.163305335185107,0.36166456434875727,38.0,8.0,112.90643966197968,1.0566042363643646,-86.80775904655457,-1.0939954475444906,17,6.352941176470588
2023,00-0038996,T.Kraft,49.0,36.0,379.0,3.0,13.544681012630463,0.30806351577242214,0.6666666741172472,0.7777777835726738,9.868055502573648,7.87499996026357,3.3819444527228675,6.486111144224803,2.2325528209859673,20.0,1.0,-9.864800810813904,-0.22851226354638735,23.409481048583984,0.5365757669011751,12,4.083333333333333
2023,00-0038997,J.Downs,98.0,68.0,771.0,2.0,26.50759993493557,0.46830881299341426,0.5847428765367059,0.7715273359242607,12.252591020920697,9.921670969794778,6.501750697107876,5.75084032468936,1.1574721506331116,30.0,1.0,28.911620795726776,0.33950169778922024,-2.4040197134017944,0.1288071309818941,17,5.764705882352941
2023,00-0039021,R.Johnson,40.0,34.0,209.0,0.0,-6.066275075078011,-0.07625668749890545,0.3577922122044997,0.9036796580661427,6.015151565725153,5.575757611881603,-1.6575757590207187,7.672727238048207,8.472222328186035,7.0,0.0,-36.206141263246536,-0.879579015753486,30.139866188168526,0.8033223436637358,11,3.6363636363636362
2023,00-0039032,T.Spears,70.0,52.0,385.0,2.0,-1.360956784337759,0.11523347134318422,0.3578431413454168,0.7803921611870036,8.258823535021614,7.3200980512534874,-2.0284313629655277,10.287254950579475,1.284482717514038,17.0,1.0,-54.72320306301117,-0.8418433701290804,53.3622465133667,0.9570768236675683,17,4.117647058823529
2023,00-0039040,D.Achane,43.0,30.0,218.0,3.0,0.404274620115757,0.07480541182061036,0.4444444502393405,0.7949074134230614,7.26111114025116,5.858333329359691,-2.5458333330849805,9.806944489479065,11.66666667163372,11.0,0.0,-23.319749891757965,-0.7472956379254659,23.724025450646877,0.8221010733395815,12,3.5833333333333335
2023,00-0039052,T.Palmer,73.0,42.0,473.0,4.0,-4.766098812222481,0.02986616092292886,0.4010025105978313,0.6246867226926904,12.241228078541003,7.3411027444036385,7.100877184616892,5.140350868827419,1.0184130238162146,19.0,1.0,49.493499130010605,0.6521744577116088,-53.31259870529175,-0.6058619477246937,19,3.8421052631578947
2023,00-0039062,J.Mingo,85.0,43.0,418.0,1.0,-24.64594405889511,-0.22831583345929782,0.3668783118327459,0.5504497448603313,8.795555591583252,5.083915344874064,5.106666672229767,3.688888887564341,1.324752274279793,16.0,2.0,63.04415464401245,0.6251365065574646,-87.69009864330292,-0.8534523367881774,15,5.666666666666667
2023,00-0039064,Z.Flowers,122.0,86.0,1014.0,6.0,29.959112346172333,0.3475778169102139,0.5653147821625074,0.7336996379825804,12.935185101297167,9.807980842060513,7.582098796963692,5.35308641857571,0.8846591841429472,48.0,1.0,47.37927496433258,0.4381778198811743,-18.473163604736328,-0.09323265796734227,18,6.777777777777778
2023,00-0039065,S.LaPorta,149.0,107.0,1065.0,11.0,49.574590027332306,0.4427646298892796,0.6237887218594551,0.7480858072638512,9.774027800559997,7.2706129312515255,5.707162728905677,4.066865059733391,1.1938741728663445,61.0,3.0,59.876666605472565,0.36345243863761423,-12.40807330608368,0.05491544604301453,20,7.45
2023,00-0039066,M.Mayer,41.0,27.0,304.0,2.0,17.777387872338295,0.18902285769581795,0.4652777835726738,0.6416666706403097,10.215277791023254,6.691666662693024,5.044444441795349,5.170833349227905,1.1681280262768268,19.0,1.0,-0.6286286562681198,0.12772938578079143,17.353017687797546,-0.1629990575214227,12,3.4166666666666665
2023,00-0039067,R.Rice,135.0,105.0,1200.0,8.0,57.23518478870392,0.5218426953069866,0.6226587377488613,0.8087698459625244,11.515257930755615,9.346845149993896,3.415496015548706,8.099761819839477,5.307251575746034,59.0,1.0,10.170134097337723,0.05438804621808231,47.06505244970322,0.4674546626629308,20,6.75
2023,00-0039075,P.Nacua,170.0,114.0,1667.0,7.0,82.41279882192612,0.45804602321651244,0.5652597463793225,0.6521484752496084,14.50484996371799,9.674236363834805,7.983245160844591,6.5771604842609825,1.3943164232704375,74.0,3.0,99.19133973121643,0.5882105458941724,-16.7785402238369,-0.13016452552336785,18,9.444444444444445
2023,00-0039139,J.Gibbs,86.0,63.0,410.0,2.0,-11.97269293665886,-0.12117320092187987,0.38572030183341766,0.7028178655438952,5.120326320330302,4.38082613547643,-0.9201499103671975,6.040476202964783,9.881615236401558,24.0,1.0,-53.61978426575661,-0.6799111138615344,42.59409235417843,0.5632457818008132,18,4.777777777777778
2023,00-0039144,L.Musgrave,53.0,40.0,418.0,2.0,18.560043543577194,0.39414609940006184,0.5362637409797082,0.7813186874756446,11.153846153846153,8.235805878272423,6.057692289352417,5.096153864493737,0.973564787344499,19.0,0.0,15.298979066312313,0.2543250179061523,3.2610647082328796,0.13982108980417252,13,4.076923076923077
2023,00-0039146,J.Reed,102.0,68.0,828.0,8.0,32.011864483356476,0.2827622586240371,0.4839947149157524,0.6673280464278327,12.116203705469767,8.349999984105429,7.037037054697673,5.079166683885786,0.7005671512867723,33.0,1.0,76.52697825431824,0.8055432157384025,-45.56811246275902,-0.5292620795468489,18,5.666666666666667
2023,00-0039165,Z.Charbonnet,40.0,33.0,209.0,0.0,-4.693211525678635,-0.16491562699278195,0.36444444755713146,0.775555557012558,6.947777795791626,5.354444456100464,-1.948888889948527,8.896666653951009,3.4222222169240317,7.0,0.0,-37.22757816314697,-0.9259728650252025,32.5343663841486,0.7610572343071301,15,2.6666666666666665
2024,00-0029892,K.Juszczyk,31.0,19.0,200.0,2.0,-0.08475661277770996,0.13760449178516865,0.5243589786382822,0.6935897492445432,10.01282051893381,7.125641034199641,4.6410256417898035,5.371794872559034,1.4272222254425286,8.0,1.0,0.9605402983725071,0.05167910592773786,-1.0452971383929253,0.08592538822155732,13,2.3846153846153846
2024,00-0030035,A.Thielen,62.0,48.0,615.0,5.0,40.429083824157715,0.6179572850465774,0.6022510915994644,0.759913420677185,13.197500038146973,10.045844125747681,9.612222290039062,3.585277795791626,0.456444825977087,29.0,4.0,70.24893271923065,1.0477703332901,-29.819850988686085,-0.4298130588606,10,6.2
2024,00-0030061,Z.Ertz,118.0,84.0,809.0,8.0,47.64993090927601,0.4525283083319664,0.6262824714183808,0.7515503257513046,9.660227274894714,7.3109524011611935,7.027196955680847,2.6330303102731705,0.4108581367880106,51.0,2.0,79.82228824496269,0.625914896465838,-34.278358697891235,-0.18354584872722626,20,5.9
2024,00-0030279,K.Allen,123.0,70.0,744.0,7.0,21.270840406417847,0.26753855086863043,0.49086941679318746,0.6251734415690104,10.477037080128987,6.175061655044556,7.137407430013021,3.339629616340001,0.7098712958395481,43.0,0.0,100.1804164648056,0.8085851326584816,-77.01558211725205,-0.5303054517135024,15,8.2
2024,00-0030431,R.Woods,34.0,22.0,225.0,0.0,0.9884204268455505,0.12778729085738844,0.5000000034387295,0.692307696892665,9.141025653252235,6.846153871371196,6.025641026405188,3.1153846153846154,2.0938053838908672,14.0,0.0,22.750684797763824,0.7165606503303235,-21.762262750416994,-0.5887733247990792,13,2.6153846153846154
2024,00-0030506,T.Kelce,153.0,110.0,1023.0,4.0,30.66625428199768,0.10646595006906673,0.5132639329684409,0.6939624751869001,8.84607347689177,6.310317497504385,5.034210531335128,3.648955740426716,0.9133715398217502,54.0,4.0,53.90150159597397,0.34088882098072454,-21.341246783733368,-0.2206456073020634,19,8.052631578947368
2024,00-0030564,D.Hopkins,89.0,59.0,643.0,8.0,13.995410680770874,0.1934968748767125,0.5869256540348655,0.6588554743089174,9.975438619914808,6.714369259382549,8.263596484535618,1.7644736798186051,0.3609313350170851,38.0,3.0,94.60056519508362,0.9934049938854418,-81.65815521776676,-0.8198458889597341,19,4.684210526315789
2024,00-0031236,B.Cooks,54.0,26.0,259.0,4.0,-11.122766017913818,0.04019352234899998,0.4953174665570259,0.5350000083446502,9.716666650772094,5.61333338022232,7.399999976158142,2.3166666626930237,0.32103210762143136,19.0,2.0,66.83403992652893,1.1246967017650604,-77.95680442452431,-1.0845031656324864,10,5.4
2024,00-0031381,D.Adams,142.0,85.0,1063.0,8.0,20.73202407360077,0.14891362828867777,0.4914559753877776,0.6123886065823692,12.055782284055438,7.557128378323147,6.7848639488220215,5.2709183778081625,1.0511452704668045,50.0,3.0,89.0518571138382,0.5516462996602058,-69.37283271551132,-0.4013983149613653,14,10.142857142857142
2024,00-0031408,M.Evans,117.0,81.0,1096.0,12.0,48.630165338516235,0.34876388559738797,0.6251755694548289,0.6818205912907919,14.204894193013509,9.381916713714599,11.150740750630696,3.0541534463564557,0.3143269700308641,60.0,5.0,131.53033256530762,1.1764288385709127,-82.90016695857048,-0.8276649473855893,15,7.8
2024,00-0031544,A.Cooper,93.0,50.0,595.0,5.0,6.689013123512268,0.018375462386757135,0.43933532293885946,0.5818204404786229,10.51785708963871,6.7768849059939384,7.761904686689377,2.6101190503686666,0.5495554109414419,26.0,2.0,80.4712597206235,0.7404684596695006,-73.78224402666092,-0.7220929814502597,16,5.8125
2024,00-0031549,N.Agholor,31.0,15.0,256.0,2.0,7.878885522484779,0.5830205917358399,0.5066666702429453,0.5455555597941081,15.133333333333333,11.946666638056437,8.944444465637208,6.188888889551163,1.034408041741699,11.0,0.0,31.354744009673595,0.8462246293822925,-23.475857438519597,-0.26320399704078834,15,2.066666666666667
2024,00-0031588,S.Diggs,64.0,47.0,496.0,3.0,18.08106917142868,0.3110514786094427,0.5374504029750824,0.7415674701333046,10.656250059604645,7.587797611951828,6.625,4.031250022351742,0.8816951140761375,31.0,1.0,39.36583590507507,0.650433486327529,-21.284767746925354,-0.33938203006982803,8,8.0
2024,00-0032104,A.Abdullah,47.0,40.0,261.0,3.0,11.852883197367191,0.1399962005133812,0.476739933857551,0.847435896213238,5.647619027357835,4.852747238599337,-0.4197802394628525,6.067399190022395,7.739455768040249,16.0,0.0,-29.37112918496132,-0.6550570892599913,41.22401362657547,0.7950533009492434,13,3.6153846153846154
2024,00-0032211,T.Lockett,74.0,49.0,600.0,2.0,12.30368846654892,0.177430860547568,0.5158730236922994,0.6786881492418402,11.469607801998363,8.219771244946648,8.871568595661836,2.5980392045834484,0.4533255398273468,36.0,4.0,73.45869401097298,1.0128518318866981,-61.15500366687775,-0.835420942700961,17,4.352941176470588
2024,00-0032385,S.Shepard,52.0,32.0,334.0,1.0,15.618428409099579,0.3779606240300032,0.5690476263944919,0.6053113662279569,11.162820504261898,6.764285711141733,8.988461521955637,2.174358973136315,1.0829593109396787,16.0,0.0,41.1089773774147,1.0143759680482058,-26.543549612164497,-0.6321899403746312,13,4.0
2024,00-0032392,A.Hooper,59.0,45.0,476.0,3.0,12.704732172191143,0.19202077564071207,0.5921568668940488,0.7852941208025989,10.343137320350198,7.773529445423799,4.48529412465937,5.857843167641583,1.1941594894115741,25.0,2.0,19.061067759990692,0.2542826769983067,-6.3563351929187775,-0.06226188557989457,17,3.4705882352941178
2024,00-0032775,D.Robinson,75.0,35.0,602.0,7.0,13.638696253299713,-0.09426941448136379,0.3746031828616795,0.39360903046633067,14.403508738467568,6.815873045670359,12.201754369233784,2.2017543778607718,0.24253046978265047,31.0,4.0,107.26740634441376,1.545429157583337,-91.73470795154572,-1.6189921780636436,19,3.9473684210526314
2024,00-0033009,T.Boyd,58.0,39.0,390.0,0.0,2.8788729906082153,0.029503296528543745,0.46428572492940084,0.6857142938034875,10.507142884390694,7.330952388899667,5.430952378681728,5.076190482292857,1.416271877608129,20.0,3.0,21.249208092689514,0.4192345328629017,-17.42333349585533,-0.3651252245264394,14,4.142857142857143
2024,00-0033040,T.Hill,123.0,81.0,959.0,6.0,27.086699098348618,0.10441939883372363,0.5116480010397294,0.6492296983213985,11.498179295483757,7.415032667272231,8.133940295261496,3.364238984444562,0.797588667133823,54.0,3.0,113.98843091726303,0.9573903548366883,-85.95473366975784,-0.8486121875398299,17,7.235294117647059
2024,00-0033090,H.Henry,97.0,66.0,674.0,2.0,24.19865608215332,0.09782046033069491,0.48888889513909817,0.6364583410322666,9.456622064113617,6.153993010520935,5.840178564190865,3.6164434403181076,0.7899924263358116,40.0,1.0,46.336765110492706,0.5049997260794044,-22.138109631836414,-0.40717927005607635,16,6.0625
2024,00-0033246,J.Mundt,30.0,21.0,170.0,2.0,6.570774257183075,0.305259341285169,0.5833333368812289,0.6880952439137867,7.321428571428571,6.185714266129902,2.8392857142857144,4.482142857142857,3.435966819524765,11.0,0.0,-1.5945430174469948,0.021833703187959536,8.165317296981812,0.28342565415161,14,2.142857142857143
2024,00-0033282,C.Samuel,54.0,37.0,334.0,3.0,1.4019197821617126,0.08558842120692134,0.3515625037252903,0.638020833954215,6.4965773820877075,5.367187492549419,2.4296131059527397,4.06696429848671,2.3377932645380497,13.0,1.0,-0.492464154958725,0.04261065274477005,1.8943822346627712,0.04297772073186934,16,3.375
2024,00-0033288,G.Kittle,94.0,78.0,1106.0,8.0,67.94492655992508,0.7637451780339082,0.7448941866556803,0.8177513281504313,13.947142855326335,11.683597977956136,7.701904773712158,6.245238018035889,0.8744072834650676,50.0,2.0,55.40225866436958,0.6487150169909001,12.542668551206589,0.1150301585594813,15,6.266666666666667
2024,00-0033293,A.Jones,68.0,54.0,420.0,2.0,0.9377061277627945,0.21877441224124697,0.5861111175682809,0.8351851867304908,8.438888867696127,7.276851812998454,0.9314814930160841,7.507407360606724,10.21960959477084,21.0,1.0,-39.0166432261467,-0.3900670251912541,39.954348519444466,0.6088414098550048,18,3.7777777777777777
2024,00-0033307,K.Bourne,38.0,28.0,305.0,1.0,8.12840160727501,0.18755702177683511,0.6236111174027125,0.7722222258647283,9.368055582046509,7.708333373069763,6.440277735392253,2.927777796983719,0.652312484383583,13.0,0.0,27.369532838463783,0.5305205912639698,-19.241130143404007,-0.3429635465145111,12,3.1666666666666665
2024,00-0033357,T.Hill,31.0,23.0,187.0,0.0,1.213635265827179,0.06923974411828178,0.3622449040412903,0.7591836793082101,7.77142858505249,6.1765305655343195,1.4392856870378767,6.332142863954816,3.410870924592018,9.0,0.0,-12.988996028900146,-0.41114612562315805,14.20263122022152,0.4803858900974904,7,4.428571428571429
2024,00-0033375,T.Patrick,49.0,34.0,416.0,4.0,10.494921922683716,0.28779278695583344,0.5550595261156559,0.657738097012043,10.734374970197678,8.581845194101334,6.036458343267441,4.697916679084301,1.2260013211231966,21.0,4.0,40.8551270365715,0.851798489689827,-31.41320675611496,-0.6150195330381394,16,3.0625
2024,00-0033526,S.Perine,38.0,29.0,314.0,1.0,16.013459891080856,0.5732459912174627,0.5035087732892287,0.7657894743116278,10.469298212151779,9.311403475309673,0.026315787905140928,10.442982497968172,12.931313145160676,16.0,0.0,-17.51586177945137,-0.6131231279945687,33.52932150103152,1.1863691105850434,19,2.0
2024,00-0033536,M.Williams,37.0,22.0,335.0,1.0,17.63911634683609,0.7407731970151266,0.4844444473584493,0.5866666674613953,13.97222220102946,10.509999974568684,11.750000031789144,2.222222222884496,0.23471310315653682,15.0,2.0,51.31000304222107,1.6581866900835718,-32.723886501044035,-0.7968582616054586,15,2.466666666666667
2024,00-0033553,J.Conner,55.0,47.0,414.0,1.0,5.554131172597408,0.04267951566725969,0.5458333380520344,0.8625000044703484,8.523958325386047,7.064583323895931,-1.9218750037252903,10.41458335518837,,18.0,2.0,-53.57047617435455,-1.007912416011095,59.12460708618164,1.0505919232964516,16,3.4375
2024,00-0033555,M.Hollins,58.0,36.0,482.0,6.0,32.56421422958374,0.5823912189195031,0.5771929856977964,0.6140350911178087,11.416666683397795,8.131578925408816,8.439473679191188,2.9771929791099145,0.5327278412878513,29.0,0.0,80.17050898075104,1.3929357277719598,-47.60629456117749,-0.810544519146022,19,3.0526315789473686
2024,00-0033589,D.Moore,57.0,32.0,351.0,3.0,8.293015912175179,0.028191819570825567,0.5111111210925239,0.5611111202410289,10.482142857142858,6.435317516326904,8.641666650772095,1.8404761893408639,0.358014661532182,18.0,0.0,47.126910742372274,0.6117776579755757,-38.83389255404472,-0.5835858065901058,14,4.071428571428571
2024,00-0033591,N.Brown,56.0,35.0,453.0,1.0,12.03163006901741,0.47191429680044,0.629870130257173,0.6919913427396254,12.696969725868918,9.074025977741588,10.180303053422408,2.5166666453534905,0.22357009649276732,21.0,1.0,49.276100277900696,0.969817039641467,-37.24446885287762,-0.49790271574800665,11,5.090909090909091
2024,00-0033699,A.Ekeler,57.0,47.0,450.0,0.0,3.3401323556900024,0.1822827955087026,0.4720370411872864,0.8431481520334879,9.06833340326945,8.049814840157827,-1.4488888839880625,10.517222229639689,2.194444417953491,17.0,0.0,-53.207387924194336,-0.9988925814628601,57.49451869726181,1.1778628567854563,15,3.8
2024,00-0033857,J.Smith-Schuster,32.0,22.0,307.0,2.0,3.515987515449524,0.03876542832170214,0.47023809807641165,0.6101190511669431,8.897959164210729,7.124999982970102,2.4540816375187466,6.443877560751779,1.5925343185663223,14.0,1.0,8.69467718154192,0.23731504966105735,-5.178689002990723,-0.19854960005198205,14,2.2857142857142856
2024,00-0033858,J.Smith,111.0,88.0,884.0,8.0,59.70916938781738,0.41065375715055885,0.5747708239976097,0.7320155361119438,9.598226014305563,7.556245200774249,3.981979464783388,5.62931837755091,3.018394465558231,57.0,0.0,15.936709761619568,-0.05701719355933806,43.772457644343376,0.46767093602787047,17,6.529411764705882
2024,00-0033881,E.Engram,67.0,47.0,365.0,1.0,-0.883764237165451,-0.0003968938771221373,0.37278740770286983,0.6938432024584876,7.397089905209011,5.268181747860378,4.512963003582424,2.884127034081353,0.7549068993992276,17.0,0.0,10.212365508079529,0.16697273067095214,-10.255128771066666,-0.15992065684662926,9,7.444444444444445
2024,00-0033885,D.Njoku,99.0,64.0,505.0,5.0,-5.20648056268692,-0.021839926865967838,0.37310533225536346,0.6295469362627376,8.620707035064697,5.333685918287798,3.726695559241555,4.894011519171975,1.5614525556564331,23.0,3.0,26.241023182868958,0.2397916465997696,-33.55350112915039,-0.29328749261119147,11,9.0
2024,00-0033897,J.Mixon,57.0,39.0,334.0,1.0,2.640134334564209,0.06066116491953532,0.49555556376775106,0.6844444513320923,9.757777754465739,6.055555582046509,-1.4322222193082175,11.190000025431315,10.395833313465118,13.0,0.0,-42.53396940231323,-0.7840498089790344,45.1741036772728,0.8447109792071085,15,3.8
2024,00-0033906,A.Kamara,89.0,68.0,543.0,2.0,-6.146961957216263,0.04620779452047178,0.3781514199716704,0.7991934716701508,9.267857159887042,7.21428565468107,0.1272108746426446,9.14064632143293,2.44666668176651,19.0,1.0,-60.38942766189575,-0.652839971440179,54.24246507883072,0.6990477724799088,14,6.357142857142857
2024,00-0033908,C.Kupp,108.0,73.0,800.0,6.0,11.6390221118927,0.2631989387529237,0.45034787378140856,0.6602813920804432,12.544542244502477,8.743266906057086,8.97551795414516,3.5690244202102934,0.5934265863436919,32.0,0.0,57.047180235385895,0.7783957219549588,-45.40815758705139,-0.5151967792106527,14,7.714285714285714
2024,00-0033921,C.Godwin,62.0,50.0,585.0,5.0,35.51145941019058,0.5909588177289281,0.7138278484344482,0.8093711904117039,11.670021465846471,9.536019597734724,4.696675981794085,6.8564625808170865,1.7350508570671082,33.0,1.0,22.22593468427658,0.37916913123003076,13.285523414611816,0.21178966760635376,7,8.857142857142858
2024,00-0033923,K.Hunt,35.0,26.0,189.0,0.0,3.944464687258005,0.26284073426255156,0.6238095270735877,0.8416666686534882,7.00850340298244,6.077380963734218,-1.7006802771772658,8.709183692932129,0.6666666865348816,11.0,0.0,-31.52308502793312,-0.8933123584304538,35.46754889935255,1.1561530880363924,14,2.5
2024,00-0034159,W.Dissly,69.0,52.0,497.0,2.0,6.716381192207336,0.0750471752253361,0.5186147261410952,0.7484307419508696,9.029687494039536,7.200257048010826,2.33333333581686,6.696354150772095,2.2586100578308104,24.0,1.0,-7.585570573806763,-0.1262675989419222,14.301951676607132,0.2013147734105587,16,4.3125
2024,00-0034270,T.Conklin,73.0,51.0,449.0,4.0,11.134812533855438,-0.004822528571821749,0.45922619570046663,0.6616567522287369,7.9182292222976685,5.400917693972588,3.200000047683716,4.71822914481163,1.5356908390919368,24.0,0.0,12.219468623399734,0.04408563207834959,-2.137657344341278,-0.05173799960175529,16,4.5625
2024,00-0034272,M.Valdes-Scantling,44.0,19.0,411.0,4.0,10.253649145364761,0.07122600078582764,0.29029304476884693,0.41529304476884693,14.198717850905199,8.356684904832106,9.173076886397142,5.025641001187838,0.8008481433822049,14.0,1.0,56.280139565467834,1.3508088399584477,-46.026490807533264,-1.2795828374532552,13,3.3846153846153846
2024,00-0034348,C.Sutton,144.0,86.0,1156.0,8.0,36.322799041867256,0.2414520925239605,0.5466407905606663,0.5910215693361619,14.270238203160902,8.11375508588903,11.84740893981036,2.4228291599189533,0.20271156289998224,61.0,6.0,185.72028243541718,1.2895361570750965,-149.39748549461365,-1.0480840918334091,17,8.470588235294118
2024,00-0034351,D.Goedert,72.0,59.0,711.0,3.0,32.588351011276245,0.2701686844229698,0.5883658081293106,0.7685065014021737,10.89523812702724,9.079491291727338,5.435714312962124,5.459523856639862,1.2626183095077674,29.0,1.0,25.294440031051636,0.5332602704209941,7.293912559747696,-0.2630915641784668,14,5.142857142857143
2024,00-0034364,J.Akins,58.0,40.0,390.0,3.0,10.993560314178467,-0.20641510747373104,0.5215773824602365,0.6450892873108387,9.161458402872086,6.568824410438538,4.348958307877183,4.812499962747097,0.8720678619363091,20.0,1.0,10.583387672901154,0.21480772458016872,0.4101729393005371,-0.4212228460237384,16,3.625
2024,00-0034383,D.Schultz,93.0,59.0,618.0,2.0,7.491562604904175,0.1382269690695562,0.4872807076102809,0.6651002576476649,11.033333326640882,7.3690476793991895,7.074561395143208,3.958771912675155,0.7148182231344675,30.0,1.0,53.1716650724411,0.5874489877176913,-45.68010252714157,-0.4492220278633268,19,4.894736842105263
2024,00-0034386,Ju.Watson,34.0,22.0,289.0,2.0,21.192958921194077,0.5792733588639427,0.6617647076354307,0.5931372572393978,9.872549000908347,8.142156860407662,7.745098029865938,2.1274509990916535,0.3202599390194966,14.0,0.0,42.93683798611164,1.4166179488102595,-23.849876783788204,-0.9005080747107664,17,2.0
2024,00-0034407,R.McCloud,87.0,62.0,686.0,1.0,5.625329673290253,0.16980641554383671,0.535400225835688,0.7300356608979842,10.911764705882353,7.652635518242331,5.696078440722297,5.2156862932093,1.485321226396731,29.0,3.0,29.91163730621338,0.3778424100840793,-24.28630816936493,-0.2080360125092899,17,5.117647058823529
2024,00-0034521,A.Lazard,61.0,37.0,530.0,6.0,29.92623233795166,0.5404405370354652,0.6157738144199053,0.6485119089484215,12.549999952316284,9.895105878512064,8.916666587193808,3.63333331545194,0.6831753077832136,29.0,2.0,60.702865183353424,0.9713202503820261,-30.776632647961378,-0.43087972917904455,12,5.083333333333333
2024,00-0034753,M.Andrews,80.0,62.0,761.0,11.0,50.14097344875336,0.6252531887669313,0.6594611594551488,0.7468045165664271,11.72105262154027,9.795300734670539,7.923684245661685,3.797368419797797,0.5470577899147483,44.0,1.0,78.05530416965485,0.955840782115334,-26.967332504689693,-0.32501468880984347,19,4.2105263157894735
2024,00-0034775,C.Kirk,47.0,27.0,367.0,1.0,8.42042589187622,0.14107843302190304,0.4270833358168602,0.5250000022351742,16.796875,8.431250054389238,12.119047582149506,4.89211305975914,0.5389190145901271,18.0,2.0,56.268532037734985,1.3367501944303513,-47.84810698032379,-1.1956717725843191,8,5.875
2024,00-0034827,D.Moore,142.0,98.0,966.0,6.0,16.492913126945496,0.08699897742446731,0.4586017806740368,0.6916666679522571,9.834010264452766,6.727299297557158,4.325163410866962,5.50884686498081,7.065353750306017,43.0,3.0,41.730304479599,0.26026087648728313,-25.343387842178345,-0.16572209666757023,17,8.352941176470589
2024,00-0034829,M.Gesicki,83.0,65.0,665.0,2.0,33.767574682831764,0.23338469909504056,0.542013892903924,0.8039930555969477,8.263244092464447,6.903298541903496,5.812128007411957,2.4511160477995872,0.20155747185150782,38.0,0.0,42.77088192105293,0.4853319530375302,-9.003306619822979,-0.2519472490530461,16,5.1875
2024,00-0034837,C.Ridley,120.0,64.0,1009.0,4.0,28.17816001176834,0.2722378138671903,0.4545985149110065,0.5261671420405892,14.869327713461484,8.58377681760227,11.205041997572955,3.8211484726737526,0.3737445214142402,40.0,4.0,137.37613594532013,1.1390743755242403,-109.19797372817993,-0.8668365548638737,17,7.0588235294117645
2024,00-0034844,S.Barkley,58.0,46.0,353.0,2.0,16.555139776319265,0.25949646439403296,0.44607143253088,0.7620238125324249,6.999999976158142,5.5832143187522885,0.0874999850988388,6.9125,7.511111083957884,18.0,0.0,-33.89060089364648,-0.5307890826836228,50.44574026763439,0.7902855392545461,20,2.9
2024,00-0034960,J.Meyers,130.0,87.0,1027.0,4.0,32.40130513906479,0.3073549933731556,0.5615584532419841,0.6827320913473766,12.202460352579752,8.286147212982177,8.403254000345866,3.799206352233887,0.5035328090190887,52.0,3.0,85.71172961592674,0.6815266016249856,-54.3634250164032,-0.37778894702593485,15,8.666666666666666
2024,00-0034972,A.Mattison,48.0,36.0,294.0,1.0,-6.277238249778748,-0.15320240333676338,0.41190477336446446,0.711507943769296,7.60694436232249,6.288293540477753,-0.6430555619299412,8.25,9.96666669845581,14.0,2.0,-40.23481464385986,-0.9041367098689079,33.9575759768486,0.750934299081564,12,4.0
2024,00-0034975,J.Hill,57.0,48.0,403.0,4.0,16.7622749209404,0.18527087744544535,0.4859243719016804,0.8522408990299001,7.256862752577838,6.644117635839126,-1.5607843048432295,8.817647036384134,3.5185185273488364,20.0,1.0,-45.67072119563818,-0.7704983270343613,62.43299642205238,0.9557692022884593,17,3.3529411764705883
2024,00-0034981,F.Moreau,43.0,32.0,413.0,5.0,19.917017102241516,0.46239375571409863,0.601111114025116,0.701111114025116,11.438888867696127,9.643333307902019,7.233333333333333,4.205555566151937,0.7742322298387686,21.0,1.0,29.626204907894135,0.8616417447725931,-9.709187984466553,-0.3992479741573334,15,2.8666666666666667
2024,00-0035208,O.Zaccheaus,75.0,52.0,551.0,3.0,27.31150594353676,0.292362699078189,0.5608024746179581,0.6757716106043922,10.358796305126614,7.123765442106459,4.982407402661112,5.376388894187079,1.9866319596767426,31.0,0.0,13.017425775527954,0.24049289545251262,13.241079300642014,0.04541218694713381,18,4.166666666666667
2024,00-0035216,Di.Johnson,38.0,21.0,243.0,2.0,-7.767773628234863,-0.408215793967247,0.41025641858577727,0.5276923239231109,12.004761791229248,6.13692307472229,9.919047641754151,2.085714268684387,0.3546155750751495,13.0,3.0,36.132561445236206,0.8514157414436341,-43.90033733844757,-1.2596315652132035,13,2.923076923076923
2024,00-0035229,T.Hockenson,67.0,46.0,519.0,1.0,16.04839527606964,0.21853675896471197,0.5656926496462389,0.6891774941574443,10.560822573575107,7.591233773664995,7.330303018743342,3.230519411238757,0.4754762537777424,33.0,2.0,46.86679136753082,0.6646482321349058,-30.818398728966713,-0.4461114941672845,11,6.090909090909091
2024,00-0035243,M.Sanders,30.0,24.0,148.0,2.0,-17.532580733299255,-0.7194964349269867,0.315476194024086,0.7666666686534882,5.192857038974762,4.509523785114288,0.04285709857940674,5.150000023841858,1.2574679950873058,5.0,1.0,-20.23207914829254,-0.649521678686142,2.699497416615486,-0.06997479610145092,10,3.0
2024,00-0035261,T.Pollard,57.0,41.0,238.0,0.0,-14.434610843658447,-0.2039013402203896,0.3476190503154482,0.7630952405078071,5.75000000851495,4.630952396563122,0.007142854588372367,5.7428571326392035,2.1197278797626495,9.0,1.0,-40.992407128214836,-0.7521612391408,26.557797372341156,0.548259921638029,14,4.071428571428571
2024,00-0035406,L.Humphrey,45.0,31.0,293.0,1.0,-8.642496138811111,-0.373718472463744,0.40535714690174374,0.6154761974300657,7.654761893408639,6.5351190481867105,2.5952380895614624,5.059523803847177,1.3095549328459635,12.0,2.0,18.882852911949158,0.579974372738174,-27.525350719690323,-0.9536928573091116,14,3.2142857142857144
2024,00-0035500,G.Dortch,50.0,37.0,342.0,3.0,7.380933731794357,0.07842277253375333,0.45490196171928854,0.7362745123751023,7.867647086872774,6.352450979106567,0.1470588322948007,7.7205882633433625,3.4879890415403576,16.0,0.0,-6.786732152104378,-0.40781913259450125,14.167668610811234,0.4862419445725048,17,2.9411764705882355
2024,00-0035535,D.Slayton,72.0,39.0,573.0,2.0,14.516927763819695,0.04714433118351735,0.48978626262396574,0.507968083024025,13.182291686534882,7.656331218779087,9.5,3.6822916623204947,0.38992393761873245,30.0,2.0,98.8923334479332,1.698665777221322,-83.42840492725372,-1.6380229089409113,16,4.5
2024,00-0035640,D.Metcalf,109.0,66.0,992.0,5.0,23.169524312019348,0.30916887273391086,0.5315680712461471,0.6464887082576751,15.42825387318929,9.63545955022176,11.561269887288411,3.8669841001431147,0.43451789369185767,35.0,2.0,110.1158053278923,1.0038218051195145,-85.99928024411201,-0.6767682150006294,15,7.266666666666667
2024,00-0035644,N.Fant,64.0,48.0,500.0,1.0,6.5137321054935455,0.17776910588145256,0.5768707511680466,0.760374150105885,10.304761920656476,7.945918355669294,4.678571428571429,5.626190423965454,1.3753451578892195,25.0,3.0,4.3855042308568954,0.07912424126906055,2.1282290518283844,0.09864488137619835,14,4.571428571428571
2024,00-0035659,T.McLaurin,141.0,96.0,1323.0,16.0,86.04921734333038,0.6321864353027195,0.5543498225510121,0.6759478025138378,14.05148812532425,9.607866328954696,9.379285758733749,4.672202395647764,1.2942161017097533,66.0,2.0,167.0074002146721,1.2033526416867972,-80.01118326187134,-0.5663620784878731,20,7.05
2024,00-0035676,A.Brown,120.0,79.0,1242.0,9.0,74.402576982975,0.6211984154275235,0.6152342803337995,0.6682009241160225,15.168137045467601,10.365102641722736,10.712745161617503,4.4553921555771545,0.44599023472298593,63.0,3.0,137.84656763076782,1.2381041102549608,-63.443989276885986,-0.6169056760914186,17,7.0588235294117645
2024,00-0035685,D.Montgomery,38.0,36.0,341.0,0.0,15.918257147073746,0.4313253238797188,0.691666671207973,0.9464285714285714,10.792857101985387,9.703571387699672,-0.49523808913571493,11.288095235824585,16.416666643960134,16.0,0.0,-27.860383838415146,-0.6633987128734589,43.77863968163729,1.0947240213198322,14,2.7142857142857144
2024,00-0035689,D.Knox,39.0,26.0,356.0,1.0,9.900433115661144,0.4058336492846994,0.5980392203611486,0.725490201922024,11.882352941176471,9.127450971042409,7.397058823529412,4.485294117647059,0.4887264110147953,14.0,1.0,27.50331473350525,0.5640473918003195,-17.602880746126175,-0.15821372849099777,17,2.2941176470588234
2024,00-0035700,J.Jacobs,46.0,39.0,382.0,2.0,6.625363409519196,0.06662472486495971,0.4755555599927902,0.8200000047683715,8.541111071904501,7.897777764002482,-1.2866666634877524,9.827777735392253,13.888888835906982,18.0,1.0,-35.568526804447174,-0.7667439460754395,42.19389075040817,0.8333686577777067,15,3.066666666666667
2024,00-0035719,D.Samuel,81.0,51.0,670.0,3.0,11.071185290813446,0.13164172471234842,0.4149093063814299,0.6277211010456085,13.25578236579895,7.9158163751874655,3.6323979794979095,9.623384407588414,6.107865631580353,28.0,1.0,21.391567945480347,0.12852278405002185,-10.320382118225098,0.0031189641782215665,14,5.785714285714286
2024,00-0036040,J.Johnson,68.0,50.0,548.0,3.0,16.870570838451385,0.40737684865792595,0.5688888996839523,0.7592063585917155,11.248888842264812,8.724761962890625,7.255555534362793,3.9933333237965902,1.0309816151857376,27.0,1.0,27.942027270793915,0.5415798366069794,-9.177456140518188,-0.049199859301249184,15,4.533333333333333
2024,00-0036139,R.Dowdle,50.0,39.0,249.0,3.0,4.315085366368294,0.2757929022113482,0.4955555597941081,0.8355555554231008,6.876666657129923,5.78888889948527,-0.8088888923327128,7.685555505752563,2.9799999952316285,13.0,0.0,-25.83709692955017,-0.5018056551615397,31.099183410406113,0.7883219510316849,15,3.3333333333333335
2024,00-0036158,J.Dobbins,39.0,32.0,143.0,0.0,-15.378397077322006,-0.36371143055813654,0.23877551300185068,0.8515306157725198,4.005952409335545,3.5622449091502597,-1.577380923288209,5.583333321980068,8.083333333333334,6.0,0.0,-38.69372516870499,-0.9788749324423927,23.315327641554177,0.6151634772042078,14,2.7857142857142856
2024,00-0036182,N.Westbrook-Ikhine,60.0,32.0,497.0,10.0,12.68748950958252,0.10820556059479713,0.47719780756877017,0.5522893804770249,16.423076923076923,7.861629999600924,12.523076937748836,3.9000000174228964,0.2282465100288391,25.0,3.0,73.1914758682251,1.257914593586555,-60.50398667156696,-1.1497090163712318,13,4.615384615384615
2024,00-0036196,G.Davis,42.0,20.0,246.0,2.0,-4.1226916909217834,-0.12517747282981873,0.4078042341603173,0.4911375691493352,11.740740670098198,6.464947011735704,9.448148091634115,2.2925925850868225,0.27362018616663086,13.0,2.0,63.53232288360596,1.3975930743747287,-67.65501284599304,-1.5227704892555873,9,4.666666666666667
2024,00-0036223,J.Taylor,31.0,18.0,136.0,1.0,-11.736474633216858,-0.09016209976239638,0.381818182089112,0.6227272748947144,8.16666665944186,5.131818186153065,-0.9848484776236794,9.151515137065541,8.016666650772095,7.0,1.0,-21.84266160428524,-0.6940217438069257,10.106186501681805,0.6038596247407523,11,2.8181818181818183
2024,00-0036244,C.Parkinson,53.0,34.0,316.0,2.0,5.542768597602844,0.3508591047104667,0.6340659383465262,0.7005817767451791,8.907563013188978,7.177310887505026,4.187675083384795,4.719887957853429,1.7350324669054575,16.0,0.0,18.36905673146248,0.20820909300271204,-12.826290011405945,0.14264999488916466,17,3.1176470588235294
2024,00-0036252,M.Pittman,112.0,69.0,808.0,3.0,1.2384433150291443,-0.05023150285705924,0.4624932473525405,0.5990530410781503,11.845486134290695,7.0233360677957535,8.522569432854652,3.3229166492819786,0.607870358042419,35.0,4.0,80.73756808042526,0.762284676078707,-78.55212616920471,-0.8016255404800177,16,7.0
2024,00-0036259,J.Jennings,113.0,77.0,975.0,6.0,43.239805698394775,0.3456543982028961,0.5321741253137589,0.6526863942543666,13.713463179270427,8.579066801071168,10.050490665435792,3.662972577412923,0.4436659000813961,48.0,3.0,95.44581806659698,0.9780089363455773,-52.20601290464401,-0.6323545480767886,15,7.533333333333333
2024,00-0036261,B.Aiyuk,47.0,25.0,369.0,0.0,12.814395248889923,0.21858299523591995,0.4714285816465105,0.5142857219491687,15.103571483067103,7.633333444595337,11.317857129233223,3.7857142857142856,0.3304381061877523,19.0,2.0,59.47351026535034,1.3844513126782008,-46.6591112613678,-1.1658682354858942,7,6.714285714285714
2024,00-0036275,D.Swift,53.0,42.0,386.0,0.0,2.860343560576439,-0.05005953530780971,0.47708333749324083,0.7510416693985462,8.413690477609634,7.298065483570099,-0.3444940410554409,8.75818456709385,7.271990736325582,12.0,1.0,-33.990182518959045,-0.6533960616216063,35.79752595722675,0.543661798350513,16,3.3125
2024,00-0036290,C.Kmet,59.0,47.0,474.0,4.0,26.121952541172504,0.3639108885079622,0.6462626318136852,0.7772727290789286,9.13952382405599,7.430101013183593,5.107142798105875,4.03238099416097,0.5958355819949737,25.0,1.0,24.434981182217598,0.2544086405209133,3.474970668554306,0.24920503688710077,15,3.933333333333333
2024,00-0036309,D.Mooney,106.0,64.0,992.0,6.0,43.90698963403702,0.25111742364242673,0.5087425652891397,0.5573536772280931,15.113541692495346,8.830047145485878,11.208333402872086,3.9052083268761635,0.4570820897817612,48.0,2.0,98.92836999893188,0.9547646809369326,-55.0213817358017,-0.7036472652107477,16,6.625
2024,00-0036322,J.Jefferson,163.0,108.0,1591.0,10.0,60.55779254436493,0.41637374502089286,0.5648169790705045,0.670947735508283,15.113690535227457,10.116362704171074,10.110780345069038,4.993650794029236,0.5860026619500585,64.0,5.0,156.69428372383118,1.0009444202813838,-95.18948698043823,-0.580799289047718,18,9.055555555555555
2024,00-0036358,C.Lamb,154.0,101.0,1194.0,6.0,19.78404599428177,0.1300973857442538,0.46770990987618766,0.6493239104747772,12.825596237182618,8.153261184692383,6.90714689095815,5.918449282646179,0.8971874793370564,56.0,6.0,68.15920907258987,0.4605185444156329,-48.48116283118725,-0.332261242896008,15,10.266666666666667
2024,00-0036407,J.Jeudy,148.0,90.0,1229.0,4.0,38.79855728149414,0.25783150708850694,0.487520653535338,0.5840629979091532,14.812227333293242,8.24304058972527,10.561892032623291,4.250335300669951,0.6735191406572566,58.0,3.0,122.35880088806152,0.9409364304121803,-84.71924164891243,-0.6722292029024923,17,8.705882352941176
2024,00-0036410,T.Higgins,110.0,73.0,911.0,10.0,56.40129494667053,0.4697651118040085,0.6155837265153726,0.6527229795853297,12.956313212712606,8.285334149996439,9.722558816274008,3.2337542176246643,0.3539708675816655,48.0,1.0,104.85251474380493,0.9617453068494797,-47.50421851873398,-0.4764463836327195,12,9.166666666666666
2024,00-0036415,V.Jefferson,42.0,26.0,313.0,3.0,5.464166760444641,0.06143956398591399,0.3895833399146795,0.5718750078231096,10.041666686534882,6.912499934434891,6.8125,3.22916666790843,0.5268306132744659,13.0,0.0,39.44990664720535,0.8792022187262774,-33.98573921620846,-0.8177626365795732,16,2.625
2024,00-0036427,T.Johnson,41.0,26.0,291.0,1.0,-2.66421976685524,-0.07780239815739068,0.4593073644421317,0.6021645123308356,8.49696969985962,6.08593073758212,3.868181813846935,4.628787907687101,1.846094945238696,11.0,2.0,14.9430643171072,0.4754631654782729,-17.607284113764763,-0.5532655648209832,11,3.727272727272727
2024,00-0036550,R.Bateman,79.0,51.0,846.0,11.0,52.009104549884796,0.7460394096043375,0.5856481517354647,0.6958333378036817,17.381481382581924,11.786111089918348,13.551851934856838,3.8296296331617565,0.34874290362414384,40.0,3.0,86.7421649992466,1.1560290170212586,-34.73306214436889,-0.40998963535659844,18,4.388888888888889
2024,00-0036554,N.Collins,115.0,80.0,1209.0,8.0,58.81506168842316,0.6604555706892695,0.5905200030122485,0.7122088308845248,16.424999952316284,11.870573094912938,10.703996590205602,5.721003447260175,0.6538990320903915,59.0,5.0,105.02488017082214,0.9310371450015477,-46.20982098579407,-0.2705815945352827,14,8.214285714285714
2024,00-0036555,C.Hubbard,54.0,43.0,171.0,1.0,-22.24403613805771,-0.370587594807148,0.28055555870135623,0.8138888937731584,3.725000003973643,3.2833333437641463,-2.079166660706202,5.804166694482167,7.5,10.0,0.0,-44.700387954711914,-0.8198503976066908,22.456352055072784,0.4492628251512845,12,4.5
2024,00-0036613,J.Waddle,85.0,58.0,767.0,2.0,40.15584188699722,0.5487677837411563,0.552578353881836,0.6750427424907685,12.103333282470704,8.829173723856607,8.23407408396403,3.869259262084961,0.7436192365629333,39.0,3.0,63.642186641693115,0.8060020844141642,-25.59234368801117,-0.2548630788301428,15,5.666666666666667
2024,00-0036626,D.Brown,58.0,44.0,537.0,2.0,11.172550275921822,0.2988853024111854,0.47962963167164063,0.8027777820825577,11.53981481658088,9.457407315572103,4.035185217857361,7.504629638459948,1.3676567325989406,22.0,0.0,23.659553557634354,0.21194118758042654,-12.487001597881317,0.08694414711660808,18,3.2222222222222223
2024,00-0036637,N.Gray,53.0,44.0,452.0,5.0,21.583328306674957,0.2649210811489158,0.6277777817514207,0.8425925953520669,8.893518500857883,7.777777751286824,4.421296291881138,4.47222222884496,1.3791836925915308,25.0,2.0,18.870739217847586,0.16055171295172638,2.7125895991921425,0.10436936592062314,18,2.9444444444444446
2024,00-0036849,T.Atwell,63.0,43.0,580.0,0.0,20.172463729977608,0.5925092878751457,0.67847222648561,0.7151041720062494,14.176041692495346,10.168229222297668,11.986458338797092,2.189583331346512,0.6036066757515073,30.0,2.0,51.93719145655632,0.9868488609790802,-31.764729037880898,-0.39433957543224096,16,3.9375
2024,00-0036875,R.Stevenson,43.0,33.0,164.0,1.0,7.385687291622162,0.18022396096161433,0.48095238528081347,0.758333336029734,5.05476188659668,4.6238095079149515,-2.228571429848671,7.283333369663784,12.75,11.0,0.0,-35.423063814640045,-1.028469620006425,40.70275025209412,1.14522589407196,14,3.0714285714285716
2024,00-0036876,K.Granson,31.0,14.0,182.0,0.0,-8.41804039478302,-0.20084607814039504,0.35714285714285715,0.44642857142857145,8.607142857142858,7.142857142857143,3.928571420056479,4.678571428571429,2.1291887213786445,8.0,2.0,25.304766416549683,0.880225804235254,-33.72280731797218,-1.0810718887618609,14,2.2142857142857144
2024,00-0036893,N.Harris,51.0,39.0,324.0,0.0,7.530840873718262,0.016303684562444687,0.45208333618938923,0.7093750014901161,7.408333346247673,6.054166689515114,-1.1843750048428774,8.592708349227905,13.607142853736878,14.0,0.0,-39.11529731750488,-0.7867618389427662,46.646138191223145,0.8030655402690172,16,3.1875
2024,00-0036894,P.Freiermuth,82.0,68.0,670.0,7.0,32.793172389268875,0.5017514798997177,0.5562530110279719,0.8642797072728475,9.931283023622301,8.454689780871073,5.579431235790253,4.351851847436693,0.8676240526967578,32.0,1.0,13.074231088161469,0.14828089045153725,19.71894332766533,0.3534706197679043,18,4.555555555555555
2024,00-0036900,J.Chase,175.0,127.0,1708.0,18.0,77.01043927669525,0.45018336921930313,0.6310621026684257,0.7425953360164866,13.715359379263486,9.96708558587467,7.0990111705134895,6.616348378798541,0.9627715535461903,75.0,7.0,102.84822082519531,0.5520879652570275,-25.837780714035034,-0.10190460020128418,17,10.294117647058824
2024,00-0036912,D.Smith,107.0,84.0,1023.0,9.0,71.97883740067482,0.6122060571523273,0.6033613532781601,0.7810224154416252,11.694232267491957,9.28760503320133,7.294945282094619,4.399286941570394,0.9937853920273483,49.0,3.0,77.9664106965065,0.6686608677401262,-5.040574312210083,-0.037103048580534315,17,6.294117647058823
2024,00-0036963,A.St. Brown,151.0,123.0,1491.0,14.0,106.90066683292389,0.6732344486647182,0.7059523893727196,0.840321871969435,11.083140929539999,9.319366282886929,6.957022640440199,3.5538780954149036,0.5774389819966422,82.0,1.0,72.5711807012558,0.45327211171388626,34.32948589324951,0.21996233612298965,18,8.38888888888889
2024,00-0036970,K.Pitts,74.0,47.0,602.0,4.0,6.9435060024261475,5.664895562564625e-05,0.4790849747026668,0.608006543096374,11.354341759401208,7.393464158563053,5.953081229153802,5.401260484667385,1.110636331140995,21.0,4.0,50.23249673843384,0.6421556111206027,-43.28899037837982,-0.6420989663285368,17,4.352941176470588
2024,00-0036973,T.Etienne,52.0,39.0,254.0,0.0,-4.942616194486618,-0.1615840199093024,0.3452381004889806,0.7115873098373413,6.63888889948527,4.518412701288859,-1.1833333353201547,7.822222280502319,5.122222224871318,13.0,1.0,-29.3842778429389,-0.6080271859963735,24.441660702228546,0.4464431633551916,15,3.466666666666667
2024,00-0036980,E.Moore,102.0,61.0,538.0,3.0,-36.910975402221084,-0.21550688618684516,0.3410130739212036,0.6394958066589692,7.6176470447989075,5.103314625866273,5.1813725233078,2.4362745057134068,0.5282165271540483,25.0,8.0,55.79176539182663,0.3787997816415394,-92.70274242758751,-0.5943066705675686,17,6.0
2024,00-0036988,J.Palmer,67.0,39.0,575.0,1.0,27.32570916414261,0.4757910966873169,0.5812433938185374,0.6013492127259572,15.988888931274413,9.180476268132528,13.244444465637207,2.7444444497426352,0.2585037569204966,28.0,1.0,85.92897468805313,1.1843316535154977,-60.70926517248154,-0.733372600376606,15,4.466666666666667
2024,00-0036997,J.Williams,72.0,54.0,360.0,0.0,-5.380487352609634,-0.10271711978647444,0.3698653231064479,0.7677609456910027,6.17552908261617,4.889983170562321,-0.6230158623721864,6.79854502942827,11.414141396681467,14.0,0.0,-48.8832169175148,-0.6392700808743635,43.50272914767265,0.5365529505329,18,4.0
2024,00-0037005,T.Tremble,32.0,23.0,234.0,2.0,4.989203453063965,0.09246767535805703,0.4916666716337204,0.7208333373069763,8.740000009536743,6.504166746139527,3.8833333611488343,4.8566666603088375,2.2029273487627505,12.0,1.0,6.781149834394455,0.16078447103500365,-1.7919469773769379,-0.06831682473421097,10,3.2
2024,00-0037086,G.Calcaterra,31.0,25.0,302.0,1.0,15.517457216978073,0.42792657975639614,0.6083333364554814,0.75,11.708333390099662,9.38690481867109,8.310714304447174,3.3976190771375383,0.7593210935592651,15.0,0.0,8.150562746450305,0.42346904679600683,7.366894148290157,0.004457522449748856,14,2.2142857142857144
2024,00-0037228,J.Warren,52.0,42.0,329.0,0.0,1.022201418876648,-0.012536008842289448,0.40937500447034836,0.7885416690260172,6.765625014901161,5.667708367109299,-0.6177083346992731,7.38333335518837,12.207142949104309,18.0,0.0,-41.898218750953674,-0.8299523964524269,42.92042022943497,0.8174163959920406,16,3.25
2024,00-0037238,D.London,159.0,100.0,1271.0,9.0,36.73073077201843,0.28506123690920715,0.6053876754115609,0.6675617782508626,12.666083167580997,8.40887201533598,9.520774953505573,3.1453081018784466,0.37902457135565143,67.0,8.0,168.71714198589325,1.0319353306994719,-131.03941251337528,-0.7360977789058405,17,9.352941176470589
2024,00-0037239,C.Olave,44.0,32.0,400.0,3.0,1.487736999988556,-0.8028210150077939,0.599404763430357,0.8172619119286537,10.916666626930237,8.772023737430573,7.546875,3.3697916716337204,0.528874970972538,22.0,2.0,26.19838621467352,-0.5727311531081796,-24.710648104548454,-0.2300898814573884,8,5.5
2024,00-0037240,J.Williams,55.0,34.0,621.0,4.0,25.928489446640015,0.585165779478848,0.5189826935529709,0.6788672566413879,17.515000104904175,12.153578662872315,7.630000019073487,9.88500006198883,1.4160026162862778,24.0,2.0,54.752447843551636,0.947070074826479,-28.823958858847618,-0.3619043160229921,16,3.4375
2024,00-0037240,Ja.Williams,40.0,25.0,349.0,2.0,8.072568655014038,0.1507649173339208,0.4869047701358795,0.5940476258595785,14.799999952316284,8.55476196606954,10.355555514494577,4.444444432854652,0.87433862965554,17.0,2.0,23.47711831331253,0.7798629216849804,-15.404549777507782,-0.6290980118016402,16,2.5
2024,00-0037247,G.Pickens,108.0,64.0,983.0,5.0,36.34044015407562,0.3524377981821696,0.4574723521868388,0.594302557905515,14.797857062021892,9.257308769226075,10.904444392522176,3.9823015848795573,0.507655639733587,42.0,2.0,129.7369065284729,1.1978053490320841,-93.39646714925766,-0.8453675478696823,15,7.2
2024,00-0037248,J.Cook,44.0,38.0,322.0,2.0,15.781013235449791,0.7409487313280503,0.6400000055631002,0.8977777779102325,10.093333427111308,9.451111205418904,0.3755555510520935,9.71777769724528,10.963398724794388,16.0,0.0,-28.279892407357693,-0.6499413001040618,44.060906291007996,1.3908900419871013,15,2.933333333333333
2024,00-0037256,R.White,59.0,53.0,407.0,6.0,12.450578957796097,0.13203137833625078,0.47172619588673115,0.9207589291036129,7.250595211982727,6.457589328289032,-2.56904761120677,9.819642782211304,2.6666666666666665,20.0,0.0,-54.34922409057617,-0.9908340722322464,66.79980444908142,1.12286545522511,16,3.6875
2024,00-0037261,K.Shakir,120.0,94.0,995.0,4.0,52.59338018298149,0.5158441635883517,0.5965167573756642,0.8050925980011622,10.73655210600959,8.630908290545145,3.6238756908310785,7.112676501274109,3.348045978695154,42.0,1.0,-4.034418106079102,-0.045245187564028636,56.627794831991196,0.5610893348024951,18,6.666666666666667
2024,00-0037267,J.Ford,43.0,37.0,225.0,0.0,-4.887467235326767,-0.06998339171210925,0.37242063879966736,0.8492063507437706,6.839484150211017,6.317658752202988,-1.2083333246409893,8.047817468643188,2.512499988079071,11.0,0.0,-29.793150678277016,-0.7211690855522951,24.905684769153595,0.6511856963237127,12,3.5833333333333335
2024,00-0037291,J.Nailor,47.0,31.0,447.0,6.0,24.599042415618896,0.6284522093774285,0.6145833358168602,0.6552083361893892,12.699999988079071,8.916666701436043,9.206250011920929,3.493749998509884,0.3881231950862067,24.0,0.0,57.340431332588196,1.2584605664014816,-32.74138820171356,-0.6300083370879292,16,2.9375
2024,00-0037545,R.Shaheed,41.0,20.0,349.0,3.0,-5.933859676122665,-0.007264118302070226,0.39561087141434353,0.485762394964695,15.201388994852701,9.545406460762024,9.659722169240316,5.541666666666667,1.2502134680747985,12.0,4.0,60.59988975524902,1.4893462161223094,-66.53374528884888,-1.4966102143128712,6,6.833333333333333
2024,00-0037614,J.Metchie,47.0,30.0,317.0,1.0,-4.113638013601303,-0.02727889021237691,0.4409722213943799,0.6701388880610466,9.255555629730225,7.069444417953491,6.683333317438762,2.5722222129503884,0.315429862216115,14.0,2.0,32.41765421628952,0.624596394598484,-36.53129206970334,-0.6518752942793071,12,3.9166666666666665
2024,00-0037664,A.Pierce,69.0,37.0,824.0,7.0,40.303085654973984,0.7750705021899194,0.5459821475669742,0.5584821477532387,20.215625166893005,14.049603328108788,17.264583468437195,2.951041664928198,0.13487271649333146,32.0,4.0,130.08217251300812,1.950936758890748,-89.77908448129892,-1.175866236211732,16,4.3125
2024,00-0037666,J.Tolbert,79.0,49.0,610.0,7.0,25.219017386436462,0.3276340483742602,0.5212418366880978,0.6088235360734603,11.41246503942153,7.376143792096307,8.596638693529016,2.8158263213494243,0.47536544571630657,29.0,2.0,68.96874706447124,0.8019328025334022,-43.7497314363718,-0.47429878089357824,17,4.647058823529412
2024,00-0037740,G.Wilson,154.0,101.0,1104.0,9.0,22.76757302880287,0.24712542532121434,0.5455755065469181,0.669062474194695,11.295599011813893,7.549592508989222,6.957773110445808,4.363036015454461,0.9042639403658754,60.0,5.0,112.06640791893005,0.7571025771253249,-90.35183441638947,-0.5196423596319031,17,9.058823529411764
2024,00-0037741,J.Dotson,38.0,22.0,269.0,1.0,1.816025272011757,0.03565362561494112,0.4872159119695425,0.581439396366477,9.870535731315613,7.705965936183929,6.316964268684387,3.553571432828903,1.3396936982870102,15.0,0.0,25.945596512407064,0.764627787983045,-24.129570856690407,-0.7289741534623317,16,2.375
2024,00-0037744,T.McBride,147.0,111.0,1146.0,2.0,49.071393340826035,0.37408065906492993,0.6389452628791332,0.7588158398866653,10.292509883642197,7.951703384518623,5.961111083626747,4.331398801878095,0.7917500701732934,63.0,1.0,45.851886212825775,0.351009818026796,3.219509184360504,0.023070857394486666,16,9.1875
2024,00-0037746,B.Robinson,30.0,24.0,181.0,0.0,-4.352923486381769,-0.12113037046331626,0.5179487214638636,0.8500000032094809,7.397435958568867,6.20384616118211,-1.6153846153846154,9.01282050059392,12.506666684150696,5.0,1.0,-21.98995155096054,-0.7997232652627505,17.637027472257614,0.6785928790385907,13,2.3076923076923075
2024,00-0037801,K.Turpin,52.0,31.0,420.0,2.0,9.198657602071762,0.2826412389675776,0.47571429014205935,0.584761909643809,11.472222137451173,7.819682550430298,4.766666634877523,6.705555574099223,0.9625996061497264,19.0,2.0,30.905672252178192,0.4090440601110458,-21.707012176513672,-0.12640279134114582,15,3.466666666666667
2024,00-0037809,C.Okonkwo,71.0,52.0,483.0,3.0,-7.335308343172073,0.28787250025197864,0.5336309550330043,0.7811011932790279,11.923437505960464,10.252083338797092,4.262847226113081,7.660590253770351,3.9698225100125586,19.0,4.0,10.245182916522026,0.17474303115159273,-18.63349187374115,0.10916300024837255,16,4.4375
2024,00-0037816,R.Doubs,75.0,48.0,614.0,4.0,30.847715139389038,0.5253373011946678,0.6223639483962741,0.6622449031897953,13.794217654636928,8.888180187770299,11.118622371128627,2.6755952494485036,0.28631017357110977,34.0,2.0,77.29574739933014,1.2875345477036066,-47.501034796237946,-0.7667965543057237,14,5.357142857142857
2024,00-0037837,C.Austin,60.0,37.0,573.0,4.0,24.608490258455276,0.38682105723354554,0.46296296682622695,0.6046296324994829,13.73611111111111,9.124074048466152,10.119444370269775,3.616666648122999,0.3756226054082314,19.0,0.0,66.38991519808769,1.2814817503094673,-41.78142400085926,-0.8946606405079365,18,3.3333333333333335
2024,00-0037838,I.Likely,68.0,49.0,603.0,7.0,35.580192476511,0.5401812208925977,0.6049019659266752,0.7269607887548559,11.500980377197266,8.349019667681526,6.5535948066150445,4.9473856056437775,4.289391405880451,30.0,0.0,48.382757768034935,0.6247069336035672,-11.855564057826996,-0.06374155204085742,17,4.0
2024,00-0037840,K.Williams,45.0,38.0,197.0,3.0,-3.703513279557228,-0.05061778500676155,0.5574603219827016,0.87873015999794,6.236666687329611,4.907619086901347,-0.3077777663866679,6.544444433848063,5.612554107393537,7.0,0.0,-33.738950818777084,-0.735489797592163,30.035436898469925,0.6848720033963521,15,3.0
2024,00-0038041,J.Ferguson,86.0,59.0,494.0,0.0,-12.711065411567688,-0.16949779327426637,0.38677592681986944,0.697804582970483,8.212585074560982,5.663510152271816,2.96513603414808,5.247448980808258,2.264918342232704,18.0,0.0,-15.572450026869774,-0.16499448886939458,2.861384153366089,-0.004503311855452401,14,6.142857142857143
2024,00-0038117,W.Robinson,140.0,93.0,699.0,5.0,-24.239516243338585,-0.04695617867743268,0.4442852937123355,0.703378323246451,7.625057248508229,5.1661743276259475,3.9099694306359574,3.7150878205018887,1.408025401760824,36.0,2.0,3.9359007477760315,0.03088636915473377,-28.175415724515915,-0.07784253753283445,17,8.235294117647058
2024,00-0038120,B.Hall,76.0,57.0,483.0,3.0,-1.488448590040207,-0.11176624981453642,0.3676835373044014,0.7140625007450581,7.625297546386719,5.834623023867607,-0.576041653752327,8.201339274644852,6.2678711175918576,16.0,0.0,-54.2567053437233,-0.7257150858640671,52.7682569026947,0.6139488312182948,16,4.75
2024,00-0038124,C.Watson,54.0,29.0,620.0,2.0,19.813962817192078,0.10691034155232566,0.400765309376376,0.4616496648107256,14.982142754963466,10.61386057308742,11.684523803847176,3.2976190596818924,0.26106560695916414,21.0,2.0,84.07708867266774,1.6865522108439888,-65.31612777709961,-1.5896853974887304,14,3.857142857142857
2024,00-0038129,C.Otton,89.0,61.0,632.0,4.0,15.04690819978714,0.15794675623377163,0.4742207845052083,0.6332467595736185,11.133730252583822,7.432328065236409,5.25373010635376,5.880000034968059,1.5241458426628793,33.0,3.0,11.79241368174553,0.18614135980606078,3.254496216773987,-0.028194587615629037,15,5.933333333333334
2024,00-0038134,K.Walker,53.0,46.0,299.0,1.0,4.876564919948578,0.09836182675578377,0.46818182414228265,0.861363643949682,6.410714322870428,5.5651515180414375,-1.3122294341975993,7.7229437394575635,0.3333333432674408,19.0,1.0,-43.485077917575836,-0.7535793591629375,48.361642956733704,0.851941165598956,11,4.818181818181818
2024,00-0038393,D.Wicks,82.0,41.0,454.0,5.0,-6.722413957118988,-0.04134140246444278,0.42811355988184613,0.4860500643650691,8.938888947168985,5.126719627115461,5.826851858033074,3.1120370593335895,0.6834569198007767,27.0,3.0,86.25677954033017,0.9071458783000708,-92.97919470071793,-0.9484872859385278,18,4.555555555555555
2024,00-0038542,B.Robinson,72.0,61.0,431.0,1.0,7.6484180092811584,0.14118021332165775,0.4775910421329386,0.8470588273861829,6.9659663929658775,5.982633099836462,-1.6256302384769215,8.5915966314428,3.662393053372701,20.0,0.0,-52.22771489620209,-0.7512046335374608,59.87613546848297,0.8923848867416382,17,4.235294117647059
2024,00-0038543,J.Smith-Njigba,138.0,100.0,1178.0,7.0,48.44433909654617,0.4835059697575429,0.5966888543437509,0.7571856344447416,11.706722652210908,9.048034696017995,5.9376050163717835,5.180882369770723,1.356272112329801,58.0,4.0,98.88328903913498,0.6109770527657341,-49.491947412490845,-0.11439456440070096,17,8.117647058823529
2024,00-0038544,Q.Johnston,96.0,55.0,724.0,8.0,25.31823366880417,0.3397501619765535,0.4851190531626344,0.5750744054093957,11.528605848550797,7.890178605914116,6.3450320065021515,4.980448730289936,0.8420258915672699,32.0,2.0,81.11395010352135,0.8204197427257895,-55.79571604728699,-0.48066956468392164,16,6.0
2024,00-0038547,L.Schoonmaker,36.0,27.0,241.0,1.0,9.405914962291718,0.09000029414892197,0.5083333373069763,0.7183333337306976,7.6433333396911625,6.051666641235352,4.733333349227905,2.9100000262260437,0.8523620267709097,12.0,0.0,5.946265459060669,0.006407955661416054,3.459650070872158,0.08359234861563891,10,3.6
2024,00-0038559,Mi.Wilson,71.0,47.0,548.0,5.0,10.12356199324131,0.19422865166779957,0.5021825470030308,0.625942463055253,12.18541669845581,7.642509922385216,9.244791686534882,2.940625011920929,0.29933011457324027,28.0,3.0,70.8938719034195,1.0436903163790703,-60.77031195163727,-0.8494616998359561,16,4.4375
2024,00-0038563,T.Tucker,81.0,47.0,539.0,3.0,12.273494392633438,0.3690163129392792,0.44836601790259867,0.6026143834871405,12.233053207397461,8.872549067525302,7.769747902365292,4.4633053260691025,0.5062592566013336,24.0,1.0,70.80561357736588,0.8881175842355279,-58.53211885690689,-0.5191012818147155,17,4.764705882352941
2024,00-0038589,J.Whyle,38.0,28.0,248.0,1.0,9.017634313553572,0.1055924112775496,0.46607143112591337,0.7148809539420264,7.270238092967442,6.187500034059797,2.4369047624724254,4.833333347524915,4.269959706068039,14.0,0.0,7.995308548212051,0.33057081273623873,-0.03067294741049409,-0.23550536979122885,14,2.7142857142857144
2024,00-0038597,C.Brown,65.0,54.0,360.0,4.0,9.818895369768143,0.13595609441399575,0.4309668203194936,0.8521645069122314,5.994074042638143,5.159675359725952,0.2218518376350403,5.772222272555033,6.484355878084898,23.0,0.0,-36.85278868675232,-0.6027662624915441,46.67168465256691,0.7387223700682323,15,4.333333333333333
2024,00-0038606,P.Washington,53.0,32.0,390.0,3.0,13.440562665462494,0.057653712729612984,0.48389804859956104,0.6366758272051811,10.041666587193808,6.4072802265485125,7.041666666666667,2.9999999875823655,0.4290569985285401,19.0,1.0,53.03469556570053,0.7144662175948421,-39.700131848454475,-0.6441264611979326,12,4.416666666666667
2024,00-0038608,K.Boutte,69.0,43.0,590.0,3.0,20.73652522265911,0.3891063045710325,0.583174608151118,0.6506349265575408,13.272063446044921,9.090158637364706,10.136190509796142,3.1225397030512494,0.5096678038438162,25.0,2.0,75.30873200297356,1.0341393897930782,-55.62520584464073,-0.6532933781544368,15,4.6
2024,00-0038618,X.Hutchinson,33.0,17.0,203.0,0.0,-1.4855601787567139,0.14626960642635822,0.4739583358168602,0.5520833358168602,8.4375,7.265625,6.5,1.9375,0.40664488077163696,8.0,1.0,31.333888113498688,0.8763418197631836,-32.81944762170315,-0.7300721942447126,16,2.0625
2024,00-0038619,A.Iosivas,61.0,36.0,479.0,6.0,23.963511168956757,0.4117945827105466,0.5037815185154185,0.5792717127239003,12.861764627344469,9.041876680710736,11.174509861890007,1.687254902194528,0.3392595494786898,26.0,1.0,65.20190006494522,1.2864812822902905,-41.23838794231415,-0.8746866793097818,17,3.588235294117647
2024,00-0038621,D.Douglas,87.0,66.0,622.0,3.0,20.825342565774918,0.25140082417055964,0.5305059663951397,0.7762400917708874,8.943154647946358,6.707737997174263,3.7404761761426926,5.181845232844353,3.4767351001501083,31.0,2.0,27.20342580974102,0.2205932344077155,-6.3780805468559265,0.03080761933233589,16,5.4375
2024,00-0038640,J.Brooks,30.0,12.0,177.0,1.0,-17.67517751455307,-0.20506304471443096,0.46388889228304225,0.5680555589497089,13.666666666666666,7.558333337306976,10.625,3.0416666666666665,0.49490909054875376,8.0,2.0,39.475119173526764,1.3265772735079129,-57.150296829640865,-1.5316402992854516,12,2.5
2024,00-0038933,D.Kincaid,84.0,50.0,519.0,2.0,14.930097758769989,0.23012424958869815,0.5418154839426279,0.626190485432744,10.941666722297668,6.802678599953651,4.757291711866856,6.184374965727329,2.6137355331863676,25.0,0.0,43.54935920238495,0.40393266128376126,-28.619260728359222,-0.17380840703845024,16,5.25
2024,00-0038935,B.Strange,53.0,40.0,411.0,2.0,18.947213619947433,0.2926961492214884,0.5619047646011625,0.713095241359302,10.638311658586774,7.984523807253156,4.772186126027789,5.866125558103834,2.9970344521782617,21.0,0.0,14.176053524017334,0.19522620059017623,4.7711599469184875,0.09746993599193436,14,3.7857142857142856
2024,00-0038976,M.Mims,57.0,41.0,513.0,6.0,23.33481189608574,0.3258519225260791,0.39362745425280404,0.6833333373069763,10.421078401453356,8.13382350697237,0.5651960653417251,9.855882251963896,2.670309697588285,15.0,2.0,6.588653415441513,0.2375292602707358,17.693159580230713,0.06634368966607486,17,3.3529411764705883
2024,00-0038977,T.Dell,81.0,51.0,667.0,3.0,21.898458182811737,0.2603892660034554,0.5125283513750348,0.6278911637408393,11.982823167528425,8.077040808541435,9.145068100520543,2.8377551095826283,0.3326832304398219,35.0,3.0,86.4265968799591,1.0909593126603536,-64.52814030647278,-0.8305700682103634,14,5.785714285714286
2024,00-0038979,C.Tillman,51.0,29.0,339.0,3.0,-1.2665889263153076,-0.2582990247756243,0.36673951894044876,0.5919798985123634,9.429315567016602,5.227993845939636,5.964285731315613,3.465029776096344,0.3321605622768402,16.0,2.0,50.72293847799301,0.640031423419714,-52.09552526473999,-0.8835741952061653,8,6.375
2024,00-0038994,J.Addison,108.0,66.0,904.0,9.0,31.234091579914093,0.3009208800503984,0.4838541690260172,0.6145833404734731,13.090104222297668,8.407291620969772,10.385714262723923,2.704389886930585,0.30083566904067993,41.0,3.0,118.51645636558533,1.1272467374801636,-86.3353658914566,-0.8187520581996068,16,6.75
2024,00-0038996,T.Kraft,76.0,55.0,733.0,7.0,37.36118412017822,0.47268930212077165,0.6208994802501466,0.7275132371319665,13.316666656070286,10.416798909505209,4.847222175863054,8.469444433848063,4.45156771996442,31.0,1.0,6.592183336615562,0.16491164236019054,29.71599942445755,0.3002440118127399,18,4.222222222222222
2024,00-0038997,J.Downs,107.0,72.0,803.0,6.0,25.597263664007187,0.2449889731194292,0.5022239706345967,0.6595652422734669,11.33911565371922,7.586438042776925,4.829988605209759,6.509126969746181,3.3106944436828294,41.0,3.0,39.224798798561096,0.3870736323297024,-13.627532124519348,-0.1420846161033426,14,7.642857142857143
2024,00-0039032,T.Spears,35.0,30.0,224.0,1.0,-1.5182536244392395,-0.1913777008652687,0.3238095283508301,0.8523809552192688,5.925000011920929,5.092857182025909,-0.9416666686534881,6.8666666626930235,1.0,9.0,0.0,-28.198055386543274,-0.8264517456293106,26.67980182170868,0.6350740551948547,10,3.5
2024,00-0039040,D.Achane,87.0,78.0,569.0,6.0,23.863977015018463,0.15295761870220304,0.49062500800937414,0.8981150835752487,6.693080276250839,5.901463225483894,-1.113839291036129,7.986607074737549,14.014957928657532,30.0,0.0,-63.84566795825958,-0.7921201679855585,87.7096477150917,0.9450778148602694,16,5.4375
2024,00-0039062,J.Mingo,42.0,17.0,167.0,0.0,-13.365285038948059,-0.3395144242261137,0.2488095270735877,0.4095238127878734,6.321428571428571,3.3357143061501637,4.226190477609634,2.095238106591361,1.9767025113105774,6.0,1.0,35.49522277712822,0.7438531911798886,-48.86050748825073,-1.0833675997065646,14,3.0
2024,00-0039064,Z.Flowers,117.0,74.0,1059.0,4.0,44.65668857097626,0.332475014441811,0.5466535117696313,0.6383902062388027,14.152100731344785,8.796341489343082,6.8925769749809715,7.259523777400746,1.565916090139321,48.0,0.0,94.03799366950989,0.659025294596658,-48.434306263923645,-0.31916043074691997,17,6.882352941176471
2024,00-0039065,S.LaPorta,90.0,66.0,777.0,8.0,33.00575488805771,0.6459674949155134,0.6037815204438042,0.7485994451186236,14.347479006823372,11.22507004176869,7.9068627708098465,6.440616248285069,1.8025434101000428,42.0,2.0,31.51631259918213,0.41185654732672605,1.489443376660347,0.2341109563541763,17,5.294117647058823
2024,00-0039066,M.Mayer,32.0,21.0,156.0,0.0,-0.014010101556777954,-0.10340081087567589,0.4141414192589847,0.6010101058266379,6.814935077320445,4.4823232022198765,3.824675343253396,2.99025973406705,1.0028260931372643,8.0,0.0,7.090269923210144,0.23088851706548172,-7.104279592633247,-0.3342893223532222,11,2.909090909090909
2024,00-0039075,P.Nacua,130.0,90.0,1131.0,3.0,49.20810616016388,0.33520824920672637,0.5500610516621516,0.6950549506224118,12.290537173931416,8.480921818659855,5.431959739098182,6.858577563212468,2.01046285033226,53.0,1.0,46.88496994972229,0.35660532690011537,3.270137667655945,-0.013364731692350827,13,10.0
2024,00-0039139,J.Gibbs,74.0,58.0,546.0,3.0,13.068094551563263,0.2724280930124223,0.5154356127604842,0.8120671063661575,11.93705353140831,9.83835220336914,-1.3953869063407183,13.332440465688705,5.976608097553253,30.0,2.0,-43.25580471754074,-0.6442536518443376,56.32390022277832,0.916681740898639,16,4.625
2024,00-0039146,J.Reed,80.0,59.0,903.0,6.0,44.56691128015518,0.46420837317903835,0.5208333399560716,0.715277781089147,14.023545079761082,10.465277830759684,7.834788329071468,6.188756638103062,4.750001208058426,33.0,0.0,36.98665404692292,0.46827710295716923,8.527256786823273,0.05079654080004224,18,4.444444444444445
2024,00-0039165,Z.Charbonnet,52.0,42.0,292.0,1.0,-7.442102342844009,-0.14887356013059616,0.3498412758111954,0.8233333388964336,7.159682559967041,5.446349223454793,-0.6977777689695358,7.857460339864095,4.525000020861626,6.0,1.0,-45.30158317089081,-0.9028204619884491,37.85948046296835,0.75394689788421,15,3.466666666666667
2024,00-0039337,M.Nabers,172.0,109.0,1204.0,8.0,45.69441384077072,0.3014217473566532,0.48460280895233154,0.6403714915116628,11.383306884765625,7.393384424845378,7.1258465131123865,4.257460308074951,0.6610127568244935,55.0,2.0,117.37442672252655,0.6674213156104087,-71.78600811958313,-0.3644454424579938,15,11.466666666666667
2024,00-0039338,B.Bowers,153.0,112.0,1194.0,6.0,27.105584621429443,0.17223351218682878,0.5795464428032145,0.7288237143965328,11.019318889169131,7.956040396409876,5.500112000633688,5.5192067903630875,1.4806131352396572,61.0,5.0,26.748067528009415,0.22162399254739285,0.35751426219940186,-0.04939050621846143,17,9.0
2024,00-0039342,X.Legette,85.0,49.0,497.0,4.0,4.517765164375305,0.09113027652104695,0.43539683024088544,0.6210053046544393,10.256666628519694,5.965661350886027,7.672222232818603,2.5844444394111634,0.35918146719535193,27.0,1.0,87.069510191679,0.9180195490519206,-81.60474644601345,-0.7970580289761225,15,5.666666666666667
2024,00-0039356,J.Sanders,43.0,33.0,342.0,1.0,11.650561921298504,0.1373427445689837,0.49015873471895854,0.7142857193946839,7.070000108083089,6.166666698455811,3.102222188313802,3.9677777767181395,2.4538533240556717,13.0,0.0,2.9670759439468384,0.13855221221844355,8.683486260473728,-0.0012094662835200629,15,2.8666666666666667
2024,00-0039361,B.Irving,55.0,49.0,398.0,1.0,15.394956767559052,0.28147418079349923,0.5665266163208905,0.8960784340606016,7.635154064963846,7.174369741888607,-2.996498612796559,10.631652691785026,9.800000190734863,17.0,0.0,-58.13408088684082,-1.1048061865217544,74.47603839635849,1.4326215772067799,17,3.235294117647059
2024,00-0039384,T.Tracy,54.0,38.0,284.0,1.0,-5.869650781154633,-0.16027709403458765,0.36568627637975354,0.710784317816005,6.402941170860739,5.2382352772881005,-0.2401960807688096,6.643137272666483,6.669597063745771,13.0,1.0,-27.065655767917633,-0.5774654154665768,22.14300397783518,0.46635850408347324,17,3.176470588235294
2024,00-0039424,D.Vele,57.0,41.0,475.0,3.0,33.719457030296326,0.4861283475267036,0.5482142929519925,0.6464285786662783,10.806547573634557,7.598611099379403,7.872023854936872,2.934523814490863,0.49785811981807154,28.0,0.0,36.812347650527954,0.7876097794089999,-3.092888729646802,-0.30148140168083565,14,4.071428571428571
2024,00-0039491,J.Coker,46.0,32.0,478.0,2.0,29.074602872133255,0.6582640978423032,0.63095238533887,0.7068181877786462,13.274891766634854,10.310497858307578,8.555194811387496,4.719696966084567,0.6375056045129895,23.0,1.0,50.328802444040775,1.0588343448259614,-21.25419980287552,-0.40057025307958777,11,4.181818181818182
2024,00-0039793,A.Barner,38.0,30.0,245.0,4.0,11.086640913039446,0.5122691525944641,0.7068027236631939,0.8681972814457757,8.908333369663783,8.082653088229042,3.385714279753821,5.5226190601076395,2.110986034075419,18.0,1.0,-4.007989600300789,-0.029455173228468214,15.094631843268871,0.5417243540287018,14,2.7142857142857144
2024,00-0039847,T.Johnson,43.0,29.0,331.0,1.0,4.542643044143915,0.10279081352055072,0.5600000083446502,0.7000000029802322,11.83166675567627,7.515000057220459,6.071666669845581,5.760000026226043,1.0015332384241953,16.0,1.0,9.295761108398438,0.14309039637446402,-4.7531172931194305,-0.04029957726597786,10,4.3
2024,00-0039849,M.Harrison,116.0,62.0,885.0,8.0,27.30887794494629,0.17877831353860743,0.46063153095105114,0.5204354489550871,13.168627514558679,7.192246037371018,10.704901863546933,2.4637255090124466,0.30268325190991163,43.0,4.0,149.834765791893,1.2248060545500588,-122.52588656544685,-1.046027721289326,17,6.823529411764706
2024,00-0039855,J.McMillan,62.0,39.0,502.0,8.0,9.943791836500168,-0.18860753306320735,0.5188775552170617,0.5999149701425007,13.064285687037877,7.837840148380825,9.584523728915624,3.4797618985176086,0.8757837959207021,25.0,6.0,68.67130646109581,1.108178238783564,-58.727513790130615,-1.296785750559398,14,4.428571428571429
2024,00-0039868,T.Franklin,56.0,30.0,317.0,3.0,-14.829124569892883,-0.2765333411448142,0.38333333853413076,0.5362745137775645,10.0,5.6235293500563674,5.105882364160874,4.894117635839126,1.8361290329032474,13.0,1.0,50.45815098285675,0.7759104430785074,-65.28727585822344,-1.0524437940296005,17,3.2941176470588234
2024,00-0039880,M.Washington,36.0,26.0,223.0,0.0,7.022316787391901,0.047985425726933914,0.48333334109999915,0.6681818203492598,7.286363580010154,5.375757629221136,3.7106060765006323,3.5757575902071865,1.0463259033858776,13.0,0.0,4.954953134059906,0.13574049960483203,2.067364126443863,-0.08775506507266652,11,3.272727272727273
2024,00-0039890,A.Mitchell,55.0,23.0,312.0,0.0,-4.951546348631382,-0.012719217140008421,0.36344538015477795,0.3983193311621161,11.401960765614229,7.2350139705573815,7.612745116738712,3.789215690949384,2.782033550807021,16.0,0.0,66.38245439529419,1.4360767813289868,-71.33400170691311,-1.4487959840061033,17,3.235294117647059
2024,00-0039893,B.Thomas,135.0,87.0,1282.0,10.0,54.242992520332336,0.47433505229213657,0.5598863626227659,0.6483018678777358,15.877310865065631,10.042391552644617,9.424883323557237,6.452427611631506,1.0476718115455963,53.0,5.0,117.12606173753738,0.8925502931370455,-64.9890673905611,-0.41382046065786304,17,7.9411764705882355
2024,00-0039894,X.Worthy,120.0,78.0,925.0,9.0,41.215003192424774,0.34547546270646545,0.5377174074712553,0.6166913525054329,11.322055164136385,7.791271761844032,4.502694242878964,6.819360933805767,2.054259513105665,49.0,2.0,56.959670543670654,0.5486849354285943,-14.797665238380432,-0.19834683953147186,19,6.315789473684211
2024,00-0039901,K.Coleman,67.0,32.0,578.0,4.0,21.720529094338417,0.4382115662447177,0.5148809589445591,0.5154761951416731,19.07291668653488,9.675892889499664,11.906249985098839,7.16666667163372,0.8972570111354192,23.0,2.0,96.98030471801758,1.5413681417703629,-77.3657763004303,-1.1814657617360353,16,4.1875
2024,00-0039907,J.Polk,34.0,12.0,87.0,2.0,-20.747773930430412,-0.6265473457483145,0.31684981974271625,0.38553113776903886,4.1923076923076925,2.265567761201125,3.3461538461538463,0.8461538461538461,0.015873015991279056,4.0,1.0,34.912579097785056,1.0021799430967524,-54.71335345506668,-1.6240468735878284,13,2.6153846153846154
2024,00-0039915,L.McConkey,127.0,91.0,1352.0,9.0,73.97859811782837,0.6419667110723608,0.6214986057842479,0.7345004747895634,14.905228783102597,11.146195103140439,9.476960813297945,5.428267983829274,0.7310252452597898,60.0,2.0,91.07848870754242,0.743613967562423,-18.152890861034393,-0.1048748716711998,17,7.470588235294118
2024,00-0039916,R.Pearsall,47.0,31.0,400.0,3.0,7.52167421579361,-0.010448062419891357,0.388333335518837,0.5466666698455811,9.4125,6.364166736602783,6.858333349227905,2.554166650772095,0.3638774883002043,19.0,3.0,35.27670268714428,0.8287071026861668,-26.808029174804688,-0.8252428531646728,10,4.7
2024,00-0039919,R.Odunze,101.0,54.0,734.0,3.0,16.06116172671318,0.18751575666315415,0.4612172219683142,0.5539343076593736,13.56960776272942,7.490807168623981,8.911764705882353,4.657843155019424,0.764957981512827,37.0,1.0,123.41482484340668,1.1380461441243397,-107.35366252064705,-0.950530394911766,17,5.9411764705882355
