game_id,season,week,posteam,targets,receptions,receiver_corps_epa,receiver_corps_catch_rate,receiver_corps_yards_per_target,receiver_corps_success_rate,receiver_corps_air_epa,receiver_corps_yac_epa
2023_01_ARI_WAS,2023,1,ARI,30.0,21.0,-0.015600528035845076,0.6714285782405308,5.221428547586713,0.3690476247242519,0.38359206914901733,-0.39919258866991314
2023_01_ARI_WAS,2023,1,WAS,29.0,19.0,0.21231962447719915,0.6734693901879447,7.377040863037109,0.5494898004191262,0.1468362691146987,0.06548335935388293
2023_01_BUF_NYJ,2023,1,BUF,39.0,29.0,0.17888173274695873,0.7419871836900711,5.772435873746872,0.6073717977851629,0.28617298416793346,-0.1072912123054266
2023_01_BUF_NYJ,2023,1,NYJ,18.0,14.0,-0.3927368777138846,0.7142857142857143,6.4238095964704245,0.3238095300538199,-0.2654675160135542,-0.12726939682449614
2023_01_CAR_ATL,2023,1,ATL,18.0,15.0,-0.199025214339296,0.7361111144224802,4.541666746139526,0.3333333383003871,-0.3237260952591896,0.12470084941014647
2023_01_CAR_ATL,2023,1,CAR,31.0,20.0,-0.04583325004205108,0.7642857208848,4.740476220846176,0.32559524290263653,-0.19389378651976585,0.14806048944592476
2023_01_CIN_CLE,2023,1,CIN,31.0,14.0,-0.593340610464414,0.5703703860441843,2.244444489479065,0.1592592646678289,-0.3105271557966868,-0.2828134323159854
2023_01_CIN_CLE,2023,1,CLE,29.0,16.0,-0.017738414307435352,0.5582010613547431,5.019841247134739,0.4312169353167216,0.5677120288213094,-0.5854504677570529
2023_01_DAL_NYG,2023,1,DAL,25.0,13.0,-0.15784022957086563,0.4523809589445591,4.873511910438538,0.31994047947227955,0.8014443870633841,-0.9592845998704433
2023_01_DAL_NYG,2023,1,NYG,29.0,17.0,-0.5535847219553861,0.5939393991773779,2.8363636190241035,0.19090909307653253,0.19223511760885065,-0.7458198482848026
2023_01_DET_KC,2023,1,DET,32.0,22.0,0.4521155245602131,0.7959183752536774,9.421542014394488,0.6467120264257703,0.04273612105420658,0.4093794141496931
2023_01_DET_KC,2023,1,KC,37.0,21.0,0.04023530955115954,0.6305555614332358,6.683333333581686,0.5597222248713175,0.47849582275375724,-0.4382605307425062
2023_01_GB_CHI,2023,1,CHI,37.0,24.0,-0.19780819283591378,0.5640211767620511,4.917460309134589,0.3698412775993347,-0.29122703274091083,0.15720254762305153
2023_01_GB_CHI,2023,1,GB,27.0,15.0,0.49663512222468853,0.4729166738688946,7.558333337306976,0.3437500074505806,0.7979179322719574,-0.3012828417122364
2023_01_HOU_BAL,2023,1,BAL,21.0,17.0,0.2903241415818532,0.7055555582046509,6.800000031789144,0.5833333432674408,0.030530548344055813,0.25979357833663624
2023_01_HOU_BAL,2023,1,HOU,43.0,28.0,0.012078502029180527,0.7562121272087097,5.497272729873657,0.4363636374473572,-0.22626455798745154,0.23834309000521897
2023_01_JAX_IND,2023,1,IND,39.0,24.0,-0.13939031627443102,0.6099086138937209,5.733766224649218,0.3886483957370122,0.30322787910699844,-0.4426181750992934
2023_01_JAX_IND,2023,1,JAX,32.0,24.0,-1.154462972287244,0.6291486372550329,5.873160203297933,0.48066379129886627,0.0715783666819334,-1.2260414113601048
2023_01_LA_SEA,2023,1,LA,37.0,24.0,0.3804977408477238,0.5309523854936872,7.83452388218471,0.5214285765375409,0.715995192527771,-0.3354974846089525
2023_01_LA_SEA,2023,1,SEA,24.0,16.0,0.13027601901973998,0.7142857228006635,5.942857078143528,0.6000000046832221,0.17584508870329177,-0.045569075005395074
2023_01_LV_DEN,2023,1,DEN,32.0,27.0,0.12262694944034923,0.8303030349991538,4.601515146819028,0.5530303079973568,0.08606684614311565,0.036560130390253937
2023_01_LV_DEN,2023,1,LV,26.0,20.0,-0.2390914263004171,0.7476190498897007,7.585714340209961,0.35555556416511536,0.4671474014009748,-0.70623879134655
2023_01_MIA_LAC,2023,1,LAC,31.0,23.0,0.010681867599487305,0.7333333426051669,5.908641974131267,0.49629630313979256,-0.09140679157442516,0.10208865213725302
2023_01_MIA_LAC,2023,1,MIA,44.0,28.0,0.505534271709621,0.6452381052076817,9.514880895614624,0.5035714395344257,0.5877359723672271,-0.08220168855041265
2023_01_PHI_NE,2023,1,NE,55.0,35.0,-0.13756259944703844,0.6280663874414232,5.582972632514106,0.42003367510106826,0.29164995726508397,-0.3686535151468383
2023_01_PHI_NE,2023,1,PHI,30.0,22.0,-0.08272513853652137,0.6999999965940203,4.72857141494751,0.3428571437086378,0.21194048013005937,-0.29466561334473745
2023_01_SF_PIT,2023,1,PIT,45.0,31.0,-0.27538171596825123,0.7136243383089701,4.58994706471761,0.40343915588325924,0.4839329289065467,-0.7593146761258444
2023_01_SF_PIT,2023,1,SF,28.0,19.0,0.13063174734512964,0.46904762585957843,5.091468294461568,0.356349212427934,0.44120175391435623,-0.31057000160217285
2023_01_TB_MIN,2023,1,MIN,44.0,33.0,0.2655510935001075,0.7777777835726738,8.152777820825577,0.49305555783212185,0.0008305944502353668,0.2647204967215657
2023_01_TB_MIN,2023,1,TB,32.0,21.0,0.008390604169107974,0.6791666746139526,4.616666674613953,0.3958333395421505,0.026154985185712576,-0.01776437577791512
2023_01_TEN_NO,2023,1,NO,33.0,23.0,-0.09489004739693233,0.5511904784611293,6.336904661996024,0.31309523965631214,1.0937997698783875,-1.1886898151465826
2023_01_TEN_NO,2023,1,TEN,33.0,16.0,-0.5782667547464371,0.38474621943065096,5.457482882908413,0.24803768311228072,0.662867567368916,-1.2411342907164777
2023_02_BAL_CIN,2023,2,BAL,33.0,24.0,0.3193649088498205,0.7510416656732559,6.721874952316284,0.6593750007450581,0.3596629220992327,-0.040298011153936386
2023_02_BAL_CIN,2023,2,CIN,39.0,27.0,-0.0774186197668314,0.7236111164093018,4.915277719497681,0.39444444825251895,0.06339053312937419,-0.1408091535170873
2023_02_CHI_TB,2023,2,CHI,28.0,16.0,-0.3112291345993678,0.5386904825766882,6.392857074737549,0.3482142935196559,-0.005082974831263225,-0.30614617466926575
2023_02_CHI_TB,2023,2,TB,32.0,26.0,0.24576700159481593,0.8392857142857143,7.636904784611294,0.5678571462631226,0.49589969856398447,-0.2501326671668461
2023_02_CLE_PIT,2023,2,CLE,40.0,22.0,-0.4812890626490116,0.5033333331346512,4.4,0.3283333331346512,0.6084280695766211,-1.089717161655426
2023_02_CLE_PIT,2023,2,PIT,29.0,15.0,-1.0418504010885954,0.6645833402872086,4.649999976158142,0.22708333656191826,-0.8763881344348192,-0.16546225361526012
2023_02_GB_ATL,2023,2,ATL,30.0,19.0,0.15160998702049255,0.623333340883255,7.761666774749756,0.5583333432674408,0.580399876832962,-0.42878987789154055
2023_02_GB_ATL,2023,2,GB,25.0,14.0,-0.029022769795523748,0.5370370414521959,5.162037001715766,0.48148148589664036,0.2403330761525366,-0.2693558418088489
2023_02_IND_HOU,2023,2,HOU,43.0,30.0,0.3914223429229524,0.7091710832383897,8.703879978921679,0.6058201127582126,0.5678760028547711,-0.17645367359121641
2023_02_IND_HOU,2023,2,IND,31.0,25.0,0.6984705327777192,0.9020833373069763,10.164583325386047,0.7208333350718021,-0.16824209038168192,0.8667126223444939
2023_02_KC_JAX,2023,2,JAX,41.0,23.0,0.04346449673175812,0.6360544221741813,4.806972801685333,0.5476190490382058,0.36435651566301075,-0.320892014673778
2023_02_KC_JAX,2023,2,KC,40.0,29.0,0.028679306774089735,0.7467592631777128,6.940740744272868,0.37268519029021263,-0.14985722924272218,0.17853657652934393
2023_02_LAC_TEN,2023,2,LAC,40.0,27.0,0.4405340448021889,0.6015384674072266,7.325128269195557,0.6005128264427185,0.8384764542182287,-0.4659941891829173
2023_02_LAC_TEN,2023,2,TEN,24.0,20.0,0.6362086720764637,0.7875000014901161,12.479166626930237,0.5125000029802322,0.5879072230309248,0.048301465809345245
2023_02_LV_BUF,2023,2,BUF,36.0,31.0,0.4684925145573086,0.8841269877221849,6.730158792601691,0.5682539741198221,0.013541391326321496,0.45495115634467864
2023_02_LV_BUF,2023,2,LV,23.0,16.0,-0.20115465112030506,0.6145833320915699,6.95833332836628,0.4531250037252903,0.7114057969301939,-0.9125605104491115
2023_02_MIA_NE,2023,2,MIA,29.0,21.0,0.36544599301285213,0.7654321061240302,8.012345578935411,0.6543209950129191,0.2845026979015933,0.080943264067173
2023_02_MIA_NE,2023,2,NE,42.0,31.0,-0.306089386343956,0.7147817425429821,5.159474164247513,0.4925595298409462,-0.03478316031396389,-0.27130623045377433
2023_02_MIN_PHI,2023,2,MIN,43.0,31.0,0.3190222957304546,0.7125457951000759,7.316300307001386,0.3881868187870298,0.26975394998277935,0.04926835745573044
2023_02_MIN_PHI,2023,2,PHI,22.0,18.0,0.24264248758554458,0.8647619128227234,8.23523826599121,0.35047619938850405,0.17115048170089722,0.07149201333522796
2023_02_NO_CAR,2023,2,CAR,32.0,22.0,0.10848392049471538,0.7791666686534882,6.319444467624028,0.5527777895331383,0.1949291837712129,-0.09996798882881801
2023_02_NO_CAR,2023,2,NO,34.0,22.0,0.04835069738328457,0.5612373799085617,5.439078330993652,0.442234855145216,0.14524171501398087,-0.09689103160053492
2023_02_NYG_ARI,2023,2,ARI,29.0,21.0,0.41517979744821787,0.7520833387970924,8.529166638851166,0.5447916686534882,0.14506416954100132,0.270115633495152
2023_02_NYG_ARI,2023,2,NYG,35.0,26.0,0.5625775275485856,0.7962585091590881,11.996598584311348,0.6899659931659698,0.690867369728429,-0.12828983472926275
2023_02_NYJ_DAL,2023,2,DAL,37.0,31.0,0.3727461513545778,0.8579059839248657,6.300925943586561,0.6139601171016693,-0.07419450746642219,0.44694068365626866
2023_02_NYJ_DAL,2023,2,NYJ,25.0,12.0,-0.7927966692950577,0.5104166641831398,4.619791626930237,0.3645833358168602,0.15239057131111622,-0.9451871961355209
2023_02_SEA_DET,2023,2,DET,34.0,28.0,0.21805653721094131,0.8710317462682724,7.842261850833893,0.568452388048172,0.11675608716905117,0.10130047332495451
2023_02_SEA_DET,2023,2,SEA,37.0,32.0,0.4937788744767507,0.8666666679912143,8.766666730244955,0.633333338631524,-0.03712171812852224,0.5309006066785918
2023_02_SF_LA,2023,2,LA,52.0,34.0,-0.0635500316108976,0.6866213210991451,5.524263024330139,0.4253968298435211,0.059764082942690165,-0.12331415127430644
2023_02_SF_LA,2023,2,SF,24.0,17.0,0.3307385340332985,0.7666666746139527,9.5,0.6777777910232544,0.6115631222724914,-0.28082454204559326
2023_02_WAS_DEN,2023,2,DEN,28.0,18.0,0.8886832896387205,0.6010416746139526,12.927083313465118,0.49791667237877846,0.596497887512669,0.30596503615379333
2023_02_WAS_DEN,2023,2,WAS,34.0,27.0,0.5561606548726559,0.8366666734218597,8.776666688919068,0.5633333429694176,-0.040125918388366696,0.5962865750014317
2023_03_ATL_DET,2023,3,ATL,38.0,21.0,0.2590001127682626,0.6371527872979641,6.907986044883728,0.5243055578321218,0.4849622305482626,-0.22596213966608047
2023_03_ATL_DET,2023,3,DET,31.0,22.0,0.058810720685869455,0.6609848588705063,6.575757622718811,0.36174242198467255,0.10916831530630589,-0.05035760439932346
2023_03_BUF_WAS,2023,3,BUF,32.0,20.0,0.22180695748991436,0.694444454378552,5.537037028206719,0.5185185240374671,0.23989096780618033,-0.018084018180767696
2023_03_BUF_WAS,2023,3,WAS,29.0,19.0,-0.8740562285695758,0.5959183744021824,5.426190495491028,0.40272108784743715,0.5222821267587798,-1.3963383005133696
2023_03_CAR_SEA,2023,3,CAR,57.0,34.0,0.03511284291744232,0.682990625500679,5.7605880200862885,0.3707251101732254,0.09715549051761627,-0.0620426669716835
2023_03_CAR_SEA,2023,3,SEA,36.0,23.0,0.048999404741658106,0.6675925950209299,6.549999899334377,0.5148148172431521,0.0908507721291648,-0.05817457122935189
2023_03_CHI_KC,2023,3,CHI,20.0,11.0,-0.8461321932928902,0.5833333347524915,4.440476213182722,0.4166666695049831,1.2361832346235002,-2.082315355539322
2023_03_CHI_KC,2023,3,KC,37.0,27.0,0.2871885584159331,0.6899350719018416,6.974567153237083,0.4816017367623069,0.2627694471315904,0.024419137361374767
2023_03_DAL_ARI,2023,3,ARI,22.0,17.0,0.30349864278520855,0.8988095266478402,10.565476196152824,0.49404762046677725,-0.3767807824271066,0.7136983488287244
2023_03_DAL_ARI,2023,3,DAL,37.0,25.0,-0.01646382278866238,0.7142857213815054,5.8888889319366875,0.3915343979994456,-0.07838922904597388,0.061925443872395486
2023_03_DEN_MIA,2023,3,DEN,36.0,23.0,-0.23590789404180315,0.5601731737454733,6.901202466752794,0.43992305133077836,0.5907640357812246,-0.8266719414128197
2023_03_DEN_MIA,2023,3,MIA,28.0,25.0,1.5638191737234592,0.8522727265954018,17.85551941394806,0.7739448100328445,0.7714662179350853,0.7923529483377934
2023_03_HOU_JAX,2023,3,HOU,29.0,20.0,0.23542705468005604,0.6904761956797706,7.2275130483839245,0.523809529013104,0.19268328613705105,0.042743776795557804
2023_03_HOU_JAX,2023,3,JAX,40.0,29.0,-0.13030643276870252,0.7236904829740525,5.7055952787399296,0.4286904811859131,-0.16889833956956862,0.038591907173395154
2023_03_IND_BAL,2023,3,BAL,30.0,22.0,-0.08430294273421168,0.6375000067055225,6.922916650772095,0.5145833417773247,0.2783580385148525,-0.3626609742641449
2023_03_IND_BAL,2023,3,IND,42.0,27.0,-0.07095779478549957,0.6350108273327351,4.788690447807312,0.3603896126151085,0.11914145294576883,-0.19009924307465553
2023_03_LAC_MIN,2023,3,LAC,48.0,41.0,0.3128907675854862,0.8766369074583054,6.704613119363785,0.46071428805589676,-0.019166849553585052,0.3320575999096036
2023_03_LAC_MIN,2023,3,MIN,48.0,32.0,0.2294154299630059,0.7292614877223969,6.402652899424235,0.528323534462187,0.475179689625899,-0.24576426380210453
2023_03_LA_CIN,2023,3,CIN,46.0,26.0,-0.26997289061546326,0.5302469200558133,4.410185151629978,0.27314815256330705,-0.325066386618548,0.05509347137477663
2023_03_LA_CIN,2023,3,LA,32.0,18.0,-0.04703941692908605,0.6296296368042628,8.705290873845419,0.41111112137635547,0.3338810404141744,-0.38092047969500226
2023_03_NE_NYJ,2023,3,NE,27.0,15.0,0.5210269695768753,0.642592598994573,9.650000002649096,0.4444444510671828,0.8276554279857211,-0.3066284888320499
2023_03_NE_NYJ,2023,3,NYJ,28.0,18.0,-0.06557157170027494,0.7194444537162781,5.562500029802322,0.43333333916962147,-0.23461498320102692,0.1690433993935585
2023_03_NO_GB,2023,3,GB,44.0,22.0,-0.06265520164743066,0.501488097012043,5.057291686534882,0.4598214328289032,1.0065925307571888,-1.1229274421930313
2023_03_NO_GB,2023,3,NO,34.0,23.0,0.09882721304893494,0.6548821594980028,4.473344484965007,0.4511784546905094,0.5843903875599304,-0.4855631763736407
2023_03_NYG_SF,2023,3,NYG,32.0,22.0,-0.013620662968605757,0.6744047664105892,4.382142823189497,0.4327381011098623,0.13461238145828247,-0.14823304419405758
2023_03_NYG_SF,2023,3,SF,34.0,25.0,0.7206846922636032,0.8240740795930227,8.424999982118607,0.5916666736205419,0.16069134573141733,0.5599932732681433
2023_03_PHI_TB,2023,3,PHI,35.0,23.0,-0.07577769032546453,0.6176870805876595,7.092517035348075,0.5482993296214512,0.597298371472529,-0.6730760293347495
2023_03_PHI_TB,2023,3,TB,26.0,15.0,0.15215607111652693,0.6666666666666666,6.138888915379842,0.5972222288449606,0.6295824448267618,-0.5023752550284067
2023_03_PIT_LV,2023,3,LV,45.0,28.0,-0.3314485800053392,0.6428571428571429,7.016666752951486,0.3976190515926906,0.24010637828281947,-0.9560564926692418
2023_03_PIT_LV,2023,3,PIT,27.0,16.0,0.1133555897644588,0.5000000042574746,6.642857142857143,0.36904762259551455,0.49137299827166964,-0.37801737018993925
2023_03_TEN_CLE,2023,3,CLE,31.0,27.0,0.43936608483393985,0.8263888955116272,9.254629691441854,0.5879629701375961,0.07673330434287588,0.36263280858596164
2023_03_TEN_CLE,2023,3,TEN,24.0,13.0,-0.12999120950698853,0.602380958199501,4.771428644657135,0.30238095819950106,0.4343477487564087,-0.5643389537930489
2023_04_ARI_SF,2023,4,ARI,41.0,28.0,-0.09575201570987701,0.5888888902134366,4.500793668958876,0.39126984278361004,0.12125549548202091,-0.21700748635662925
2023_04_ARI_SF,2023,4,SF,21.0,20.0,1.1061315294355154,0.984375,10.817708253860474,0.859375,0.5648035649210215,0.5413279648637399
2023_04_ATL_JAX,2023,4,ATL,30.0,19.0,-0.30190630443394184,0.5535714291036129,4.872916638851166,0.39523809403181076,0.1783069297671318,-0.4802131671458483
2023_04_ATL_JAX,2023,4,JAX,30.0,23.0,0.17991687570299422,0.7916666695049831,6.148809501102993,0.4404761918953487,0.19117963207619532,-0.0112627489226205
2023_04_BAL_CLE,2023,4,BAL,18.0,15.0,0.7287274939673287,0.8452380980764117,10.476190477609634,0.6261904793126243,0.22864354508263723,0.500083931854793
2023_04_BAL_CLE,2023,4,CLE,34.0,19.0,-0.5893119855059518,0.6044973548915651,2.869047654999627,0.2949735505713357,0.3997729884253608,-0.9890850070450041
2023_04_CIN_TEN,2023,4,CIN,27.0,20.0,0.14829027156035104,0.8721340431107415,6.063932922151354,0.6340388026502397,-0.165000029736095,0.3132903062634998
2023_04_CIN_TEN,2023,4,TEN,26.0,19.0,0.403556564822793,0.6979166679084301,8.979166746139526,0.5520833358168602,1.0160257713869214,-0.6124692112207413
2023_04_DEN_CHI,2023,4,CHI,32.0,28.0,0.578143173828721,0.9333333373069763,10.068749994039536,0.6506944485008717,0.09029866009950638,0.48784452956169844
2023_04_DEN_CHI,2023,4,DEN,26.0,21.0,0.7244050638242201,0.8363636406985197,8.49696969985962,0.6363636390729384,0.06509434093128551,0.6593107581138611
2023_04_DET_GB,2023,4,DET,27.0,19.0,0.027561117495809282,0.6877551078796387,5.842857122421265,0.4387755159820829,-0.19832279426710947,0.22588387663875306
2023_04_DET_GB,2023,4,GB,35.0,23.0,-0.21048472300171853,0.6192307710647583,6.77243595123291,0.3705128252506256,0.3282292068004608,-0.55037996545434
2023_04_KC_NYJ,2023,4,KC,29.0,18.0,-0.06903980448842048,0.610000005364418,5.873333263397217,0.45666667222976687,0.40590301565825937,-0.4749428227543831
2023_04_KC_NYJ,2023,4,NYJ,39.0,28.0,0.2049239753629081,0.8226190507411957,6.353571510314941,0.42976190596818925,0.171600279211998,0.033323684707283974
2023_04_LA_IND,2023,4,IND,26.0,11.0,0.7662987224757671,0.4770833384245634,10.829166650772095,0.5187500044703484,0.7960988655686378,-0.1636848202906549
2023_04_LA_IND,2023,4,LA,39.0,27.0,0.360792090850217,0.7966811018330711,7.493073565619333,0.5421356494937625,0.2601370300565447,0.10065507463046483
2023_04_LV_LAC,2023,4,LAC,24.0,13.0,-0.04819736012723297,0.5385416708886623,5.253125011920929,0.26354166865348816,0.7973620891571045,-0.8455594927072525
2023_04_LV_LAC,2023,4,LV,38.0,24.0,0.041318772094590325,0.620379626750946,6.126123905181885,0.5119880182402474,0.12596233827727182,-0.08464357256889343
2023_04_MIA_BUF,2023,4,BUF,25.0,21.0,0.8587265345785353,0.8137566182348464,13.986243406931559,0.7582010626792908,0.4967804551124573,0.3619460788451963
2023_04_MIA_BUF,2023,4,MIA,35.0,25.0,-0.218931516011556,0.666666673289405,8.698148118125069,0.4870370460881127,0.42376449931826854,-0.6148372400138113
2023_04_MIN_CAR,2023,4,CAR,31.0,25.0,0.13914083095733076,0.7218750007450581,6.137499958276749,0.4947916716337204,-0.18314196355640888,0.322282787412405
2023_04_MIN_CAR,2023,4,MIN,18.0,12.0,-1.6800798997282982,0.6388888955116272,5.657407442728679,0.3888888955116272,0.21263208985328674,-1.8927120435982943
2023_04_NE_DAL,2023,4,DAL,37.0,30.0,0.4191065914928913,0.7727272727272727,6.030303044752642,0.6233766268600117,-0.053508220985531804,0.4092254891991615
2023_04_NE_DAL,2023,4,NE,29.0,16.0,-0.28498947620391846,0.562500013038516,7.197916626930237,0.37083334289491177,0.5794242192059755,-0.8644136730581522
2023_04_PIT_HOU,2023,4,HOU,27.0,17.0,0.07884952682070434,0.5763888917863369,9.729166626930237,0.5763888917863369,0.521601002663374,-0.44275144301354885
2023_04_PIT_HOU,2023,4,PIT,27.0,18.0,-0.022099499191556658,0.6826530652386802,6.3506803171975275,0.4074829965829849,0.25100164328302654,-0.2731012063367026
2023_04_SEA_NYG,2023,4,NYG,32.0,27.0,-0.25176140666007996,0.8727272748947144,5.812121217901057,0.4787878841161728,-0.4296022125265815,0.17784082483161578
2023_04_SEA_NYG,2023,4,SEA,26.0,15.0,-0.39919542893767357,0.5250000029802322,6.083333331346512,0.3750000029802322,-0.22620804607868195,-0.17298739925026893
2023_04_TB_NO,2023,4,NO,38.0,24.0,-0.4023044237110298,0.5863095242530107,3.883928559720516,0.1726190522313118,0.17323381453752518,-0.5755382785573602
2023_04_TB_NO,2023,4,TB,31.0,25.0,0.2780882306396961,0.8721590936183929,6.628787815570831,0.4232954569160938,-0.10206403210759163,0.4192123431712389
2023_04_WAS_PHI,2023,4,PHI,34.0,25.0,0.4180411050717036,0.7450142502784729,7.188034216562907,0.5701567033926646,0.3391806185245514,0.07886049151420593
2023_04_WAS_PHI,2023,4,WAS,39.0,29.0,0.4810904297563765,0.809567905134625,8.015740818447536,0.5876543240414726,0.5762274414300919,-0.09513697938786612
2023_05_BAL_PIT,2023,5,BAL,38.0,22.0,-0.294854821903365,0.5268398353031704,5.014718634741647,0.3924242470945631,0.8436349970953805,-1.1384898338999068
2023_05_BAL_PIT,2023,5,PIT,32.0,18.0,-0.06357594486325979,0.48819445073604584,4.746527791023254,0.26250000670552254,0.22637896612286568,-0.2556002549827099
2023_05_CAR_DET,2023,5,CAR,35.0,25.0,-0.16831955593079329,0.6325549483299255,5.510989010334015,0.5009157583117485,0.13293475471436977,-0.3012542575597763
2023_05_CAR_DET,2023,5,DET,27.0,20.0,0.4524138495326042,0.8187500052154064,8.785416655242443,0.6520833373069763,-0.1736356969922781,0.626049542799592
2023_05_CHI_WAS,2023,5,CHI,25.0,15.0,0.10708159705003102,0.46666666865348816,6.066666603088379,0.3000000019868215,0.5716618075966835,-0.4645802304148674
2023_05_CHI_WAS,2023,5,WAS,48.0,37.0,-0.06750598888505589,0.7795749767260118,8.06082255190069,0.5243014611981132,0.16984763876958328,-0.23735363916917282
2023_05_CIN_ARI,2023,5,ARI,30.0,15.0,-0.7427430441603065,0.5000000074505806,5.4333332777023315,0.40625000558793545,0.5394570231437683,-1.2822000682353973
2023_05_CIN_ARI,2023,5,CIN,44.0,36.0,0.02730504742690495,0.8495166557175773,4.775241647447858,0.530128904751369,-0.040013569806303294,0.06731861404010228
2023_05_DAL_SF,2023,5,DAL,26.0,16.0,-0.027270527349578008,0.5833333366447024,6.431481467352973,0.35370370745658875,0.7245123651292589,-0.7517828850282563
2023_05_DAL_SF,2023,5,SF,25.0,18.0,0.5071842281354798,0.6653439203898112,8.763227568732368,0.5542328092787001,0.3157251212331984,0.1914591391881307
2023_05_GB_LV,2023,5,GB,29.0,16.0,-0.06162738179167112,0.603968256049686,7.1507936583624945,0.5500000036425061,0.2679651098118888,-0.3295924829112159
2023_05_GB_LV,2023,5,LV,29.0,22.0,0.18147081716193092,0.6518518527348837,6.194444444444445,0.5074074086215761,-0.14424867928028107,0.32571949892573887
2023_05_HOU_ATL,2023,5,ATL,39.0,29.0,0.7212170227007433,0.8327430161562833,10.877016934481533,0.7754165069623427,-0.006096143614162098,0.6397172673182054
2023_05_HOU_ATL,2023,5,HOU,32.0,20.0,0.37743326276540756,0.691666666418314,10.22916665673256,0.5902777779847383,0.30895252525806427,0.0684807263314724
2023_05_JAX_BUF,2023,5,BUF,37.0,27.0,0.372000084982978,0.8030303054385715,9.175925917095608,0.5799663298659854,0.3041300262427992,0.18955145279566446
2023_05_JAX_BUF,2023,5,JAX,37.0,25.0,0.3173477053642273,0.5656250044703484,7.337500035762787,0.5343750044703484,0.6614164561033249,-0.34406876377761364
2023_05_KC_MIN,2023,5,KC,39.0,31.0,0.4099331356585026,0.787575763463974,7.969090843200684,0.5645454615354538,0.27016196623444555,0.13977115750312805
2023_05_KC_MIN,2023,5,MIN,46.0,29.0,-0.13117142766714096,0.686728404627906,6.381172815958659,0.4305555621782939,0.03432535628477732,-0.16549676491154564
2023_05_NO_NE,2023,5,NE,31.0,15.0,-0.8782268919878535,0.43333333399560714,4.094444486829969,0.21111111177338493,0.6395345230897268,-1.5177614192167919
2023_05_NO_NE,2023,5,NO,25.0,18.0,0.1478755838341183,0.7746031781037649,5.844708972507053,0.39497354957792496,0.032810204558902316,0.11506538920932347
2023_05_NYG_MIA,2023,5,MIA,28.0,22.0,0.18618558471401533,0.8981481492519379,10.60185178120931,0.6981481512387594,-0.33052091486752033,0.5167064865430196
2023_05_NYG_MIA,2023,5,NYG,30.0,23.0,0.2718039287461175,0.8400673402680291,6.45202022128635,0.5521885520882077,-0.05828956142067909,0.33009349389208686
2023_05_NYJ_DEN,2023,5,DEN,27.0,20.0,-0.0077778007835149765,0.6925595290958881,6.190773844718933,0.42648810148239136,-0.2515512127429247,0.2437734128907323
2023_05_NYJ_DEN,2023,5,NYJ,26.0,19.0,-0.290833430364728,0.747321430593729,5.962202310562134,0.36815476790070534,-0.40434205159544945,0.11350864730775356
2023_05_PHI_LA,2023,5,LA,34.0,21.0,-0.0012384379903475444,0.5616161674261093,4.459090828895569,0.41893939673900604,0.13329870998859406,-0.1345371330777804
2023_05_PHI_LA,2023,5,PHI,34.0,25.0,0.10945166381342071,0.7150793692895344,6.463095273290362,0.5007936507463455,0.23475525634629385,-0.1253036026443754
2023_05_TEN_IND,2023,5,IND,24.0,20.0,0.7066841733176261,0.8601190522313118,11.199404656887054,0.6190476194024086,0.30003318283706903,0.4066509883850813
2023_05_TEN_IND,2023,5,TEN,34.0,23.0,0.2312449375167489,0.6770202107727528,7.590909153223038,0.5020202081650496,0.6511270361952484,-0.419882093090564
2023_06_ARI_LA,2023,6,ARI,38.0,21.0,-0.09483933225274085,0.5885064989328385,5.917662286758423,0.40032468140125277,0.7785088311880827,-0.8733481843955815
2023_06_ARI_LA,2023,6,LA,21.0,15.0,0.43245896995067595,0.803174614906311,12.031746053695679,0.5079365134239197,0.3215942993760109,0.1108646497130394
2023_06_BAL_TEN,2023,6,BAL,29.0,21.0,0.26435757242143154,0.7812500074505806,7.447916626930237,0.4791666716337204,0.021603718400001526,0.2427538400515914
2023_06_BAL_TEN,2023,6,TEN,20.0,12.0,0.3660007379949093,0.743750000372529,11.34375,0.618750000372529,0.20012114942073822,0.16587958484888077
2023_06_CAR_MIA,2023,6,CAR,35.0,24.0,-0.35082413918442196,0.7051282094584571,5.44586902194553,0.26210826800929177,0.19975368347432879,-0.5505778011348512
2023_06_CAR_MIA,2023,6,MIA,30.0,21.0,0.2413964420557022,0.6629629731178284,6.638888716697693,0.50370371590058,0.15138018131256104,0.09001622023060918
2023_06_DAL_LAC,2023,6,DAL,30.0,21.0,0.6283878137667974,0.6928571462631226,9.090476115544638,0.5630952393015226,0.400758554538091,0.2276292803386847
2023_06_DAL_LAC,2023,6,LAC,37.0,22.0,-0.07562132889870554,0.5801407024264336,5.333170980215073,0.3771103974431753,0.14533871412277222,-0.2209601067006588
2023_06_DEN_KC,2023,6,DEN,22.0,13.0,-0.9721049722284079,0.5333333387970924,3.495833307504654,0.23333333618938923,-0.38228204660117626,-0.5898229237645864
2023_06_DEN_KC,2023,6,KC,39.0,30.0,0.017497095093131066,0.6600000023841858,6.205555534362793,0.528888888657093,0.3442974120378494,-0.326800274848938
2023_06_DET_TB,2023,6,DET,41.0,30.0,0.7801580905914307,0.8830303072929382,10.65393922328949,0.8106060653924942,0.01223837435245514,0.7679197400808334
2023_06_DET_TB,2023,6,TB,37.0,19.0,-0.2911875704303384,0.5366071462631226,5.076785743236542,0.39375000447034836,0.7497930666431785,-1.0409806780517101
2023_06_IND_JAX,2023,6,IND,52.0,33.0,-0.3119798871603879,0.47348484667864715,5.083874399011785,0.3436147218400782,0.4870327101512389,-0.7990126101808115
2023_06_IND_JAX,2023,6,JAX,28.0,20.0,0.2777832979336381,0.777777781089147,7.017857154210408,0.5615079452594122,0.2103758007287979,0.06740752359231313
2023_06_MIN_CHI,2023,6,CHI,24.0,16.0,-0.17006881050765515,0.7458333373069763,4.9375,0.5083333373069763,-0.09900279119610786,-0.07106599826365709
2023_06_MIN_CHI,2023,6,MIN,30.0,21.0,0.08979645371437073,0.7452381054560343,6.241666714350383,0.5089285771052042,0.0634797215461731,0.026316749552885692
2023_06_NE_LV,2023,6,LV,31.0,20.0,0.1542927904261483,0.5941798951890733,7.968254009882609,0.44232804742124343,-0.009488188558154635,0.16378098540008068
2023_06_NE_LV,2023,6,NE,31.0,24.0,0.16630294256740147,0.7676767706871033,7.565656503041585,0.64478114578459,0.04160167111290826,0.1247012648317549
2023_06_NO_HOU,2023,6,HOU,24.0,13.0,0.2147420346736908,0.5785714387893677,7.407936493555705,0.46190477162599564,0.7537869215011597,-0.539044855783383
2023_06_NO_HOU,2023,6,NO,46.0,33.0,0.300218260713986,0.7011904759066445,7.823809623718262,0.5404761901923588,0.5000971342836108,-0.1998788384454591
2023_06_NYG_BUF,2023,6,BUF,29.0,19.0,0.676465030759573,0.8125,7.555555542310079,0.6701388905445734,0.07498909862867247,0.6014759639898936
2023_06_NYG_BUF,2023,6,NYG,31.0,24.0,-0.022603265941143036,0.6551587382952372,5.273809512456258,0.5105158810814222,0.26755669216314953,-0.2901599792142709
2023_06_PHI_NYJ,2023,6,NYJ,34.0,19.0,-0.22067989893257617,0.47500000298023226,3.696666693687439,0.3016666680574417,0.23961004465818406,-0.49857634007930757
2023_06_PHI_NYJ,2023,6,PHI,43.0,28.0,-0.018990793398448398,0.6653318958623069,6.61507933480399,0.4965007262570517,0.12720046724591935,-0.14619124148573195
2023_06_SEA_CIN,2023,6,CIN,35.0,24.0,0.051355657478173576,0.801282051536772,4.620268609788683,0.6028693550162845,-0.16568761236137813,0.2170432772901323
2023_06_SEA_CIN,2023,6,SEA,37.0,27.0,0.20745300352573395,0.8594444483518601,8.231666684150696,0.5361111164093018,0.11165407449007034,0.0957989290356636
2023_06_SF_CLE,2023,6,CLE,33.0,18.0,-0.5438864588737488,0.465476194024086,3.7714285612106324,0.23511904925107957,0.2741798713803291,-0.8180663377046585
2023_06_SF_CLE,2023,6,SF,24.0,12.0,-0.2042503121192567,0.48750000074505806,3.574999988079071,0.2666666693985462,0.2962941713631153,-0.5005444977432489
2023_06_WAS_ATL,2023,6,ATL,44.0,28.0,-0.2359397140416232,0.5083333362232555,4.8098484819585625,0.41439394517378375,0.6622083701870658,-0.89814808558334
2023_06_WAS_ATL,2023,6,WAS,21.0,14.0,0.1981825732759067,0.6493506516729083,4.7662337848118375,0.3863636382988521,0.48438949031489237,-0.28620693513325285
2023_07_ARI_SEA,2023,7,ARI,33.0,20.0,-0.1868770895525813,0.6973214335739613,4.210416674613953,0.3889880981296301,-0.05433289834763855,-0.13254417851567268
2023_07_ARI_SEA,2023,7,SEA,24.0,18.0,0.29865061172417234,0.8340136153357369,9.828571387699672,0.5925170140607017,0.3117050017629351,-0.013054420905453818
2023_07_ATL_TB,2023,7,ATL,23.0,19.0,0.6355943381786346,0.869642861187458,13.78511893749237,0.6184523887932301,0.6508099567145109,-0.015215619700029492
2023_07_ATL_TB,2023,7,TB,41.0,27.0,-0.3454010205136405,0.5092592570516798,4.546296225653754,0.3240740762816535,0.0699683063560062,-0.41536935418844223
2023_07_BUF_NE,2023,7,BUF,40.0,27.0,0.5398783945064578,0.7722222225533591,7.443518506156074,0.7675925940275192,0.555436318119367,-0.1053522593445248
2023_07_BUF_NE,2023,7,NE,30.0,25.0,0.44818060249090197,0.819047623872757,8.45,0.6095238149166107,0.07451139800250531,0.37366918884217737
2023_07_CLE_IND,2023,7,CLE,35.0,16.0,-0.4115754961967468,0.3804563581943512,4.063988149166107,0.2445436529815197,0.1755607994273305,-0.5871363170444965
2023_07_CLE_IND,2023,7,IND,22.0,15.0,0.20308125019073486,0.6404761884893689,8.978571483067103,0.390476188489369,0.0679888129234314,0.13509241491556168
2023_07_DET_BAL,2023,7,BAL,28.0,21.0,1.3124722838401794,0.8571428656578064,17.833333333333332,0.6402116450998518,0.4208572556575139,0.8916150000360277
2023_07_DET_BAL,2023,7,DET,50.0,33.0,-0.22683192044496536,0.6282752379775047,6.425381600856781,0.5403565801680088,0.6066739372909069,-0.8233631886541843
2023_07_GB_DEN,2023,7,DEN,24.0,20.0,-0.016458816826343536,0.71875,5.662500023841858,0.3395833373069763,0.15629818476736546,-0.1727570230141282
2023_07_GB_DEN,2023,7,GB,32.0,22.0,0.4816491335630417,0.7650000065565109,6.855000019073486,0.5100000023841857,0.11462247669696808,0.36702665090560915
2023_07_JAX_NO,2023,7,JAX,30.0,21.0,0.11724874905000131,0.7051587402820587,6.996428569157918,0.45753968755404156,0.4007596472899119,-0.2835109308362007
2023_07_JAX_NO,2023,7,NO,54.0,33.0,-0.24279154340426126,0.6242063542207082,6.269444425900777,0.39920636018117267,0.4537009745836258,-0.704720064997673
2023_07_LAC_KC,2023,7,KC,40.0,32.0,-0.0159468488259749,0.7596736631610177,8.597202734513717,0.5632867189970884,0.09588868780569597,-0.11183551610024138
2023_07_LAC_KC,2023,7,LAC,30.0,17.0,0.16443625232204795,0.5927579402923584,6.888888895511627,0.3601190522313118,0.5643205959349871,-0.39988433849066496
2023_07_LV_CHI,2023,7,CHI,29.0,21.0,0.09048266212145488,0.6987654401196374,5.214814821879069,0.417283962170283,-0.6471921911773583,0.7376748166150517
2023_07_LV_CHI,2023,7,LV,46.0,27.0,-0.10491799811522166,0.6524216598934598,4.668091191185845,0.38461539149284363,0.3248366084363725,-0.3834368967347675
2023_07_MIA_PHI,2023,7,MIA,32.0,23.0,-0.28697068576834034,0.6761904827186039,5.980952399117606,0.5190476221697671,0.6507845379944358,-0.9377552568912506
2023_07_MIA_PHI,2023,7,PHI,30.0,23.0,0.18648044796039662,0.7444444497426351,6.944444417953491,0.36666667461395264,-0.07900333404541016,0.2654838263988495
2023_07_PIT_LA,2023,7,LA,28.0,14.0,0.17170142382383347,0.5416666716337204,6.965277711550395,0.3472222238779068,0.14304200559854507,-0.016520397427181404
2023_07_PIT_LA,2023,7,PIT,23.0,17.0,0.11714822053909302,0.7708333333333334,7.618055582046509,0.4375000099341075,-0.015794833501180012,0.1329430773233374
2023_07_SF_MIN,2023,7,MIN,43.0,35.0,0.157694885507226,0.8425925970077515,8.122222264607748,0.45000000132454765,-0.17131292281879318,0.32900776631302303
2023_07_SF_MIN,2023,7,SF,29.0,21.0,0.5124313731988271,0.7949735522270203,10.384920676549276,0.7394179999828339,0.2668164124091466,0.24561497600128254
2023_07_WAS_NYG,2023,7,NYG,27.0,18.0,0.22158011607825756,0.6906250007450581,8.84375,0.37812500074505806,0.4308033538982272,-0.20922324433922768
2023_07_WAS_NYG,2023,7,WAS,36.0,22.0,0.04361112788319588,0.5572916716337204,6.875,0.4826388917863369,0.4615440182387829,-0.4179328680038452
2023_08_ATL_TEN,2023,8,ATL,33.0,20.0,0.3063387568626139,0.6756613850593567,8.350793679555258,0.5264550348122915,0.7679352925883399,-0.4615964988867442
2023_08_ATL_TEN,2023,8,TEN,26.0,19.0,0.2910951354673931,0.6738095283508301,8.276190553392683,0.3547619070325579,0.9739402490002769,-0.6828451855108142
2023_08_BAL_ARI,2023,8,ARI,37.0,25.0,-0.23415743559598923,0.7059523910284042,4.385714292526245,0.40416667237877846,0.2897682525217533,-0.5141536518931389
2023_08_BAL_ARI,2023,8,BAL,26.0,18.0,0.08187302574515343,0.6892857179045677,6.83928570151329,0.46160714514553547,0.36117676086723804,-0.2793037723749876
2023_08_CHI_LAC,2023,8,CHI,38.0,25.0,-0.32145251827314497,0.5750000029802322,4.998333382606506,0.37000000178813935,0.12573390007019042,-0.4400457113981247
2023_08_CHI_LAC,2023,8,LAC,38.0,31.0,0.29197215498425066,0.819791667163372,6.635416686534882,0.5864583402872086,-0.14147306652739644,0.43344521149992943
2023_08_CIN_SF,2023,8,CIN,32.0,28.0,0.3819030895829201,0.8333333283662796,7.635416567325592,0.6458333358168602,0.04993264935910702,0.33197041042149067
2023_08_CIN_SF,2023,8,SF,30.0,22.0,-1.0444348134100436,0.6461760520935058,11.259884643554688,0.41760462522506714,0.02384468149393797,-1.0682795204222202
2023_08_CLE_SEA,2023,8,CLE,30.0,16.0,0.3223334960639477,0.6181818209588528,10.464488625526428,0.5286931842565536,0.057910818606615067,0.26442269515246153
2023_08_CLE_SEA,2023,8,SEA,36.0,23.0,0.11167034081050328,0.7375283496720451,7.493197304861886,0.49716553943497793,0.16904069696153914,-0.05737036360161645
2023_08_HOU_CAR,2023,8,CAR,31.0,22.0,0.44926281542413765,0.7437710497114394,8.225420832633972,0.6311447852187686,0.33290181226200527,0.11636101785633299
2023_08_HOU_CAR,2023,8,HOU,25.0,16.0,-0.2983081266283989,0.7642857219491687,6.676190418856485,0.43095238506793976,0.028251175369535173,-0.31267680653503965
2023_08_JAX_PIT,2023,8,JAX,32.0,24.0,0.31223857067525385,0.7800000071525574,8.593333435058593,0.6800000071525574,0.17175378277897835,0.1404848128557205
2023_08_JAX_PIT,2023,8,PIT,40.0,25.0,-0.5359461097978055,0.5505952406674623,4.521428555250168,0.3630952462553978,0.36254855152219534,-0.898494653403759
2023_08_KC_DEN,2023,8,DEN,18.0,12.0,0.2437534841398398,0.7777777860562006,5.111111164093018,0.3333333432674408,-0.07900850474834442,0.3227619615693887
2023_08_KC_DEN,2023,8,KC,37.0,24.0,-0.18299962004477327,0.6257575831630013,5.83131311156533,0.4474747546694495,0.11871241168542342,-0.30171206390315836
2023_08_LA_DAL,2023,8,DAL,34.0,27.0,-0.42484809864651074,0.7067099592902444,5.904761877926913,0.4534632075916637,0.14596765691583807,-0.5708157237280499
2023_08_LA_DAL,2023,8,LA,33.0,18.0,0.5873680817229407,0.5775510243007115,8.274489743368965,0.5819727948733738,0.35197815547386807,0.1577846258878708
2023_08_LV_DET,2023,8,DET,34.0,26.0,-0.28087092004716396,0.8291666731238365,8.304166674613953,0.5437500067055225,-1.0665857214480639,0.785714790225029
2023_08_LV_DET,2023,8,LV,21.0,10.0,-0.3028294082198824,0.6632653070347649,9.010204076766968,0.4846938784633364,0.19942918845585414,-0.502258647765432
2023_08_MIN_GB,2023,8,GB,40.0,24.0,-0.0201655277716262,0.6361111189637866,5.93690470286778,0.46904763153621126,0.5067086475236076,-0.526874133518764
2023_08_MIN_GB,2023,8,MIN,34.0,26.0,0.6309402594342828,0.8343750052154064,6.407638818025589,0.6392361186444759,-0.1285429736599326,0.7594832312315702
2023_08_NE_MIA,2023,8,MIA,44.0,30.0,0.1941407009959221,0.7365384638309479,5.469871783256531,0.4871794879436493,0.21444953382015228,-0.020308816619217396
2023_08_NE_MIA,2023,8,NE,28.0,19.0,0.28462599797381294,0.6812169353167216,6.091269810994466,0.5410052968396081,0.747729153268867,-0.4631031354268392
2023_08_NO_IND,2023,8,IND,38.0,23.0,0.12591529223654005,0.5362773107157813,5.308546993467543,0.3700854761732949,0.36715322484572727,-0.2412379350927141
2023_08_NO_IND,2023,8,NO,29.0,20.0,0.9803693862631917,0.8033730238676071,13.690674602985382,0.7533730231225491,0.5596761479973793,0.4206932932138443
2023_08_NYJ_NYG,2023,8,NYG,12.0,6.0,-0.7409653837482134,0.4333333373069763,0.9166666666666666,0.0,-0.39817127337058383,-0.34279411224027473
2023_08_NYJ_NYG,2023,8,NYJ,34.0,17.0,-0.5218635257333517,0.338141031563282,5.329594016075134,0.3103632517158985,0.26145581621676683,-0.7833193484693766
2023_08_PHI_WAS,2023,8,PHI,35.0,29.0,0.4792214394547045,0.7797619104385376,6.796130985021591,0.46889881417155266,0.35065127233974636,0.12857017014175653
2023_08_PHI_WAS,2023,8,WAS,51.0,39.0,0.1858167327940464,0.7966666668653488,7.322142839431763,0.531547623872757,0.27463498711586,-0.0888182282447815
2023_08_TB_BUF,2023,8,BUF,39.0,31.0,0.14537118220080933,0.8690476218859354,7.950396776199341,0.5674603134393692,-0.37974778314431507,0.5251189482708772
2023_08_TB_BUF,2023,8,TB,40.0,25.0,0.04125734604895115,0.5357142947614193,5.008928626775742,0.4434523917734623,0.47021424025297165,-0.45515626823180355
2023_09_ARI_CLE,2023,9,ARI,20.0,11.0,-0.7304172043999037,0.5444444517294565,2.2611111203829446,0.17083333432674408,-0.5565569462875525,-0.1738602618376414
2023_09_ARI_CLE,2023,9,CLE,28.0,19.0,-0.29049912508991027,0.634920640124215,4.834920591778225,0.25026455521583557,0.11404720279905531,-0.4045463494128651
2023_09_BUF_CIN,2023,9,BUF,33.0,26.0,-0.07792908977717161,0.6448863670229912,5.951704561710358,0.5326704531908035,0.7478904507588595,-0.8248324627056718
2023_09_BUF_CIN,2023,9,CIN,42.0,31.0,0.387701578438282,0.7652777805924416,8.214236080646515,0.6048611141741276,0.10799696296453476,0.27970459684729576
2023_09_CHI_NO,2023,9,CHI,26.0,18.0,0.029659301042556763,0.647916667163372,7.355208396911621,0.5447916649281979,-0.005511913448572159,0.0351712740957737
2023_09_CHI_NO,2023,9,NO,32.0,26.0,0.25565605031119454,0.7796296344863044,9.587037086486816,0.5657407508956062,-0.10045967002709706,0.35611578656567466
2023_09_DAL_PHI,2023,9,DAL,44.0,29.0,-0.021320194833808474,0.6393518580330743,5.341203795539008,0.5101851920286814,0.11843879686461554,-0.13975900411605835
2023_09_DAL_PHI,2023,9,PHI,21.0,17.0,0.6757519394159317,0.8379629651705424,9.555555582046509,0.5787037114302317,0.22256112098693848,0.4531908445060253
2023_09_IND_CAR,2023,9,CAR,37.0,24.0,-0.3363522231578827,0.6316666722297668,4.508333349227906,0.2800000041723251,-0.13416568292304873,-0.20218652160838246
2023_09_IND_CAR,2023,9,IND,24.0,17.0,-0.11389295756816864,0.5714285756860461,4.676190512520926,0.40238095607076374,0.033609405159950256,-0.14750242233276367
2023_09_LAC_NYJ,2023,9,LAC,28.0,16.0,-0.1588034431139628,0.537918875614802,3.2786595821380615,0.2477954195605384,0.06588957044813368,-0.22469302132311794
2023_09_LAC_NYJ,2023,9,NYJ,48.0,33.0,0.1846717751838944,0.7519813559272073,5.713986028324474,0.5607226125218652,0.03255764598196203,0.15211408178914676
2023_09_LA_GB,2023,9,GB,25.0,20.0,0.2711626353363196,0.7685185207260979,8.462962998284233,0.5185185207260979,0.47040228214528823,-0.19923968157834476
2023_09_LA_GB,2023,9,LA,27.0,13.0,-0.3136785700917244,0.535714291036129,5.285714313387871,0.2142857164144516,-0.049822140485048294,-0.2638564305379987
2023_09_MIA_KC,2023,9,KC,28.0,20.0,0.41244533319364896,0.6803030344572935,6.999999978325584,0.49848485534841364,-0.17329516397281128,0.5857404500923373
2023_09_MIA_KC,2023,9,MIA,33.0,21.0,-0.05034293048083782,0.6145833376795053,4.591666609048843,0.30833333916962147,0.07418845500797033,-0.12453137361444533
2023_09_MIN_ATL,2023,9,ATL,34.0,21.0,-0.27017303307851154,0.6166666679912143,6.151851760016547,0.3481481538878547,0.370657483736674,-0.6408304919799169
2023_09_MIN_ATL,2023,9,MIN,36.0,25.0,0.6498067097531425,0.8015873034795126,8.279100524054634,0.5753968291812472,0.3747241910960939,0.22684072123633492
2023_09_NYG_LV,2023,9,LV,24.0,16.0,0.5627287992974743,0.7880952470004559,9.932142972946167,0.6839285790920258,-0.14987600967288017,0.7126047983765602
2023_09_NYG_LV,2023,9,NYG,30.0,19.0,-0.6652976555956734,0.5579365127616458,5.534656074311998,0.35052910778257584,0.10556424595415592,-0.7356491181999445
2023_09_SEA_BAL,2023,9,BAL,32.0,26.0,-0.06527256303363377,0.8015873034795126,5.122222211625841,0.41349206533696914,0.09431437402963638,-0.15958693706327015
2023_09_SEA_BAL,2023,9,SEA,25.0,13.0,-0.33400551602244377,0.4977678582072258,4.625,0.2566964291036129,0.16024836897850037,-0.4942538768518716
2023_09_TB_HOU,2023,9,HOU,40.0,30.0,0.5648760923317501,0.8108225209372384,10.469264115606036,0.5705627756459373,0.3759916488613401,0.2487598636320659
2023_09_TB_HOU,2023,9,TB,30.0,21.0,0.03367765247821808,0.7928571488176074,7.108730145863125,0.3801587330443518,-0.14453350007534027,0.1782111099788121
2023_09_TEN_PIT,2023,9,PIT,29.0,19.0,0.06228728292302953,0.6493827203909556,4.80185183386008,0.5771604975064596,0.33070864781944287,-0.26842132376299965
2023_09_TEN_PIT,2023,9,TEN,37.0,22.0,0.1653105786277188,0.6107744177182516,8.737542119291094,0.4718855255179935,1.2913390795389812,-1.1260284553799365
2023_09_WAS_NE,2023,9,NE,43.0,24.0,-0.26606874307617545,0.4901785831898451,4.403273805975914,0.3345238193869591,0.6407415419816971,-0.9068102375604212
2023_09_WAS_NE,2023,9,WAS,44.0,29.0,0.1846267423695988,0.6490740776062012,6.409259186850654,0.43703704078992206,0.6132007572386,-0.4285740065905783
2023_10_ATL_ARI,2023,10,ARI,32.0,19.0,-0.26957603357732296,0.4079861119389534,4.88715273141861,0.3402777798473835,0.6576377100178173,-0.8304389278803553
2023_10_ATL_ARI,2023,10,ATL,20.0,12.0,0.11649977043271065,0.6291666738688946,3.941666644066572,0.5000000037252903,0.8730030991137028,-0.7069325149059296
2023_10_CAR_CHI,2023,10,CAR,34.0,21.0,0.18551786243915558,0.7068783111042447,7.061904774771796,0.38439153797096676,0.48976050317287445,-0.3042426502539052
2023_10_CAR_CHI,2023,10,CHI,32.0,20.0,0.2620097976177931,0.6795634999871254,5.463293641805649,0.4365079402923584,0.5356395249255002,-0.273629711009562
2023_10_CLE_BAL,2023,10,BAL,23.0,13.0,-0.6555022762881385,0.5370370348294576,8.26851855383979,0.3148148126072354,0.6517616742187076,-1.307263930638631
2023_10_CLE_BAL,2023,10,CLE,32.0,20.0,0.18954568728804588,0.630952388048172,4.577381014823914,0.5674603208899498,0.5501157839316875,-0.3605700805783272
2023_10_DEN_BUF,2023,10,BUF,26.0,15.0,-0.8625120935695512,0.5551020460469382,5.876190504857472,0.36122449381010874,0.4965419982160841,-1.380579789435225
2023_10_DEN_BUF,2023,10,DEN,29.0,24.0,0.21528051942586898,0.7727272748947144,6.540151596069336,0.5613636374473572,-0.32912724912166597,0.5444077864289284
2023_10_DET_LAC,2023,10,DET,32.0,23.0,0.46244498235838755,0.7079365168298993,9.178571496691022,0.524603179522923,0.1606437393597194,0.3018012451274054
2023_10_DET_LAC,2023,10,LAC,40.0,27.0,-0.13127655908465385,0.627976194024086,5.898809552192688,0.4642857126891613,0.22910121642053127,-0.3603777699172497
2023_10_GB_PIT,2023,10,GB,37.0,21.0,0.23920434713363647,0.5586309619247913,7.983630865812302,0.4357142932713032,0.7475241064094007,-0.508319728076458
2023_10_GB_PIT,2023,10,PIT,22.0,14.0,-0.0796404310635158,0.7142857142857143,5.464285714285714,0.5,-0.2622490269797189,0.18260857888630458
2023_10_HOU_CIN,2023,10,CIN,39.0,27.0,-0.01885682940483093,0.6190476238727569,6.029761853814125,0.3345238119363785,0.0928979679942131,-0.11175478720106184
2023_10_HOU_CIN,2023,10,HOU,39.0,23.0,0.1851249982137233,0.5587797686457634,7.791666626930237,0.454613097012043,0.6038426251034252,-0.41871760319918394
2023_10_IND_NE,2023,10,IND,26.0,18.0,0.15108505822718143,0.6666666716337204,7.635416626930237,0.46875,0.4352468643337488,-0.2841618247330189
2023_10_IND_NE,2023,10,NE,26.0,18.0,0.5234704549823489,0.7904762029647827,8.666666609900338,0.7015873066016606,0.34383349280272213,0.1796369786773409
2023_10_NO_MIN,2023,10,MIN,32.0,23.0,0.26910773913065594,0.7674603263537089,8.131745974222818,0.5714285771052042,-0.06182103604078293,0.3309287714461486
2023_10_NO_MIN,2023,10,NO,40.0,26.0,0.03351337048742506,0.672839512427648,5.749118215507931,0.36772487146986854,0.28511330319775474,-0.25159990621937645
2023_10_NYG_DAL,2023,10,DAL,44.0,33.0,0.46505679190158844,0.7071428559720516,10.993749875575304,0.5821428634226322,0.6186648271977901,-0.15360800153575838
2023_10_NYG_DAL,2023,10,NYG,26.0,14.0,-0.2939114853739738,0.5166666716337204,3.2416666388511657,0.33333333730697634,0.3059801831841469,-0.5998916357755661
2023_10_NYJ_LV,2023,10,LV,25.0,16.0,-0.010404137628419059,0.8659340696675437,6.059340647288731,0.39780219963618685,-0.6295477433928421,0.6191435605287552
2023_10_NYJ_LV,2023,10,NYJ,37.0,23.0,-0.18890997477703625,0.5195767200655408,5.856613794962565,0.39523809982670677,0.2305414080619812,-0.41945137290490997
2023_10_SF_JAX,2023,10,JAX,31.0,18.0,-0.7438398152589798,0.5354437306523323,5.323187157511711,0.3633658066391945,0.45111704617738724,-1.1949568409472704
2023_10_SF_JAX,2023,10,SF,27.0,20.0,1.1587214384760176,0.7880952443395343,13.171428680419922,0.6904761918953487,0.8228137578283038,0.3359076657465526
2023_10_TEN_TB,2023,10,TB,29.0,18.0,0.07491700776985713,0.657142869063786,6.864285775593349,0.4428571505205972,0.8159103021025658,-0.7409933492807406
2023_10_TEN_TB,2023,10,TEN,39.0,19.0,-0.15714672971807886,0.5479166731238365,4.349999934434891,0.3562500085681677,0.5010807141661644,-0.6582274623215199
2023_10_WAS_SEA,2023,10,SEA,42.0,31.0,0.2419427376654413,0.7944444484180875,9.562963008880615,0.4574074066347546,-0.4336672259701623,0.6756099578407075
2023_10_WAS_SEA,2023,10,WAS,42.0,29.0,0.39665295725519006,0.6515151506120508,6.723484906283292,0.40984848818995734,0.1711955639449033,0.22545741092075
2023_11_ARI_HOU,2023,11,ARI,29.0,20.0,0.3161400440149009,0.7538690529763699,10.884523790329695,0.47559524327516556,0.43281558342278004,-0.11667559016495943
2023_11_ARI_HOU,2023,11,HOU,38.0,28.0,0.2960195988416672,0.8410037904977798,8.68446969985962,0.548390157520771,0.2657003626227379,0.030319225043058395
2023_11_CHI_DET,2023,11,CHI,22.0,16.0,-0.06748222879001073,0.670634925365448,7.5952381406511575,0.515873019184385,0.3909567381654467,-0.4584390011483005
2023_11_CHI_DET,2023,11,DET,33.0,23.0,-0.48818571120500565,0.6117424294352531,6.6875,0.5700757652521133,0.5995452664792538,-1.1304142586886883
2023_11_CIN_BAL,2023,11,BAL,23.0,16.0,0.9250620326027275,0.7821428596973419,11.18214282989502,0.5571428596973419,0.6027069211006164,0.32235511392354965
2023_11_CIN_BAL,2023,11,CIN,31.0,19.0,0.04747125133872032,0.5482142902910709,5.066369011998177,0.47113095968961716,0.42079953104257584,-0.3733282926841639
2023_11_DAL_CAR,2023,11,CAR,26.0,16.0,-0.07223027093069893,0.7467532519783292,5.6515151262283325,0.29437229888779776,0.21636537781783513,-0.2885956530060087
2023_11_DAL_CAR,2023,11,DAL,40.0,27.0,0.14872883260250092,0.7203703820705414,5.2061728371514215,0.4117284019788106,0.27104707393381333,-0.1223182479540507
2023_11_LAC_GB,2023,11,GB,38.0,27.0,0.44442273378372193,0.7266666710376739,8.161666679382325,0.5933333396911621,0.0449093908071518,0.3995133265852928
2023_11_LAC_GB,2023,11,LAC,36.0,21.0,0.23205804824829102,0.660714294229235,6.892857142857143,0.37202381449086325,0.6156741082668304,-0.3836161217519215
2023_11_LV_MIA,2023,11,LV,38.0,24.0,0.08672263845801353,0.6780219860374928,6.856318652629852,0.4645604472607374,0.2802139613777399,-0.19349128007888794
2023_11_LV_MIA,2023,11,MIA,36.0,28.0,-0.3397961879769961,0.8232323262426589,8.359006669786242,0.3569023609161377,-0.1784027742428912,-0.16139337999953163
2023_11_MIN_DEN,2023,11,DEN,32.0,27.0,0.11364750657230616,0.7726190537214279,7.669642776250839,0.4732142947614193,0.402859203517437,-0.2892116846051067
2023_11_MIN_DEN,2023,11,MIN,29.0,20.0,-0.00046300036566598076,0.6887755138533456,6.741496631077358,0.561224490404129,0.21430749552590506,-0.2147704873766218
2023_11_NYG_WAS,2023,11,NYG,26.0,18.0,0.3103987593203783,0.6062500067055225,7.714583292603493,0.49166667461395264,0.6252139192074537,-0.31481513753533363
2023_11_NYG_WAS,2023,11,WAS,42.0,31.0,-0.1177016632123427,0.7909451696005735,5.7604617422277276,0.6075036119331013,0.000521109862761064,-0.11822280355475166
2023_11_NYJ_BUF,2023,11,BUF,29.0,20.0,0.4596997244017465,0.6224489808082581,9.58758510862078,0.3911564690726144,-0.1396862736770085,0.5993860278810773
2023_11_NYJ_BUF,2023,11,NYJ,28.0,15.0,0.0988834218846427,0.5,5.078703668382433,0.3055555588669247,0.4176872670650482,-0.318803860909409
2023_11_PHI_KC,2023,11,KC,39.0,24.0,-0.23004375360906124,0.6198989957571029,3.6773737192153932,0.23191919624805452,0.3496460184454918,-0.5796897383406758
2023_11_PHI_KC,2023,11,PHI,21.0,14.0,-0.1254137143758791,0.6428571428571429,4.672619002205985,0.2916666695049831,-0.2841454797557422,0.15873179478304728
2023_11_PIT_CLE,2023,11,CLE,41.0,24.0,-0.13258925718920572,0.674829934324537,3.355442145041057,0.33877551768507275,-0.4513607323169708,0.31877143468175617
2023_11_PIT_CLE,2023,11,PIT,25.0,15.0,-0.1547858076436179,0.7380952409335545,4.922619070325579,0.3154761918953487,-0.46020881618772236,0.3054229979004179
2023_11_SEA_LA,2023,11,LA,29.0,17.0,0.018088412071977342,0.6360544306891305,7.452380895614624,0.5034013667276928,0.21530393777149065,-0.19721550328124846
2023_11_SEA_LA,2023,11,SEA,38.0,24.0,-0.22056834287941457,0.6103174656629562,4.506349205970764,0.3658730208873749,-0.06006883680820465,-0.1604994758963585
2023_11_TB_SF,2023,11,SF,25.0,21.0,0.5480741322040558,0.6944444417953491,11.327777862548828,0.5422222256660462,0.8924583911895752,-0.3443842887878418
2023_11_TB_SF,2023,11,TB,43.0,29.0,0.10162198709117042,0.6775132318337759,7.180158774058024,0.5611111157470279,0.5655350995560487,-0.46391307065884274
2023_11_TEN_JAX,2023,11,JAX,31.0,24.0,1.0000170825847559,0.8492063539368766,10.873015914644514,0.6031746097973415,0.7594310428415026,0.2405860275030136
2023_11_TEN_JAX,2023,11,TEN,17.0,13.0,0.7169753710428873,0.8111111124356588,10.588888910081652,0.6555555562178293,0.2535261909166972,0.46344917950530845
2023_12_BAL_LAC,2023,12,BAL,30.0,18.0,0.14126327261328697,0.5989583395421505,6.848958313465118,0.5468750037252903,0.16893463116139174,-0.027671344578266144
2023_12_BAL_LAC,2023,12,LAC,41.0,29.0,-0.3825364096297158,0.6194444447755814,3.894444419278039,0.263888892200258,-0.17601154247919717,-0.20652489446931416
2023_12_BUF_PHI,2023,12,BUF,49.0,29.0,0.18117036457572663,0.5622758269309998,6.136209011077881,0.4764997022492545,0.6851398710693631,-0.5039695458752769
2023_12_BUF_PHI,2023,12,PHI,28.0,18.0,0.33513317722827196,0.6163194514811039,7.586805552244186,0.5451388917863369,0.2967632971704006,0.038369902642443776
2023_12_CAR_TEN,2023,12,CAR,24.0,18.0,0.5559674650430679,0.7750000029802322,7.956666630506516,0.6400000005960464,0.16537722963839768,0.39059023559093475
2023_12_CAR_TEN,2023,12,TEN,27.0,18.0,-0.11477308161556721,0.6604166738688946,5.88541666790843,0.4937500059604645,0.3139778049662709,-0.42875089682638645
2023_12_CHI_MIN,2023,12,CHI,32.0,27.0,-0.06084447753216539,0.6446886488369533,4.558869702475412,0.29392988766942707,-0.43262537143060137,0.37178088085991995
2023_12_CHI_MIN,2023,12,MIN,30.0,22.0,-0.6111027321645192,0.764285717691694,6.247619015829904,0.27857143325465067,-0.08184693115098136,-0.5292558084641185
2023_12_CLE_DEN,2023,12,CLE,40.0,20.0,0.3728611671498844,0.5224489910261971,4.104308366775513,0.4213152016912188,0.7214219059262957,-0.3336246460676193
2023_12_CLE_DEN,2023,12,DEN,21.0,13.0,0.6891240413699832,0.7619047675813947,7.833333390099662,0.5000000042574746,0.4773725103586912,0.2117515126509326
2023_12_GB_DET,2023,12,DET,43.0,29.0,0.20710320894916853,0.6711560090382894,7.77595403459337,0.460297425587972,0.050250217732456,0.14057868419008124
2023_12_GB_DET,2023,12,GB,30.0,22.0,0.3971481495536864,0.7455357164144516,7.824404835700989,0.5319940522313118,0.27712033689022064,0.12002781219780445
2023_12_JAX_HOU,2023,12,HOU,36.0,26.0,0.18375252261757852,0.7426587343215942,8.635317420959472,0.41507937014102936,0.593138063699007,-0.4093855023384094
2023_12_JAX_HOU,2023,12,JAX,38.0,23.0,0.3949497599553849,0.5729591974190303,10.269557850701469,0.517176879303796,0.5768679082393646,-0.17524348412241256
2023_12_KC_LV,2023,12,KC,32.0,27.0,0.2593074164220265,0.8557823172637394,7.4047618593488425,0.5258503471102033,-0.13179494493774005,0.39110237998621805
2023_12_KC_LV,2023,12,LV,32.0,23.0,-0.024918466806411743,0.6547619104385376,6.183035731315613,0.38244048319756985,-0.23085159063339233,0.20593313872814178
2023_12_LA_ARI,2023,12,ARI,45.0,27.0,-0.16153323304440295,0.6484737566539219,6.550366333552769,0.3493895041091101,0.1502871470791953,-0.3003607541322708
2023_12_LA_ARI,2023,12,LA,31.0,25.0,0.4709968511015177,0.8875000029802322,7.4718751311302185,0.7010416686534882,-0.13778101501520723,0.6087778620421886
2023_12_MIA_NYJ,2023,12,MIA,28.0,21.0,-1.044864758849144,0.5138888905445734,5.291666626930237,0.4097222238779068,0.22949231850604215,-1.2743571152289708
2023_12_MIA_NYJ,2023,12,NYJ,36.0,27.0,-0.017189547885209322,0.805555559694767,6.000000029802322,0.48194444738328457,-0.34264060761779547,0.3254510574042797
2023_12_NE_NYG,2023,12,NE,35.0,21.0,-0.33301501472791034,0.5185185240374671,3.2160493532816568,0.3493827200598187,-0.1918409919987122,-0.14117397202385795
2023_12_NE_NYG,2023,12,NYG,24.0,17.0,0.13904032690657508,0.7740740776062012,6.744444370269775,0.38148148523436654,-0.3540259533458286,0.4930662719739808
2023_12_NO_ATL,2023,12,ATL,20.0,13.0,-0.25156202043096226,0.7023809552192688,7.305555582046509,0.5912698457638422,0.3764845182498296,-0.62804654975965
2023_12_NO_ATL,2023,12,NO,37.0,24.0,-0.03719960153102875,0.6350970102681054,7.840211629867554,0.4513227591911952,0.5768869552347395,-0.6140865766339831
2023_12_PIT_CIN,2023,12,CIN,25.0,19.0,0.5699334728221098,0.8407407469219632,10.299999978807238,0.551851855383979,-0.2015841801961263,0.7715176443258921
2023_12_PIT_CIN,2023,12,PIT,32.0,24.0,0.4849445968866348,0.864772729575634,8.07405310869217,0.64185606315732,0.23000630363821983,0.25493829301558435
2023_12_SF_SEA,2023,12,SEA,27.0,18.0,0.38710735986630124,0.8444444504049089,8.830246951844957,0.5419753135906326,0.42388880501190823,-0.03678143686718411
2023_12_SF_SEA,2023,12,SF,30.0,21.0,0.09613465931680468,0.690123458703359,6.860493792427911,0.476543214586046,0.2668239540523953,-0.17068924837642246
2023_12_TB_IND,2023,12,IND,40.0,24.0,0.527211353714977,0.5934066048690251,8.672161204474312,0.46520147579056875,0.4147050210407802,0.11250630446842738
2023_12_TB_IND,2023,12,TB,30.0,20.0,0.08473287627566606,0.6119047664105892,5.732043623924255,0.49940476566553116,0.1975022880360484,-0.11276941350661218
2023_12_WAS_DAL,2023,12,DAL,33.0,22.0,1.052640374004841,0.7700000047683716,14.370000076293945,0.7133333384990692,1.2512609958648682,-0.20480127800256015
2023_12_WAS_DAL,2023,12,WAS,44.0,28.0,0.155717676712407,0.6515151527192857,8.384680138693916,0.5033670034673479,0.40207136339611477,-0.24635371731387246
2023_13_ARI_PIT,2023,13,ARI,23.0,13.0,-0.05907691589423588,0.460317462682724,4.9603175435747415,0.26984127504484995,0.5891261781964984,-0.6482030706746238
2023_13_ARI_PIT,2023,13,PIT,27.0,18.0,0.23377961292862892,0.6500000096857548,6.15833343565464,0.541666679084301,0.42179739417042583,-0.1880178190767765
2023_13_ATL_NYJ,2023,13,ATL,25.0,12.0,0.26380602163927896,0.49523810190813883,5.644047583852496,0.447619052869933,0.8967058658599854,-0.6328998974391392
2023_13_ATL_NYJ,2023,13,NYJ,36.0,19.0,-0.06611032677548272,0.4540816332612719,5.284296989440918,0.2953514776059559,0.17039109766483307,-0.23650140687823296
2023_13_CAR_TB,2023,13,CAR,26.0,15.0,0.17173766557659423,0.5500000034059797,6.009523800441197,0.48571428656578064,1.0482714303902216,-0.876533738204411
2023_13_CAR_TB,2023,13,TB,27.0,14.0,-0.39821352312962216,0.5972222238779068,4.3833333651224775,0.15000000099341074,0.08928783237934113,-0.4875013728936513
2023_13_CIN_JAX,2023,13,CIN,37.0,33.0,0.4847385717762841,0.943121698167589,9.605820126003689,0.710317462682724,-0.0152004174888134,0.4999389863676495
2023_13_CIN_JAX,2023,13,JAX,39.0,31.0,0.43876703745789,0.7916666666666666,8.975308630201551,0.6404320995012919,0.5496628690097067,-0.11089581996202469
2023_13_CLE_LA,2023,13,CLE,41.0,23.0,0.031712320943673454,0.7333333392937978,5.853703710767958,0.3740740815798442,0.4771164142423206,-0.4454041123390198
2023_13_CLE_LA,2023,13,LA,34.0,22.0,0.18611260397093637,0.6268707598958697,7.560714312962124,0.4838435436998095,0.40799467478479656,-0.22188207081386022
2023_13_DEN_HOU,2023,13,DEN,24.0,15.0,-0.4771330832607216,0.6706349220540788,6.083333333333333,0.411375665002399,0.5484623312950134,-1.0255953868230183
2023_13_DEN_HOU,2023,13,HOU,28.0,17.0,-0.10008811019361019,0.6479166708886623,7.152083396911621,0.37708333507180214,0.4406378648709506,-0.5422860784456134
2023_13_DET_NO,2023,13,DET,26.0,16.0,0.07507488876581192,0.5773809552192688,5.256944417953491,0.4246031790971756,0.49119091033935547,-0.3924293890595436
2023_13_DET_NO,2023,13,NO,29.0,19.0,0.2653964420573579,0.7453703714741601,7.847222222222222,0.5648148159186045,0.5357524762964911,-0.27035610543357
2023_13_IND_TEN,2023,13,IND,42.0,26.0,0.021616982916990917,0.5319444470935397,6.4476851092444525,0.35462963249948287,0.056277970472971596,0.03794676810503006
2023_13_IND_TEN,2023,13,TEN,33.0,16.0,0.2702970919199288,0.4895833358168602,7.135416597127914,0.4375000037252903,0.10457256063818932,0.1657245047390461
2023_13_KC_GB,2023,13,GB,35.0,25.0,0.3500126451253891,0.7127777814865113,6.290555500984192,0.5216666713356972,0.1835360750555992,0.1664765927940607
2023_13_KC_GB,2023,13,KC,30.0,21.0,0.23128383792936802,0.6673611141741276,5.757638990879059,0.5631944499909878,0.6943523660302162,-0.46306851133704185
2023_13_LAC_NE,2023,13,LAC,36.0,22.0,0.1656559424267875,0.581834226846695,6.25996474424998,0.491887135638131,0.38881061640050674,-0.22315464748276603
2023_13_LAC_NE,2023,13,NE,24.0,13.0,-0.3454444611810946,0.5825396861348834,4.789682558604649,0.2523809586252485,0.683257554258619,-1.0287019780703954
2023_13_MIA_WAS,2023,13,MIA,25.0,19.0,0.29601789159434183,0.8698979616165161,8.704081671578544,0.40306122813905987,-0.09130784017699105,0.387325718998909
2023_13_MIA_WAS,2023,13,WAS,23.0,12.0,-0.5751014091074467,0.5000000037252903,3.375,0.21250000223517418,-0.0512087345123291,-0.6363012138754129
2023_13_SEA_DAL,2023,13,DAL,41.0,29.0,0.5136084887716506,0.7043573028511472,7.61465138859219,0.6635076304276785,0.3715355810191896,0.14558445134510598
2023_13_SEA_DAL,2023,13,SEA,38.0,23.0,0.1657860450213775,0.5326704531908035,8.438920438289642,0.3806818202137947,-0.2419031336903572,0.40768920071423054
2023_13_SF_PHI,2023,13,PHI,43.0,28.0,0.54180195076125,0.611721613577434,8.419413924217224,0.49450549483299255,0.5961192718573979,-0.03493712629590716
2023_13_SF_PHI,2023,13,SF,25.0,19.0,1.1434505820274352,0.7761904835700989,13.580952358245849,0.6761904835700989,0.46950448751449586,0.6739461345598101
2023_14_BUF_KC,2023,14,BUF,36.0,23.0,0.5667439639568329,0.7488636374473572,9.690681862831116,0.6022727280855179,0.7369222693145275,-0.17017826437950134
2023_14_BUF_KC,2023,14,KC,39.0,25.0,-0.030844215717580583,0.6166666679912143,6.722222222222222,0.5407407482465109,0.5196057889196608,-0.5504500269889832
2023_14_CAR_NO,2023,14,CAR,32.0,13.0,-0.8000967837870121,0.40873016230762005,3.335317425429821,0.17956349439918995,0.9644876271486282,-1.7645843997597694
2023_14_CAR_NO,2023,14,NO,22.0,18.0,0.14316187985241413,0.7770833373069763,8.52291664481163,0.5895833373069763,0.13665470480918884,0.006507178768515587
2023_14_DEN_LAC,2023,14,DEN,30.0,21.0,0.21172293424606323,0.7666666716337204,9.311666679382324,0.4683333396911621,-0.3144634813070297,0.5261864691972733
2023_14_DEN_LAC,2023,14,LAC,41.0,22.0,-0.09308908241135734,0.6045918400798526,7.86819725377219,0.5008503432784762,0.692528737442834,-0.7856178368840899
2023_14_DET_CHI,2023,14,CHI,31.0,19.0,0.20076963864266872,0.7913961075246334,6.725108206272125,0.43533550202846527,-0.012409117072820663,0.2305229790508747
2023_14_DET_CHI,2023,14,DET,34.0,20.0,0.3342897693316142,0.6620370381408267,5.72685186068217,0.4351851873927646,0.8058770977788501,-0.47158733879526454
2023_14_GB_NYG,2023,14,GB,38.0,25.0,0.24296749010682106,0.6714285798370838,6.80476188659668,0.5494047664105892,0.46353781409561634,-0.22057031095027924
2023_14_GB_NYG,2023,14,NYG,20.0,17.0,0.499858013043801,0.8789682586987814,7.478174606959025,0.710317462682724,0.11563691248496373,0.3842211253941059
2023_14_HOU_NYJ,2023,14,HOU,27.0,11.0,-0.16228190157562494,0.5700000032782555,5.620000034570694,0.38666666895151136,0.5533657114952802,-0.7156476773321628
2023_14_HOU_NYJ,2023,14,NYJ,35.0,27.0,0.36223601017679485,0.8854875309126717,7.443310601370675,0.5340136119297573,-0.11292649166924613,0.4751625061035156
2023_14_IND_CIN,2023,14,CIN,25.0,19.0,0.003929848472277324,0.8148148192299737,8.78703694873386,0.407407412926356,-0.4709671321842406,0.47489699514375794
2023_14_IND_CIN,2023,14,IND,39.0,26.0,0.3265918427043491,0.7037037081188626,4.762962977091472,0.5203703774346246,0.3330017270313369,-0.014716401282283995
2023_14_JAX_CLE,2023,14,CLE,43.0,26.0,0.05631956458091736,0.6770833320915699,6.807291686534882,0.3869047686457634,0.27341763209551573,-0.21709808241575956
2023_14_JAX_CLE,2023,14,JAX,49.0,28.0,-0.0048499529560407,0.6524725407361984,6.274725238482158,0.40445666015148163,0.37621988356113434,-0.3810698638359706
2023_14_LA_BAL,2023,14,BAL,41.0,24.0,0.2771510566983904,0.5942486141409192,7.058812550136021,0.5452690252235958,0.47838257130102385,-0.20800118786948069
2023_14_LA_BAL,2023,14,LA,40.0,23.0,0.041976528242230415,0.5221380591392517,5.689646323521932,0.29646465679009754,0.5709090530872345,-0.5017817268768946
2023_14_MIN_LV,2023,14,LV,29.0,21.0,-0.5663144234567881,0.7041666656732559,5.333333313465118,0.26666666846722364,-0.14679206255823374,-0.41952239302918315
2023_14_MIN_LV,2023,14,MIN,33.0,19.0,-0.21354787349700927,0.4929761976003647,3.570119023323059,0.2595238149166107,0.16387682557106018,-0.3774247244000435
2023_14_NE_PIT,2023,14,NE,26.0,19.0,0.16954281606844493,0.6630952443395343,7.604761872972761,0.403571428997176,0.41059925513608114,-0.2410563805273601
2023_14_NE_PIT,2023,14,PIT,36.0,22.0,-0.1225050799548626,0.6587797626852989,5.774107247591019,0.48794643580913544,-0.01609698496758938,-0.13656258583068848
2023_14_PHI_DAL,2023,14,DAL,39.0,24.0,0.09297424182295799,0.5125000067055225,5.465625047683716,0.4531250037252903,0.24588609114289284,-0.1529118452745024
2023_14_PHI_DAL,2023,14,PHI,28.0,19.0,0.9475693050771952,0.7980769276618958,12.507692337036133,0.6278846189379692,1.076421245932579,-0.128851979970932
2023_14_SEA_SF,2023,14,SEA,31.0,22.0,0.14681012835353613,0.7839285768568516,8.144345134496689,0.3294642884284258,-0.15389464888721704,0.30070476885885
2023_14_SEA_SF,2023,14,SF,27.0,19.0,-0.0274249975170408,0.7206349287714277,8.965079307556152,0.2158730242933546,0.2600382353578295,-0.2874632179737091
2023_14_TB_ATL,2023,14,ATL,40.0,26.0,-0.0909809097647667,0.6398809552192688,6.988095223903656,0.3422619104385376,0.44601544737815857,-0.5415258714929223
2023_14_TB_ATL,2023,14,TB,29.0,14.0,0.4276604950428009,0.6276515182107687,6.356439426541328,0.40378788113594055,0.1929155420511961,0.23474493250250816
2023_14_TEN_MIA,2023,14,MIA,33.0,23.0,0.13078893900092226,0.7840277850627899,7.6343750059604645,0.5020833387970924,0.11462180316448212,0.01616712100803852
2023_14_TEN_MIA,2023,14,TEN,37.0,23.0,0.3893979617527553,0.6285714251654488,9.365476110151835,0.5976190567016602,0.655146558369909,-0.2915770283767155
2023_15_ATL_CAR,2023,15,ATL,19.0,12.0,0.22676589008834627,0.6759259303410848,8.268518520726097,0.5833333366447024,0.45161299573050606,-0.22484711930155754
2023_15_ATL_CAR,2023,15,CAR,23.0,18.0,0.3422854021191597,0.8589285761117935,8.192857146263123,0.666071429848671,0.34826410561800003,-0.005978725850582123
2023_15_BAL_JAX,2023,15,BAL,23.0,14.0,-0.3351198252704408,0.5740740729702843,6.6481481658087835,0.46296296185917324,0.5206166323688295,-0.85573646113173
2023_15_BAL_JAX,2023,15,JAX,42.0,25.0,0.2184333484619856,0.6302083395421505,10.619791626930237,0.39583333767950535,0.3803131617605686,-0.1618797555565834
2023_15_CHI_CLE,2023,15,CHI,35.0,19.0,-0.13715859396117075,0.554421773978642,4.540816341127668,0.2576530618327005,0.5869822778872081,-0.7241408814276967
2023_15_CHI_CLE,2023,15,CLE,44.0,29.0,0.29559730738401413,0.7180952429771423,11.692023777961731,0.5170238122344017,0.31669809222221373,-0.02110080197453499
2023_15_DAL_BUF,2023,15,BUF,13.0,7.0,-0.13971597328782082,0.41111111640930176,4.600000063578288,0.2444444497426351,0.6569141605092833,-0.7966301133856177
2023_15_DAL_BUF,2023,15,DAL,32.0,21.0,-0.05396013813359397,0.7309523863451821,4.400000027247837,0.5000000021287373,0.06121006554790905,-0.11517020421368736
2023_15_DEN_DET,2023,15,DEN,32.0,18.0,-0.017130225151777267,0.5345238119363784,5.323809480667114,0.43452381193637846,0.5020550042390823,-0.5191852405667305
2023_15_DEN_DET,2023,15,DET,32.0,24.0,0.43988749757409096,0.8144841343164444,7.769841313362122,0.5119047649204731,0.21421393752098083,0.22567355155479163
2023_15_HOU_TEN,2023,15,HOU,34.0,23.0,-0.729315735027194,0.6927272796630859,4.4854546070098875,0.3527272790670395,-0.1010007232427597,-0.6283149614930152
2023_15_HOU_TEN,2023,15,TEN,26.0,17.0,0.37135182108197895,0.7817460319825581,9.785714183534894,0.4126984157732555,0.7831307255796024,-0.41177887709013056
2023_15_KC_NE,2023,15,KC,35.0,28.0,-0.03564554303884506,0.7547619074583054,10.05277771949768,0.5480158776044846,0.23758555352687835,-0.27323112934827803
2023_15_KC_NE,2023,15,NE,31.0,23.0,-0.5172655675560236,0.7138888910412788,4.8416666984558105,0.22500000521540642,-0.19899211172014475,-0.31827346608042717
2023_15_LAC_LV,2023,15,LAC,31.0,23.0,0.36855007542504203,0.773148152563307,7.986111111111111,0.5046296351485782,0.18778822157118055,0.18076189193460676
2023_15_LAC_LV,2023,15,LV,34.0,22.0,0.19178775791078806,0.5583333373069763,6.183333396911621,0.4229166656732559,0.1935744471848011,-0.0017866985872387886
2023_15_MIN_CIN,2023,15,CIN,40.0,29.0,0.2472322005778551,0.7277777815858523,6.821527779102325,0.5402777815858523,0.035193304220835366,0.2120388988405466
2023_15_MIN_CIN,2023,15,MIN,32.0,26.0,0.4560450145176479,0.8295918362481254,7.664285659790039,0.5948979599135262,0.12594592997006007,0.33009909306253704
2023_15_NYG_NO,2023,15,NO,28.0,23.0,0.6542029082775116,0.8950000047683716,8.009999990463257,0.5750000029802322,0.33919829279184344,0.31500464025884867
2023_15_NYG_NO,2023,15,NYG,34.0,22.0,-0.006179647892713547,0.6583333373069763,5.295833325386047,0.2625000014901161,0.1987193187698722,-0.20489900466054678
2023_15_NYJ_MIA,2023,15,MIA,26.0,23.0,0.11976666189730167,0.8819444477558136,6.430555544793606,0.3437500037252903,-0.12249618396162987,0.24226285889744759
2023_15_NYJ_MIA,2023,15,NYJ,33.0,18.0,-0.20934741157624456,0.6283068822489845,4.5171957810719805,0.3095238125986523,0.12549210753705767,-0.3348395377397537
2023_15_PHI_SEA,2023,15,PHI,30.0,17.0,-0.19674826945577348,0.515873019184385,3.6095237859657834,0.4238095283508301,1.1390415371528693,-1.335789829492569
2023_15_PHI_SEA,2023,15,SEA,32.0,22.0,0.16651293883721033,0.7518518533971574,5.9666666984558105,0.36172839999198914,-0.11331775784492493,0.27983066708677345
2023_15_PIT_IND,2023,15,IND,27.0,18.0,-0.0376973549524943,0.6851851890484492,6.800000031789144,0.37037037644121384,0.22729608747694227,-0.26499341718024677
2023_15_PIT_IND,2023,15,PIT,26.0,18.0,0.09368987232446671,0.7357142865657806,6.409523773193359,0.4857142955064774,0.6036076496355236,-0.5099178045988083
2023_15_SF_ARI,2023,15,ARI,39.0,26.0,-0.0006445441395044327,0.6325757652521133,5.902272689342499,0.354545459151268,0.4475723057985306,-0.4321158900856972
2023_15_SF_ARI,2023,15,SF,26.0,18.0,0.49592206520693644,0.6673469458307538,9.665306091308594,0.5673469475337437,0.8498576538903373,-0.35393566318920683
2023_15_TB_GB,2023,15,GB,36.0,29.0,0.06898099680741628,0.7526455057991875,6.113756603664822,0.45899471309449935,0.3510800053675969,-0.28209901683860356
2023_15_TB_GB,2023,15,TB,27.0,22.0,1.4926971197128296,0.8571428571428571,15.41666671207973,0.8452380980764117,0.5015819519758224,0.9911151868956429
2023_15_WAS_LA,2023,15,LA,32.0,25.0,0.5011901706457138,0.8009920716285706,9.403373037775358,0.6432539746165276,0.2742908199628194,0.226899320880572
2023_15_WAS_LA,2023,15,WAS,34.0,19.0,-0.31759465568595463,0.48765432503488326,4.404320955276489,0.31975309054056805,0.3250996404223972,-0.6426943325851526
2023_16_ARI_CHI,2023,16,ARI,38.0,24.0,-0.1305643543601036,0.5239583365619183,5.555208265781403,0.30104166828095913,-0.04900659807026386,-0.05124672129750252
2023_16_ARI_CHI,2023,16,CHI,23.0,15.0,-0.059327627532184124,0.6625000014901161,6.310416638851166,0.5229166708886623,0.8692304119467735,-0.9285580106079578
2023_16_BAL_SF,2023,16,BAL,34.0,23.0,0.5101266023185518,0.6787749330202738,10.68945868810018,0.5776353345976936,0.2869225773546431,0.22320404855741394
2023_16_BAL_SF,2023,16,SF,44.0,26.0,0.15961349542651856,0.6414966029780251,7.494217668260847,0.5010204144886562,0.7148923054337502,-0.5552788163934436
2023_16_BUF_LAC,2023,16,BUF,21.0,15.0,0.5570684254169465,0.7583333373069763,11.358333206176757,0.6083333373069764,0.5712133705615997,-0.014144939184188843
2023_16_BUF_LAC,2023,16,LAC,32.0,23.0,0.44919681549072266,0.7944444451067183,8.297222243414986,0.4750000006622738,0.5290411329931684,-0.07984436137808694
2023_16_CIN_PIT,2023,16,CIN,41.0,28.0,-0.07171155782416463,0.7739285737276077,6.524523866176605,0.45130952894687654,-0.1864187590777874,0.08866051584482193
2023_16_CIN_PIT,2023,16,PIT,25.0,17.0,0.21720535520996367,0.7000000008514949,9.071428571428571,0.5761904822928565,0.3760604496513094,-0.15885509018387114
2023_16_CLE_HOU,2023,16,CLE,44.0,28.0,-0.1116111884740266,0.5776515169577165,4.631944439627907,0.4621212130243128,-0.0054422224109823055,-0.10320166159759868
2023_16_CLE_HOU,2023,16,HOU,49.0,26.0,-0.15367359938946637,0.520661164413799,4.382920091802424,0.34868162734942004,0.38969962095672434,-0.562243218449029
2023_16_DAL_MIA,2023,16,DAL,32.0,20.0,0.19889267466285013,0.736363638531078,6.629545471884987,0.4181818203492598,0.1522557870908217,0.046636855060404
2023_16_DAL_MIA,2023,16,MIA,36.0,24.0,0.565450462202231,0.758465611272388,8.278306828604805,0.6949735515647464,0.3284708956877391,0.23697956030567488
2023_16_DET_MIN,2023,16,DET,39.0,30.0,0.6538742994889617,0.813988097012043,7.511904776096344,0.7514880932867527,-0.291905619436875,0.9457798916846514
2023_16_DET_MIN,2023,16,MIN,35.0,22.0,0.1499084308743477,0.6434523873031139,10.761011898517609,0.42470238730311394,0.7626574859023094,-0.6127491020597517
2023_16_GB_CAR,2023,16,CAR,32.0,23.0,0.4424094632267952,0.7833333387970924,9.441666603088379,0.6708333361893892,0.2314134929329157,0.21099598333239555
2023_16_GB_CAR,2023,16,GB,26.0,17.0,0.3382320664823055,0.6833333410322666,6.16250005364418,0.4125000052154064,0.16743023553863168,0.17080185934901237
2023_16_IND_ATL,2023,16,ATL,32.0,23.0,0.5954022732459836,0.8000000019868215,8.796296331617567,0.6870370407899221,0.2788658208317227,0.31653644806808895
2023_16_IND_ATL,2023,16,IND,35.0,20.0,-0.07431000377982855,0.4449404813349247,4.84077376127243,0.38938492350280285,0.5532851843163371,-0.6275951806455851
2023_16_JAX_TB,2023,16,JAX,46.0,28.0,0.04585394077003002,0.6416666699307305,6.774404866354806,0.49682540340082987,0.7662308471543449,-0.6882734511579786
2023_16_JAX_TB,2023,16,TB,35.0,26.0,0.5442445001431874,0.8430839095796857,9.826303822653633,0.6451247249330793,0.2668025163667543,0.2774419816476958
2023_16_LV_KC,2023,16,KC,41.0,28.0,-0.03563627749681473,0.7214285761117936,5.7035714268684385,0.44047619998455045,0.11529757380485535,-0.15093387067317962
2023_16_LV_KC,2023,16,LV,19.0,9.0,-0.5994546231813729,0.5541666727513075,2.049999974668026,0.2625000048428774,-0.2816991079598665,-0.3177555240690708
2023_16_NE_DEN,2023,16,DEN,37.0,25.0,-0.1788927286863327,0.6000000059604644,5.213333368301392,0.486666676402092,0.697633134573698,-0.9646365828812122
2023_16_NE_DEN,2023,16,NE,31.0,25.0,0.7186966368130275,0.8918831178120205,10.392857142857142,0.6545454561710358,0.4008194122995649,0.31787721812725067
2023_16_NO_LA,2023,16,LA,32.0,24.0,0.6917278692126274,0.8295454531908035,10.727272868156433,0.6837121173739433,0.6003475515171885,0.09138036333024502
2023_16_NO_LA,2023,16,NO,41.0,27.0,0.6722870916128159,0.762896828353405,10.19841268658638,0.649801591411233,0.8486495018005371,-0.18301881104707718
2023_16_NYG_PHI,2023,16,NYG,27.0,16.0,0.12448808054129283,0.6880952417850494,8.492063591877619,0.34761905173460644,0.005556301524241765,0.11893179019292195
2023_16_NYG_PHI,2023,16,PHI,36.0,24.0,0.17924954468617216,0.6716540455818176,7.797285437583923,0.6290404088795185,-0.322057768702507,0.5013073422014713
2023_16_SEA_TEN,2023,16,SEA,36.0,25.0,0.126763503998518,0.666801955550909,4.665990263223648,0.4521103985607624,0.04590865969657898,0.08085484104231
2023_16_SEA_TEN,2023,16,TEN,25.0,19.0,0.09079740813467652,0.7946428582072258,6.416666626930237,0.4672619104385376,-0.20883245207369328,0.29962990060448647
2023_16_WAS_NYJ,2023,16,NYJ,45.0,27.0,-0.7723290239061628,0.3935374234403883,2.768027203423636,0.2685374234403883,0.08409433120063373,-0.8564233380768981
2023_16_WAS_NYJ,2023,16,WAS,32.0,16.0,-0.35810287048419315,0.46666667030917275,4.135185188717312,0.32592592967881096,-0.16343083646562365,-0.19467200173272026
2023_17_ARI_PHI,2023,17,ARI,32.0,25.0,0.6567129213362932,0.8139881007373333,6.821428596973419,0.723214291036129,0.18058242462575436,0.44025635113939643
2023_17_ARI_PHI,2023,17,PHI,23.0,19.0,0.6541864282141129,0.8722222248713175,8.36388897895813,0.5527777870496114,0.5263986090819041,0.12778779119253159
2023_17_ATL_CHI,2023,17,ATL,32.0,13.0,0.6425626426935196,0.49375000409781933,12.768749982118607,0.4375000037252903,0.6954786479473114,-0.05291593074798584
2023_17_ATL_CHI,2023,17,CHI,30.0,20.0,0.2634259355919702,0.6441392004489899,7.223443252699716,0.41501832221235546,0.15700625202485494,0.10641968037400927
2023_17_CAR_JAX,2023,17,CAR,31.0,19.0,-0.5379704054858949,0.5518518570396636,2.948148144616021,0.3481481522321701,0.5328869554731581,-1.0708573593033686
2023_17_CAR_JAX,2023,17,JAX,23.0,17.0,0.3015486663207412,0.75,7.359375,0.4635416641831398,0.206451915204525,0.09509677067399025
2023_17_CIN_KC,2023,17,CIN,31.0,19.0,0.31687211452258957,0.6230158739619784,6.615079349941677,0.4126984145906236,0.18849037918779585,0.12838170346286562
2023_17_CIN_KC,2023,17,KC,28.0,21.0,0.16388469615152904,0.7142857142857143,7.869047573634556,0.4183673518044608,0.22004993898527964,-0.05616523538316999
2023_17_DET_DAL,2023,17,DAL,37.0,26.0,0.3266966662236622,0.7699579894542694,7.336134501865932,0.6554621883801052,0.442877576819488,-0.1161809042096138
2023_17_DET_DAL,2023,17,DET,33.0,20.0,0.0924109270175298,0.5925925936963823,10.194444444444445,0.49074074294832015,0.4262901668747266,-0.28960634933577645
2023_17_GB_MIN,2023,17,GB,34.0,25.0,0.3049464114010334,0.8020833358168602,6.494791686534882,0.6197916716337204,0.0983775332570076,0.20656888745725155
2023_17_GB_MIN,2023,17,MIN,31.0,18.0,-0.32053322345018387,0.5959183744021824,5.724489825112479,0.3789115697145462,0.40991232118436266,-0.7304455425058093
2023_17_LAC_DEN,2023,17,DEN,30.0,20.0,0.3012692704796791,0.6851851873927646,6.879629611968994,0.5740740779373381,0.26237445573012036,0.038894819302691355
2023_17_LAC_DEN,2023,17,LAC,37.0,24.0,0.07628949625151497,0.7063492068222591,6.021825415747506,0.35515873027699335,0.33743886543171747,-0.2611493596008846
2023_17_LA_NYG,2023,17,LA,34.0,24.0,0.12456745468080044,0.7914682626724243,8.051190376281738,0.5398809562126795,-0.04556467632452647,0.17013208071390787
2023_17_LA_NYG,2023,17,NYG,40.0,27.0,0.009841415617201064,0.6494709021515317,7.332451423009236,0.36199295189645553,0.20259548972050348,-0.18092490070396
2023_17_LV_IND,2023,17,IND,20.0,15.0,1.3752382704988122,0.8392857201397419,16.6130952835083,0.6369047649204731,0.5880306847393513,0.787207594665233
2023_17_LV_IND,2023,17,LV,46.0,30.0,0.773130614310503,0.7420634975035986,8.661111036936441,0.609523817896843,0.13369695097208023,0.6394336720307668
2023_17_MIA_BAL,2023,17,BAL,22.0,19.0,2.123040482401848,0.9166666716337204,17.016666531562805,0.8041666746139526,1.589548958465457,0.5334915220737457
2023_17_MIA_BAL,2023,17,MIA,37.0,22.0,0.01600100709633394,0.5045454556291754,5.348484862934459,0.35454545508731494,0.9519337740811434,-0.8490469943393361
2023_17_NE_BUF,2023,17,BUF,28.0,15.0,-0.21559210121631622,0.44897960339273724,4.508503420012338,0.32482993602752686,0.7417159974575043,-0.9573080710002354
2023_17_NE_BUF,2023,17,NE,24.0,16.0,-0.7355700908228755,0.7000000067055225,9.441666662693024,0.44583333656191826,0.02941882237792015,-0.7649889001622796
2023_17_NO_TB,2023,17,NO,34.0,25.0,0.3055594444274902,0.8333333373069763,6.525,0.4,0.0010024938732385636,0.30455697532743214
2023_17_NO_TB,2023,17,TB,34.0,22.0,-0.4228464588522911,0.5833333395421505,7.666666641831398,0.33125000819563866,0.34120550379157066,-0.7180745266377926
2023_17_NYJ_CLE,2023,17,CLE,29.0,19.0,0.24035230465233326,0.6041666716337204,10.36458334326744,0.4531250074505806,0.44272872153669596,-0.20237641781568527
2023_17_NYJ_CLE,2023,17,NYJ,44.0,32.0,0.1623374791815877,0.788690485060215,7.321428537368774,0.4751984188333154,-0.10070872958749533,0.2630461882799864
2023_17_PIT_SEA,2023,17,PIT,21.0,18.0,0.7899579834192991,0.8819444477558136,12.576388835906982,0.6041666716337204,0.13852056860923767,0.6514373868703842
2023_17_PIT_SEA,2023,17,SEA,33.0,23.0,0.4425235178787261,0.728125000372529,7.8604167103767395,0.5114583391696215,0.34093743562698364,0.10158611927181482
2023_17_SF_WAS,2023,17,SF,27.0,22.0,0.16032538500924906,0.7097222208976746,6.788888851801555,0.6486111183961233,0.5492231473326683,-0.388897808889548
2023_17_SF_WAS,2023,17,WAS,26.0,17.0,-0.9596594031900167,0.5714285746216774,5.026785731315613,0.3526785746216774,-0.05397189036011696,-0.9056875146925449
2023_17_TEN_HOU,2023,17,HOU,31.0,24.0,0.1411328436806798,0.7875000029802323,5.708333349227905,0.6083333343267441,-0.014897854253649711,0.15603073984384536
2023_17_TEN_HOU,2023,17,TEN,25.0,18.0,-0.006786959511893136,0.630952388048172,6.278911624635969,0.4387755181108202,0.5529680997133255,-0.5597550613539559
2023_18_ATL_NO,2023,18,ATL,34.0,25.0,-0.5256532516330481,0.7652777820825577,10.576388907432555,0.6402777850627899,0.24346009716391565,-0.7691134169697762
2023_18_ATL_NO,2023,18,NO,25.0,22.0,0.5234761148691177,0.875,8.9583331823349,0.45,0.28985142707824707,0.23362469635903835
2023_18_BUF_MIA,2023,18,BUF,37.0,30.0,-0.25221199614720213,0.7685185207260979,8.57870372136434,0.523148152563307,0.510961778746504,-0.7631738169325722
2023_18_BUF_MIA,2023,18,MIA,27.0,17.0,-0.03264149953611195,0.7339743636548519,6.7884615659713745,0.5048076994717121,0.3359490856528282,-0.3685905681923032
2023_18_CHI_GB,2023,18,CHI,16.0,11.0,0.3337103525797526,0.652777781089147,8.569444497426352,0.5694444477558136,0.776639719804128,-0.4429293672243754
2023_18_CHI_GB,2023,18,GB,32.0,27.0,0.4379998315125704,0.7901785746216774,9.394345164299011,0.6169642917811871,0.5431803418323398,-0.10518048331141472
2023_18_CLE_CIN,2023,18,CIN,28.0,21.0,0.1017328914668825,0.7645502686500549,6.738095309999254,0.5423280447721481,-0.10852942864100139,0.2102622820271386
2023_18_CLE_CIN,2023,18,CLE,25.0,13.0,-0.2866934686899185,0.5238095266478402,5.976190498897007,0.29761905116694315,0.48135298916271757,-0.7680464259215763
2023_18_DAL_WAS,2023,18,DAL,40.0,34.0,0.28431803981463116,0.7962962985038757,8.120014270146688,0.5986467268731859,0.2509516448610359,0.03336646490626865
2023_18_DAL_WAS,2023,18,WAS,28.0,20.0,0.05860937237739563,0.7166666686534882,5.324999976158142,0.4083333373069763,-0.10095461383461952,0.15956399589776993
2023_18_DEN_LV,2023,18,DEN,32.0,20.0,0.3526998592747582,0.5641975336604648,8.754938337537977,0.5117283993297153,0.9017917182710435,-0.5490918821758695
2023_18_DEN_LV,2023,18,LV,27.0,20.0,0.4414868652820587,0.7892857193946838,8.007142884390694,0.6000000068119594,0.16554701594369753,0.2759398477418082
2023_18_HOU_IND,2023,18,HOU,26.0,20.0,0.2351823960031782,0.7806122473308018,6.166666575840542,0.5498866268566677,0.3440544434956142,-0.10887203205909048
2023_18_HOU_IND,2023,18,IND,24.0,13.0,-0.1577483844012022,0.5291666649281979,6.741666674613953,0.42500000074505806,0.2839577542617917,-0.4719820125028491
2023_18_JAX_TEN,2023,18,JAX,41.0,29.0,0.2895730547606945,0.7282051344712576,6.899857600529988,0.5584045648574829,0.5106473565101624,-0.22107429864505926
2023_18_JAX_TEN,2023,18,TEN,26.0,17.0,0.1951609764780317,0.5404761944498334,6.109523841312954,0.46428572280066355,0.0638003945350647,0.1313605814107827
2023_18_KC_LAC,2023,18,KC,29.0,15.0,-0.5129860322922468,0.4744318202137947,4.125,0.1505681835114956,-0.3441649831365794,-0.16882105357944965
2023_18_KC_LAC,2023,18,LAC,45.0,28.0,0.026251987367868424,0.6975000038743019,6.344999992847443,0.45666666626930236,0.17742243222892284,-0.15117043852806092
2023_18_LA_SF,2023,18,LA,24.0,17.0,0.70851388999394,0.7714285807950156,8.116666742733546,0.7166666771684375,0.7115068691117423,-0.05769945468221392
2023_18_LA_SF,2023,18,SF,25.0,16.0,0.5556725542992353,0.775000000372529,9.28125,0.7541666682809591,0.5281008183956146,0.027571750804781914
2023_18_MIN_DET,2023,18,DET,31.0,23.0,0.7044217747170478,0.7660714313387871,11.291071355342865,0.5000000037252903,0.33379486110061407,0.3706269320100546
2023_18_MIN_DET,2023,18,MIN,43.0,30.0,-0.014859389927652147,0.706349210606681,8.602513227197859,0.4120370414521959,-0.07187113331423865,0.057011728899346456
2023_18_NYJ_NE,2023,18,NE,29.0,12.0,-0.5508411803415844,0.45204082344259533,2.8272108861378262,0.15748299658298492,0.5169185541038003,-1.067759717149394
2023_18_NYJ_NE,2023,18,NYJ,18.0,8.0,-0.5014230539756162,0.46666667078222546,3.276190527847835,0.22380952749933516,0.2427170787538801,-0.7441401353904179
2023_18_PHI_NYG,2023,18,NYG,32.0,25.0,0.315388984978199,0.8101190477609634,10.390476167201996,0.5172619111835957,0.6082691811025143,-0.2928802012465894
2023_18_PHI_NYG,2023,18,PHI,33.0,20.0,-0.5870252564549446,0.5660606116056442,5.403787839412689,0.39863636493682864,0.5724411368370056,-1.1594664335250855
2023_18_PIT_BAL,2023,18,BAL,26.0,15.0,0.4218166805803776,0.6472222258647283,7.080555597941081,0.5805555594464143,0.74563267827034,-0.32381602625052136
2023_18_PIT_BAL,2023,18,PIT,20.0,18.0,-0.08696807672580083,0.8000000019868215,6.3166665236155195,0.5500000069538752,0.058880398670832314,-0.1458484803636869
2023_18_SEA_ARI,2023,18,ARI,29.0,22.0,0.4526199315275465,0.757142858845847,8.814285618918282,0.5333333356039864,0.17482649428503855,0.27779342234134674
2023_18_SEA_ARI,2023,18,SEA,27.0,16.0,0.363089301623404,0.7395833376795053,7.749999925494194,0.5458333361893892,0.13559492118656635,0.23590342234820127
2023_18_TB_CAR,2023,18,CAR,18.0,11.0,-0.05432873032987118,0.6458333358168602,4.5,0.2916666679084301,0.04363785497844219,-0.09796659369021654
2023_18_TB_CAR,2023,18,TB,31.0,20.0,-0.11590053327381611,0.7790178619325161,4.025297597050667,0.42336309887468815,-0.13698129449039698,0.021080782637000084
2023_19_CLE_HOU,2023,19,CLE,43.0,34.0,-0.09302136534824967,0.7420454546809196,6.135984778404236,0.41723485477268696,0.21055263187736273,-0.30357399582862854
2023_19_CLE_HOU,2023,19,HOU,22.0,17.0,0.6823440918491946,0.6507936517397562,15.079365134239197,0.4312169353167216,0.36941328479184043,0.3129307737367021
2023_19_GB_DAL,2023,19,DAL,58.0,41.0,0.013787811622023582,0.6946486979722977,6.518892884254456,0.6035539284348488,0.4051693771034479,-0.39138156082481146
2023_19_GB_DAL,2023,19,GB,21.0,16.0,0.8708963021636009,0.7708333358168602,10.6875,0.7291666679084301,0.6885464694350958,0.18234988674521446
2023_19_LA_DET,2023,19,DET,26.0,22.0,0.6860048373540243,0.9153439203898112,9.927910089492798,0.7757936616738638,0.05774622162183126,0.6282586567103863
2023_19_LA_DET,2023,19,LA,34.0,25.0,0.7954479787084792,0.7728395064671835,11.788888984256321,0.5753086416257752,0.37386570043034023,0.42158229317930007
2023_19_MIA_KC,2023,19,KC,34.0,23.0,0.4206924968295627,0.744444446431266,6.659259213341607,0.5759259263674418,0.600250015138752,-0.17955749895837572
2023_19_MIA_KC,2023,19,MIA,38.0,20.0,-0.41098959081702763,0.48558201392491657,4.248412662082249,0.24285714824994406,0.06176586283577813,-0.4727554569641749
2023_19_PHI_TB,2023,19,PHI,32.0,25.0,-0.04727887042931148,0.8690476247242519,6.309523786817278,0.38095238379069735,0.09272190289837974,-0.14000076481274196
2023_19_PHI_TB,2023,19,TB,35.0,22.0,0.6913181092176173,0.6617604692776998,11.216450214385986,0.5304473373625014,0.3111807389391793,0.3801374316939877
2023_19_PIT_BUF,2023,19,BUF,30.0,21.0,0.2480329970518748,0.6419753101136949,8.021604855855307,0.395061731338501,0.06975948810577393,0.17827347914377847
2023_19_PIT_BUF,2023,19,PIT,38.0,22.0,-0.006189241591427062,0.6093674931261275,5.155844158596462,0.4595358404848311,0.09542184902562036,-0.10161110738085376
2023_20_GB_SF,2023,20,GB,34.0,21.0,0.2069481283426285,0.6845238119363785,6.822619020938873,0.46428571790456774,0.23489899337291717,-0.054321457631886005
2023_20_GB_SF,2023,20,SF,36.0,23.0,0.40718549277101246,0.7125850319862366,8.867346967969622,0.6530612260103226,0.6325138935020992,-0.2253284321299621
2023_20_HOU_BAL,2023,20,BAL,21.0,16.0,0.27178554236888885,0.8083333373069763,7.066666603088379,0.5791666731238365,0.317789051681757,-0.04600351303815842
2023_20_HOU_BAL,2023,20,HOU,31.0,19.0,-0.2269375804545624,0.6139455778258187,4.848979609353202,0.23401361278125218,-0.01284219537462507,-0.21409538388252258
2023_20_KC_BUF,2023,20,BUF,37.0,26.0,0.23742405242390102,0.7817901273568472,5.644135766559177,0.6098765499062009,-0.2234241763750712,0.46084824866718715
2023_20_KC_BUF,2023,20,KC,21.0,17.0,-0.49137849861290306,0.7916666641831398,7.510416686534882,0.4583333320915699,0.12787338718771935,-0.6192518984898925
2023_20_TB_DET,2023,20,DET,42.0,30.0,0.461914936080575,0.7882846370339394,8.957386374473572,0.5354437306523323,0.19622368924319744,0.26569122448563576
2023_20_TB_DET,2023,20,TB,40.0,26.0,0.3171645291149616,0.692548081278801,8.454086542129517,0.517307698726654,0.02523968368768692,0.308225404471159
2023_21_DET_SF,2023,21,DET,40.0,25.0,0.41799114431653706,0.6779054318155561,7.112470814159939,0.5825008409363883,0.9307949553642955,-0.5128038014684405
2023_21_DET_SF,2023,21,SF,30.0,20.0,0.2583074706296126,0.6495370467503866,8.464814821879068,0.4569444532195727,0.8361420730749766,-0.5778345863024393
2023_21_KC_BAL,2023,21,BAL,34.0,20.0,0.1937159068054623,0.6699735522270203,8.710978872246212,0.5476190514034696,0.304581837521659,-0.11086587773429023
2023_21_KC_BAL,2023,21,KC,36.0,30.0,0.12789703346788883,0.7236111126840115,6.157070770859718,0.4268308151513338,0.2558970395475626,-0.1279999790713191
2023_22_SF_KC,2023,22,KC,42.0,34.0,0.21466698580318028,0.7611111137602065,7.997222264607747,0.5481481585237715,0.01528461111916436,0.1993823746840159
2023_22_SF_KC,2023,22,SF,37.0,24.0,0.8278237972408533,0.7799242474138737,10.424999997019768,0.6393939442932606,0.6717059868387878,0.15611783135682344
2024_01_ARI_BUF,2024,1,ARI,31.0,21.0,0.33612537616863847,0.7361111156642437,5.66145832836628,0.4305555559694767,-0.024942059069871902,0.36106743663549423
2024_01_ARI_BUF,2024,1,BUF,23.0,18.0,0.6042863458395005,0.7300000011920929,9.536666679382325,0.6433333367109298,0.32726393453776836,0.2770224532112479
2024_01_BAL_KC,2024,1,BAL,40.0,26.0,0.02385732744421278,0.6428571471146175,6.150000061307635,0.47500000255448477,0.10273911910397666,-0.07888180602874074
2024_01_BAL_KC,2024,1,KC,27.0,20.0,0.3963707519902123,0.7067901293436686,10.104938295152452,0.5555555621782938,0.40580251978503334,-0.00943174295955234
2024_01_CAR_NO,2024,1,CAR,29.0,13.0,-0.3789955601096153,0.42351191118359566,4.635416656732559,0.40565476566553116,0.7857451140880585,-1.1647407189011574
2024_01_CAR_NO,2024,1,NO,24.0,19.0,0.2682001565893491,0.7518518567085266,7.157407495710585,0.4685185220506456,0.35538767443762886,-0.08718749715222253
2024_01_DAL_CLE,2024,1,CLE,43.0,24.0,-0.22811130434274673,0.6463789734989405,4.39885912835598,0.2581349238753319,0.17710461653769016,-0.40521591529250145
2024_01_DAL_CLE,2024,1,DAL,31.0,19.0,0.06791981764965588,0.6857142912016975,6.479365083906385,0.5365079376432631,0.03118368900484509,0.03673613568147024
2024_01_DEN_SEA,2024,1,DEN,42.0,26.0,-0.717426510155201,0.5125000029802322,2.0866666749119758,0.1125,0.07479590517468751,-0.792222398519516
2024_01_DEN_SEA,2024,1,SEA,26.0,18.0,-0.2777548637241125,0.6613095328211784,5.089583396911621,0.37261905521154404,0.00691620260477066,-0.25113728642463684
2024_01_GB_PHI,2024,1,GB,32.0,17.0,-0.10781444609165192,0.47976192086935043,6.55119039863348,0.346428582444787,0.4848270732909441,-0.5926414802670479
2024_01_GB_PHI,2024,1,PHI,29.0,20.0,0.5871718004345894,0.6468750014901161,7.637499928474426,0.5968750007450581,0.5788971183355898,0.008274685591459274
2024_01_HOU_IND,2024,1,HOU,31.0,24.0,0.13454757817089558,0.8348214291036129,5.625744104385376,0.3764881007373333,0.009418830275535583,0.1251287367194891
2024_01_HOU_IND,2024,1,IND,19.0,9.0,0.3015800217787425,0.45000000049670535,16.656944657365482,0.375,1.5235011478265126,-1.2219212651252747
2024_01_JAX_MIA,2024,1,JAX,19.0,12.0,0.2355302950988213,0.6944444477558136,8.194444338480631,0.4305555572112401,0.47980883717536926,-0.24427859485149384
2024_01_JAX_MIA,2024,1,MIA,36.0,23.0,-0.15904800759421456,0.5277777777777778,6.2582008838653564,0.3679894208908081,0.06464898420704736,-0.2236970000796848
2024_01_LA_DET,2024,1,DET,28.0,18.0,-0.16473032409946123,0.7537037134170532,5.712962985038757,0.4055555611848831,-0.0540815070271492,-0.11064877112706502
2024_01_LA_DET,2024,1,LA,48.0,34.0,0.11212369160992759,0.6789115752492633,6.001020346369062,0.4445578328200749,0.0978971357856478,0.014226562210491725
2024_01_LV_LAC,2024,1,LAC,25.0,17.0,-0.14199979603290558,0.685119055211544,5.531845256686211,0.38601191341876984,-0.016486642882227898,-0.12551318760961294
2024_01_LV_LAC,2024,1,LV,32.0,25.0,0.20279435254633427,0.8229166716337204,7.864583373069763,0.4114583395421505,-0.24951226264238358,0.45230663754045963
2024_01_MIN_NYG,2024,1,MIN,23.0,19.0,0.5868197940289974,0.8854166716337204,9.927083253860474,0.6041666679084301,0.3788697011768818,0.20795011334121227
2024_01_MIN_NYG,2024,1,NYG,38.0,22.0,-0.23619702127244738,0.5941798985004425,4.529100563791063,0.3383597880601883,-0.019080248143937852,-0.21711677012758124
2024_01_NE_CIN,2024,1,CIN,29.0,21.0,-0.2812309954315424,0.7395833358168602,5.177083313465118,0.4270833320915699,0.05263496655970812,-0.3338659480214119
2024_01_NE_CIN,2024,1,NE,23.0,15.0,0.054197879774229865,0.7142857228006635,5.464285714285714,0.5476190575531551,0.26662405899592806,-0.21242618560791016
2024_01_NYJ_SF,2024,1,NYJ,30.0,19.0,-0.08735881994167964,0.5909090936183929,5.640572468439738,0.5353535413742065,-0.06155322790145874,0.1461226474493742
2024_01_NYJ_SF,2024,1,SF,29.0,19.0,0.16049871487276895,0.6317460409232548,7.247619015829904,0.542857153075082,1.0953301175364427,-0.9348313723291669
2024_01_PIT_ATL,2024,1,ATL,23.0,16.0,-0.3204827966789405,0.678571437795957,6.115873098373413,0.48253969351450604,0.1780309627453486,-0.49851381111269194
2024_01_PIT_ATL,2024,1,PIT,22.0,17.0,-0.0566443707793951,0.7321428582072258,5.424107193946838,0.3839285746216774,-0.2844019387848675,0.22775757778435946
2024_01_TEN_CHI,2024,1,CHI,30.0,14.0,-0.23473584931343794,0.5923295468091965,2.9857954680919647,0.43607954680919647,-0.016703376546502113,-0.33738195709884167
2024_01_TEN_CHI,2024,1,TEN,27.0,19.0,0.09932318888604641,0.7848214320838451,4.811607122421265,0.47232143208384514,0.07354687806218863,0.025776319205760956
2024_01_WAS_TB,2024,1,TB,30.0,24.0,0.5374570602018919,0.6904761918953487,8.625000068119594,0.6011904733521598,0.32483047034059254,0.21262661474091665
2024_01_WAS_TB,2024,1,WAS,25.0,17.0,0.020987624302506447,0.6354166679084301,6.375,0.5104166679084301,-0.17819883301854134,0.23413801938295364
2024_02_ATL_PHI,2024,2,ATL,30.0,20.0,0.4227643112341563,0.721428578098615,8.286904652913412,0.5839285800854365,0.7120631237824758,-0.2587659036119779
2024_02_ATL_PHI,2024,2,PHI,29.0,23.0,-0.08016541972756386,0.75,5.804761852536883,0.5619047667298999,0.2701571413448879,-0.3503225232873644
2024_02_BUF_MIA,2024,2,BUF,18.0,13.0,0.3207700120078193,0.5555555555555556,5.894444465637207,0.36666666799121433,0.09095148245493571,0.2298185196187761
2024_02_BUF_MIA,2024,2,MIA,37.0,25.0,-0.24005854725837708,0.5940476208925247,5.12619047164917,0.4095238149166107,1.0120428405702113,-1.252101363055408
2024_02_CHI_HOU,2024,2,CHI,34.0,23.0,-0.19979048520326614,0.7166666771684375,4.6333333892481665,0.3357142912490027,0.2281509850706373,-0.4279414621248309
2024_02_CHI_HOU,2024,2,HOU,34.0,23.0,0.09086906760931016,0.698333340883255,6.591666650772095,0.3700000077486038,-0.45641233325004577,0.5472814034670591
2024_02_CIN_KC,2024,2,CIN,34.0,23.0,0.5903583504259586,0.718055559322238,9.190972127020359,0.6618055608123541,0.685358714312315,-0.09500030614435673
2024_02_CIN_KC,2024,2,KC,24.0,18.0,-0.30182580277323723,0.820833332836628,5.470833316445351,0.3875000011175871,-0.25076929794158787,-0.039507782785221934
2024_02_CLE_JAX,2024,2,CLE,33.0,22.0,0.2308626878592703,0.7175925903850131,5.893518553839789,0.4583333333333333,-0.25879179024034077,0.4896544764439265
2024_02_CLE_JAX,2024,2,JAX,27.0,14.0,0.022298131670270647,0.5017006822994777,6.8775509638445715,0.3826530618327005,0.6328676555837903,-0.6105695249778884
2024_02_IND_GB,2024,2,GB,13.0,12.0,0.4961021691560745,0.9583333333333334,8.111111005147299,0.5416666666666666,-0.28130054473876953,0.7774027287960052
2024_02_IND_GB,2024,2,IND,31.0,17.0,-0.020850738696753978,0.6392857164144516,7.45,0.3750000029802322,0.2619196444749832,-0.2827704131603241
2024_02_LAC_CAR,2024,2,CAR,26.0,18.0,-0.6819352954626083,0.6520833373069763,2.935416653752327,0.1770833358168602,-0.3436301057226956,-0.33830517902970314
2024_02_LAC_CAR,2024,2,LAC,19.0,14.0,0.10150788511548724,0.6904761876378741,5.238095283508301,0.5,0.12177705551896777,-0.020269159759793962
2024_02_LA_ARI,2024,2,ARI,21.0,17.0,0.8254007271357945,0.9285714285714286,10.773809569222587,0.6904761876378741,0.07687057235411235,0.7485301920345852
2024_02_LA_ARI,2024,2,LA,27.0,19.0,0.13842911506071687,0.7354166731238365,7.466666638851166,0.5437500067055225,0.11755377613008022,0.020875368267297745
2024_02_LV_BAL,2024,2,BAL,31.0,21.0,0.006636639436086019,0.6873737408055199,6.941414144304064,0.43737374080551994,0.11315640889936024,-0.10651978188090855
2024_02_LV_BAL,2024,2,LV,36.0,30.0,-0.21818594820797443,0.7875000014901161,5.919444561004639,0.5229166746139526,0.07997960224747658,-0.2981654964387417
2024_02_NO_DAL,2024,2,DAL,41.0,28.0,-0.5115995440632105,0.6538095325231552,6.010158658027649,0.36063492596149443,0.34523953795433043,-0.8568390429019928
2024_02_NO_DAL,2024,2,NO,15.0,11.0,0.6463416337966919,0.6666666746139527,12.033333206176758,0.4166666746139526,-0.0500897616147995,0.6964314699172973
2024_02_NYG_WAS,2024,2,NYG,29.0,16.0,-0.20776332914829254,0.5311111211776733,3.6311110496520995,0.2800000011920929,0.14899664372205734,-0.11795664578676224
2024_02_NYG_WAS,2024,2,WAS,29.0,23.0,0.39772002398967743,0.8229166679084301,8.437499940395355,0.5104166716337204,-0.05543908569961786,0.4531591236591339
2024_02_NYJ_TEN,2024,2,NYJ,29.0,18.0,0.24019098654389381,0.6302083358168602,6.5625,0.4427083358168602,0.1061953641474247,0.13399561494588852
2024_02_NYJ_TEN,2024,2,TEN,27.0,19.0,-0.20804760791361332,0.6750000007450581,5.816666603088379,0.30000000447034836,0.5658793300390244,-0.7739269658923149
2024_02_PIT_DEN,2024,2,DEN,33.0,20.0,-0.39925895929336547,0.5725000023841857,5.410000038146973,0.2575000047683716,0.35845120847225187,-0.7577101731672883
2024_02_PIT_DEN,2024,2,PIT,18.0,13.0,0.4874351918697357,0.7380952409335545,5.952380929674421,0.5476190490382058,0.7572575381823948,-0.26982233354023527
2024_02_SEA_NE,2024,2,NE,24.0,15.0,0.3166724232335885,0.7055555631717046,5.063888827959697,0.5055555626749992,-0.09038410584131877,0.4070565477013588
2024_02_SEA_NE,2024,2,SEA,43.0,33.0,0.1012804661212223,0.8282312963690076,6.913350309644427,0.44583333815847126,-0.2073319341455187,0.3086124062538147
2024_02_SF_MIN,2024,2,MIN,24.0,17.0,-0.13534265756607056,0.7202380994955698,9.833333333333334,0.5297619079550108,0.19635195285081863,-0.3316945602806906
2024_02_SF_MIN,2024,2,SF,36.0,28.0,0.290922861546278,0.8218750059604645,7.893750041723251,0.5906250067055225,0.5855547523824498,-0.294631902128458
2024_02_TB_DET,2024,2,DET,53.0,35.0,-0.06835741135809156,0.6647025843461355,6.307679971059163,0.44869328869713676,0.3404552141825358,-0.4088126454088423
2024_02_TB_DET,2024,2,TB,19.0,12.0,0.03651092052459717,0.575,7.425,0.35,0.33318792581558226,-0.2966769814491272
2024_03_BAL_DAL,2024,3,BAL,15.0,12.0,0.8865708895027637,0.8125,16.9375,0.625,-0.14717489387840033,1.0337458029389381
2024_03_BAL_DAL,2024,3,DAL,52.0,28.0,0.11910054460167885,0.5815656632184982,6.68705811103185,0.3691287947197755,0.30856223963201046,-0.17042177791396776
2024_03_CAR_LV,2024,3,CAR,38.0,26.0,0.22093495312664244,0.6685185233751932,7.462962998284234,0.43888889418707955,0.08805463628636466,0.18259912729263306
2024_03_CAR_LV,2024,3,LV,40.0,27.0,0.14322275349072047,0.7150793671607971,7.532539674213955,0.6000000068119594,0.2786173777920859,-0.14314609340259007
2024_03_CHI_IND,2024,3,CHI,49.0,33.0,-0.11133797559887171,0.5068181902170181,5.295833379030228,0.3882575836032629,0.4578482593808855,-0.4498059515442167
2024_03_CHI_IND,2024,3,IND,18.0,10.0,-0.5356148816645145,0.42500000447034836,10.762499988079071,0.30000000074505806,1.407878028228879,-1.9434928623959422
2024_03_DEN_TB,2024,3,DEN,34.0,25.0,0.2556267666320006,0.8651515146096548,8.139646450678507,0.6522727294100655,0.048936985433101654,0.2066897749900818
2024_03_DEN_TB,2024,3,TB,32.0,25.0,-0.30558124277740717,0.7552083358168602,4.88715273141861,0.6041666753590107,-0.3479930218309164,0.04241181164979935
2024_03_DET_ARI,2024,3,ARI,34.0,21.0,0.015760288884242375,0.7239057272672653,6.988215525945027,0.6498316526412964,0.407503679394722,-0.39174338430166245
2024_03_DET_ARI,2024,3,DET,22.0,18.0,0.46910667419433594,0.8347222258647283,8.890277783075968,0.7583333402872086,0.5857533266146978,-0.11664666732152303
2024_03_GB_TEN,2024,3,GB,19.0,13.0,0.44138555228710175,0.7291666716337204,10.541666626930237,0.3333333358168602,0.5520555693656206,-0.1106700748205185
2024_03_GB_TEN,2024,3,TEN,34.0,26.0,0.07555683785014683,0.7582010626792908,6.947619120279948,0.5693121751149496,0.22164387338691288,-0.14608701318502426
2024_03_HOU_MIN,2024,3,HOU,43.0,28.0,-0.14138463677631485,0.644444442457623,6.070370409223768,0.2888888931936688,-0.3451538665427102,0.20376922479934162
2024_03_HOU_MIN,2024,3,MIN,25.0,17.0,0.19786116622708505,0.595238093818937,5.815476170607975,0.5476190490382058,0.8405424665127482,-0.6426812899964196
2024_03_JAX_BUF,2024,3,BUF,30.0,24.0,0.628204932063818,0.7900000035762786,8.646666669845581,0.5033333390951157,0.1473323792219162,0.48087250590324404
2024_03_JAX_BUF,2024,3,JAX,44.0,26.0,-0.3684841126203537,0.5922222316265107,3.496666693687439,0.22222222983837128,0.2876473478972912,-0.6561314126476645
2024_03_KC_ATL,2024,3,ATL,27.0,20.0,0.37756151556968687,0.7466666758060455,8.732222270965575,0.6050000071525574,0.26312243938446045,0.1144390881061554
2024_03_KC_ATL,2024,3,KC,36.0,26.0,-0.1280379518866539,0.6342261955142021,5.190476179122925,0.42470238730311394,0.20980719849467278,-0.3378451745957136
2024_03_LAC_PIT,2024,3,LAC,19.0,14.0,0.4271953118344148,0.8055555572112402,8.69444445768992,0.5555555572112402,0.26403464873631793,0.1631606767574946
2024_03_LAC_PIT,2024,3,PIT,31.0,25.0,0.2421453557908535,0.8642857223749161,6.680357187986374,0.4464285783469677,-0.16325637325644493,0.40540170297026634
2024_03_MIA_SEA,2024,3,MIA,31.0,20.0,-0.22919351582161404,0.6060606132854115,6.739393927834251,0.3515151549469341,0.944554986601526,-1.1737485243515535
2024_03_MIA_SEA,2024,3,SEA,33.0,26.0,0.08149900892749429,0.8177083358168602,7.614583432674408,0.4895833358168602,-0.2542978608980775,0.3357968721538782
2024_03_NE_NYJ,2024,3,NE,24.0,16.0,-0.08323834836483002,0.5992063539368766,3.654761893408639,0.3769841321877071,0.31064411784921375,-0.3938824611582926
2024_03_NE_NYJ,2024,3,NYJ,34.0,27.0,0.6455443566665053,0.8673611134290695,8.66250005364418,0.7104166708886623,0.18753804452717304,0.4580063074827194
2024_03_NYG_CLE,2024,3,CLE,36.0,21.0,-0.12280471871296565,0.5952380994955698,5.10019834836324,0.3839285721381505,0.21711429953575134,-0.3698931708931923
2024_03_NYG_CLE,2024,3,NYG,33.0,24.0,0.3493026467040181,0.6718750037252903,7.276041686534882,0.5833333320915699,0.4727815352380276,-0.12347891181707382
2024_03_PHI_NO,2024,3,NO,24.0,14.0,-0.027222169297082082,0.6309523837906974,5.047618968146188,0.35714286140033175,-0.2517378628253937,0.23574368176715715
2024_03_PHI_NO,2024,3,PHI,36.0,29.0,0.1325399037450552,0.8053030371665955,6.783901482820511,0.43484849110245705,-0.08691200334578753,0.21945193503051996
2024_03_SF_LA,2024,3,LA,23.0,16.0,0.4699742595354716,0.7333333392937978,9.772222201029459,0.5750000029802322,0.4920637756586075,-0.022089560826619465
2024_03_SF_LA,2024,3,SF,30.0,22.0,0.36737557128071785,0.7916666716337204,8.869444370269775,0.6083333343267441,0.4943492158005635,-0.1269736693551143
2024_03_WAS_CIN,2024,3,CIN,39.0,29.0,0.38243655434676577,0.7571428631033216,7.655782324927194,0.5700680358069283,0.44335328681128366,-0.034287295171192715
2024_03_WAS_CIN,2024,3,WAS,23.0,21.0,0.8693374786525965,0.9583333358168602,9.074999988079071,0.6416666731238365,0.3587311580777168,0.5106063298881054
2024_04_BUF_BAL,2024,4,BAL,18.0,14.0,0.4857810597334589,0.6666666695049831,8.666666643960136,0.5,0.6283460131713322,-0.14256490926657403
2024_04_BUF_BAL,2024,4,BUF,27.0,17.0,-0.015340104699134827,0.6788690518587828,5.712202347815037,0.34017857536673546,0.5001280521973968,-0.5154681615531445
2024_04_CIN_CAR,2024,4,CAR,40.0,25.0,-0.3727186983451247,0.5610577017068863,4.191826939582825,0.3730769269168377,0.5865159351378679,-0.9592346637509763
2024_04_CIN_CAR,2024,4,CIN,30.0,22.0,0.10365757718682289,0.8458333387970924,7.239583373069763,0.46041667088866234,0.11512940749526024,-0.011471819132566452
2024_04_CLE_LV,2024,4,CLE,32.0,24.0,0.3969779647886753,0.8333333358168602,5.570684552192688,0.5161210354417562,-0.5374220386147499,0.9343999940901995
2024_04_CLE_LV,2024,4,LV,24.0,14.0,-0.3757600092462131,0.42857142857142855,4.080952439989362,0.366666670356478,0.15941502632839338,-0.5351750243987355
2024_04_DAL_NYG,2024,4,DAL,26.0,22.0,0.7054539841067579,0.875,8.321428571428571,0.5748299360275269,0.0075085652726037165,0.6979454553553036
2024_04_DAL_NYG,2024,4,NYG,38.0,29.0,0.34351238661578726,0.7408163292067391,8.991156441824776,0.6319727940218789,0.40104596103940693,-0.05753357069832938
2024_04_DEN_NYJ,2024,4,DEN,25.0,12.0,-0.9264902926981449,0.5500000029802322,0.8166666507720948,0.03333333432674408,-0.011038163304328918,-0.9154521456453949
2024_04_DEN_NYJ,2024,4,NYJ,41.0,24.0,0.10942884348332882,0.6500000022351742,6.14999994635582,0.39687500335276127,0.05636509694159031,0.053063731640577316
2024_04_JAX_HOU,2024,4,HOU,39.0,27.0,0.47465620655566454,0.6611111201345921,9.202083319425583,0.5055555626749992,0.18368002399802208,0.2909761965274811
2024_04_JAX_HOU,2024,4,JAX,32.0,18.0,-0.2029576525092125,0.49166666716337204,4.328703721364339,0.3805555577079455,0.2603282357255618,-0.4632859279712041
2024_04_KC_LAC,2024,4,KC,28.0,19.0,0.11298940862928118,0.5992063581943512,7.496031829289028,0.46428572280066355,0.1294330997126443,-0.016443697469575063
2024_04_KC_LAC,2024,4,LAC,27.0,16.0,-0.0018087817089898245,0.6306122520140239,6.4102040358952115,0.4231292541537966,-0.0022547394037246704,0.00044596620968409946
2024_04_LA_CHI,2024,4,CHI,22.0,17.0,0.2950907438993454,0.7666666686534882,6.990476131439209,0.6666666746139527,0.44052505642175677,-0.14543437361717224
2024_04_LA_CHI,2024,4,LA,30.0,20.0,0.012304119765758514,0.5813492139180502,6.313492139180501,0.4146825472513835,0.28870839625597,-0.24497128697112203
2024_04_MIN_GB,2024,4,GB,55.0,32.0,-0.40203185584396123,0.5359615445137024,5.771666669845581,0.35346154272556307,0.681918790191412,-1.097511265054345
2024_04_MIN_GB,2024,4,MIN,27.0,20.0,0.5665691395600637,0.7555555568801032,9.091666645473904,0.7333333359824287,0.5324697581430277,0.03409939342074924
2024_04_NE_SF,2024,4,NE,32.0,19.0,-0.5087135344743728,0.5845238134264946,5.080238068103791,0.4102380990982056,0.2812025843188167,-0.7899161370471119
2024_04_NE_SF,2024,4,SF,26.0,15.0,0.3969625498700355,0.5952381023338863,10.207142966134208,0.5380952422107969,1.170491052525384,-0.7735285056488854
2024_04_NO_ATL,2024,4,ATL,34.0,21.0,0.10663049978514512,0.642857144276301,7.265872955322266,0.3769841293493907,-0.022846385836601257,0.12947684526443481
2024_04_NO_ATL,2024,4,NO,36.0,28.0,0.1663605288583009,0.8286195397377014,5.874242385228475,0.5005050500233968,0.11156162122885387,0.05479888990521431
2024_04_PHI_TB,2024,4,PHI,29.0,18.0,0.04773346417480045,0.4861111111111111,4.527777777777778,0.3333333333333333,0.582828990287251,-0.5350955459806654
2024_04_PHI_TB,2024,4,TB,47.0,30.0,0.18034270529945692,0.6301587422688802,7.5213404231601295,0.5338624450895522,0.15576903687583077,0.024573634068171184
2024_04_PIT_IND,2024,4,IND,28.0,19.0,0.6641808723409971,0.6342592636744181,7.694444338480632,0.5555555621782938,0.6610383689403534,0.0031425257523854575
2024_04_PIT_IND,2024,4,PIT,32.0,22.0,0.49251716557357994,0.7881880061967033,10.916512080601283,0.6261595615318843,0.3793602479355676,0.11315694238458361
2024_04_SEA_DET,2024,4,DET,19.0,19.0,1.4684835746884346,1.0,18.65625,0.8645833358168602,-0.04638791084289551,1.5148715041577816
2024_04_SEA_DET,2024,4,SEA,54.0,38.0,0.4817253053188324,0.7855555593967438,8.632777786254882,0.633888891339302,0.002200430631637573,0.5258502274751663
2024_04_TEN_MIA,2024,4,MIA,22.0,14.0,-0.35381988169891493,0.5952380980764117,4.148809501102993,0.20833333475249155,-0.46044216571109636,0.11720784540687289
2024_04_TEN_MIA,2024,4,TEN,18.0,12.0,0.07145349867641926,0.7708333358168602,6.822916656732559,0.5,0.17249134555459023,-0.10103784129023552
2024_04_WAS_ARI,2024,4,ARI,22.0,16.0,-0.025292227665583294,0.8214285721381506,5.9047618707021075,0.5198412785927454,-0.20227137704690298,0.17697913323839506
2024_04_WAS_ARI,2024,4,WAS,31.0,26.0,0.5116868485800095,0.9111111097865634,7.929629643758138,0.6925925943586562,-0.041615582174725003,0.5300701061884562
2024_05_ARI_SF,2024,5,ARI,30.0,19.0,-0.2163444459438324,0.7440476231276989,4.899801552295685,0.3898809589445591,-0.13762014359235764,-0.07872431725263596
2024_05_ARI_SF,2024,5,SF,32.0,19.0,0.2336258500814438,0.5833333432674408,6.700000047683716,0.5500000059604645,0.7101086795330047,-0.4764827787876129
2024_05_BAL_CIN,2024,5,BAL,41.0,26.0,0.5693935371107526,0.7092592583762275,8.037037054697672,0.5611111124356588,0.229797277185652,0.3395962317784627
2024_05_BAL_CIN,2024,5,CIN,39.0,30.0,0.7643109458897795,0.818027206829616,10.239795991352626,0.5578231343201229,0.5234295896121434,0.24088136266384805
2024_05_BUF_HOU,2024,5,BUF,29.0,9.0,-0.23317105323076248,0.32619048229285647,3.9476190294538225,0.19523809850215912,0.5653449733342443,-0.7985160904271262
2024_05_BUF_HOU,2024,5,HOU,35.0,28.0,0.4708275478333235,0.8258928656578064,10.944940462708473,0.4933035783469677,0.1618174146860838,0.30901009566150606
2024_05_CAR_CHI,2024,5,CAR,33.0,22.0,-0.3006647143306004,0.7037037114302317,6.129629638459948,0.4407407459285524,0.3326476353945004,-0.6333124076740609
2024_05_CAR_CHI,2024,5,CHI,29.0,20.0,0.7912321190039316,0.7728174577156702,12.209325393040976,0.5099206392963728,0.08599227542678516,0.7238190223773321
2024_05_CLE_WAS,2024,5,CLE,28.0,16.0,0.039640662260353565,0.6020833365619183,5.343750022351742,0.41458334028720856,-0.024736804887652397,0.06437742616981268
2024_05_CLE_WAS,2024,5,WAS,27.0,15.0,0.375399295772825,0.7261904776096344,9.488095249448504,0.33333333475249155,0.40649246105125975,-0.031093154634748186
2024_05_DAL_PIT,2024,5,DAL,41.0,29.0,0.6364174135029316,0.7079365134239197,8.775555515289307,0.6414285808801651,0.33869669437408445,0.29772071100305764
2024_05_DAL_PIT,2024,5,PIT,26.0,16.0,0.34968997724354267,0.6910714320838451,6.761607110500336,0.5690476261079311,0.3924054093658924,-0.042715415358543396
2024_05_GB_LA,2024,5,GB,25.0,15.0,0.32572186259286745,0.7027210976396289,8.017687116350446,0.4836734788758414,-0.18541613833180495,0.5111379769763776
2024_05_GB_LA,2024,5,LA,45.0,29.0,0.01876444700691435,0.7153846224149069,5.1444444126553,0.6230769256750742,-0.08431898885303074,0.10308342840936449
2024_05_IND_JAX,2024,5,IND,45.0,34.0,0.6856117513444688,0.8273809552192688,10.691137631734213,0.5198412736256918,0.5180405510796441,0.16757123006714714
2024_05_IND_JAX,2024,5,JAX,34.0,28.0,0.5329797955022918,0.8776455057991875,11.154761897193062,0.5429894195662605,0.05091498295466105,0.4820648266209496
2024_05_LV_DEN,2024,5,DEN,26.0,19.0,0.4075828865170479,0.8166666654023257,8.907575737346303,0.5590909096327695,0.10329329933632504,0.30428954552520404
2024_05_LV_DEN,2024,5,LV,36.0,22.0,-0.21861658493677774,0.6083333442608515,5.558333237965901,0.3898148263494174,0.3365241388479869,-0.5551407436529795
2024_05_MIA_NE,2024,5,MIA,32.0,18.0,-0.3519329810515046,0.4739583358168602,3.6458333134651184,0.2916666679084301,0.5377903623240334,-0.8047137260437012
2024_05_MIA_NE,2024,5,NE,30.0,18.0,-0.021579690743237734,0.7083333376795053,5.934027761220932,0.6006944496184587,0.10648408532142639,-0.12806379981338978
2024_05_NO_KC,2024,5,KC,34.0,28.0,0.29667725414037704,0.8468749970197678,9.520833313465118,0.7791666649281979,0.02822329045739025,0.2684539956972003
2024_05_NO_KC,2024,5,NO,32.0,20.0,0.13838994751373926,0.6574074079593023,5.042592525482178,0.5074074119329453,0.9081310605009397,-0.7697410931189855
2024_05_NYG_SEA,2024,5,NYG,31.0,23.0,0.3638822346925735,0.7287878870964051,7.53818187713623,0.5221212208271027,-0.11490764915943145,0.4787899315357208
2024_05_NYG_SEA,2024,5,SEA,39.0,28.0,0.1483036991622713,0.809391544924842,7.412301566865709,0.6082010616858801,0.0568295419216156,0.09147419118218952
2024_05_NYJ_MIN,2024,5,MIN,28.0,15.0,0.6620688326656818,0.8005952388048172,11.01190479596456,0.610119049747785,0.7740975717703501,-0.11202871054410934
2024_05_NYJ_MIN,2024,5,NYJ,51.0,29.0,-0.07451905061801274,0.5679292927185694,5.2253367106119795,0.4404040426015854,0.302247350414594,-0.37676640568921965
2024_05_TB_ATL,2024,5,ATL,54.0,42.0,0.6715720923883575,0.861034802028111,11.41552209854126,0.5444902351924351,0.1587141454219818,0.5128579608031681
2024_05_TB_ATL,2024,5,TB,24.0,19.0,0.3774147033691406,0.7996031741301218,6.087301572163899,0.5079365074634552,0.13576490928729376,0.2416498108456532
2024_06_ARI_GB,2024,6,ARI,32.0,22.0,-0.3244224957057408,0.516326538154057,4.917346954345703,0.38979592067854746,0.7690420305090291,-1.0934645192963737
2024_06_ARI_GB,2024,6,GB,31.0,22.0,0.33844310641288755,0.6333333343267441,8.099999952316285,0.5500000029802322,0.0961717575788498,0.242271326482296
2024_06_ATL_CAR,2024,6,ATL,29.0,19.0,0.17241553838054338,0.7166666785875956,7.0,0.3333333383003871,0.3941129383941491,-0.22169742484887442
2024_06_ATL_CAR,2024,6,CAR,37.0,26.0,0.04465373191568586,0.7664021187358432,5.9870370626449585,0.49470899668004775,0.20521294739511278,-0.16055921485854519
2024_06_BUF_NYJ,2024,6,BUF,23.0,19.0,1.061280987092427,0.8367346950939724,9.80272115979876,0.7244897995676313,1.276075185409614,-0.21479418873786926
2024_06_BUF_NYJ,2024,6,NYJ,34.0,23.0,0.07323904229061944,0.5462585091590881,5.997959205082485,0.3448979641710009,0.38671854564121794,-0.3134795262345246
2024_06_CIN_NYG,2024,6,CIN,23.0,19.0,0.21800120174884796,0.8055555621782938,7.333333333333333,0.5000000099341074,-0.04989847789208094,0.26789964114626247
2024_06_CIN_NYG,2024,6,NYG,36.0,22.0,-0.037182348469893135,0.708333338300387,5.954545418421428,0.5681818226973215,0.10977945476770401,-0.1469618280728658
2024_06_CLE_PHI,2024,6,CLE,23.0,16.0,0.38711999064045294,0.768707492521831,7.394557884761265,0.5170068102223533,-0.2691754155925342,0.6562954378979546
2024_06_CLE_PHI,2024,6,PHI,24.0,16.0,-0.03240915281432016,0.5357142899717603,7.49603179522923,0.3928571471146175,0.4182065853050777,-0.4506157125745501
2024_06_DET_DAL,2024,6,DAL,43.0,25.0,-1.074591223682676,0.6602040848561695,5.805102109909058,0.279931977391243,0.5955050757953099,-1.6700963292803084
2024_06_DET_DAL,2024,6,DET,27.0,19.0,0.7796436697244644,0.6016666710376739,12.068333292007447,0.4450000002980232,0.6347766723483801,0.14486700743436814
2024_06_HOU_NE,2024,6,HOU,31.0,20.0,-0.05080818704196385,0.543083906173706,4.529761927468436,0.3327664477484567,0.393257064478738,-0.4440652142677988
2024_06_HOU_NE,2024,6,NE,31.0,20.0,-0.2896252330392599,0.6583333387970924,7.07361102104187,0.48819445073604584,0.1404789425432682,-0.4301041755825281
2024_06_IND_TEN,2024,6,IND,36.0,22.0,-0.09570084661245346,0.46777778267860415,4.1633333444595335,0.35777778178453445,1.021826633810997,-1.1175274938344955
2024_06_IND_TEN,2024,6,TEN,27.0,16.0,0.14315395057201385,0.7708333358168602,4.104166641831398,0.3750000037252903,0.42110547982156277,-0.27795152488397434
2024_06_JAX_CHI,2024,6,CHI,26.0,23.0,0.5649803006090224,0.8083333373069763,7.941666603088379,0.6645833402872086,-0.08158531552180648,0.6465656412765384
2024_06_JAX_CHI,2024,6,JAX,36.0,24.0,0.11799303043101515,0.5762987051691327,5.628246716090611,0.42911255785397123,0.5687506166951997,-0.43730030741010395
2024_06_LAC_DEN,2024,6,DEN,33.0,19.0,0.014316178858280182,0.666666673289405,6.509259197447035,0.472222227189276,0.5165353905823495,-0.5437350649800565
2024_06_LAC_DEN,2024,6,LAC,31.0,21.0,0.6298623512395554,0.7462962998284234,8.52685186598036,0.5212962991661496,0.5765692094961802,0.05329312549697028
2024_06_PIT_LV,2024,6,LV,38.0,27.0,0.004584169946610928,0.6270833387970924,5.512500017881393,0.43958333879709244,0.29846282326616347,-0.2536330909933895
2024_06_PIT_LV,2024,6,PIT,24.0,14.0,0.3060081292475973,0.7059523846421923,5.9750000068119595,0.4678571479661124,-0.041977452380316596,0.3975308622632708
2024_06_SF_SEA,2024,6,SEA,48.0,30.0,0.3379824128933251,0.728535357862711,8.25031566619873,0.6382575780153275,0.45066420268267393,-0.11268175859004259
2024_06_SF_SEA,2024,6,SF,27.0,18.0,0.45706163559641155,0.6833333373069763,9.102380956922259,0.5595238166196006,0.3271654226950237,0.1298962129013879
2024_06_TB_NO,2024,6,NO,38.0,22.0,-0.8460782468318939,0.6732804261975818,8.69775128364563,0.4325396865606308,-0.5542810989750756,-0.29179710646470386
2024_06_TB_NO,2024,6,TB,37.0,24.0,-0.07040094584226608,0.6161859035491943,11.236378133296967,0.5568910334259272,0.12002975796349347,-0.09195565152913332
2024_06_WAS_BAL,2024,6,BAL,25.0,20.0,0.3767813630402088,0.7638888905445734,11.0,0.578703706463178,0.5974871205786864,-0.22070568799972534
2024_06_WAS_BAL,2024,6,WAS,33.0,24.0,0.4945637828537396,0.8034013680049351,8.331632682255336,0.6782312989234924,0.35383690521121025,0.14072686008044652
2024_07_BAL_TB,2024,7,BAL,21.0,17.0,1.2071363760365381,0.7777777777777778,11.935185220506456,0.7777777777777778,0.4291475514570872,0.7779887947771285
2024_07_BAL_TB,2024,7,TB,46.0,31.0,0.44993784221717054,0.6243827210532295,8.288580205705431,0.6055555608537462,0.5989401174916161,-0.1428989503118727
2024_07_CAR_WAS,2024,7,CAR,17.0,13.0,-1.1428849920630455,0.7500000049670538,4.305555582046509,0.4444444477558136,-0.3473039170106252,-0.7955810936788718
2024_07_CAR_WAS,2024,7,WAS,25.0,20.0,0.5316869531358991,0.8285714345318931,8.095238140651158,0.514285717691694,0.804591566324234,-0.27290460041591097
2024_07_CIN_CLE,2024,7,CIN,24.0,15.0,-0.3472777720954683,0.48148147927390206,4.101851887173122,0.2777777777777778,0.49222011036343044,-0.8394978791475296
2024_07_CIN_CLE,2024,7,CLE,49.0,31.0,-0.1787045438374792,0.594714818256242,5.475143875394549,0.41195710003376007,0.2899885560785021,-0.47991503349372316
2024_07_DEN_NO,2024,7,DEN,25.0,16.0,0.028122056275606155,0.6071428614003318,6.130952290126255,0.48809524519102915,0.06542482120650155,-0.03730278781482151
2024_07_DEN_NO,2024,7,NO,39.0,28.0,-0.030645576970917836,0.7353741611753192,6.410884427172797,0.38594104988234385,0.08069026895931788,-0.11133583954402379
2024_07_DET_MIN,2024,7,DET,25.0,22.0,0.639087804726192,0.8571428571428571,9.357142857142858,0.5357142857142857,0.08608652012688774,0.5530013005648341
2024_07_DET_MIN,2024,7,MIN,27.0,22.0,0.08950682729482651,0.8458333412806193,8.798611025015513,0.3819444502393405,0.19031348327795664,-0.08060983071724574
2024_07_HOU_GB,2024,7,GB,33.0,24.0,0.07198568433523178,0.7562500014901161,5.731249958276749,0.466666666790843,0.428735613822937,-0.3567498978227377
2024_07_HOU_GB,2024,7,HOU,19.0,10.0,0.1560859222497259,0.554421773978642,6.61224491255624,0.465986396585192,0.2178103412900652,-0.0617243658219065
2024_07_KC_SF,2024,7,KC,25.0,16.0,-0.18181875265306896,0.6305555568801032,7.0305555661519366,0.5527777804268731,-0.2036550607946184,0.02183633132113351
2024_07_KC_SF,2024,7,SF,32.0,17.0,-0.3728763564593262,0.5396825439400144,5.849206315146552,0.44973545604281956,0.5905287795596652,-0.9479469789399041
2024_07_LAC_ARI,2024,7,ARI,25.0,14.0,-0.1957518309354782,0.5684523843228817,4.129464268684387,0.3184523843228817,0.11414497531950474,-0.3098968034610152
2024_07_LAC_ARI,2024,7,LAC,37.0,27.0,-0.08591620955202314,0.8046176102426317,12.800192515055338,0.45637326108084786,0.3839318636390898,-0.46984806325700545
2024_07_LV_LA,2024,7,LA,22.0,14.0,0.10206376165151596,0.7142857253551483,7.561904811859131,0.6634920716285706,0.4111005634069443,-0.3090368390083313
2024_07_LV_LA,2024,7,LV,35.0,21.0,0.11955616592119138,0.7291666716337204,7.805555482705434,0.5813492139180502,-0.2175957423945268,0.3371518962085247
2024_07_MIA_IND,2024,7,IND,22.0,10.0,-0.22891810764041212,0.4444444510671828,4.955555597941081,0.27407407926188576,0.3917951950182517,-0.6207132786512375
2024_07_MIA_IND,2024,7,MIA,22.0,15.0,-0.08887731283903122,0.6041666716337204,6.985119074583054,0.4583333358168602,0.3656416982412338,-0.4545190022327006
2024_07_NE_JAX,2024,7,JAX,21.0,15.0,0.22725184510151544,0.5694444427887598,7.388888835906982,0.48888889451821643,0.13839014371236166,0.11625731984774272
2024_07_NE_JAX,2024,7,NE,37.0,26.0,0.2791388601064682,0.6688888967037201,7.4588889360427855,0.4644444525241852,0.3249357782304287,-0.03971236534416676
2024_07_NYJ_PIT,2024,7,NYJ,40.0,24.0,0.1573784500360489,0.6250000037252903,5.828472226858139,0.4236111156642437,0.39589453488588333,-0.25905464962124825
2024_07_NYJ_PIT,2024,7,PIT,27.0,16.0,0.276113109929221,0.5436508059501648,8.190476145063128,0.4087301662990025,0.2800778193133218,-0.003964726413999285
2024_07_PHI_NYG,2024,7,NYG,27.0,17.0,-0.17459932947531343,0.6875000037252903,4.418402791023254,0.38194444589316845,0.09690689668059349,-0.2715062350034714
2024_07_PHI_NYG,2024,7,PHI,14.0,10.0,-0.07196808074201856,0.5952380980764117,5.2095237118857245,0.4761904776096344,0.365561663040093,-0.4375296916280474
2024_07_SEA_ATL,2024,7,ATL,36.0,25.0,0.304245725274086,0.7503968306950161,7.72817461831229,0.6384920648166111,0.3478713881756578,-0.0436256400176457
2024_07_SEA_ATL,2024,7,SEA,28.0,19.0,0.18725728476420045,0.7172619104385376,6.424107193946838,0.4985119104385376,0.6180481840856373,-0.43079085648059845
2024_07_TEN_BUF,2024,7,BUF,32.0,21.0,0.17327075534396702,0.5783068835735321,6.741798996925354,0.5465608537197113,0.5856092837121751,-0.41233855361739796
2024_07_TEN_BUF,2024,7,TEN,38.0,25.0,0.3103349473741319,0.7685185207260979,6.421604971090953,0.5845679019888242,0.18490796618991429,0.12542693979210323
2024_08_ARI_MIA,2024,8,ARI,33.0,26.0,0.27915865927934647,0.7094155848026276,6.453733682632446,0.6147186197340488,0.1327734924852848,0.14638522826135159
2024_08_ARI_MIA,2024,8,MIA,38.0,28.0,0.386920518707484,0.7812500074505806,5.822916686534882,0.5850694514811039,0.11763199046254158,0.2692885221913457
2024_08_ATL_TB,2024,8,ATL,28.0,23.0,0.6714755495389303,0.8555555641651154,10.057142893473307,0.6357142974932989,0.1823242579897245,0.4891513412197431
2024_08_ATL_TB,2024,8,TB,46.0,37.0,0.3453607310851415,0.8338624371422662,8.708994838926527,0.5973545047971938,0.2782009194294612,0.06715985553132163
2024_08_BAL_CLE,2024,8,BAL,35.0,23.0,0.3575256709009409,0.7354166675359011,7.979166567325592,0.6437500063329935,0.262557502835989,0.09496817737817764
2024_08_BAL_CLE,2024,8,CLE,42.0,27.0,0.09601117298007011,0.5882440507411957,5.696577370166779,0.41205357760190964,0.29872328601777554,-0.17813667096197605
2024_08_BUF_SEA,2024,8,BUF,32.0,24.0,0.03165769577026367,0.6693877577781677,8.423129217965263,0.501360548394067,0.7703263291290828,-0.7386685737541744
2024_08_BUF_SEA,2024,8,SEA,27.0,21.0,0.36027125362306833,0.811309527605772,8.994642794132233,0.6747023873031139,-0.23753441870212555,0.5978056942112744
2024_08_CAR_DEN,2024,8,CAR,35.0,24.0,-0.3069717735052109,0.6338624424404569,5.546560870276557,0.47671958804130554,0.7861354657345347,-1.0931072442067995
2024_08_CAR_DEN,2024,8,DEN,38.0,30.0,0.703492133454843,0.8358126770366322,9.176446253603155,0.6132231449539011,0.7579840949990533,-0.054492018947547134
2024_08_CHI_WAS,2024,8,CHI,22.0,10.0,0.05135226249694824,0.547619049747785,5.775793711344401,0.5059523830811182,0.41019302358229953,-0.39309052129586536
2024_08_CHI_WAS,2024,8,WAS,34.0,21.0,0.20001616096124053,0.6785037890076637,8.473958373069763,0.6368371210992336,0.35490312427282333,-0.1548869088292122
2024_08_DAL_SF,2024,8,DAL,37.0,25.0,-0.11100440472364426,0.5955882370471954,5.516237735748291,0.39338235557079315,0.7871848307549953,-0.8981892205774784
2024_08_DAL_SF,2024,8,SF,25.0,18.0,-0.094920066850526,0.5969387803758893,6.88265323638916,0.36224489978381563,0.003962205989020211,-0.09888223984411784
2024_08_GB_JAX,2024,8,GB,27.0,18.0,0.04101994540542364,0.6333333373069763,6.733333396911621,0.35000000298023226,0.8046515500172973,-0.7636316349089611
2024_08_GB_JAX,2024,8,JAX,30.0,21.0,0.28133576922118664,0.6708333380520344,9.995833367109299,0.5791666731238365,0.4208303913474083,-0.13949464913457632
2024_08_IND_HOU,2024,8,HOU,36.0,25.0,0.41382399656706387,0.7006172935167948,8.14814821879069,0.5679012371434106,0.4040147198571099,0.009809250632921854
2024_08_IND_HOU,2024,8,IND,31.0,10.0,-0.07623484581708909,0.3611111119389534,4.777777743339539,0.30000000149011613,0.8764202058315277,-0.9526550248265266
2024_08_KC_LV,2024,8,KC,35.0,27.0,0.40416468493640423,0.8,7.545833349227905,0.6500000059604645,0.2570019632577896,0.1471627175807953
2024_08_KC_LV,2024,8,LV,27.0,24.0,0.6093359930174691,0.8605442217418126,7.427891254425049,0.7758503471102033,0.23437448484557016,0.37496150391442434
2024_08_MIN_LA,2024,8,LA,34.0,25.0,0.5096422566307915,0.8093033565415276,9.225970029830933,0.737433867322074,0.5766254315773646,-0.06698316004541185
2024_08_MIN_LA,2024,8,MIN,23.0,18.0,0.8770185964448112,0.7936507974352155,10.373015880584717,0.7420634967940194,0.810592246907098,0.0664263338382755
2024_08_NO_LAC,2024,8,LAC,30.0,20.0,0.35784430988132954,0.598214291036129,8.803571432828903,0.49107143096625805,0.6241236999630928,-0.26627941615879536
2024_08_NO_LAC,2024,8,NO,38.0,22.0,0.24877707101404667,0.5458603948354721,9.111607134342194,0.38879870250821114,0.9145699087530375,-0.6657928042113781
2024_08_NYG_PIT,2024,8,NYG,38.0,24.0,0.057228846941143274,0.6443452462553978,5.489583387970924,0.44851191341876984,0.08487580996006727,-0.015246589668095112
2024_08_NYG_PIT,2024,8,PIT,27.0,20.0,0.4971982224120034,0.7518518567085266,10.864814811282688,0.5722222261958652,0.8025624139441384,-0.3053641749752892
2024_08_NYJ_NE,2024,8,NE,30.0,18.0,0.013006247812882066,0.5208333358168602,4.229166626930237,0.3541666679084301,0.5544121973216534,-0.5664952546358109
2024_08_NYJ_NE,2024,8,NYJ,26.0,17.0,0.1106574120266097,0.6250000042574746,6.041666643960135,0.4880952409335545,0.3920408735672633,-0.10510723417003949
2024_08_PHI_CIN,2024,8,CIN,36.0,26.0,0.14601216930896044,0.6908143945038319,6.900094747543335,0.4962121210992336,0.32717681769281626,-0.18116465723142028
2024_08_PHI_CIN,2024,8,PHI,19.0,16.0,0.27014929490784806,0.7817460298538208,9.079365253448486,0.5119047661622366,0.05530898024638494,0.21484032894174257
2024_08_TEN_DET,2024,8,DET,18.0,15.0,0.0399383008480072,0.7407407429483202,4.388888888888889,0.5185185207260979,0.22144094999465677,-0.18150263941950268
2024_08_TEN_DET,2024,8,TEN,38.0,22.0,-1.133905366063118,0.47708333656191826,5.833333373069763,0.3208333384245634,0.5853336285799742,-1.7192389741539955
2024_09_CHI_ARI,2024,9,ARI,19.0,13.0,0.08045085519552231,0.6437500007450581,8.131250023841858,0.5354166682809591,0.2962308134883642,-0.21577993780374527
2024_09_CHI_ARI,2024,9,CHI,36.0,22.0,0.009638641029596329,0.7042328119277954,5.8261903921763105,0.30978836367527646,0.3286316941181819,-0.31899312138557434
2024_09_DAL_ATL,2024,9,ATL,24.0,19.0,0.5137819225589434,0.8425925970077515,9.423280398050943,0.6693121741215388,-0.09507019817829132,0.6088521865506967
2024_09_DAL_ATL,2024,9,DAL,49.0,31.0,-0.332270771678951,0.5887464384237925,4.657264947891235,0.35384615924623275,0.6167296104960971,-0.9595815108882056
2024_09_DEN_BAL,2024,9,BAL,19.0,16.0,1.1349929552525282,0.8229166641831398,14.21874988079071,0.71875,0.2182735027745366,0.9167194627225399
2024_09_DEN_BAL,2024,9,DEN,33.0,20.0,0.2683871563524008,0.6183333367109298,4.814999985694885,0.3616666719317436,0.7676843076944351,-0.49929718524217603
2024_09_DET_GB,2024,9,DET,20.0,18.0,0.22380938567221165,0.8958333358168602,6.437499940395355,0.630952388048172,-0.07404931075870991,0.2978587122634053
2024_09_DET_GB,2024,9,GB,38.0,23.0,-0.1912263681491216,0.6212962998284234,6.28425931930542,0.4546296364731259,0.6463363783227073,-0.8531859260466363
2024_09_HOU_NYJ,2024,9,HOU,29.0,11.0,-0.1815633364021778,0.2291666716337204,4.020833373069763,0.180555559694767,1.592228353023529,-1.7737916931509972
2024_09_HOU_NYJ,2024,9,NYJ,32.0,22.0,0.02414567768573761,0.6295454502105713,4.690340876579285,0.35056818649172783,-0.059195512905716896,0.08334117708727717
2024_09_IND_MIN,2024,9,IND,27.0,16.0,-0.045281969010829926,0.6270833387970924,9.316666692495346,0.48680555634200573,0.6013434082269669,-0.6466253907419741
2024_09_IND_MIN,2024,9,MIN,33.0,29.0,0.41218145918101073,0.8527777791023254,7.297222232818603,0.6716666698455811,0.5211741924285889,-0.10899274945259094
2024_09_JAX_PHI,2024,9,JAX,32.0,16.0,-0.556308607570827,0.523484855890274,5.082196950912476,0.3174242489039898,0.6577166352653876,-1.2424441277980804
2024_09_JAX_PHI,2024,9,PHI,24.0,18.0,0.34148047491908073,0.8526785746216774,9.303571462631226,0.42767857760190964,0.4264804907143116,-0.043877494521439075
2024_09_LAC_CLE,2024,9,CLE,46.0,26.0,-0.6191268190741539,0.61611008644104,3.6250257747513905,0.3128221013716289,-0.013742174421037947,-0.605384672326701
2024_09_LAC_CLE,2024,9,LAC,26.0,18.0,-0.04475509623686472,0.6867724921968248,7.3000000847710504,0.2190476225482093,0.3544316407707002,-0.39918674694167244
2024_09_LA_SEA,2024,9,LA,42.0,25.0,-0.060559892328456044,0.5377976261079311,5.986210361123085,0.38105159625411034,0.6776011828333139,-0.7381610660813749
2024_09_LA_SEA,2024,9,SEA,34.0,21.0,0.23550380340644292,0.5990319337163653,9.20761387688773,0.43576662455286297,0.5017851676259723,-0.26628133707812857
2024_09_LV_CIN,2024,9,CIN,37.0,27.0,0.43474701709217495,0.7095959583918253,6.626935958862305,0.6494949526256986,0.5062070902850893,-0.07146008147133721
2024_09_LV_CIN,2024,9,LV,32.0,21.0,0.12599108616511026,0.6976010153690974,5.861742466688156,0.39646465082963306,0.297126442193985,-0.1711353212594986
2024_09_MIA_BUF,2024,9,BUF,37.0,25.0,0.4684266870220502,0.6582010587056478,7.445502625571357,0.6089947157435947,0.21871832344267103,0.14859961801105076
2024_09_MIA_BUF,2024,9,MIA,27.0,25.0,0.892931105569005,0.9476190464837211,8.934523786817278,0.6321428631033216,0.22924117211784636,0.6636899539402553
2024_09_NE_TEN,2024,9,NE,39.0,29.0,-0.43468664661049844,0.7652777820825577,4.63222222328186,0.4633333384990692,0.05882731080055237,-0.4935139536857605
2024_09_NE_TEN,2024,9,TEN,27.0,20.0,0.38023504614830017,0.7440476162093026,8.875,0.6726190532956805,0.593172409172569,-0.21293730395180838
2024_09_NO_CAR,2024,9,CAR,24.0,16.0,-0.05556890368461609,0.6142857245036534,5.342857088361468,0.34761905670166016,0.1377153992652893,-0.19328430933611734
2024_09_NO_CAR,2024,9,NO,29.0,18.0,0.1479036713950336,0.6300000071525573,9.136666631698608,0.3877777844667435,0.4201361916959286,-0.16407538950443268
2024_09_TB_KC,2024,9,KC,42.0,34.0,0.363456844455666,0.7015432119369507,6.358024650149876,0.5675925976700253,0.3099604644295242,0.05349641458855735
2024_09_TB_KC,2024,9,TB,31.0,23.0,0.2583957388997078,0.7950757630169392,6.106250058859587,0.564015157520771,-0.21052707731723785,0.4689228357747197
2024_09_WAS_NYG,2024,9,NYG,26.0,20.0,0.4086104507247607,0.844696968793869,6.282828410466512,0.5479798018932343,0.35575777540604275,0.05285269891222318
2024_09_WAS_NYG,2024,9,WAS,19.0,15.0,0.7241239864379168,0.78125,11.447916686534882,0.5833333358168602,0.17751511931419373,0.5466088682878762
2024_10_ATL_NO,2024,10,ATL,37.0,23.0,0.0717288926243782,0.5562678178151449,6.965812047322591,0.4601139724254608,0.4689010779062907,-0.3971722076336543
2024_10_ATL_NO,2024,10,NO,21.0,16.0,0.5231817211024463,0.75,12.333333194255829,0.5000000018626451,0.4406796246767044,0.08250211179256439
2024_10_BUF_IND,2024,10,BUF,35.0,22.0,0.1527862548828125,0.6523809603282383,8.969444496291024,0.6027777833598,0.12488332497222084,0.027902912880693163
2024_10_BUF_IND,2024,10,IND,35.0,26.0,-0.03263910114765167,0.8264550301763747,6.567195680406359,0.49867725372314453,0.21340660750865936,-0.24604569458299214
2024_10_CIN_BAL,2024,10,BAL,32.0,25.0,0.44873124319646096,0.8082010613547431,8.16269826889038,0.4424603184064229,0.2343195846511258,0.21441169248686898
2024_10_CIN_BAL,2024,10,CIN,55.0,34.0,0.02015122664826257,0.6228121582950864,5.470002446855817,0.4052796938589641,0.7056882764611926,-0.6593953860657555
2024_10_DEN_KC,2024,10,DEN,28.0,22.0,0.6053932793438435,0.8333333395421505,9.868055522441864,0.586805559694767,0.413526704069227,0.19186662696301937
2024_10_DEN_KC,2024,10,KC,40.0,28.0,0.1609245866537094,0.7416666686534882,6.528333330154419,0.47500000298023226,0.2398015856742859,-0.07887702286243439
2024_10_DET_HOU,2024,10,DET,24.0,15.0,0.0147452712059021,0.603333342075348,10.686666679382324,0.5033333420753479,0.21733378171920775,-0.2025885820388794
2024_10_DET_HOU,2024,10,HOU,32.0,19.0,0.035562796252114434,0.5674603198255811,6.714285692998341,0.39682539446013315,0.5028804668358394,-0.4673176535538265
2024_10_MIA_LA,2024,10,LA,44.0,32.0,0.07355194631963968,0.7824404705315828,6.409821420907974,0.6142857167869806,0.06608640775084496,0.00746554508805275
2024_10_MIA_LA,2024,10,MIA,28.0,20.0,0.3828582788507144,0.6851851873927646,6.898148112826878,0.6333333369758394,0.08113721426990297,0.30172105961375767
2024_10_MIN_JAX,2024,10,JAX,21.0,14.0,-0.3034268990159035,0.7222222288449606,4.8472221692403155,0.3819444477558136,0.22445373858014742,-0.5278805904090405
2024_10_MIN_JAX,2024,10,MIN,37.0,24.0,0.09787300718016922,0.6888888999819756,6.875000089406967,0.4763888958841562,0.5745889823883772,-0.4767159949988127
2024_10_NE_CHI,2024,10,CHI,26.0,16.0,-0.2617958914488554,0.6904761876378741,4.559523820877075,0.26190476758139475,0.04172758172665324,-0.30352345960480825
2024_10_NE_CHI,2024,10,NE,23.0,15.0,-0.055811356753110886,0.6833333373069763,5.791666686534882,0.4125000014901161,0.5673977918922901,-0.623209148645401
2024_10_NYG_CAR,2024,10,CAR,25.0,15.0,0.045662845174471535,0.715277781089147,4.881944457689921,0.4027777786056201,0.5195259054501852,-0.473863006879886
2024_10_NYG_CAR,2024,10,NYG,32.0,22.0,-0.2127502358385495,0.7702381014823914,5.684523786817278,0.6345238132136208,0.21446012173380172,-0.42721036236201015
2024_10_NYJ_ARI,2024,10,ARI,24.0,22.0,0.586313681943076,0.9357142874172756,9.285714285714286,0.6285714336803981,-0.20588122946875437,0.792194881609508
2024_10_NYJ_ARI,2024,10,NYJ,33.0,22.0,-0.04847056791186333,0.7294871777296066,5.1467948913574215,0.5237179473042488,0.4987971559166908,-0.5472677111625671
2024_10_PHI_DAL,2024,10,DAL,29.0,17.0,-0.707361886543887,0.46428572280066355,1.671428578240531,0.07142857355730874,0.0643998384475708,-0.7717617442166167
2024_10_PHI_DAL,2024,10,PHI,20.0,15.0,0.6613475680351257,0.7830687893761529,9.396825313568115,0.6746031807528602,0.8178482751051585,-0.15650073687235513
2024_10_PIT_WAS,2024,10,PIT,26.0,14.0,0.4166432519753774,0.48677249087227714,7.8333333068423805,0.4153439203898112,0.981702983379364,-0.5650596717993418
2024_10_PIT_WAS,2024,10,WAS,32.0,17.0,-0.21171252855232783,0.5136054456233978,5.274659940174648,0.3290816332612719,0.16734067031315394,-0.3790531669344221
2024_10_SF_TB,2024,10,SF,34.0,25.0,0.7038814783096313,0.748701298236847,10.983766174316406,0.6638528227806091,0.7565881252288819,-0.052706587314605716
2024_10_SF_TB,2024,10,TB,29.0,18.0,-0.18263346276112966,0.5212585074560983,3.3018707547869,0.2984693944454193,0.42424612811633516,-0.6068795578820365
2024_10_TEN_LAC,2024,10,LAC,18.0,14.0,0.7281839502975345,0.6666666641831398,9.95833332836628,0.5208333358168602,0.029249646700918674,0.6989343503955752
2024_10_TEN_LAC,2024,10,TEN,23.0,18.0,0.20397490050111497,0.7936507974352155,7.321428486279079,0.5039682601179395,0.48806274575846537,-0.2840878457895347
2024_11_ATL_DEN,2024,11,ATL,29.0,20.0,0.10212665465142992,0.6957671973440382,5.34788359536065,0.4947089950243632,0.2129621042145623,-0.11083546611997816
2024_11_ATL_DEN,2024,11,DEN,32.0,28.0,0.6799883618950844,0.8475000023841858,8.65499997138977,0.5908333361148834,-0.04895514249801636,0.7289435267448425
2024_11_BAL_PIT,2024,11,BAL,31.0,16.0,-0.041087351739406586,0.5301587382952372,5.759259276919895,0.4761904842323727,0.42565825747119057,-0.4667456230769555
2024_11_BAL_PIT,2024,11,PIT,32.0,23.0,-0.3544487777269549,0.7185185220506456,4.574074056413439,0.25740740696589154,-0.240821431701382,-0.11362732781304254
2024_11_CIN_LAC,2024,11,CIN,46.0,28.0,0.03575525991618633,0.5868818759918213,6.703754544258118,0.4002976268529892,0.5972741283476353,-0.5615189108066261
2024_11_CIN_LAC,2024,11,LAC,33.0,17.0,0.017867996357381344,0.5104166716337204,6.46875,0.3854166716337204,0.5358173251152039,-0.5179493203759193
2024_11_CLE_NO,2024,11,CLE,46.0,30.0,0.3397906082017081,0.6886363625526428,8.304870196751185,0.5269480517932347,0.4611831137112209,-0.12922782051776135
2024_11_CLE_NO,2024,11,NO,28.0,22.0,0.5342130703585488,0.7928571445601327,10.392857142857142,0.6285714294229235,0.2761409069810595,0.258072167634964
2024_11_GB_CHI,2024,11,CHI,32.0,23.0,0.5479486286640167,0.8083333373069763,7.580357074737549,0.6857142895460129,0.3367174317439397,0.29538339376449585
2024_11_GB_CHI,2024,11,GB,17.0,13.0,0.15229569162641252,0.6142857159887042,10.800000054495674,0.514285717691694,0.6066980090524469,-0.4544023190225874
2024_11_HOU_DAL,2024,11,DAL,54.0,33.0,-0.03074652039989208,0.6694444517294565,7.040277699629466,0.41527778034408885,-0.19065332133322954,0.15990681325395903
2024_11_HOU_DAL,2024,11,HOU,33.0,23.0,0.4175214348360896,0.7946428656578064,8.392857193946838,0.6428571455180645,-0.21215247130021453,0.629673876799643
2024_11_IND_NYJ,2024,11,IND,29.0,20.0,0.4543098633488019,0.7083333333333334,8.477777693006727,0.5138888888888888,-0.025143050485187106,0.5165475294407871
2024_11_IND_NYJ,2024,11,NYJ,29.0,22.0,0.6029185050865635,0.7946428582072258,7.897321403026581,0.5602678619325161,0.22219268232584,0.38072580471634865
2024_11_JAX_DET,2024,11,DET,31.0,27.0,1.2385750710964203,0.8796296318372091,16.36531972885132,0.8518518540594313,0.6067227886782752,0.6318522542715073
2024_11_JAX_DET,2024,11,JAX,28.0,17.0,-0.47250881511718035,0.5744047686457634,3.693452388048172,0.3333333395421505,0.7425318211317062,-1.2150406427681446
2024_11_KC_BUF,2024,11,BUF,38.0,27.0,0.20660189870331022,0.6296296318372091,6.685185286733839,0.3611111144224803,0.5573272075917985,-0.35072534531354904
2024_11_KC_BUF,2024,11,KC,31.0,23.0,0.4498108899728818,0.8196969736706127,6.731818155808882,0.6303030333735726,0.18825579231435602,0.2615550976585258
2024_11_LA_NE,2024,11,LA,27.0,18.0,0.7748041450977325,0.729629635810852,10.919444561004639,0.6379629671573639,0.9729912976423899,-0.19818711777528128
2024_11_LA_NE,2024,11,NE,37.0,29.0,0.4507255223062303,0.777777784400516,6.120370335049099,0.6166666746139526,0.261822866068946,0.18890265127023062
2024_11_LV_MIA,2024,11,LV,39.0,30.0,0.22129001282155514,0.6953125037252903,6.609374955296516,0.5000000074505806,0.03080927731934935,0.19048080034554005
2024_11_LV_MIA,2024,11,MIA,35.0,28.0,0.5795998262862364,0.8287037081188626,6.8703703085581465,0.6388888955116272,0.10116896695560879,0.4784308440155453
2024_11_MIN_TEN,2024,11,MIN,30.0,20.0,0.6498835906386375,0.7791666686534882,8.491666650772094,0.6541666686534882,0.559080631530378,0.09080292731523514
2024_11_MIN_TEN,2024,11,TEN,29.0,17.0,0.5504301964408822,0.7037037114302317,10.712962971793281,0.5370370414521959,0.5993814203474257,-0.04895125991768307
2024_11_SEA_SF,2024,11,SEA,31.0,25.0,-0.06438420879809807,0.8089225689570109,5.22685186068217,0.3851010203361511,0.20436355471611023,-0.26874779102702934
2024_11_SEA_SF,2024,11,SF,28.0,21.0,0.01378294825553894,0.7134199241797129,4.969264030456543,0.5298701301217079,0.11976619251072407,-0.10598322004079819
2024_11_WAS_PHI,2024,11,PHI,25.0,18.0,0.15554476901888847,0.7430555621782938,8.748611211776733,0.39305556068817776,0.02535099784533183,0.13019380470116934
2024_11_WAS_PHI,2024,11,WAS,33.0,22.0,0.046893327683210376,0.6055555582046509,4.443055582046509,0.409722226858139,0.09708474902436137,-0.04960082620382309
2024_12_ARI_SEA,2024,12,ARI,34.0,24.0,-0.21535608793298402,0.6333333353201548,7.233333349227905,0.45000000794728595,0.8103935768206915,-1.0257496734460194
2024_12_ARI_SEA,2024,12,SEA,28.0,22.0,0.369244960801942,0.8200680358069283,8.626190526144844,0.6044217773846218,0.34182556931461605,0.02741944364139012
2024_12_BAL_LAC,2024,12,BAL,22.0,16.0,0.32659262312310083,0.7460317526544843,7.78888886315482,0.566666671207973,0.7504527483667646,-0.40591335722378324
2024_12_BAL_LAC,2024,12,LAC,36.0,21.0,-0.04444108406702677,0.6083333359824287,5.3481481075286865,0.4157407432794571,0.03287465042538113,-0.07731573283672333
2024_12_DAL_WAS,2024,12,DAL,32.0,24.0,0.3513885765439934,0.7685185174147288,8.500000052981907,0.7037037048074934,0.02551779482099745,0.32587076558007133
2024_12_DAL_WAS,2024,12,WAS,34.0,25.0,-0.47924069149626625,0.816666669315762,8.335185176796383,0.4814814825852712,0.1630825764603085,-0.6423232919640012
2024_12_DEN_LV,2024,12,DEN,39.0,25.0,0.027276057336065505,0.5814814898702834,5.274691409534878,0.374074078268475,-0.13763527903291914,0.16491134092211723
2024_12_DEN_LV,2024,12,LV,46.0,31.0,0.5478748248091766,0.7535714294229235,9.861904723303658,0.5333333398614611,0.2820119389465877,0.26586286297866274
2024_12_DET_IND,2024,12,DET,33.0,26.0,0.4961641412228346,0.7589285746216774,7.739583343267441,0.6026785764843225,-0.0911259725689888,0.5872901305556297
2024_12_DET_IND,2024,12,IND,25.0,11.0,-0.26148524773972376,0.26700680596487864,4.379251718521118,0.24659864391599381,1.2377080097794533,-1.4991932809352875
2024_12_KC_CAR,2024,12,CAR,33.0,21.0,0.21575327856200083,0.6738095304795674,7.892857266323907,0.4309523914541517,0.6982294065611703,-0.4824761024543217
2024_12_KC_CAR,2024,12,KC,36.0,27.0,0.35743394162919784,0.7222222222222222,7.0,0.5648148192299737,0.19698453197876611,0.16044943345089754
2024_12_MIN_CHI,2024,12,CHI,49.0,32.0,0.509878981548051,0.7312499980131785,7.9458333651224775,0.5770833392937978,0.38141805678606033,0.14039185643196106
2024_12_MIN_CHI,2024,12,MIN,32.0,23.0,0.19995843060314655,0.6645833365619183,7.164583384990692,0.49444444850087166,0.041954416781663895,0.1580040007829666
2024_12_NE_MIA,2024,12,MIA,40.0,29.0,-0.027955926954746246,0.6290404021739959,4.740909099578857,0.41717172265052793,0.03756556175649166,-0.06552146328613162
2024_12_NE_MIA,2024,12,NE,38.0,22.0,-0.2756235063076019,0.5189285755157471,4.71071424484253,0.3254761964082718,0.1923384815454483,-0.5367452263832092
2024_12_PHI_LA,2024,12,LA,35.0,24.0,0.42337778210639954,0.6481137956891742,6.401669706617083,0.5831787288188934,0.5378045311995915,-0.09950952764068331
2024_12_PHI_LA,2024,12,PHI,19.0,15.0,0.18622551361719766,0.6095238129297892,5.85357137521108,0.49285714824994403,0.41764848430951435,-0.2314228961865107
2024_12_PIT_CLE,2024,12,CLE,29.0,18.0,-0.02621324732899666,0.7342261951416731,9.04285717010498,0.41755952686071396,0.40380890667438507,-0.4226269777864218
2024_12_PIT_CLE,2024,12,PIT,26.0,21.0,0.6335072638466954,0.7901785746216774,10.377976179122925,0.5461309552192688,0.6366459812436785,0.22264812567404338
2024_12_SF_GB,2024,12,GB,22.0,13.0,0.36849583089351656,0.6,6.76666669845581,0.5,0.7309719521552325,-0.362476110458374
2024_12_SF_GB,2024,12,SF,26.0,17.0,-0.3714154623448849,0.5267857164144516,6.297619104385376,0.3452380932867527,0.3966451846063137,-0.7680605994537473
2024_12_TB_NYG,2024,12,NYG,30.0,22.0,-0.18524006328412465,0.7380952409335545,5.287301540374756,0.38650794114385334,0.5251523235014507,-0.7103923921074186
2024_12_TB_NYG,2024,12,TB,30.0,24.0,0.9943006065758792,0.8528138534589247,13.162337671626698,0.770562772046436,0.8057907542044466,0.18850983044301922
2024_12_TEN_HOU,2024,12,HOU,31.0,20.0,-0.07157673314213753,0.6340277828276157,6.869444400072098,0.46388889476656914,0.35442651621997356,-0.4260032591409981
2024_12_TEN_HOU,2024,12,TEN,25.0,18.0,0.5385319675718035,0.6904761918953487,15.466666766575404,0.41904762600149426,-0.14490705728530884,0.6834390546594348
2024_13_ARI_MIN,2024,13,ARI,43.0,31.0,0.06870835407607956,0.7559523843228817,5.8050595335662365,0.4464285746216774,-0.03606563527137041,0.10477400198578835
2024_13_ARI_MIN,2024,13,MIN,30.0,21.0,0.10443466688905444,0.7420634967940194,7.738095215388706,0.6309523837906974,0.4377730020454952,-0.3333382861954825
2024_13_CHI_DET,2024,13,CHI,37.0,20.0,0.14436964839696884,0.5750000059604645,7.50416669845581,0.4875000059604645,0.8440623462200165,-0.6305899083614349
2024_13_CHI_DET,2024,13,DET,31.0,21.0,0.32125281249838217,0.7278911641665867,8.668367385864258,0.6071428656578064,0.24307999334165029,0.07817282368029867
2024_13_CLE_DEN,2024,13,CLE,58.0,34.0,-0.6938756108283997,0.5343697547912598,7.4873110294342045,0.45495798736810683,0.02602766305208206,-0.7186830103397369
2024_13_CLE_DEN,2024,13,DEN,31.0,18.0,0.009758601586023966,0.5629629658328162,8.075925880008274,0.3648148195611106,0.35031674719519085,-0.3405581514040629
2024_13_HOU_JAX,2024,13,HOU,33.0,22.0,-0.054760808357968926,0.6697781458497047,5.160308480262756,0.2750270627439022,0.6090790049638599,-0.6638398033101112
2024_13_HOU_JAX,2024,13,JAX,44.0,24.0,-0.0273396298289299,0.5701923072338104,5.421634614467621,0.28685897774994373,0.48342293623136356,-0.5019976925104856
2024_13_IND_NE,2024,13,IND,24.0,12.0,0.06900482438504696,0.5684523843228817,5.145833343267441,0.4434523843228817,1.3414265159517527,-1.272421669214964
2024_13_IND_NE,2024,13,NE,31.0,24.0,0.39545185225350515,0.7437641748360225,7.09863942010062,0.6247165586267199,0.32302810584328007,0.054723113775253296
2024_13_LAC_ATL,2024,13,ATL,38.0,24.0,-0.1581627151795796,0.6755952409335545,5.86309518132891,0.5565476204667773,0.275707129921232,-0.43386987277439665
2024_13_LAC_ATL,2024,13,LAC,25.0,17.0,-0.3924054039849175,0.6944444444444444,2.9722222222222223,0.19444444444444445,-0.21833703915278116,-0.19151627189583248
2024_13_LA_NO,2024,13,LA,23.0,14.0,0.2624290520325303,0.5989583358168602,8.458333402872086,0.5416666697710752,0.38818044029176235,-0.12575139105319977
2024_13_LA_NO,2024,13,NO,35.0,24.0,0.42926230695512557,0.7328042421076033,7.01058194372389,0.5634920712974336,0.3085036327441533,0.06572855108728011
2024_13_LV_KC,2024,13,KC,45.0,26.0,0.08447922145326932,0.6885768638716804,6.153439203898112,0.39916565352016026,0.2725459213058154,-0.18806669364372888
2024_13_LV_KC,2024,13,LV,34.0,23.0,0.7713879779912531,0.7199675366282463,13.977272748947144,0.48295454680919647,-0.17073963955044746,0.9421276054345071
2024_13_MIA_GB,2024,13,GB,28.0,21.0,0.3758619527022044,0.7761904795964559,9.482142925262451,0.5067460387945175,0.13018750523527464,0.2456744189063708
2024_13_MIA_GB,2024,13,MIA,48.0,37.0,0.28421990387141705,0.7764646530151367,6.706717205047608,0.5520202070474625,0.30688401162624357,0.006391136790625751
2024_13_NYG_DAL,2024,13,DAL,36.0,21.0,-0.13289259001612663,0.6431547626852989,4.912797689437866,0.29821429401636124,0.2095596701838076,-0.3424522439017892
2024_13_NYG_DAL,2024,13,NYG,32.0,21.0,-1.2021193222275801,0.6593406668731144,5.0630037273679465,0.44212454770292553,-0.3568868041038513,-0.8452325388789177
2024_13_PHI_BAL,2024,13,BAL,35.0,23.0,-0.010921429909233536,0.6539115692887988,6.294217654636928,0.4013605500970568,0.5728394048554557,-0.5837608022349221
2024_13_PHI_BAL,2024,13,PHI,17.0,11.0,-0.19290013859669367,0.5138888855775198,4.875,0.4305555522441864,0.1344882119446993,-0.327388363579909
2024_13_PIT_CIN,2024,13,CIN,37.0,28.0,0.46605098460401806,0.8452380980764117,8.115079402923584,0.6817460400717599,0.0008121782115527562,0.4652388223579952
2024_13_PIT_CIN,2024,13,PIT,36.0,29.0,0.8116020537912846,0.8357142895460129,12.596428489685058,0.7880952417850494,0.22214619293808938,0.5894558660686016
2024_13_SEA_NYJ,2024,13,NYJ,38.0,21.0,-0.3190324563119147,0.5796296298503876,3.7592592239379883,0.3314814865589142,0.14032395349608529,-0.4593563765908281
2024_13_SEA_NYJ,2024,13,SEA,29.0,20.0,0.2853537881746888,0.6909722276031971,6.000000059604645,0.25694444589316845,0.08368715038523078,0.2016666168347001
2024_13_SF_BUF,2024,13,BUF,18.0,14.0,0.6704055749707751,0.8412698441081576,9.513227515750462,0.5502645538912879,0.5319037131137319,0.13850184281667074
2024_13_SF_BUF,2024,13,SF,17.0,11.0,-0.2826273888349533,0.5944444537162781,3.394444386164347,0.23888889451821646,0.05733442306518555,-0.3399618516365687
2024_13_TB_CAR,2024,13,CAR,41.0,26.0,0.02152923701214604,0.5600694492459297,5.532638847827911,0.4871527850627899,0.7329587480053306,-0.7114294972270727
2024_13_TB_CAR,2024,13,TB,34.0,22.0,-0.37262026752744404,0.6394557952880859,5.717686993735177,0.3877551108598709,0.3145933747291565,-0.6872135783944812
2024_13_TEN_WAS,2024,13,TEN,37.0,18.0,-0.17416400014190003,0.5950892940163612,4.80669641494751,0.240922624245286,0.3218584731221199,-0.45296200877055526
2024_13_TEN_WAS,2024,13,WAS,30.0,25.0,0.3960851626470685,0.8812500014901161,6.109375,0.5864583365619183,0.02719658613204956,0.3688885476440191
2024_14_ATL_MIN,2024,14,ATL,37.0,23.0,0.22036147117614746,0.7085137143731117,9.004689892133078,0.5948773498336474,0.6230849934120973,-0.40272348125775653
2024_14_ATL_MIN,2024,14,MIN,28.0,22.0,0.8851123988628388,0.7933333396911622,11.4880952835083,0.7080952405929566,0.4115012090653181,0.4736111909151077
2024_14_BUF_LA,2024,14,BUF,37.0,22.0,0.42571130288498743,0.721938784633364,8.909864016941615,0.5748299402850015,0.011123861585344588,0.41458745513643536
2024_14_BUF_LA,2024,14,LA,30.0,23.0,0.29295022572789875,0.640306123665401,7.724489756992885,0.5408163240977696,0.5034539571830204,-0.21050370803901128
2024_14_CAR_PHI,2024,14,CAR,33.0,19.0,0.189735866018704,0.5383116900920868,4.378246716090611,0.4217532511268343,0.6753238950456891,-0.48558807958449635
2024_14_CAR_PHI,2024,14,PHI,19.0,14.0,-0.05759225359984806,0.5952380980764117,4.035714285714286,0.35714286140033175,0.32445036087717327,-0.3820426421506064
2024_14_CHI_SF,2024,14,CHI,25.0,18.0,0.06863097420760564,0.6642857193946838,4.455952337809971,0.4619047684328897,0.09180340978006522,0.14609936873118082
2024_14_CHI_SF,2024,14,SF,26.0,20.0,0.3549174600177341,0.6157407429483202,8.527777724795872,0.45370370480749345,0.6342453194989098,-0.2793278818329175
2024_14_CIN_DAL,2024,14,CIN,43.0,33.0,0.4174386188387871,0.840972226113081,8.90729159116745,0.6833333391696215,0.13049284368753433,0.2869457881897688
2024_14_CIN_DAL,2024,14,DAL,31.0,16.0,-0.17585920390080323,0.4945887462659316,4.238095240159468,0.360389613292434,0.27342273836786096,-0.4492819538572803
2024_14_CLE_PIT,2024,14,CLE,37.0,24.0,-0.398812672868371,0.6205128222703934,5.864743614196778,0.4314102575182915,0.717427921295166,-1.116240595281124
2024_14_CLE_PIT,2024,14,PIT,24.0,15.0,0.12216380735238393,0.6833333339956071,5.277777777777778,0.3777777784400516,0.23479757954676947,-0.11263376805517408
2024_14_GB_DET,2024,14,DET,40.0,32.0,0.26641788865838734,0.718537415776934,6.089115619659424,0.5312925321715218,0.5349771699735096,-0.2685593313404492
2024_14_GB_DET,2024,14,GB,19.0,12.0,-0.0007451020181179046,0.5942857265472412,7.257143020629883,0.29714286923408506,0.4389427311718464,-0.4396878361701965
2024_14_JAX_TEN,2024,14,JAX,30.0,23.0,0.4041611813008785,0.8333333390099662,8.547619036265782,0.7023809552192688,0.03243832290172577,0.3717228759612356
2024_14_JAX_TEN,2024,14,TEN,32.0,19.0,-0.1751501053571701,0.6083333313465118,6.366666650772094,0.40833333432674407,0.3502058669924736,-0.5253559116274118
2024_14_LAC_KC,2024,14,KC,36.0,24.0,0.26144247088167405,0.6567901207341088,6.787654320398967,0.5697530938519372,-0.2066195516122712,0.46806202937538427
2024_14_LAC_KC,2024,14,LAC,29.0,21.0,-0.050744338168038264,0.7645502686500549,6.252645545535618,0.37522046433554757,-0.036499318149354726,-0.01424502871102757
2024_14_LV_TB,2024,14,LV,35.0,23.0,-0.1238131331545966,0.6634920707770756,4.803174580846514,0.44126985115664347,0.0015576609543391637,-0.12537078958536899
2024_14_LV_TB,2024,14,TB,28.0,18.0,0.44085331899779184,0.636394568852016,10.223129340580531,0.5792517108576638,0.16731011867523193,0.27354319393634796
2024_14_NO_NYG,2024,14,NO,31.0,20.0,0.31113076359033587,0.657142861187458,7.828571414947509,0.4771428644657135,0.2849963307380676,0.0261344313621521
2024_14_NO_NYG,2024,14,NYG,47.0,21.0,-0.22765521666345498,0.39430015285809833,4.227489113807678,0.3497835596402486,0.8015033020637929,-1.0418070753415425
2024_14_NYJ_MIA,2024,14,MIA,46.0,33.0,0.0726950541138649,0.6680402994155884,5.725824165344238,0.513827845454216,-0.015988712012767792,0.0856682550162077
2024_14_NYJ_MIA,2024,14,NYJ,39.0,27.0,0.3622382708958217,0.6311688338007245,8.287012917654854,0.532467537692615,0.4234894258635385,-0.06125114432403019
2024_14_SEA_ARI,2024,14,ARI,38.0,25.0,0.031073108315467834,0.7962962985038757,7.930555555555555,0.4629629651705424,-0.37916526198387146,0.4102384083800846
2024_14_SEA_ARI,2024,14,SEA,29.0,24.0,0.08196455902523464,0.7685185207260979,6.2216931449042425,0.4682539701461792,0.4923079146279229,-0.41034335394700366
2024_15_ATL_LV,2024,15,ATL,16.0,11.0,-0.1957061936457952,0.583333338300387,6.111110965410869,0.4444444477558136,0.5565700059135755,-0.75227623184522
2024_15_ATL_LV,2024,15,LV,34.0,23.0,-0.014810656197369099,0.7152777835726738,6.05307537317276,0.5337301678955555,0.27070899307727814,-0.28551965905353427
2024_15_BAL_NYG,2024,15,BAL,24.0,21.0,1.3883308209478855,0.932142861187458,13.908928573131561,0.8642857223749161,0.9566512247547507,0.43167958315461874
2024_15_BAL_NYG,2024,15,NYG,34.0,22.0,0.23436850930253664,0.7347883631785711,7.346560955047607,0.4920635024706523,0.3713982030749321,-0.13702966272830963
2024_15_BUF_DET,2024,15,BUF,32.0,23.0,0.8400923969844977,0.7142857213815054,13.308465560277304,0.6111111177338494,0.8519045213858286,-0.011812059415711297
2024_15_BUF_DET,2024,15,DET,54.0,38.0,0.5222086310386658,0.6615079417824745,7.468254029750824,0.5781746059656143,0.2013041451573372,0.32090445538051426
2024_15_CHI_MIN,2024,15,CHI,32.0,19.0,0.2911395790676276,0.7726902763048807,7.6650387446085615,0.5006105055411657,0.11025312046209972,0.1985920121272405
2024_15_CHI_MIN,2024,15,MIN,37.0,24.0,0.554827619343996,0.7073412761092186,6.163690447807312,0.6984127052128315,-0.06717359274625778,0.6220011641271412
2024_15_CIN_TEN,2024,15,CIN,35.0,26.0,0.6604176064332327,0.8270202014181349,6.708754274580214,0.6485690275828043,0.5249186663164033,0.13549895087877908
2024_15_CIN_TEN,2024,15,TEN,37.0,29.0,0.06503893766138288,0.7878306971655952,7.992063522338867,0.615343925025728,0.29009578708145356,-0.2250568386581209
2024_15_DAL_CAR,2024,15,CAR,27.0,19.0,0.11492825831685748,0.6496598720550537,6.350340196064541,0.4183673475469862,0.22990934125014714,-0.11498109783445086
2024_15_DAL_CAR,2024,15,DAL,28.0,18.0,0.5104842055588961,0.6615384668111801,7.121634602546692,0.5052884668111801,0.30496818013489246,0.2055160365998745
2024_15_GB_SEA,2024,15,GB,26.0,20.0,0.5940107687243393,0.8476190481867109,9.499999931880406,0.7047619095870427,-0.07136061787605286,0.6653713371072497
2024_15_GB_SEA,2024,15,SEA,31.0,20.0,0.0930169905935015,0.6921768699373517,7.579931889261518,0.5323129232440676,0.5140818836433547,-0.4210649031613554
2024_15_IND_DEN,2024,15,DEN,32.0,20.0,-0.4396956644274972,0.6727272759784352,4.66868688843467,0.38181818479841406,-0.03312175814062357,-0.4065738581120968
2024_15_IND_DEN,2024,15,IND,36.0,17.0,-0.6271132044494152,0.5291666686534882,5.069444465637207,0.29444444477558135,0.5946991205215454,-1.2218123167753219
2024_15_KC_CLE,2024,15,CLE,32.0,20.0,-1.6194928660988808,0.4419642873108387,3.422619054093957,0.2455357164144516,0.233836580067873,-1.8533294815570116
2024_15_KC_CLE,2024,15,KC,38.0,21.0,0.13232751935720444,0.5680134693781534,6.676683452394274,0.48383838931719464,0.5823490619659424,-0.45002151860131157
2024_15_LA_SF,2024,15,LA,26.0,16.0,-0.39402383669948904,0.5552083365619183,4.353124976158142,0.34166666865348816,0.38913239259272814,-0.7831562273204327
2024_15_LA_SF,2024,15,SF,31.0,14.0,-0.16805578172206878,0.4944444507360458,4.588888931274414,0.33730159401893617,0.7252890259027481,-0.8933448195457458
2024_15_MIA_HOU,2024,15,HOU,25.0,18.0,0.25685972401074003,0.7857142857142857,6.833333321980068,0.6190476204667773,0.6154466399124691,-0.35858690665502635
2024_15_MIA_HOU,2024,15,MIA,39.0,29.0,-0.1516120560053322,0.7708032694127824,4.3896104494730634,0.48917749855253434,-0.12444629106256697,-0.027165740728378296
2024_15_NE_ARI,2024,15,ARI,31.0,25.0,0.3196953609585762,0.8625000007450581,6.8499999940395355,0.5208333395421505,-0.1433506258763373,0.46304599195718765
2024_15_NE_ARI,2024,15,NE,23.0,19.0,0.525516872604688,0.8222222228844961,10.06111118528578,0.6555555595291985,-0.09184559517436558,0.6173624744017919
2024_15_NYJ_JAX,2024,15,JAX,44.0,31.0,-0.0010135429246085031,0.5156462660857609,5.113945620400565,0.4040816341127668,0.2932300687368427,-0.26672340157840935
2024_15_NYJ_JAX,2024,15,NYJ,29.0,16.0,0.1166292813917001,0.5876068423191706,6.844017028808594,0.32478633026281994,0.3395719726880391,-0.21982921163241068
2024_15_PIT_PHI,2024,15,PHI,31.0,25.0,0.5223374324185508,0.663419919354575,8.41666657584054,0.6147186160087585,0.5830646284988948,-0.060727207522307126
2024_15_PIT_PHI,2024,15,PIT,21.0,14.0,-0.38687729173236424,0.6666666666666666,5.407407416237725,0.2370370394653744,-0.17842791146702236,-0.2084493717799584
2024_15_TB_LAC,2024,15,LAC,32.0,22.0,-0.25579217821359634,0.7687074882643563,6.255101987293789,0.5496598737580436,-0.03183975390025547,-0.2239524253777095
2024_15_TB_LAC,2024,15,TB,26.0,22.0,0.48474430612155367,0.9025974018233163,8.350649288722447,0.6623376607894897,0.14794498682022095,0.33679933313812527
2024_15_WAS_NO,2024,15,NO,30.0,15.0,0.016957208572421223,0.414880957454443,5.119940608739853,0.3336309567093849,0.330133069306612,-0.2889914959669113
2024_15_WAS_NO,2024,15,WAS,31.0,25.0,0.32212982028722764,0.8699999988079071,6.563333368301391,0.5183333396911621,0.14820858482271432,0.17392122000455856
2024_16_ARI_CAR,2024,16,ARI,29.0,20.0,0.47022667061537504,0.7062500007450581,7.115625023841858,0.5687500014901161,0.4676554724574089,0.0025712009519338608
2024_16_ARI_CAR,2024,16,CAR,24.0,17.0,0.3699531505505244,0.7000000029802322,7.75555557012558,0.5055555626749992,0.4030061314503352,-0.03305295606454214
2024_16_CLE_CIN,2024,16,CIN,28.0,23.0,0.7005498620371023,0.9128787914911906,10.010732253392538,0.6755050520102183,0.31733280420303345,0.3832170848424236
2024_16_CLE_CIN,2024,16,CLE,31.0,20.0,-0.39289017766714096,0.5458333380520344,3.8458333015441895,0.2291666716337204,-0.008212901651859283,-0.3846772350370884
2024_16_DEN_LAC,2024,16,DEN,39.0,29.0,0.3570951476693153,0.7903030335903167,7.253636288642883,0.5157575845718384,-0.3389047414064407,0.6959998607635498
2024_16_DEN_LAC,2024,16,LAC,31.0,23.0,0.8027168774977327,0.8428571432828903,10.019047594070434,0.7238095253705978,0.11359532773494721,0.6675766179338097
2024_16_DET_CHI,2024,16,CHI,37.0,26.0,0.5601581521332264,0.7091051851000104,7.163736343383789,0.5872318233762469,0.5407224148511887,0.019435771874019077
2024_16_DET_CHI,2024,16,DET,32.0,23.0,0.5200015902519226,0.7294642925262451,8.66517859697342,0.6625000052154064,-0.10989456251263618,0.6298961564898491
2024_16_HOU_KC,2024,16,HOU,37.0,23.0,0.2884760871529579,0.5227678567171097,5.473958343267441,0.4123511929064989,0.7392370700836182,-0.4507609996944666
2024_16_HOU_KC,2024,16,KC,41.0,28.0,0.24415428387001156,0.6142316043376923,5.923647117614746,0.4591450273990631,0.22165599279105663,0.02249828428030014
2024_16_JAX_LV,2024,16,JAX,35.0,25.0,-0.5904986366629601,0.7025641083717347,4.432051253318787,0.18782051503658295,-0.28470032177865506,-0.3057983133941889
2024_16_JAX_LV,2024,16,LV,37.0,24.0,-0.24641687210117066,0.4501308245318277,5.434510707855225,0.33212978286402567,0.0765050511275019,-0.3229219061987741
2024_16_LA_NYJ,2024,16,LA,19.0,14.0,-0.0970602205821446,0.555555556501661,4.674603189740862,0.4444444477558136,0.033090135880878994,-0.1301503585917609
2024_16_LA_NYJ,2024,16,NYJ,42.0,28.0,0.10145582654513419,0.6679029352962971,5.3383700251579285,0.5726648420095444,0.22011299058794975,-0.11865718476474285
2024_16_MIN_SEA,2024,16,MIN,35.0,22.0,0.20861354044505528,0.5563186875411442,5.364560467856271,0.49203297070094515,0.2750928785119738,-0.06647931677954537
2024_16_MIN_SEA,2024,16,SEA,42.0,31.0,0.4188030205667019,0.8595238119363785,8.889285707473755,0.6845238089561463,0.1829940140247345,0.23580897450447083
2024_16_NE_BUF,2024,16,BUF,27.0,16.0,0.34169717133045197,0.6190476251973046,7.145502646764119,0.5873015920321146,0.9507042641441027,-0.6090071250995001
2024_16_NE_BUF,2024,16,NE,31.0,22.0,0.31695294193923473,0.7267857193946838,7.711160719394684,0.5660714320838451,0.08110469160601497,0.23584826663136482
2024_16_NO_GB,2024,16,GB,27.0,17.0,-0.07832552492618561,0.5595238119363785,5.877380931377411,0.28690476417541505,0.33975605964660643,-0.4180816486477852
2024_16_NO_GB,2024,16,NO,28.0,15.0,-0.1668587550520897,0.6034226231276989,7.022321403026581,0.5252976231276989,0.3097357819788158,-0.47659452445805073
2024_16_NYG_ATL,2024,16,ATL,26.0,18.0,0.16605011373758316,0.7135416641831398,7.473958373069763,0.6041666641831398,0.029476340860128403,0.136573763564229
2024_16_NYG_ATL,2024,16,NYG,37.0,22.0,-0.06927332707813807,0.6547619019235883,5.753401347569057,0.4897959189755576,0.5579453110694885,-0.6272186511861426
2024_16_PHI_WAS,2024,16,PHI,25.0,15.0,-0.07872679084539413,0.5708333402872086,4.710416674613953,0.2562500014901161,0.49148818850517273,-0.5702149793505669
2024_16_PHI_WAS,2024,16,WAS,36.0,24.0,-0.09349642031722599,0.5842592616875967,5.938888867696126,0.3648148195611106,0.33244748910268146,-0.4259439210096995
2024_16_PIT_BAL,2024,16,BAL,23.0,15.0,0.08526154855887096,0.6041666716337204,7.75,0.520833338300387,0.22670591498414674,-0.14144439746936163
2024_16_PIT_BAL,2024,16,PIT,26.0,22.0,0.11354507058858872,0.7966666698455811,7.213333368301392,0.6033333390951157,0.36574115976691246,-0.25219611898064614
2024_16_SF_MIA,2024,16,MIA,31.0,22.0,0.13289617427757808,0.6955782345363072,6.210884298597064,0.448979594877788,0.20863198701824462,-0.07573577761650085
2024_16_SF_MIA,2024,16,SF,37.0,26.0,0.25516814552247524,0.6952381027596337,7.00873016672475,0.5714285756860461,0.017002099326678684,0.2381661065987178
2024_16_TB_DAL,2024,16,DAL,33.0,26.0,0.36122646265559727,0.8009259303410848,8.137345684899223,0.5987654344903098,-0.005043826790319549,0.3662703020705117
2024_16_TB_DAL,2024,16,TB,43.0,31.0,0.18913792736000484,0.7513227562109629,7.119709014892578,0.5965608523951637,0.6231943112280633,-0.4340564018736283
2024_16_TEN_IND,2024,16,IND,11.0,7.0,-0.037525725364685056,0.5833333373069763,13.016666698455811,0.5333333373069763,1.0526765123009683,-1.0902022931724786
2024_16_TEN_IND,2024,16,TEN,34.0,23.0,0.14923729188740253,0.7208333387970924,7.033333361148834,0.6625000014901161,0.15086484421044588,-0.009560491889715195
2024_17_ARI_LA,2024,17,ARI,45.0,33.0,0.27182423571745556,0.8166666759385003,7.272685223155552,0.6916666759385003,0.011291619804170396,0.2605326043234931
2024_17_ARI_LA,2024,17,LA,28.0,17.0,-0.1738106682896614,0.4642857201397419,4.151785790920258,0.4136904776096344,0.2119376752525568,-0.38574834633618593
2024_17_ATL_WAS,2024,17,ATL,35.0,19.0,-0.29225291684269905,0.5735577009618282,5.900480762124062,0.48894231021404266,1.1433148365467787,-1.4355677627027035
2024_17_ATL_WAS,2024,17,WAS,35.0,24.0,0.4895858634263277,0.769444452598691,7.201388895511627,0.5460317526012659,0.09183851443231106,0.3977474011480808
2024_17_BAL_HOU,2024,17,BAL,16.0,11.0,0.9361175762282478,0.8222222228844961,12.911111089918348,0.6888888892200258,0.8817946447266473,0.05432288866076204
2024_17_BAL_HOU,2024,17,HOU,31.0,18.0,-0.5276587046682835,0.7031250037252903,5.802083313465118,0.37500000186264515,-0.2084767259657383,-0.3191819740459323
2024_17_CAR_TB,2024,17,CAR,22.0,15.0,0.45023866423538755,0.7698412707873753,9.849206447601318,0.5714285756860461,0.5584915322916848,-0.10825282335281372
2024_17_CAR_TB,2024,17,TB,32.0,27.0,0.696856989318298,0.8672839535607232,10.191975275675455,0.5672839548852708,0.4919715424378713,0.20488547533750534
2024_17_DAL_PHI,2024,17,DAL,29.0,16.0,-0.17830387088987562,0.6592592630121443,4.899999989403619,0.33703703847196365,0.3245815287033717,-0.5028853946261935
2024_17_DAL_PHI,2024,17,PHI,18.0,13.0,0.270709365606308,0.6595238149166107,7.890476067860921,0.35238095621267956,0.3452651084711154,-0.07455575652420521
2024_17_DEN_CIN,2024,17,CIN,49.0,39.0,0.4871721352849688,0.8714285748345512,7.9476190975734164,0.7547619087355477,0.18691990205219813,0.30025223296667847
2024_17_DEN_CIN,2024,17,DEN,31.0,24.0,0.22799796629697083,0.838888892531395,6.015277779102325,0.4680555582046509,0.017077988386154173,0.21091998219490052
2024_17_DET_SF,2024,17,DET,34.0,26.0,1.047118685075215,0.7392857159887042,10.371428625924247,0.7928571445601327,0.5072711197038492,0.5388674053053061
2024_17_DET_SF,2024,17,SF,36.0,30.0,0.7488413836274829,0.8571428571428571,10.507142884390694,0.8214285714285714,0.2534418212515967,0.49539951767240253
2024_17_GB_MIN,2024,17,GB,30.0,19.0,0.1024976202419826,0.7214285731315613,6.299999986376081,0.5428571445601327,0.6781033320086343,-0.5848042156015124
2024_17_GB_MIN,2024,17,MIN,41.0,33.0,0.3730463646352291,0.8471590951085091,8.752746224403381,0.6753787882626057,0.181919208727777,0.19112717546522617
2024_17_IND_NYG,2024,17,IND,38.0,26.0,-0.24809177219867706,0.623106062412262,6.964330792427063,0.5492424294352531,0.6879501957446337,-0.9142606612294912
2024_17_IND_NYG,2024,17,NYG,22.0,17.0,0.9311898201704025,0.7847222238779068,11.590277751286825,0.7083333333333334,0.4539496848980586,0.4772401973605156
2024_17_KC_PIT,2024,17,KC,39.0,29.0,0.685508843511343,0.828373022377491,9.887400805950165,0.5987103171646595,0.47242153249680996,0.2269526720046997
2024_17_KC_PIT,2024,17,PIT,35.0,23.0,-0.186540510919359,0.6041005286905501,5.047354486253527,0.4317460358142853,0.1904623763014873,-0.37700286838743424
2024_17_LAC_NE,2024,17,LAC,40.0,26.0,0.4808178896253759,0.7053030349991538,7.2939393737099385,0.6590909118002112,0.48843976110219955,-0.007621874863451178
2024_17_LAC_NE,2024,17,NE,23.0,13.0,-0.5023952275514603,0.3444444470935398,2.9592592451307507,0.2351851893795861,0.5027043885654874,-1.005099626723677
2024_17_LV_NO,2024,17,LV,35.0,20.0,0.30849134070532663,0.5555555607591357,7.39682538168771,0.487528349672045,0.5048771713461194,-0.19638582638331822
2024_17_LV_NO,2024,17,NO,34.0,20.0,-0.1302622988820076,0.5700000047683715,6.899999952316284,0.4350000023841858,0.01560569554567337,-0.14586801333352922
2024_17_MIA_CLE,2024,17,CLE,43.0,24.0,-0.573942958842963,0.44375000707805157,2.9434027913957834,0.25,-0.0864546187222004,-0.4874883331358433
2024_17_MIA_CLE,2024,17,MIA,24.0,22.0,0.39081176263945444,0.9357142874172756,9.266666684831891,0.4825396878378732,-0.0246785112789699,0.4154902398586273
2024_17_NYJ_BUF,2024,17,BUF,27.0,17.0,1.2057709566317498,0.7261904776096344,13.852380883693694,0.645238097012043,0.45012752413749696,0.7556434810161591
2024_17_NYJ_BUF,2024,17,NYJ,32.0,23.0,-0.2972970349448068,0.6746031769684383,5.636904784611294,0.44642857568604605,-0.07519623637199402,-0.22856902756861278
2024_17_SEA_CHI,2024,17,CHI,26.0,16.0,-0.12798829972743989,0.4850000023841858,3.844999980926514,0.24000000059604645,0.7564700186252594,-0.8844583213329316
2024_17_SEA_CHI,2024,17,SEA,22.0,17.0,-0.6722964942455292,0.8416666686534882,7.211111227671306,0.4472222328186035,-0.2902738079428673,-0.3820227136214574
2024_17_TEN_JAX,2024,17,JAX,21.0,15.0,0.27019786462187767,0.6499999985098839,6.616666674613953,0.5249999985098839,0.22958511114120483,0.04061276791617274
2024_17_TEN_JAX,2024,17,TEN,30.0,19.0,-0.17836213298141956,0.5372023805975914,4.958333313465118,0.4568452388048172,0.5847568213939667,-0.7631189581006765
2024_18_BUF_NE,2024,18,BUF,31.0,18.0,0.060091838240623474,0.6236111149191856,3.530555541316668,0.33888889104127884,-0.1634102761745453,0.22350210944811502
2024_18_BUF_NE,2024,18,NE,28.0,22.0,0.4909014409640804,0.7604166716337204,8.755952268838882,0.575892860069871,1.0892446676734835,-0.5983432254288346
2024_18_CAR_ATL,2024,18,ATL,37.0,21.0,0.10974834362665813,0.615608478585879,7.6529101729393005,0.5822751447558403,0.3727647066116333,-0.26301636546850204
2024_18_CAR_ATL,2024,18,CAR,35.0,26.0,0.4961896969212426,0.753703710105684,7.18783066007826,0.5174603230423398,0.5533474584420522,-0.057157776628931366
2024_18_CHI_GB,2024,18,CHI,24.0,21.0,-0.3742889678105712,0.8166666626930237,5.105555574099223,0.32777778555949527,0.0012373576561609905,-0.37552635138854384
2024_18_CHI_GB,2024,18,GB,26.0,17.0,-0.13810129794809553,0.6301587356461419,6.545502715640598,0.3391534454292721,0.0601694132718775,-0.08854015590623021
2024_18_CIN_PIT,2024,18,CIN,46.0,37.0,0.3607476558536291,0.856994055211544,6.68839293718338,0.5938988141715527,-0.11759972851723433,0.47834736527875066
2024_18_CIN_PIT,2024,18,PIT,29.0,17.0,0.07647790653364998,0.49199134750025614,5.889610358646938,0.390909092766898,0.702890864440373,-0.6264129281044006
2024_18_CLE_BAL,2024,18,BAL,30.0,16.0,0.10164851322770119,0.48645833879709244,6.4395833015441895,0.47083333879709244,0.3437204286456108,-0.2420719675719738
2024_18_CLE_BAL,2024,18,CLE,33.0,18.0,-0.5625609010457993,0.5181089788675308,4.193269193172455,0.19262820854783058,0.21092374064028263,-0.7734846287639812
2024_18_HOU_TEN,2024,18,HOU,28.0,18.0,-0.24832326024770737,0.5833333373069763,5.543333387374878,0.48000000417232513,0.46938742995262145,-0.7177106603980065
2024_18_HOU_TEN,2024,18,TEN,27.0,16.0,0.5995206938435634,0.6049603273471197,11.411309480667114,0.5394841333230337,0.8138079990943273,-0.23885032286246619
2024_18_JAX_IND,2024,18,IND,39.0,23.0,0.06788429766893386,0.4952564150094986,7.134743559360504,0.3919230788946152,0.8219885930418969,-0.7541043110191822
2024_18_JAX_IND,2024,18,JAX,31.0,20.0,-0.0013712402433156967,0.6962121240794659,5.572537869215012,0.36098485440015793,-0.030391324311494827,0.029020069167017937
2024_18_KC_DEN,2024,18,DEN,29.0,26.0,0.8580682687461376,0.9330357164144516,10.129166603088379,0.7714285776019096,-0.07601811736822128,0.9340864811092615
2024_18_KC_DEN,2024,18,KC,17.0,10.0,0.0748347161071641,0.7380952409335545,5.595238089561462,0.2619047633239201,-0.33401777701718466,0.40885247928755625
2024_18_LAC_LV,2024,18,LAC,36.0,28.0,0.465485875805219,0.7751322736342748,6.973544915517171,0.6428571542104086,0.41325629005829495,0.04308466364940008
2024_18_LAC_LV,2024,18,LV,34.0,25.0,-0.19093270724018416,0.7324074059724808,4.884259263674418,0.4055555562178294,0.2490594138701757,-0.43999217947324115
2024_18_MIA_NYJ,2024,18,MIA,37.0,25.0,0.18076770193874836,0.582638893276453,5.727777779102325,0.5062500052154064,0.5399247650057077,-0.359157043043524
2024_18_MIA_NYJ,2024,18,NYJ,35.0,23.0,0.3364209800492972,0.7166666761040688,8.08749994635582,0.5104166697710752,0.1238286942243576,0.21259225229732692
2024_18_MIN_DET,2024,18,DET,32.0,27.0,-0.18694935739040375,0.8010204093796867,6.992857115609305,0.6244898012706211,-0.24373217352799006,0.056782807622637065
2024_18_MIN_DET,2024,18,MIN,38.0,18.0,-0.3230835944414139,0.5714285735573087,4.672619070325579,0.2916666695049831,0.49670836116586414,-0.8197919917958123
2024_18_NO_TB,2024,18,NO,39.0,26.0,0.33265450671315194,0.7832142919301986,7.237023878097534,0.5780952423810959,0.0024322998709976674,0.33022220730781554
2024_18_NO_TB,2024,18,TB,31.0,21.0,0.8159398498634497,0.7293650756279627,8.198412656784058,0.5833333333333334,0.8656737307707468,-0.04973392188549042
2024_18_NYG_PHI,2024,18,NYG,28.0,22.0,-0.5589425340294838,0.7260101040204366,3.878787888420953,0.38383838534355164,0.2627982844909032,-0.8217408342493905
2024_18_NYG_PHI,2024,18,PHI,41.0,27.0,0.367642366560176,0.6962121278047562,6.105681955814362,0.5702651590108871,0.23350997548550367,0.13413241470698267
2024_18_SEA_LA,2024,18,LA,41.0,27.0,0.3196043193133341,0.7654761970043182,8.753571457333035,0.6698412762747871,-0.11118061343828838,0.4535430139965481
2024_18_SEA_LA,2024,18,SEA,28.0,20.0,0.46060690922396524,0.6571428605488369,6.533333437783377,0.5333333398614611,0.39324784704617094,0.0991162998335702
2024_18_SF_ARI,2024,18,ARI,32.0,25.0,0.2741325900756887,0.7528138501303536,6.622727257864816,0.5255411267280579,0.15634570802961076,0.11778684173311506
2024_18_SF_ARI,2024,18,SF,42.0,29.0,0.28362307623028754,0.6833333373069763,8.630833387374878,0.5883333384990692,0.6253589950501919,-0.3417359486222267
2024_18_WAS_DAL,2024,18,DAL,33.0,20.0,0.13646530359983444,0.7208333425223827,7.825000122189522,0.5465277824550867,0.5234342142939568,-0.3869688818231225
2024_18_WAS_DAL,2024,18,WAS,31.0,21.0,0.22489419792379653,0.6807692348957062,6.2527472632271905,0.5835164870534625,0.2548600547015667,-0.016239696315356662
2024_19_DEN_BUF,2024,19,BUF,26.0,20.0,0.8008755221962929,0.7604166716337204,10.947916716337204,0.6979166679084301,0.9841689430177212,-0.2261644685640931
2024_19_DEN_BUF,2024,19,DEN,23.0,14.0,-0.3712291440460831,0.7152777835726738,5.041666626930237,0.2465277835726738,0.20457753236405551,-0.575806678738445
2024_19_GB_PHI,2024,19,GB,33.0,20.0,-0.03020176560514503,0.6296296351485782,6.559259202745226,0.5203703774346246,0.680160833729638,-0.7103626210656431
2024_19_GB_PHI,2024,19,PHI,18.0,13.0,0.20829002062479654,0.7500000049670538,6.069444457689921,0.4444444477558136,0.0922975813349088,0.11599242687225342
2024_19_LAC_HOU,2024,19,HOU,32.0,22.0,0.3094174796715379,0.734375,11.1875,0.453125,0.48575732903555036,-0.17633986938744783
2024_19_LAC_HOU,2024,19,LAC,32.0,14.0,-0.7357899881899357,0.41160714253783226,4.846428543329239,0.25535714253783226,-0.0731483493000269,-0.6626416206127033
2024_19_MIN_LA,2024,19,LA,26.0,19.0,0.7382182031869888,0.7569444477558136,10.22777783870697,0.6375000067055225,0.7743843095377088,-0.0361661221832037
2024_19_MIN_LA,2024,19,MIN,41.0,25.0,-0.0033389183485673535,0.7070987754397922,6.274382723702325,0.5700617349810071,0.3315260772489839,-0.3273222545782725
2024_19_PIT_BAL,2024,19,BAL,19.0,16.0,0.7614491539342063,0.8452380980764117,11.0,0.6785714328289032,0.31801594155175344,0.44343319069594145
2024_19_PIT_BAL,2024,19,PIT,26.0,20.0,0.6767718479968607,0.7354166693985462,11.389583319425583,0.5541666708886623,0.7751060510054231,-0.09833416156470776
2024_19_WAS_TB,2024,19,TB,17.0,15.0,0.7351576864719391,0.9,9.878571510314941,0.8,0.3074809432029724,0.4276767551898956
2024_19_WAS_TB,2024,19,WAS,32.0,24.0,0.3073393404483795,0.6785714285714286,7.097618920462472,0.48095238634518217,0.4491768607071468,-0.14183755973187676
2024_20_BAL_BUF,2024,20,BAL,27.0,18.0,0.4984842621617847,0.676851855383979,9.27685186598036,0.4194444451067183,0.14097131292025247,0.40853697599636185
2024_20_BAL_BUF,2024,20,BUF,21.0,16.0,-0.03684297431674269,0.7063492072953118,4.841269810994466,0.473544975121816,0.2293534063630634,-0.2661963651577632
2024_20_HOU_KC,2024,20,HOU,28.0,19.0,0.13004122343328264,0.6620370414521959,6.449074109395345,0.4398148192299737,0.24684843089845446,-0.1168072306447559
2024_20_HOU_KC,2024,20,KC,24.0,16.0,-0.3996298991971546,0.4120370348294576,3.1620370546976724,0.16203703814082676,0.034997213217947215,-0.43462707433435654
2024_20_LA_PHI,2024,20,LA,44.0,26.0,0.5479957740753889,0.7214285731315613,8.201785683631897,0.5571428649127483,0.6827194169163704,-0.1347236402798444
2024_20_LA_PHI,2024,20,PHI,20.0,15.0,0.4628957439213991,0.8571428596973419,7.6,0.6571428596973419,0.1424873173236847,0.3204083859920502
2024_20_WAS_DET,2024,20,DET,39.0,25.0,-0.171513003607591,0.6170995732148489,8.322113911310831,0.5867965420087179,0.6786518022418022,-0.8501648344099522
2024_20_WAS_DET,2024,20,WAS,29.0,22.0,0.6791346754346576,0.7023809552192688,9.299999986376081,0.6023809569222587,0.5506418687956673,0.12849283471171344
2024_21_BUF_KC,2024,21,BUF,31.0,22.0,0.361298617389467,0.7433862454361386,7.109788457552592,0.5013227528995938,0.24520488580067953,0.11609375394052929
2024_21_BUF_KC,2024,21,KC,26.0,18.0,0.8947321656677458,0.6804232862260606,8.710317505730522,0.7359788417816162,0.20862984098494053,0.6663188831880689
2024_21_WAS_PHI,2024,21,PHI,24.0,20.0,0.7209947407245636,0.825,8.775,0.825,-0.20888859033584595,0.9298833072185516
2024_21_WAS_PHI,2024,21,WAS,49.0,30.0,0.17466228869226244,0.5934523873858981,6.497486737039354,0.4346560835838318,0.5450490613778433,-0.38882282624642056
2024_22_KC_PHI,2024,22,KC,35.0,21.0,-0.06626889184117317,0.5738095283508301,4.819642877578735,0.48452381044626236,0.13348266813490126,-0.3494450855586264
2024_22_KC_PHI,2024,22,PHI,23.0,17.0,0.4920276155074437,0.6539682646592458,9.269047737121582,0.6063492198785146,0.6037136117617289,-0.11168601674338181
