passer_player_id,origin_season,target_start_season,target_end_season,target_span_days,k_epa,k_cpoe,k_success,k_informed,y
00-0000865,2006,2006,2012,2240,0.004200896968635008,-1.0826050295134024,0.416637445067461,-0.012372366706305947,0.027811671296296307
00-0003739,2006,2006,2009,1113,-0.07924462562396006,-1.77074778746594,0.4166389351081531,-0.08339473531189025,-0.12277968558951964
00-0004161,2006,2006,2008,721,-0.10974100419011626,-1.4900285556457615,0.4073039104054554,-0.13525135583588213,0.07420896309963099
00-0004161,2006,2006,2008,721,-0.007071738268233017,-0.36704725196351745,0.43424941716743776,-0.02047742138502626,0.031154883910386965
00-0004161,2008,2008,2009,364,0.03170443378043867,0.008657526439435445,0.4327296371576009,0.0180915271768947,0.022314004866180032
00-0004161,2008,2008,2009,364,0.009727872677647846,-0.978753807373027,0.4340208332862465,-0.00815362348628968,0.03725289573459715
00-0004161,2009,2009,2011,833,0.026519698799773825,-0.5611569855354788,0.44019455538076185,0.004125884737611947,-0.14703805765407554
00-0020245,2006,2006,2009,1106,-0.02572916113425615,-1.3930612821397348,0.4170138060296555,-0.012559861293099654,-0.1750564092009685
00-0020245,2006,2006,2010,1393,-0.10495816938250502,-2.634149946390559,0.38811560162031805,-0.10095130035782549,-0.10516155665024628
00-0020245,2009,2009,2010,417,-0.13149996493890398,-2.5962649289037087,0.38531727452501574,-0.13121234014074973,0.26565277483443706
00-0020245,2010,2010,2011,385,-0.09547045718387279,-2.3263601876731146,0.3885842353263704,-0.09797240960748253,0.14899445190562616
00-0020245,2010,2010,2011,385,0.04066041101443731,0.7398057752226783,0.43219886608907326,0.03688838045817076,0.0765239063063063
00-0020245,2011,2011,2012,386,0.04536911001307511,1.5200128583086732,0.444898705561397,0.04057255773103222,0.037198741666666674
00-0020245,2011,2012,2013,413,0.06807391745776607,0.9501503979493365,0.4527669553214479,0.06228773745744267,0.00022464915572232959
00-0020245,2012,2012,2015,1050,0.03790053367163643,0.942224896783606,0.4405368101202385,0.025981309532037717,-0.1322935603448276
00-0011024,2006,2006,2007,358,-0.012753837990055888,-0.05086690645259451,0.42737707075284903,-0.008538286161382969,0.03370969484536083
00-0024408,2006,2006,2008,819,-0.0686260743472775,-1.2299315119440477,0.4076482577889935,-0.09543916033901169,-0.2620060984042553
00-0024408,2006,2006,2009,1116,-0.10605403863522588,-2.6906834851055232,0.3848517034015112,-0.11483045111692801,-0.3044103475409836
00-0024408,2008,2008,2011,1071,-0.20721226895946293,-3.7971911894138892,0.3726669731941519,-0.21077113630356098,-0.14523575274725276
00-0019596,2006,2006,2007,357,-0.06323074109431627,-1.3197001294045887,0.4158931755502519,-0.08865326363783159,0.1858371355311355
00-0019596,2006,2006,2007,350,0.05372830994604133,-0.7550824701943555,0.4432810755429469,0.041200364195073044,0.35931648780487807
00-0019596,2007,2007,2008,357,0.13184972653913316,0.8290058001026589,0.45312513232504825,0.12165982173044573,0.38261417353951893
00-0019596,2007,2007,2009,721,0.24477599672210779,3.7262127344048745,0.5043840538856876,0.2357761223524235,0.2769372115384615
00-0019596,2008,2009,2009,111,0.26693737750199736,3.6138107912638855,0.515538533728991,0.25841436530677686,0.2324295239726027
00-0019596,2009,2009,2010,357,0.2650603668350544,3.7375093995782227,0.5190745659352939,0.25106515981031285,0.19005187850467292
00-0019596,2009,2010,2010,112,0.2587779267591692,3.7756397222691698,0.5160419636624609,0.23988908895268468,0.28784033397683395
00-0019596,2010,2010,2011,357,0.2351798957192172,3.0311601144442504,0.503518707603135,0.2132919329285207,0.3209716351118761
00-0019596,2010,2011,2011,111,0.2879360005620046,3.56230738610319,0.5074459712278774,0.26300726826770104,0.3086107990654206
00-0019596,2011,2011,2012,350,0.27241288896719296,4.032364240343513,0.5180740074290466,0.24771595688023051,0.32753642723004694
00-0019596,2011,2012,2012,112,0.300332375466073,3.467732605125353,0.5243163932437729,0.2747840523657138,0.2866566465256798
00-0019596,2012,2012,2013,350,0.300656530783573,3.5721586794513076,0.526965202909749,0.2749824563619001,0.14451431707317072
00-0019596,2012,2013,2013,112,0.297395785247384,2.6059366461206435,0.5275558800490725,0.2714606733906844,0.10868083783783784
00-0019596,2013,2013,2014,357,0.20483399096520596,0.7493201662078185,0.48916195821628794,0.17840152576692825,0.21149236392405063
00-0019596,2013,2014,2014,112,0.21097781803530846,1.0776819256473709,0.5005747106987694,0.18440596917117844,0.18176131788079472
00-0019596,2014,2014,2015,371,0.22009897391187602,1.2366974743517019,0.4977189123051525,0.192509039758507,0.2355741173780488
00-0019596,2014,2015,2015,115,0.20313917954323105,1.2608176258635861,0.49090431574965526,0.17514844712198172,0.19309346515151515
00-0019596,2015,2015,2016,385,0.23490089499854322,1.4849859495619022,0.4975083905141372,0.20775505100410108,0.2055740749601276
00-0019596,2015,2016,2017,357,0.19153472427689686,0.5850507304278079,0.47156230650514347,0.16383884432720333,0.31634356331168834
00-0019596,2016,2016,2017,356,0.22937398964330033,1.389721805311248,0.4781049433357153,0.20177044810590652,0.2996031516666667
00-0019596,2017,2017,2018,360,0.2526870083263446,1.8747466598752691,0.4865590118793654,0.22489210374152713,0.18069587966101697
00-0019596,2017,2017,2018,356,0.26821445299573926,2.8399786536489118,0.5020418251385262,0.23990388851790523,0.11793709983361067
00-0019596,2018,2018,2019,360,0.20888860052659464,1.9838462872153273,0.48872335420012625,0.18023107291185092,0.1767411273031826
00-0019596,2018,2018,2019,357,0.20105089089551906,1.560797667424521,0.503387224493549,0.17256450007152976,0.0962219352850539
00-0019596,2019,2019,2020,364,0.1895039364244345,1.394330379868445,0.4892410653403619,0.1607665995374663,0.027580992366412215
00-0019596,2019,2019,2020,357,0.12996377687666577,0.49712864607239576,0.468737150149203,0.10277884597185069,0.0827828814102564
00-0019596,2020,2020,2021,360,0.1025478592047177,0.29378426916265676,0.46010557203769925,0.07472459577587538,0.22621324279210925
00-0019596,2020,2020,2021,357,0.11325079950041518,0.7051429206765385,0.46113642851746917,0.08584962987337376,0.2624376954545454
00-0019596,2021,2021,2022,350,0.17110520525969122,1.3467094844088625,0.4813334533542539,0.14407411836934855,0.17802788922610016
00-0019596,2021,2021,2022,350,0.1787658897236216,1.6230949719780656,0.49532581952803306,0.1517441558154484,0.12847906090651556
00-0022912,2006,2006,2007,357,-0.04096104013082295,-0.030764013231361242,0.40696540228056216,-0.050400933224895625,-0.0696676525423729
00-0022912,2006,2006,2008,686,-0.12658364126646773,1.0675810709578246,0.4220944466309573,-0.13326288999805277,-0.016470013824884784
00-0005106,2006,2006,2007,357,-0.08500568181818181,-1.4348618919319023,0.40504476584022037,-0.09783023720909645,-0.012072273993808037
00-0005106,2006,2006,2007,357,0.03740175726481122,-2.175821003770669,0.44118679118253185,0.025663154550119055,0.08848184724409448
00-0005106,2007,2007,2008,357,-0.036406406417051604,-4.052002602474105,0.4126532138445398,-0.05067266429247168,0.2571949563567362
00-0005106,2007,2007,2008,357,0.08973328570407584,-1.12572426875014,0.4515234449888177,0.0724243057641414,0.09006996058091285
00-0005106,2008,2008,2009,364,0.10436866554541033,-0.15546516894807705,0.4569935909959152,0.08240278440279644,0.020811769927536226
00-0005106,2008,2008,2009,367,0.0826195231964385,1.3765314523744687,0.4685667167927111,0.05873069492720292,0.11541125
00-0005106,2009,2009,2010,354,0.048888346768656075,1.1860116905170106,0.47288261955294836,0.023644888314450174,0.23333167667844523
00-0005106,2009,2009,2010,357,0.10319547780985863,2.289334557201103,0.4815182510052949,0.07686656735074647,0.0798295237258348
00-0022121,2006,2006,2007,357,0.008635359572314864,0.10384169384698194,0.44070933739604873,-0.0007625821334310973,-0.08599918637274548
00-0022121,2006,2006,2008,714,-0.000583749137972104,-0.8562848330090127,0.43631764577026194,-0.00665403567196312,-0.20640631896551723
00-0022121,2007,2007,2011,1456,-0.07644764832793717,-3.041456778130023,0.40390452629580637,-0.08272628172448908,-0.1561342105263158
00-0022121,2008,2008,2011,1120,-0.12489051180554347,-3.3169046123417893,0.3942948503715498,-0.13162581716615263,-0.09272889097744362
00-0007835,2006,2006,2007,399,-0.06621476988940421,0.35778231057891774,0.4106314302533,-0.09470085859480863,0.09011940466101695
00-0007835,2006,2006,2008,644,0.04940115658319462,-0.7095033008243907,0.42333947972384034,0.029028146572745286,-0.11186148764044944
00-0021429,2006,2006,2007,358,-0.052425192552225254,-0.8840771899095669,0.4365122615803815,-0.03907468027456238,0.11391522477876105
00-0021429,2006,2006,2007,357,0.027600863323028794,1.6383734304187407,0.46193379181645094,0.03101235742101689,0.19883701584507044
00-0021429,2007,2007,2008,357,0.08663441689432579,2.802263121056032,0.46596415887103537,0.08645178492154632,0.08376319382504285
00-0021429,2007,2007,2009,693,0.1398524515408866,3.930345110701266,0.4794796744510782,0.13735495993181163,-0.02549552899824254
00-0021429,2008,2008,2009,455,0.07485830984545294,3.402022449761731,0.4672241561473914,0.07061301866632884,0.08906485171102661
00-0021429,2009,2009,2010,357,0.0625977301834319,2.38952789809133,0.4633425537591568,0.05722950829609391,0.06797094346978558
00-0021429,2009,2009,2010,357,0.08327162023281459,2.1772110144492567,0.4672430163729593,0.07671541146387384,-0.00556436815920398
00-0021429,2010,2010,2011,399,0.05245103598785025,1.4646978787283988,0.46540482815661066,0.04539515410690807,0.09138950089445438
00-0021429,2010,2010,2012,644,0.03672751525634066,1.0709520532066794,0.46551787416940027,0.029483113183638828,0.15851594148936174
00-0021429,2011,2011,2012,357,0.07699897226771966,1.6448273529103485,0.4751202717297387,0.06903209199527774,0.035841088059701494
00-0021429,2012,2012,2013,364,0.09550268507250065,1.969094194175159,0.4775148516334093,0.08457024639220524,-0.03777847096774194
00-0021429,2012,2012,2013,364,0.04242242698110872,1.103981764143881,0.4605023316634418,0.026888917349992537,0.008810456706281826
00-0021429,2013,2013,2014,385,0.018680334869684782,0.6490663939671881,0.4581434355652769,-0.001053239821698737,0.10743695081967214
00-0021429,2013,2013,2015,679,0.026953206405552897,1.9683941601950403,0.45943364864801106,0.004918494245907245,0.20378897731239093
00-0021429,2014,2014,2015,413,0.07086802032091041,1.7124706962920637,0.45239805715594195,0.04698183198584534,0.27386794280762566
00-0021429,2015,2015,2016,363,0.11152643467665971,2.5149614733735586,0.46655727720593926,0.08567823914268723,0.1912283829787234
00-0021429,2015,2015,2016,363,0.17398817765767793,3.4133275907910474,0.4814878895742634,0.14754209769836651,0.04621609938837921
00-0021429,2016,2016,2017,357,0.14533970401994817,2.4254322128755077,0.47884983604083164,0.11871706794528279,0.01667922485207101
00-0022177,2006,2006,2009,1105,-0.01948800084979818,-0.2607624402205122,0.43416192946675164,-0.02057363165017828,-0.08416529189189188
00-0019599,2006,2006,2007,357,-0.0834494324893626,-1.868933029585934,0.40493738838100857,-0.1065106173298927,0.09288024960753534
00-0019599,2006,2006,2007,371,0.06838541805345685,1.1035514989755686,0.4570635846253013,0.057093889336656524,-0.027026438898450952
00-0019599,2007,2007,2008,399,0.04748810556593759,-0.028728274817997113,0.4479117331766553,0.0386363942316414,-0.12752882982791588
00-0019599,2007,2007,2008,364,0.0075290081646223,0.5975276524606761,0.4386226686737895,-0.0010810453597870778,-0.18895970622568095
00-0019599,2008,2008,2009,364,-0.047884111510984734,-0.4425495978774376,0.4148340882519527,-0.056483762981126256,-0.17370153503184713
00-0010346,2006,2006,2007,354,0.0172037301377774,-0.7134928922743095,0.43399884497978714,0.02933054642167051,0.324516315978456
00-0010346,2006,2006,2007,357,0.20943263552305502,1.9203809916731476,0.5105962883175198,0.2127372264835313,0.26625944503546095
00-0010346,2007,2007,2008,357,0.24875953943246265,2.5415913823157723,0.523249222983177,0.24847805496144648,0.2565708868940754
00-0010346,2007,2007,2008,357,0.24660885387086387,2.8240432733425216,0.5321335346011249,0.24409527586672403,0.17954188309352517
00-0010346,2008,2008,2009,364,0.25488255791093717,2.4460844545375102,0.5249243930777817,0.2498349491091522,0.2816247050359712
00-0010346,2008,2008,2009,364,0.21822315169418788,2.1299039355569693,0.5016044096124738,0.20651075469872668,0.3800062767402377
00-0010346,2009,2009,2010,356,0.284862417006828,4.232294687405394,0.5366521362702072,0.26777719828118196,0.30024956644518275
00-0010346,2009,2009,2010,357,0.2792783989451928,4.909804205970778,0.5356749007540116,0.25979924284489353,0.2629220260586319
00-0010346,2010,2010,2012,721,0.2894366625224369,5.035893016721883,0.5411490742476046,0.266930384196935,0.18931925864661656
00-0010346,2010,2010,2012,721,0.25932368698067865,4.133969110441286,0.5287159962914089,0.23603183854405843,0.19902221003134798
00-0010346,2012,2012,2013,353,0.2223861072171426,4.689922185659,0.5251574677395108,0.1977312693253581,0.2818467588996764
00-0010346,2012,2012,2013,357,0.2322867647943347,5.25936741813837,0.5283247269474164,0.2064957628199851,0.35367071583850934
00-0010346,2013,2013,2014,357,0.25708307826010923,5.621781348629875,0.5263090454734566,0.23050562704868033,0.374635177877429
00-0010346,2013,2013,2014,357,0.28918108047687285,6.3870211916026225,0.538742780234664,0.2628661564940728,0.3207467328244275
00-0010346,2014,2014,2015,364,0.3114195533165908,5.655322552941068,0.5381152248082282,0.28488164395100574,0.1564687729468599
00-0010346,2014,2014,2015,364,0.3021061319002693,5.624332127646488,0.5366558514638875,0.2754017960640579,-0.024274101867572152
00-0022803,2006,2006,2007,357,-0.00312532849705556,-1.0932851942717687,0.440343160194589,0.009419618176757558,-0.0030724963898916945
00-0022803,2006,2006,2007,356,-0.0017456424844659452,-0.936798428830752,0.4597858553717224,0.0016945076218279828,-0.04772266162570889
00-0022803,2007,2007,2008,354,0.003363883715205268,-2.095480800877388,0.4538202602812405,0.0031343035642840897,-0.11739952189781021
00-0022803,2007,2007,2008,357,-0.03340512189047439,-2.7499042695357523,0.43830732006410483,-0.035978069072050096,-0.02141695099818512
00-0022803,2008,2008,2009,364,-0.06636287366324435,-4.091724863730709,0.4298806877517821,-0.07051532047087554,0.107231028
00-0022803,2008,2008,2009,357,-0.021054149508763765,-2.846275451889858,0.4376365988333676,-0.026534156279435644,0.12011537848605579
00-0022803,2009,2009,2010,357,0.015678904233449517,-2.293183320136611,0.4526183336402334,0.009157047578766415,0.15910206877323424
00-0022803,2009,2009,2010,357,0.049008844823010926,-1.7637248024707173,0.4479343809892641,0.041859278096806896,0.11819622891566266
00-0022803,2010,2010,2011,357,0.08944572127505045,-0.2688065764157768,0.4598570213287368,0.08190945892707499,0.06466399284436494
00-0022803,2010,2010,2011,357,0.08059934325045551,1.1255090901683873,0.47079780598695825,0.07293062445958969,0.14637897137745975
00-0022803,2011,2011,2012,352,0.07614360540720247,0.40043230498065885,0.4581555385477393,0.06804641816410904,0.15522171915584415
00-0022803,2011,2011,2012,350,0.11477017512436052,1.2446236977661251,0.4660172466293385,0.10670341264188661,0.12286988467874795
00-0022803,2012,2012,2013,357,0.11326484724339168,0.8320805647921199,0.46450611954565524,0.10520342598685288,0.11029776106194689
00-0022803,2012,2012,2013,364,0.11688319144221458,0.8346618604370026,0.474271012150875,0.10859379344405003,-0.02868224310344827
00-0022803,2013,2013,2014,358,0.10299367761311688,0.6534151266849411,0.47727549399542885,0.09364153584587472,-0.11290546896551724
00-0022803,2013,2013,2014,357,0.030710942311209834,-0.4922466659673439,0.4571281501356501,0.015786489808276127,0.011946975736568466
00-0022803,2014,2014,2015,364,-0.010689331587589598,-1.0465641912878152,0.4430991245102767,-0.029938537908918726,0.12336761428571429
00-0022803,2014,2014,2015,357,0.025280132421686665,-0.5556888865390051,0.44711589514616923,0.0036564090152323737,0.15448597663551403
00-0022803,2015,2015,2016,357,0.05508521122490574,-0.31309582946468006,0.4475341774878067,0.03197559310585141,0.09965279905808476
00-0022803,2015,2015,2016,365,0.08741110904156658,0.14876755994185767,0.45948854154435337,0.06294248141638789,0.010208816513761465
00-0022803,2016,2016,2017,357,0.06469200089967587,-0.6881535414076334,0.45376730494940604,0.03923692096738779,-0.028912533333333327
00-0022803,2016,2016,2017,357,0.0424082304083351,-1.1418322164801684,0.44831890116751494,0.01661097978883745,-0.04349930505709624
00-0022803,2017,2017,2018,363,0.004917397769479283,-0.947545201557876,0.44737643558718065,-0.02181616982768574,-0.11431357339449541
00-0022803,2017,2017,2018,364,-0.001154618668255828,-0.9553848991254956,0.44374537957212656,-0.02824571195445146,-0.06129706441717792
00-0022803,2018,2018,2019,357,-0.05800290271393037,-2.156911865588124,0.4287899885476604,-0.08467545074298297,0.06547339745627981
00-0020531,2006,2006,2007,354,-0.027086077471791106,-1.0962894837355963,0.42864554498292334,-0.03897979762609043,0.1783611198630137
00-0020531,2006,2006,2007,357,0.14910365773457213,1.0035077485535853,0.48145631286785634,0.1423306897482407,0.09150229720853857
00-0020531,2007,2007,2008,357,0.11583900165379252,0.3493271282073346,0.4729777723545214,0.10930435514125403,0.12309403181818183
00-0020531,2007,2007,2008,357,0.10385494392838883,2.217163892473933,0.4870468176294839,0.09748551703136922,0.1829595811836115
00-0020531,2008,2008,2009,364,0.12103673397839748,2.817152795492644,0.4994790106669093,0.11441720202415138,0.2750557577639751
00-0020531,2008,2008,2009,364,0.1452589968334986,3.0151167526466702,0.5004833743014111,0.13841483240802377,0.26463462867012094
00-0020531,2009,2009,2010,365,0.20828973300456494,2.925363590029118,0.5188395207131719,0.20104568007202495,0.2495214513888889
00-0020531,2009,2009,2010,364,0.20008405007294686,3.4377954861404736,0.5126631076062458,0.19226939628945897,0.22401475531914894
00-0020531,2010,2010,2011,357,0.23150354242659785,4.729466122959367,0.5183877683978843,0.2236130596347047,0.1474654726224784
00-0020531,2010,2010,2011,353,0.20178472729378308,5.113859213328587,0.5139470866427807,0.19409046169205232,0.187175619047619
00-0020531,2011,2011,2012,357,0.19250622193750944,4.787867334387009,0.5054625674664461,0.18315869645245597,0.2927699109195402
00-0020531,2011,2011,2012,356,0.19358095491574093,5.38801267933933,0.5193282848269891,0.1789307056946246,0.33666956773211565
00-0020531,2012,2012,2013,357,0.24062335623841352,5.1151222823380955,0.523835547438431,0.22239178514444713,0.18147812130177512
00-0020531,2012,2012,2013,357,0.2572179937637204,4.639500895640888,0.5293328015547295,0.23565073559740263,0.18488620283687943
00-0020531,2013,2013,2014,357,0.20548970929185792,3.9230745323238954,0.5164653510741382,0.1828580496230819,0.218205317715959
00-0020531,2013,2013,2014,360,0.23449491665758412,4.501229488845296,0.5181237871041562,0.21061708947954746,0.15549910058309038
00-0020531,2014,2014,2015,364,0.2096134623466842,4.496621058335475,0.51138942984759,0.18487837678926633,0.12894509523809522
00-0020531,2014,2014,2015,370,0.19520870468073034,4.081863780182878,0.5056045319218981,0.1698944686505022,0.09211154166666667
00-0020531,2015,2015,2016,358,0.15131457581836416,3.5360965356791985,0.494340952006019,0.12577456291421735,0.17017970297029703
00-0020531,2015,2015,2016,357,0.12964342423511288,3.4045637424921855,0.4869680593085886,0.10375928947986773,0.24651852547307132
00-0020531,2016,2016,2017,357,0.15977972825809647,3.1425644098319934,0.4919148943913205,0.13407191057866516,0.18388411278195488
00-0020531,2016,2016,2017,357,0.19268833882680647,4.19967263650755,0.5071447895098781,0.1662124796774033,0.16489791611842103
00-0020531,2017,2017,2018,357,0.1760965006354158,3.849487496787724,0.4991814129519062,0.14940178192854717,0.2213164643478261
00-0020531,2017,2017,2018,354,0.18715533001972065,4.032793021955282,0.5008360949918905,0.1589082375845993,0.34431941713221603
00-0020531,2018,2018,2019,406,0.19693367048863805,4.678298884896537,0.5103275094815475,0.16887013882100904,0.23159865234375002
00-0020531,2018,2018,2020,654,0.278116693500897,5.308399340392575,0.529533290932392,0.24804050938952388,0.1501294946236559
00-0020531,2019,2019,2020,364,0.18934280811445603,4.819807440830794,0.5177715811763064,0.15966757268476794,0.2592249077757685
00-0023502,2006,2006,2009,1197,-0.08934896005509642,-0.7445624026646929,0.4180871212121212,-0.10641396479045924,-0.23766133858267713
00-0003292,2006,2006,2008,777,-0.09072969653286939,-1.7988652351781789,0.4065282417049832,-0.09023565679816876,0.017324167138810197
00-0003292,2007,2008,2008,112,-0.07879446251969671,-2.108738659968639,0.4121390296045884,-0.08644605628570559,0.06913817647058823
00-0003292,2008,2008,2010,679,-0.014182567357355864,-2.7077507094332938,0.42019660505790113,-0.02612723386498135,-0.0018574610389610288
00-0003292,2008,2009,2010,472,0.010675452829075546,-2.2465603556385965,0.42626480172059095,-0.005871085890877835,-0.015738222457627116
00-0019559,2006,2006,2007,357,0.029506182919056725,0.35647811622832193,0.4427449124707882,0.021830982334902736,0.03829344779116464
00-0019559,2006,2006,2007,399,-0.007646277328972881,-0.25743974553760507,0.42975957707799173,-0.013453756462140195,0.030324519083969458
00-0019559,2007,2007,2008,406,0.04676313037068902,1.4937036095600404,0.45816122893786115,0.04102557466254436,0.0670259281553398
00-0019559,2007,2008,2008,112,0.015703024269953812,2.9534004595363825,0.45503231252331316,0.009541571390839531,0.18098492369477912
00-0024218,2006,2006,2007,364,-0.053403527739658896,-0.8043964066924068,0.42653401293863946,-0.04692923450030248,-0.11881770921985817
00-0024218,2006,2006,2007,364,-0.13027540669913626,-4.4142898498167025,0.37036402350349024,-0.12407089554739152,-0.0619796881959911
00-0024218,2007,2007,2008,461,-0.08669632440623767,-3.0874373296165336,0.3872348769645575,-0.07947322697306328,-0.04738129545454546
00-0024218,2007,2007,2009,735,-0.09577987497399232,-1.7484558632619127,0.4120018597290878,-0.08751594531653747,0.08512658789625362
00-0024218,2008,2009,2010,357,-0.07091314512052412,-1.0644654508671276,0.4192313284434278,-0.06328900466379915,0.0835344115942029
00-0024218,2009,2009,2011,714,-0.013055174851940299,-0.7308495337042427,0.42500080559321446,-0.00977977632126358,0.11756116569767441
00-0011022,2006,2006,2007,406,0.02580650803858521,-0.4734163583279861,0.43657982772042647,0.03342877475484387,0.0697371168141593
00-0011022,2006,2006,2008,658,0.05950446447149319,-1.3449725578788736,0.4266130740021502,0.06075437005533657,0.08437214209591473
00-0011022,2007,2007,2008,371,0.04608407393888734,-1.9153046507314504,0.43620744158010566,0.044593858629941995,0.11260296592844973
00-0011022,2008,2008,2009,363,0.07352110274522235,-0.885013927423483,0.4527430870370599,0.07017453932168571,0.07135938086956521
00-0011022,2008,2008,2009,378,0.08447611763284807,-0.8604198092018949,0.4617994765807571,0.07981670464979032,0.07183374822695035
00-0011022,2009,2009,2010,350,0.07353370681006989,-0.9748713332645498,0.45641917719586056,0.06294980175883413,0.08926864902998237
00-0011022,2009,2009,2010,357,0.0834388314085896,-0.24784805192477616,0.4531138286357126,0.06783704697987959,-0.009889478920741993
00-0011022,2010,2010,2011,378,0.07737098743376619,-0.5521714673567683,0.44788111814424275,0.05783895932573782,-0.06225348347826087
00-0020608,2006,2006,2007,371,-0.06344106887052342,-0.02937975795706871,0.4180871212121212,-0.050787045094949364,-0.07995899118942733
00-0020608,2006,2006,2009,1043,-0.014366481768279114,1.273637974427477,0.4377148533833345,-0.010512238701010142,-0.18134629539295397
00-0020608,2007,2007,2012,1918,-0.07962210277985071,1.6746735009022715,0.428957005573874,-0.07959683646864739,-0.14293636538461538
00-0007091,2006,2006,2007,385,-0.03608185175386191,0.5126835621863057,0.42741312588546554,-0.06019199313669618,0.024522410881801123
00-0007091,2006,2006,2007,360,-0.039143041710173423,-1.3869587608342928,0.4180233780125555,-0.05227688380814351,0.11117617821782179
00-0007091,2007,2007,2008,399,0.007788499057724501,-0.7568364209617506,0.4346067411376642,-0.003886838501689506,0.02877803577512777
00-0007091,2007,2007,2009,693,0.05125120136500591,0.3169083003554395,0.4613021007082049,0.03615553899740802,-0.060655145488029465
00-0007091,2008,2008,2009,406,-0.00011690102447691787,-0.7948181447406475,0.44912880131485994,-0.019372104030202168,-0.1093609070945946
00-0007091,2009,2009,2010,364,-0.013601433833053978,-1.1236473464107428,0.44672851696577964,-0.03510778023973847,-0.10272314190317197
00-0007091,2009,2010,2011,371,-0.07422188521714362,-1.6887105884779958,0.4213755374050499,-0.0973346764784911,2.6553734061911738e-05
00-0007091,2010,2010,2011,364,-0.053809283293274154,-2.053466260871431,0.4191618840965609,-0.0784036259617342,0.030945748106060614
00-0007091,2011,2011,2012,371,-0.036689529848711724,-0.9750440839404112,0.43477958013694207,-0.06343065234690028,-0.05623118273092369
00-0007091,2011,2011,2013,714,-0.01583991802847007,-1.4974546170595247,0.43185775712054625,-0.04359168020307212,-0.0855495625
00-0007091,2012,2012,2015,1148,-0.05995929554122478,-1.4132363031348654,0.43366835680891846,-0.08955247211391135,0.07461709443099275
00-0009311,2006,2006,2007,357,-0.06032703993344426,-1.5284698864668482,0.4124376039933444,-0.08689825678577325,-0.036385651445966505
00-0009311,2006,2006,2007,357,-0.027393935052265908,-0.19272545820222992,0.44693104468041045,-0.045193927885097164,-0.03657485893416927
00-0009311,2007,2007,2008,357,-0.031925011040236845,0.1420805692292354,0.4501047207531229,-0.049434056517360714,-0.03952521252059309
00-0009311,2007,2007,2010,1099,-0.021299396992433065,1.273540290432248,0.4541587158255622,-0.04110869555684625,-0.10579152151462994
00-0017200,2006,2006,2007,448,-0.0036025158069883587,-1.1701992188919164,0.429242928452579,-0.03017373265931734,0.045134116564417175
00-0017200,2007,2007,2008,357,0.06847225338014987,0.6657412654462762,0.45381269937890484,0.04733578578642648,0.12173835353535352
00-0017200,2007,2007,2008,357,0.029539323699142105,0.8633223874170091,0.46337625217649436,0.010329235958108529,0.22744732457496133
00-0017200,2008,2008,2009,371,0.10488680736750393,2.6923530605174584,0.4904505524080276,0.08524432214452046,0.1356769764890282
00-0017200,2008,2008,2009,371,0.13989813618089955,4.037457880229806,0.4985373097249033,0.11904031675534936,0.07504699315068493
00-0023436,2006,2006,2007,358,-0.012029843393625464,-0.9626571791347095,0.42261574347299385,0.0010241417428716731,-0.1125100127388535
00-0023436,2006,2006,2009,1078,-0.020204693134435972,0.6157508053209148,0.4164357668335837,-0.010567938991734164,-0.19441312262156446
00-0023436,2007,2007,2009,833,-0.08773845402954028,-1.4356747408840078,0.38731124658169686,-0.07848055331039697,-0.1365109384328358
00-0023436,2009,2009,2010,350,-0.12444869201991089,-2.7323657450018666,0.38048245868883235,-0.11627703946045304,-0.07254135194585448
00-0023436,2009,2009,2011,637,-0.1147284209168767,-2.548487283971329,0.3811018958099828,-0.1117951543528635,-0.018508129593810443
00-0023436,2010,2010,2011,357,-0.09779766671540344,-2.5503816178495584,0.3917371141824656,-0.09823084175457042,0.05412344206008585
00-0023436,2011,2011,2012,357,-0.062038978667828246,-1.8265961435423819,0.3911693571560978,-0.06486868955359541,0.05541342712550608
00-0023436,2011,2011,2013,644,-0.02181862961009307,-1.4240310767163644,0.407120233992343,-0.02640439606225471,0.0707660579064588
00-0023436,2012,2012,2013,406,-0.0024893118077454622,-1.4385512475901536,0.4189292346837022,-0.008290634634446032,0.04291703379721669
00-0023436,2013,2013,2014,367,0.019493057634611163,-0.7618520556947189,0.4282524250803861,0.012391749833528802,0.059011118150684945
00-0023436,2013,2013,2014,361,0.00856595868122182,-1.9020525758431992,0.4233711125990844,0.0014146640209519324,0.15341229101562498
00-0023436,2014,2014,2015,370,0.03726043655983161,-0.994809724228775,0.4340998751487331,0.029655201085790363,0.10378659285714287
00-0023436,2014,2014,2015,371,0.07073647027847689,-1.1915351780749868,0.44430911615545426,0.06257453183260499,0.06917321640488655
00-0023436,2015,2015,2016,357,0.06767846358187575,-1.3101684105952764,0.44207288171974113,0.05976551084798276,0.053910740671641796
00-0023436,2015,2015,2016,361,0.07745597095055913,-1.318329547737025,0.4404399104473434,0.06906991998182914,0.07002720952380953
00-0023436,2016,2016,2017,357,0.055628604558085465,-0.7321003723022024,0.44164444233938166,0.044196950790276815,0.184408505859375
00-0023436,2016,2016,2017,357,0.07459414633744169,0.20958750518574598,0.452289506898634,0.05760674915420348,0.1378874618117229
00-0023436,2017,2017,2018,371,0.12795752795891183,2.084692968319191,0.4680489446454859,0.10739927639473115,0.07886174694589879
00-0023436,2017,2017,2020,1072,0.10371468913471965,1.6017505505363407,0.4614019539342356,0.08099872008078032,0.013514837789661324
00-0008442,2006,2006,2008,763,0.01062371847304483,-1.109797116157752,0.4199126931390774,-0.015946701557654958,-0.19754819834710743
00-0022942,2006,2006,2007,357,-0.008387889962578755,-0.6318996836126585,0.43138650011842167,-0.004368062304707911,0.1505841917808219
00-0022942,2006,2006,2007,357,0.16303091379003445,1.9101517740145013,0.46894272223433353,0.16761430157751173,-0.033511081545064374
00-0022942,2007,2007,2008,357,0.10057647920169192,0.6792150591438145,0.44805773523906034,0.10301404329022733,0.08917198319327732
00-0022942,2007,2007,2008,357,0.050433081089902396,0.8089358821350707,0.4481865256261805,0.04964688237027154,0.2760233172690763
00-0022942,2008,2008,2009,365,0.10480046463723455,1.1605892713821735,0.4454023252120169,0.10175577398680599,0.25222017919075146
00-0022942,2008,2008,2009,364,0.16436096806709782,2.239691743540299,0.46807852735804745,0.15979131686221082,0.18813144464944648
00-0022942,2009,2009,2010,358,0.17088452098850737,2.610289611661179,0.4822177334680903,0.16518881648867834,0.33145313698630136
00-0022942,2009,2009,2010,350,0.18192468526151384,2.943728394735115,0.4829401482674023,0.1754127152070559,0.40614593542435423
00-0022942,2010,2010,2011,357,0.2578614771849724,4.075261888880931,0.4971547454750918,0.2504985450926862,0.2813570544217687
00-0022942,2010,2010,2011,353,0.2774126261551317,4.631230483941266,0.49707891353902706,0.2699501658300978,0.1317162798013245
00-0022942,2011,2011,2012,358,0.2554335356528618,5.128704746649641,0.505001379331328,0.2476953322352297,0.17720810437710438
00-0022942,2011,2011,2012,357,0.18699218590428948,4.209404713788687,0.4998136918818095,0.1793287438947239,0.1756564198198198
00-0022942,2012,2012,2013,358,0.22931956620690677,4.741189881614119,0.4981297102403132,0.22120767811813305,-0.013943886164623474
00-0022942,2012,2012,2013,357,0.1688619779511101,4.981254771265182,0.4963726492131898,0.16059135282693518,0.13955779595278248
00-0022942,2013,2013,2014,358,0.11169002325039674,3.529447559926267,0.46979749060190923,0.10321144750333101,0.29790948615916957
00-0022942,2013,2013,2014,350,0.17041184874436788,5.289157924288664,0.5005209689309656,0.16206569072149107,0.2760557071823204
00-0022942,2014,2014,2015,364,0.19691194886115398,4.871580284793857,0.49455328350234345,0.18436862918696548,0.1462662026143791
00-0022942,2014,2014,2015,358,0.21738566050917943,5.63644664056674,0.4944389783002698,0.19991020388704484,0.08213112711864408
00-0022942,2015,2015,2016,357,0.15910695158912613,5.279107066119484,0.49185527441594334,0.13926992021870616,0.09174634289813487
00-0022942,2015,2015,2016,350,0.1484125035289174,4.871237022610388,0.49452790354024484,0.12727584996647046,0.08969779780564263
00-0022942,2016,2016,2017,358,0.12960098147536056,3.8615734036728875,0.478658335046803,0.10649271674050477,0.07137033006535948
00-0022942,2016,2016,2017,364,0.1267800677044066,3.200150167328179,0.4707194080413982,0.10213550219593767,0.050392442595673874
00-0022942,2017,2017,2018,357,0.09759004568086395,2.2064967935489106,0.46499231419290243,0.07161467892436192,0.21262423529411767
00-0022942,2017,2017,2018,357,0.10022840772678626,1.1179626840174217,0.4597676155505134,0.07328787356808134,0.3335332545787546
00-0022942,2018,2018,2019,357,0.1617157120667658,1.8720098186983538,0.4719741118626091,0.1347394587171571,0.25038680602636537
00-0022942,2018,2018,2019,350,0.20026196643250854,2.1974690615032975,0.4790333722216607,0.17103721172270983,0.15248841350906095
00-0022942,2019,2019,2020,364,0.19260036176317158,2.5419084730864223,0.4897755222502982,0.163733225514348,0.11274164025356576
00-0022942,2019,2019,2020,371,0.17309653203706754,3.0003110403468263,0.49854137386921676,0.14462168085743132,0.13912148060708263
00-0022942,2020,2020,2025,1911,0.15180099967953795,3.2424435663841167,0.4988792033798881,0.12399954289875872,0.1694455156537753
00-0006423,2006,2006,2008,798,-0.0453876328689542,-0.9112061324655245,0.4229142828714989,-0.06761182025342675,-0.04818504208416834
00-0022924,2006,2006,2007,357,-0.12431393942776019,-1.274253294147442,0.4015533503456516,-0.12778102004009156,0.08095795692883893
00-0022924,2006,2006,2007,357,0.02838037713224509,2.192154310259472,0.44887260126171974,0.02979806543149369,0.12846900417536536
00-0022924,2007,2007,2008,364,0.03872127533529243,0.20009828911413327,0.4428150738201949,0.04145623506625197,0.13459213793103447
00-0022924,2007,2007,2008,360,0.08763402893209464,2.6308486296482227,0.4591414912548508,0.08709354727212054,0.03567830382293762
00-0022924,2008,2008,2009,363,0.07278848318910172,3.2731659406355607,0.46438664852715905,0.06988954342454044,0.038385370304114486
00-0022924,2008,2008,2009,371,0.05955359314660059,2.138811083453338,0.4614749399145852,0.055128803808051824,0.10124438556338029
00-0022924,2009,2009,2010,400,0.06706190074457292,2.5930079632265843,0.46671558875345226,0.06154486949115982,0.15220524368231045
00-0022924,2009,2009,2010,388,0.0845282046704398,3.4176119488959893,0.4834186925120376,0.07816394976473198,0.17351799474605956
00-0022924,2010,2010,2011,350,0.10364058261060335,3.093283887363117,0.46835173315028944,0.09653444477385167,0.1735566181818182
00-0022924,2010,2011,2012,364,0.1364949057981015,3.087894459300841,0.46893058498852336,0.12903212550336238,0.14139942617449663
00-0022924,2011,2011,2012,372,0.1403399903514874,3.1589341851758914,0.46947562726349823,0.13273543159005188,0.1740504504347826
00-0022924,2012,2012,2013,378,0.1399585523002273,2.9210490604886004,0.46927961214065617,0.1321005240172584,0.10087683084577115
00-0022924,2012,2012,2013,354,0.15155671585242173,3.4209258636526707,0.4837704627882477,0.14339476563921205,0.08572445754716983
00-0022924,2013,2013,2014,350,0.10478648419627745,3.0292499396929835,0.4805757114811274,0.09674953060551952,0.14882696638655465
00-0022924,2013,2013,2014,357,0.12931195650535532,2.8892475431374534,0.4738731356504822,0.12130864174507106,0.18423597120000001
00-0022924,2014,2014,2015,392,0.1273298699550016,3.0536795973739705,0.4759103207856198,0.11584145381333295,0.27334811532385467
00-0022924,2014,2014,2015,392,0.15780434704586313,3.6803249664614777,0.48744260454677507,0.1420344808393016,0.2431093244094488
00-0022924,2015,2015,2016,371,0.2027956346403082,4.374679956065225,0.5025473160164349,0.18294733486879375,0.1539298793604651
00-0022924,2015,2016,2017,370,0.19853223963553004,4.773752480399229,0.5035899416890677,0.17693708872785668,0.15392585808580855
00-0022924,2016,2016,2017,361,0.17344709943464157,4.094659410798392,0.4904976829702401,0.15042499457242248,0.12596188235294117
00-0022924,2017,2017,2018,365,0.17404075564442661,3.678892104696554,0.49153236513413356,0.14857216333431547,0.1517654786585366
00-0022924,2017,2017,2018,364,0.15220464405502315,3.368197320218227,0.48982871932769356,0.1256319190597298,0.22624659773371106
00-0022924,2018,2018,2020,715,0.17460472114064954,3.328447858059935,0.4969895387018875,0.14888389717539588,0.19679365076923075
00-0022924,2018,2018,2020,714,0.20034964464400895,2.7803326396742634,0.49739297164018365,0.17455009138850172,0.17434349597423512
00-0022924,2020,2020,2021,364,0.18251565922799307,2.2417973203180783,0.49269250100036804,0.15562290682528118,0.06311979610194902
00-0022924,2020,2020,2021,371,0.18264847987225072,1.6471799077232467,0.4890197076523987,0.15548560009771578,-0.04957504949053857
00-0024225,2006,2006,2007,364,-0.05737723799086028,-1.1994784934855411,0.41623222999665216,-0.06051450606526174,-0.0057797263581488975
00-0024225,2006,2006,2009,1064,-0.016529274729277104,-3.1555382610191365,0.41369871322381924,-0.01484414082601226,-0.04221364462809917
00-0022055,2006,2006,2008,784,-0.05310654464944088,-1.0395740269140838,0.41580041580041577,-0.07676089200356952,-0.06552860975609756
00-0022055,2007,2007,2009,693,-0.11306814037936078,-1.1300357699008878,0.41237986409054245,-0.12844294515483531,0.043292041975308636
00-0022055,2008,2008,2010,742,-0.06298414296404073,-1.4472109438596557,0.40570975946841115,-0.07420390266457527,0.05220748039215687
00-0005755,2006,2006,2007,350,-0.0538393115168385,-1.1558275985137527,0.41788965723098354,-0.08561743465150785,0.1319589935064935
00-0005755,2007,2007,2008,399,0.014452217349551459,-0.04403525288749999,0.42642823225423326,-0.007442076269616051,0.17716043427230047
00-0005755,2007,2007,2008,406,0.0756153253507362,0.7399320219807753,0.44053269492256963,0.05519766349529231,0.0990259090909091
00-0023459,2006,2006,2008,749,-0.04725329709727948,-0.9855894905093914,0.41870659010983596,-0.05756476207733722,0.08994690854870777
00-0023459,2008,2008,2009,371,0.016736712443609383,0.34003055258841874,0.4304900848066861,0.014769721948905327,0.13493150085470088
00-0023459,2008,2008,2009,364,0.05787117026092497,1.535298018601922,0.45815360327438137,0.059150247272094,0.17810411980033278
00-0023459,2009,2009,2010,350,0.08974316029536995,2.640560709130149,0.4502242116528482,0.08823066743775705,0.23302973356401382
00-0023459,2009,2009,2010,357,0.12023472672574377,3.1694415971180545,0.45830779348697126,0.11682945148567632,0.25533709906542057
00-0023459,2010,2010,2011,364,0.16379345058334505,3.7248356041514197,0.47717925988651955,0.15892722131191078,0.3415372105263158
00-0023459,2010,2010,2011,357,0.18213219240237088,3.8373388208871937,0.47725080195680974,0.17605980984004158,0.3933205434027778
00-0023459,2011,2011,2012,364,0.2627081715431411,5.05069894904582,0.5010674478767142,0.2560159283564142,0.305588864013267
00-0023459,2011,2011,2012,364,0.28312362981707584,5.021605011928533,0.5049991806970074,0.2759317502287826,0.20771476700680272
00-0023459,2012,2012,2013,364,0.289791837235857,5.773226687791871,0.5143602798185288,0.28241232954439016,0.2173044749568221
00-0023459,2012,2012,2014,651,0.25134108718569953,5.200250296756016,0.508827396766344,0.24348275408017575,0.2649423160714286
00-0023459,2013,2013,2014,405,0.26717062935369107,5.596852038835617,0.5104696497757807,0.2592090472648149,0.2938026541353384
00-0023459,2014,2014,2015,364,0.2641191807680255,5.231983322752233,0.5077527737159718,0.2557303647248964,0.31787947397769517
00-0023459,2014,2014,2015,364,0.28431907238286486,4.264246018961397,0.508703935168161,0.275907132064816,0.10515133444816054
00-0023459,2015,2015,2016,354,0.2812523135705517,4.576102266793238,0.5184200536384214,0.27258463245756165,-0.0450398872403561
00-0023459,2015,2015,2016,357,0.17963930736364106,2.2989280667931613,0.4724890566487379,0.16898948417868673,0.09987439660493827
00-0023459,2016,2016,2017,350,0.10681630761487133,1.5693716565305587,0.4578679050221058,0.09141786041553748,0.22033685130718952
00-0023459,2016,2016,2018,673,0.15273339587057844,2.556664018020262,0.46366138700716447,0.1333772680372438,0.11887512615384616
00-0023459,2017,2017,2018,371,0.15730479990251894,2.7904806118180896,0.47509790891293,0.134760439540072,0.0862520159883721
00-0023459,2018,2018,2019,350,0.13766577357113943,1.4083783967030543,0.4623586062116104,0.11443063858771256,0.13249349169435215
00-0023459,2018,2018,2019,358,0.12887755374370768,1.385630836228769,0.46290534999960525,0.10480149955273095,0.08609641906474821
00-0023459,2019,2019,2020,371,0.14685552997288004,1.9736443038163243,0.46382268401255033,0.12070179392742314,0.14957390848585692
00-0023459,2019,2019,2020,364,0.10669141877184009,1.3614558824299474,0.44899602265543165,0.0795837510732034,0.3027371742160279
00-0023459,2020,2020,2021,353,0.15592529447239376,1.3892085560482867,0.4687710506737952,0.1285986642977331,0.27485557197696736
00-0023459,2020,2020,2021,364,0.192541004463997,3.012306556604906,0.48525569083075654,0.163867738855114,0.25775829307282416
00-0023459,2021,2021,2022,360,0.20232949908566786,4.083545661378042,0.4916163594487023,0.1729747313981985,0.1386001012006861
00-0023459,2021,2021,2022,350,0.23484844148091386,4.2256221426395175,0.49922212877242456,0.20611275069859103,-0.003912887661141802
00-0023459,2022,2022,2024,707,0.16381586999730005,3.478448863002319,0.48729271524145956,0.13492524824861774,-0.007960412451361868
00-0023459,2022,2022,2024,707,0.1250375896906403,2.8391091681029135,0.4722174940606522,0.09550088098901255,0.012404082417582408
00-0023459,2024,2024,2025,349,0.08375549908220506,1.79893439967939,0.4583451821129707,0.05396279560158419,0.0416879290909091
00-0023459,2024,2024,2025,357,0.06919321018974875,1.1316077769347035,0.4505517059564695,0.04003778291266127,0.02480583266932271
00-0021141,2006,2006,2007,365,-0.04976543479705351,-0.9285719379774875,0.42983243874267796,-0.045080160915882,-0.11021432869565218
00-0024264,2006,2006,2010,1484,-0.06213950667389348,-1.4947302098354962,0.41373196079397134,-0.0782237234053893,-0.2022655512820513
00-0024264,2007,2007,2013,2156,-0.11658946411723398,-3.2574179687103513,0.40384889566675575,-0.12142855938209832,-0.2347665729166667
00-0024264,2010,2011,2014,1050,-0.15228965550006437,-3.5771745187348043,0.39643047143114907,-0.15636380303424388,-0.10648717520215634
00-0022164,2006,2006,2009,1043,-0.02669107854521484,-1.4120564217570903,0.41194869018128827,-0.03481322167431886,-0.09970687894736842
00-0022164,2007,2007,2011,1435,-0.01633710780718546,-0.7559973715802155,0.41060713323203857,-0.023233370170831442,-0.2597387904509284
00-0020480,2006,2006,2008,756,-0.05059512540264854,-0.3959491027218993,0.4266022691961536,-0.07315992687055589,0.10683653810623556
00-0021678,2006,2006,2007,350,-0.023879585350079696,-0.6874031459131387,0.42579942579942576,-0.05461904135012318,0.24634672149532708
00-0021678,2006,2006,2007,358,0.14064600736963007,2.5521204967809528,0.4912304362381573,0.12569260580296182,0.2853394285714285
00-0021678,2007,2007,2008,357,0.17310248685988097,3.0011449976780464,0.5067322532654592,0.16229495934017002,0.24141883707865172
00-0021678,2007,2007,2008,378,0.23321607636861005,5.578207649672282,0.5290941056536219,0.22373715666400742,0.0643114543859649
00-0021678,2008,2008,2009,392,0.20535500832419637,3.9239389912112745,0.5052003212710798,0.19632419180667776,0.09334224273504273
00-0021678,2008,2009,2009,112,0.14494561363980502,4.084755427512876,0.4848994158682727,0.13645432291700468,0.19494517010309276
00-0021678,2009,2009,2011,672,0.16145822707635096,2.97234384739904,0.4745954619305962,0.1529866152394597,0.185821716442953
00-0021678,2009,2010,2011,434,0.1822047716349775,2.8536892503149938,0.48791016242845514,0.1738470128338317,0.15571971061643838
00-0021678,2011,2011,2012,356,0.1831291896367555,3.4083204782871785,0.4864351924786547,0.17468130259003728,0.1460069311594203
00-0021678,2011,2011,2012,360,0.17322224852937962,3.0902210458618216,0.48289937618799533,0.16472864437026627,0.07883048519736842
00-0021678,2012,2012,2013,357,0.16509193744984121,3.92049335582727,0.48854740633166716,0.15471714157115374,0.10231824011299435
00-0021678,2012,2012,2013,353,0.12068424525231258,4.194807610800032,0.49879098114768133,0.10569342144910733,0.16332339665653497
00-0021678,2013,2013,2014,364,0.13313363305082773,3.5099220541074936,0.49430979763739036,0.11497528531401537,0.12838764736842107
00-0021678,2013,2013,2014,368,0.12651794913732092,2.4368846589345736,0.48707564280347065,0.10508187289457183,0.19627161523809525
00-0021678,2014,2014,2015,424,0.12230415108017643,2.0194046566884163,0.48733743224152426,0.09805242120376202,0.25260519635627526
00-0024300,2006,2007,2010,1197,-0.10153203815420696,-1.344847521466379,0.4133986928104575,-0.12157275183099042,-0.19104601194029852
00-0022787,2006,2006,2008,679,-0.05444246023389325,-0.997481359567093,0.41788965723098354,-0.07657638142436547,-0.06945420588235296
00-0022787,2007,2007,2008,434,0.02577157753148197,2.586020875488634,0.46628817350934376,0.012934257887318966,0.01388052988047809
00-0022787,2008,2008,2009,392,-0.07476560591413856,2.3553471471226484,0.4416515306108758,-0.08475923700353923,0.24114223367697596
00-0022787,2008,2008,2009,364,0.025940293273139313,3.068984048372068,0.453540464762017,0.017524131223070772,0.24928781757877283
00-0022787,2009,2009,2010,365,0.11361066208541061,3.4753774563827955,0.46402009364412916,0.10571875813752381,0.12476154773869345
00-0022787,2009,2009,2010,357,0.14604848246297614,4.384929063881017,0.49373646102527563,0.1382725756844735,0.10260323870967743
00-0022787,2010,2010,2011,350,0.10959768340078371,3.063022628995399,0.48776948557926664,0.10169768042509458,0.20595291993185688
00-0022787,2010,2010,2012,645,0.1254201963216597,2.455083366275493,0.4788272852783316,0.1176972355054088,0.2719875548654244
00-0022787,2011,2011,2012,407,0.16082640994371744,2.134887358696958,0.48537279860659893,0.15263116483594716,0.17172897368421053
00-0022787,2012,2012,2013,357,0.18990933070061755,2.0162103705089867,0.48828148831692614,0.1811443459572905,0.007583921875000005
00-0022787,2012,2012,2015,1079,0.1534337240739149,1.4588361199716493,0.4856632205138702,0.14498765410787154,-0.07622039252336449
00-0021231,2006,2006,2007,378,-0.06696755603654914,-1.1658241804486107,0.40814925309377575,-0.08873179203084226,0.07297048951048951
00-0021231,2006,2006,2008,630,-0.05313375792896333,0.03047101225177451,0.42922164901916476,-0.06560407841281826,0.13838119213973799
00-0021231,2007,2007,2008,364,0.033920472834510496,1.4753502503189349,0.43766914733204393,0.023582678808814414,0.1141285390199637
00-0021231,2008,2008,2009,364,0.057990803506287256,2.1399362839543774,0.4532784043033844,0.04889471431502305,0.04227983673469388
00-0021231,2008,2008,2009,363,0.07502672778182914,2.314907159566084,0.4659822010167881,0.06679467959882247,-0.03987479613356766
00-0021231,2009,2009,2010,357,0.04261917950719219,1.7120500660396565,0.4509473607556412,0.034517984369361696,-0.03871983834586467
00-0021231,2009,2009,2010,364,0.016629903374971382,2.7550488237877735,0.4481842441070579,0.008440293314071139,0.06064788311688312
00-0023662,2006,2006,2008,704,-0.05488063037670137,-0.997481359567093,0.41788965723098354,-0.08375788280467597,0.08983971900826446
00-0023662,2008,2008,2009,371,-0.003222620195354617,-0.4732741581773479,0.43300935411345415,-0.02506343735064421,0.10207727902946274
00-0023662,2008,2008,2009,371,0.041216365046123665,0.8945293666962438,0.4592347994436023,0.029828342397962483,-0.008815758318739047
00-0023662,2009,2009,2010,357,0.07309640359919312,0.6466162468315604,0.45732344356683324,0.06370543683346841,-0.13490756569343065
00-0023662,2009,2009,2010,357,-0.0008486211005172845,-1.7181219027163805,0.41294251895848916,-0.009356590586269453,0.06567965692007798
00-0023662,2010,2010,2011,357,-0.033373984955551356,-2.223803942247371,0.4126306164714339,-0.041969384246622235,0.09133323883495147
00-0023662,2010,2010,2012,658,0.04394601528686637,-1.0223620225631223,0.44173346134372526,0.03536857743877129,-0.05784459279279278
00-0023662,2011,2011,2013,735,0.006954137873171531,-1.4181372540511785,0.42843305696976725,-0.0017545498835747093,-0.07663063039399626
00-0023662,2012,2012,2014,707,-0.01718065803493028,-1.7430442205553953,0.4218425128419157,-0.025575492436229183,-0.08450696498905907
00-0023662,2013,2013,2015,760,-0.043142835576917456,-1.4813884199540666,0.4229448704792714,-0.051955953011170036,-0.0800908871681416
00-0023662,2014,2014,2018,1457,-0.043198861633447695,-1.8673776272234497,0.4226065896493448,-0.053170338896746515,-0.2978708232189973
00-0023460,2006,2006,2007,357,-0.024595447699496748,-1.143151959757998,0.41948727415806397,-0.0337364554004881,0.016130402366863906
00-0023460,2007,2007,2008,378,-0.017053979304490655,-2.231532137981481,0.41447926407110636,-0.020037475550118304,0.08337070091743119
00-0023460,2007,2007,2008,378,0.012386400567483996,-0.002948310016765543,0.4388849068314906,0.00846658339206461,0.00849201261261262
00-0023460,2008,2008,2009,364,0.04892911970300357,-0.3160263052768518,0.4447289237405571,0.043921792841952446,-0.05971316266173752
00-0023460,2008,2008,2009,364,0.004963496196479236,-0.5246340420987032,0.4370084742780717,-0.0007825954806626261,0.024670709923664134
00-0023460,2009,2009,2010,371,-0.009724267696427308,-0.4735291401465583,0.4379780979644106,-0.01635766820277379,0.007066179337231979
00-0023460,2009,2009,2010,377,0.026066595442261187,0.20444827618105338,0.445791739407956,0.0189125491074348,-0.005410374476987444
00-0023460,2010,2010,2012,742,0.0055566688392934705,-0.5612858532663052,0.43107446153946555,-0.0023174795849223127,0.05660728169014085
00-0023460,2010,2011,2013,818,0.012242639882764222,-0.044802018325085124,0.4293020347406712,0.003916120306700972,0.021468578341013827
00-0005589,2006,2007,2008,413,-0.042315936298103304,-1.0651404515792868,0.41870659010983596,-0.07144093779605716,-0.13640285650224215
00-0023645,2006,2006,2007,367,-0.019922796036373282,-0.6540220959215575,0.43254437089370895,-0.04547642763676769,0.06445232228360957
00-0023645,2007,2007,2008,365,-0.04377049565055639,-1.5412768273571509,0.42538754077957414,-0.052006539511383745,0.0644955037593985
00-0023645,2007,2007,2009,665,0.05493448180350593,-0.7075472923856744,0.4455763800103436,0.05347429239381911,-0.15312535477178424
00-0023645,2008,2008,2010,707,0.010468759941655678,-2.315546915451602,0.4422591392028719,0.009048588525866888,-0.2340135909090909
00-0023645,2009,2009,2010,407,-0.06048417056734678,-4.463250769484196,0.41850368104874175,-0.06401194334536975,-0.19508085583524026
00-0023645,2010,2010,2014,1533,-0.10787345247134955,-5.639847296572338,0.3959970735443401,-0.11301757083464777,-0.05601162429378532
00-0023645,2010,2010,2018,2877,-0.12281200946295615,-6.037792951217306,0.3969306886464822,-0.12894458666506034,-0.06130997356828194
00-0024279,2006,2006,2008,631,-0.039185704876553894,-0.615099408969409,0.41663399333464024,-0.05733954507010789,-0.09081012676056338
00-0024279,2007,2007,2009,672,-0.13949599557827444,-3.087952172874728,0.3795608569788275,-0.14524915233058375,0.03217605277777778
00-0024279,2008,2008,2011,1092,-0.07370741978277116,-0.8978110578491458,0.42306321220529985,-0.0746794072156895,-0.012965588235294109
00-0024279,2009,2009,2011,770,-0.049575737332827184,-0.061328861199555856,0.4260103730498465,-0.052985743304729854,-0.04055388917525773
00-0024279,2011,2011,2013,791,-0.05536311507906067,-0.5708482649775584,0.4192302476946844,-0.06049100881673423,-0.002202430434782598
00-0024226,2006,2006,2007,357,-0.1051354556892779,-1.4618699336224779,0.40612739957188726,-0.10875869717471195,0.1238584683544304
00-0024226,2007,2007,2008,357,0.0035652280104277985,0.06454956555553955,0.4347766044714642,0.0050191682194970205,0.1821083603773585
00-0024226,2007,2007,2008,357,0.06558847299698543,0.4620982236950918,0.44718834444691963,0.06999792454395669,0.20390928308207704
00-0024226,2008,2008,2009,364,0.12204601423075538,1.4475901186495712,0.4725533759984973,0.12498321122470205,0.1260991048252912
00-0024226,2008,2008,2009,364,0.14798202690698012,0.5016257894648247,0.4736381268138768,0.14756068614138085,-0.048348309446254074
00-0024226,2009,2009,2010,350,0.11510324417321915,1.4289011184306253,0.4773437596494813,0.1123669370668062,-0.0946188052631579
00-0024226,2009,2009,2010,364,0.0314239704080875,1.2177299877974868,0.453412446060704,0.02703995696190782,-0.01375793421052632
00-0024226,2010,2010,2011,358,0.014211048235717262,1.5866119798797356,0.44012031671590873,0.008471079526025858,-0.055115614828209765
00-0024226,2010,2010,2012,643,0.008847344711009734,1.3531574793738335,0.4436924796073128,0.0021632977340007836,-0.03780169330855018
00-0024226,2011,2011,2012,413,-0.021759250578806153,0.4440166848310094,0.42209707841360117,-0.02893907645470825,0.057999077235772356
00-0024226,2012,2012,2013,363,-0.007741649324279391,-0.2427581428702804,0.4281397340379442,-0.015508179088138391,-0.015574164435946464
00-0024226,2012,2012,2014,637,0.006566940844274548,0.5825278949185104,0.4272084821222061,-0.0017733559642404053,-0.021461019819819818
00-0024226,2013,2013,2014,399,-0.016899372925574578,0.5169603182476707,0.42985757753508436,-0.02516696633151768,0.0074337860869565205
00-0024226,2014,2014,2015,371,0.00248611791524314,1.2337833460702903,0.4404864950719989,-0.005901678143501956,-0.03725890969899665
00-0024226,2014,2014,2015,375,-0.010879150936260112,1.131274944743551,0.453356004964948,-0.019147477422795864,0.04242854849498328
00-0024226,2015,2015,2016,393,-0.026229472011896057,0.5051122338122636,0.4373749358719645,-0.03636115750697637,0.026689083032490974
00-0024226,2015,2015,2017,686,0.01910865612705535,0.8561296047717503,0.44987041129727257,0.0035573931040098557,-0.12543812770137525
00-0024226,2016,2016,2017,413,-0.00955869511252673,1.4639302081757894,0.44519164210018536,-0.029742180024223602,-0.07786183752417795
00-0021206,2007,2007,2013,2254,-0.038707465115553744,-0.06135226689669171,0.4487942523518054,-0.05627363211851025,-0.002654210059171599
00-0021206,2007,2009,2014,1883,-0.08726267556639408,-1.1172120027265273,0.418321702963791,-0.09978446153332218,0.15582515639810426
00-0021206,2013,2013,2015,658,-0.008591495935241819,-1.1810548474769342,0.4300679341462567,-0.023987528705921808,0.04657210865191146
00-0021206,2014,2014,2016,672,0.04361180363682656,1.037808351914153,0.46718654447946684,0.02576639213189226,0.007535070351758787
00-0021206,2015,2015,2017,735,0.0026509652617975003,-0.5336442142370573,0.4391421501200545,-0.017945229450559805,-0.02968890690208669
00-0021206,2016,2016,2017,399,0.027793166257471927,-0.07459685454667012,0.43511864394328675,0.0067972043066551035,-0.00940783126110124
00-0025479,2007,2007,2008,392,-0.08174842008068686,-1.2853206502932029,0.42082180240495454,-0.10118704994379188,-0.02738563755458515
00-0025479,2007,2007,2009,624,-0.11486485627988195,-2.0143692536787294,0.4100610547076824,-0.12098400943749114,0.030149534065934073
00-0025479,2008,2008,2010,679,-0.0453852081971903,-0.3010547886236493,0.4287904738201312,-0.04568918843027815,-0.11006003424657536
00-0025423,2007,2008,2011,1113,-0.07493803217721579,-0.9949753743594846,0.41580041580041577,-0.08859673726424884,-0.08038936757990867
00-0025423,2010,2010,2012,714,-0.16035164380418637,-1.5439321605644774,0.41947988768031336,-0.16790509608660636,-0.02360877996070726
00-0025708,2007,2007,2010,1050,-0.04033698496747344,-0.9932974006268345,0.4207999207999208,-0.07015964709421384,-0.01830769375
00-0025708,2009,2009,2011,728,-0.02338464010508305,-1.634206653527862,0.4227367484615539,-0.03888611904893887,-0.11944099527186763
00-0025708,2010,2010,2011,440,-0.021845473723130306,-2.3739764561574033,0.41269891297199385,-0.033245386390434145,-0.026710995545657017
00-0025708,2011,2011,2016,1868,-0.09037694527524118,-1.348115991188722,0.40883034877466723,-0.09991170317493069,0.1781889253246753
00-0025708,2011,2011,2019,2846,-0.018933095778899213,-0.24869416502638797,0.4096597974658774,-0.028012555719469343,0.02517960128617362
00-0025388,2007,2007,2008,364,-0.03425866494791803,-1.2001918600732062,0.42517024692133093,-0.019167181382814195,-0.19962163221153845
00-0025388,2008,2008,2009,364,-0.13873588309301682,-3.744125835463689,0.38617414976328024,-0.1286037722808503,-0.22120792788461538
00-0025604,2007,2008,2010,750,-0.0730839321492788,-1.250259416218341,0.415415067271937,-0.10065469905695826,-0.04378352941176471
00-0020679,2007,2007,2009,666,-0.025683941239528236,0.21442757613734287,0.4412316412839635,-0.052767481302892466,0.035145147227533466
00-0020679,2008,2008,2010,700,0.059624580472432936,1.9092415170197197,0.4623432163123162,0.04506972994005646,-0.026105458781361997
00-0020679,2009,2009,2014,1778,0.0012599328051078815,0.7595534861381605,0.4211710343089455,-0.009530927641162543,0.03859226160337554
00-0020679,2010,2010,2015,1813,0.009793570225513411,-0.5096018602022745,0.4310006083332926,0.0004821834645709574,-0.013585235565819854
00-0023541,2007,2007,2008,365,-0.10217004962757084,-1.3217970886456223,0.4099585858222983,-0.12187775484239469,-0.04582867338709678
00-0023541,2008,2008,2009,378,-0.017715812818178602,-0.5337286999087751,0.4310650801315521,-0.028859747752255988,0.01161766476190475
00-0023541,2008,2008,2009,364,-0.07659077571658371,-2.3311650915873736,0.4254178897158263,-0.08579082321916963,0.08310145372050816
00-0023541,2009,2009,2010,349,0.004000407327234754,-1.7480599790177522,0.43645970903855996,-0.004291226240000624,0.03493146054750403
00-0023541,2009,2009,2011,623,0.007453474253441958,-1.6346020419153928,0.4307059290328568,-0.0006495949541973571,0.035140019519519505
00-0023541,2010,2010,2012,701,0.025409816484012606,-1.4798463485962234,0.4312507456851114,0.01774997182196931,0.04746959019607843
00-0023541,2011,2011,2014,1145,0.014135048051479769,-2.3056092693196217,0.42633153370418836,0.006385632550704781,0.06934927474747475
00-0025409,2007,2008,2012,1452,-0.0468569976833024,-1.4026524291315428,0.41825259515570934,-0.056231562817770864,-0.1866346731707317
00-0026158,2008,2008,2009,357,-0.057237652338445515,-1.8410336699666892,0.41920710440926334,-0.06430794654750807,0.017923025210084032
00-0026158,2008,2008,2009,365,-0.01094963159440429,-0.3060494527224592,0.42085583970971757,-0.011223309605089762,0.06663647683397685
00-0026158,2009,2009,2010,358,0.005012359588313569,-0.9113044791109062,0.41628584589284967,0.008241239539359398,0.06683321698113208
00-0026158,2009,2009,2010,354,0.037654455786488815,0.6301442236327259,0.4320289405135049,0.04329626649740874,0.09299419092627599
00-0026158,2010,2010,2011,357,0.035572469884464906,0.6180657585266861,0.4329312524165904,0.04229003035565507,0.11599869171483622
00-0026158,2010,2010,2011,357,0.07714599989684892,1.0558166138010567,0.4385309343381173,0.07937703348678952,0.01931377889447236
00-0026158,2011,2011,2012,358,0.07253925337714942,1.5763458453390549,0.4282054371725225,0.07162836634711174,0.05637765391304346
00-0026158,2011,2011,2012,357,0.04131070874379004,0.030662077992439363,0.4253500522178185,0.038395612392499626,0.08476883877159308
00-0026158,2012,2012,2013,354,0.06814335263174714,0.749796803539672,0.4300869012278277,0.0633600299361136,0.013340743760399332
00-0026158,2012,2012,2013,357,0.058552163666026544,0.27991462150276086,0.4358147338512629,0.052731742748415675,-0.0007803430894308906
00-0026158,2013,2013,2014,357,0.046349439552822176,-0.18200767839819482,0.41852761136028444,0.03985711863765836,-0.062291717522658614
00-0026158,2013,2013,2014,350,0.03002274945127426,-0.23311517244664687,0.4072443754180683,0.023084282960444295,0.004656572123176665
00-0026158,2014,2014,2015,367,-0.017917760685221714,-0.984594644828541,0.40629381150127547,-0.02490456254618467,0.11043506145251397
00-0026158,2014,2014,2015,371,0.024026831624562678,-0.3969649539837049,0.4320503610116461,0.0163722720395678,0.07703382769726248
00-0026158,2015,2015,2016,399,0.032108204848349114,-0.8036189726415173,0.43153745931546195,0.02407759672662892,-0.018991673184357537
00-0026158,2015,2015,2016,399,0.046710468296808694,-0.3282500641639603,0.4495639370563454,0.038931218515227024,-0.03271603890489913
00-0026158,2016,2016,2017,350,-0.019742865017146574,-0.9035141174338969,0.4348598147671011,-0.027322160569582955,-0.05472605483870968
00-0026158,2016,2016,2017,356,0.004982427616842833,-0.2833921630362506,0.44154136363170227,-0.0027497689932710614,-0.07775643771626298
00-0026158,2017,2017,2018,360,-0.049238810980141184,-0.6202681841688188,0.4318698549021174,-0.06255084098213337,0.030399273148148147
00-0026158,2017,2017,2019,651,-0.026037265960009128,-0.18920449128223904,0.43308537983241907,-0.04397016166950729,0.00623932006125575
00-0026158,2018,2018,2021,1113,-0.007066846171447485,-1.0219054258982967,0.43926901575487426,-0.027180465590920466,-0.06795764453125
00-0026158,2019,2019,2023,1515,-0.006072370382710756,-0.8763113578357101,0.439578568290224,-0.029201005233355802,-0.11747623243243244
00-0026158,2021,2021,2024,1085,-0.03528334060900889,-1.1268434236675073,0.4231538002727634,-0.062019477316103834,-0.04149123040752351
00-0026158,2023,2023,2025,669,-0.058404599136575495,-1.981979030883129,0.41927115237797713,-0.08458744562539906,-0.03862957384615385
00-0026143,2008,2008,2009,364,-0.02183231139019358,-0.797194760708939,0.4205659565704679,-0.015663380818799717,0.1665436033755274
00-0026143,2008,2008,2009,364,0.07014914563735913,-0.6091428239202163,0.43432688374820827,0.07597659018126449,0.14541082696177063
00-0026143,2009,2009,2010,371,0.11705678776045549,0.13858890706250265,0.4549875367432046,0.12414991008121007,0.12875421150278293
00-0026143,2009,2009,2010,371,0.10878107423192131,0.20392632376142458,0.46132267345567185,0.11679875901707418,0.17129931046312177
00-0026143,2010,2010,2011,357,0.1383451334840076,-0.21733218345471728,0.45665298843097685,0.14486813383832622,0.0989018349514563
00-0026143,2010,2010,2011,357,0.15774137607267957,0.44350621547988245,0.4634008922082095,0.15970391469365322,0.11803243664383561
00-0026143,2011,2011,2012,357,0.11494406130486143,0.35719650571012584,0.4524431369080087,0.11389072574642166,0.2667750638297873
00-0026143,2011,2011,2012,357,0.1450262710997041,0.7179367829892416,0.46945218481431866,0.14179677697765264,0.2239194310897436
00-0026143,2012,2012,2013,357,0.19513005063915057,1.6673831502006093,0.4793857985799924,0.190344097136536,0.1839756179604262
00-0026143,2012,2012,2013,357,0.17459737990105148,2.334009016792298,0.49310994534630015,0.1689424493158164,0.1271977181818182
00-0026143,2013,2013,2014,354,0.18430258852573086,3.0271325814267036,0.49154016654157384,0.17792608199671486,0.06082545614035087
00-0026143,2013,2013,2014,357,0.14394881556019284,2.6552674942910386,0.48069891219201527,0.13714491219475394,0.06357420566318926
00-0026143,2014,2014,2015,364,0.13150702195055758,2.928176936165366,0.4799992345532852,0.12437205897696783,0.1150099486404834
00-0026143,2014,2014,2015,364,0.10704167599287072,2.408667272476607,0.4764568216208231,0.099634602626527,0.11724904491017964
00-0026143,2015,2015,2016,358,0.13044147607973536,1.9922635278249297,0.49322226578529216,0.12287499790208162,0.1366121874015748
00-0026143,2015,2015,2016,357,0.09958993970895963,1.3796765371952269,0.4898295858948936,0.091920884720705,0.23876380634390656
00-0026143,2016,2016,2017,357,0.1359455664692502,1.7147433344727872,0.4998537207291283,0.12794681319264725,0.26503285840707963
00-0026143,2016,2016,2017,357,0.1749373800866954,2.692633245246828,0.5012721352782875,0.1667659786424553,0.2157759057301294
00-0026143,2017,2017,2018,357,0.20082317342205297,3.7070551848639854,0.51262880581673,0.1898692253421643,0.13880902831858405
00-0026143,2017,2017,2018,354,0.1933160706530158,4.352191766111709,0.5112859645171647,0.17690241760832814,0.1854524
00-0026143,2018,2018,2019,357,0.18147618200286003,3.285615771503914,0.5013708552716809,0.161613271565156,0.16873413880597016
00-0026143,2018,2018,2019,361,0.19053353929288436,4.275501827927176,0.501468510284861,0.16927133642664052,0.025799577151335316
00-0026143,2019,2019,2020,372,0.16603565184974053,3.755773109302404,0.5004674785151302,0.14283602514828989,0.024649004189944142
00-0026143,2019,2019,2020,364,0.09509343619973672,2.9341130267070006,0.48054076683398805,0.07135972370455873,0.08770335250737464
00-0026143,2020,2020,2021,357,0.09562254730249375,2.565230717530396,0.47643179885907116,0.07128187229949569,0.07285521580547114
00-0026143,2020,2020,2021,357,0.08532202690276348,1.6742857625901004,0.46871276280964885,0.05981997759513589,0.06200569805194806
00-0026143,2021,2021,2022,350,0.08062554628137511,1.889746421955344,0.46873549668978925,0.05473539719350623,-0.01813681172291295
00-0026143,2021,2021,2022,357,0.07474019417769699,1.714410828338513,0.47305650549104605,0.047272723205568856,-0.05390874879227053
00-0023578,2008,2008,2011,1187,-0.06998585788669923,-1.2003613122463124,0.41663399333464024,-0.0956292303295308,-0.017360206088992976
00-0026197,2008,2009,2010,357,-0.03154434596665906,-1.0467311697563817,0.4245709975485574,-0.04811000534482672,0.023805835849056604
00-0026197,2009,2009,2010,364,-0.02431430662587571,-1.5156660709552348,0.429586090107408,-0.028905679233303755,0.08244379124579125
00-0026197,2010,2010,2011,364,0.01999250068394526,-0.5539837959811167,0.4449024735369993,0.01908130020217165,0.008350400684931505
00-0026197,2010,2010,2012,735,0.05272641083663475,0.5300139199657616,0.4534256609767866,0.04976460134664784,-0.09516591428571429
00-0026197,2011,2011,2013,742,0.012799061751591439,-0.48101132746531106,0.44593774579153406,0.008375304387569173,-0.11443978806584365
00-0026197,2012,2012,2013,364,-0.021444952971604772,-1.3728193555936319,0.42991600534404745,-0.027236997345057794,-0.09202598977853492
00-0026197,2013,2013,2020,2562,-0.04912225191432117,-1.6296901727561408,0.42536173423012785,-0.05563171200198589,-0.12667340725806453
00-0023682,2008,2008,2009,406,-0.07635556012008625,-1.1323410408520904,0.42683479602322566,-0.10194871005113454,-0.19182022567287785
00-0023682,2008,2008,2010,665,-0.16212995601378838,-2.110249916103945,0.4062005667235775,-0.17503228856913872,-0.10801990048543689
00-0023682,2009,2009,2010,378,-0.15735153293818685,-2.458954809830281,0.3868024573739833,-0.16886620203002453,0.000980601503759395
00-0023682,2010,2010,2011,357,-0.140414803781473,-1.9053656548484592,0.3886387688166357,-0.15068469470478837,0.08874693436960275
00-0023682,2010,2010,2011,364,-0.0644803953538088,-2.007539142801129,0.39598616596732666,-0.07357428237246545,-0.0067127499999999965
00-0023682,2011,2011,2012,350,-0.012811965568201317,-0.5261416321544954,0.42033975268339224,-0.02160568873646633,-0.06057972105263157
00-0023682,2011,2011,2012,358,-0.042182963946398866,-0.6515733299037093,0.4160512269451974,-0.050563485080523086,-0.027306880952380957
00-0023682,2012,2012,2013,399,-0.03310854348803328,-1.3392691425082826,0.4221650056216766,-0.04169560760265285,0.05183978917910448
00-0023682,2012,2012,2014,637,-0.041234348049991994,-0.7623232668252219,0.4230299325216858,-0.04983612450213964,0.1043453076923077
00-0023682,2013,2013,2014,371,0.014017353343153013,-0.6016870360445568,0.42428205053064566,0.005253214720381831,0.09450647808764939
00-0023682,2014,2014,2015,399,0.0246215911778549,-0.4199612262299443,0.43213968096121996,0.01563209180451594,0.14765893684210524
00-0023682,2014,2014,2015,378,0.058725065074423224,-0.1801978281974986,0.4376213062160232,0.0479166606813532,0.14002459198542805
00-0023682,2015,2015,2016,350,0.0838027106641226,-0.2007487669697812,0.4430192441215032,0.06707544760798917,0.041278919803600655
00-0023682,2015,2015,2017,623,0.09958611359612009,-0.3992584299551946,0.4426844827054622,0.08032303085511124,-0.05381349023861172
00-0023682,2016,2016,2018,694,0.06057684609515544,-1.5173668440059573,0.4352933224556414,0.038357566352453076,0.11598904338394794
00-0023682,2017,2017,2019,707,0.035720576383842836,-1.8012672637851017,0.43023260055447604,0.008636560832429436,0.08101938163265306
00-0023682,2018,2018,2019,427,0.09572224714566754,-0.5958508569263125,0.4497338595063066,0.0689726839451806,-0.0025094586614173102
00-0023682,2019,2019,2020,357,0.045634808838012346,-0.7837030930698529,0.4491748132157275,0.016084826547642445,0.09954475078864354
00-0026349,2008,2009,2013,1429,-0.06859687762301216,-1.189477533514381,0.40965618141916604,-0.09613844373151711,0.05474536423841059
00-0026349,2010,2010,2014,1400,-0.11922010446820606,-1.5713426545568276,0.41816320395122136,-0.1410533727331649,-0.03764721533923304
00-0025430,2008,2008,2014,2184,-0.0553418366986278,-0.4303356600585774,0.41782008609768684,-0.06965748145548828,-0.06840138244514106
00-0025430,2010,2010,2015,1848,-0.16985449629330657,-2.536432215124239,0.3881455840176694,-0.18040563275479607,0.01301298260869565
00-0025430,2014,2014,2017,1078,-0.041365024243790426,-3.1403539672803604,0.39862550885189774,-0.0494719719146276,-0.20185778189300407
00-0026498,2009,2009,2011,742,-0.09933281123459567,-2.3060011501893336,0.40745863705008806,-0.08622351724254076,-0.03546380031948882
00-0026498,2009,2009,2011,728,-0.12117947858283398,-3.9791794449678024,0.40826835329066613,-0.11310269413539095,0.019405852359208525
00-0026498,2011,2011,2012,356,-0.0422825196958348,-3.6340819153200576,0.4230691111232177,-0.03411947253131821,0.09429333470507545
00-0026498,2011,2011,2012,357,-0.03010804609841116,-2.5977017713507053,0.4395256942391751,-0.02171619674370937,0.15824325435073627
00-0026498,2012,2012,2013,350,0.04621583970863992,-1.0690928550122547,0.4691461508212357,0.05514542118008156,0.059419642954856355
00-0026498,2012,2012,2013,354,0.07258921152944867,-1.973910627923346,0.4587094596546912,0.08201938441675831,0.0636937302259887
00-0026498,2013,2013,2014,357,0.061546931405661864,-1.987282532671956,0.4673887708030676,0.06833846568051877,0.09392664848484848
00-0026498,2013,2013,2014,354,0.0799362503005253,-2.1372336224921757,0.46533965034039415,0.08215979712848867,0.015103820312499993
00-0026498,2014,2014,2015,365,0.07413374657356617,-2.32190665621057,0.4613971650167622,0.07326503334833288,-0.004311948091603055
00-0026498,2014,2014,2015,361,0.045089559532060425,-3.4365119157965593,0.4501836572670702,0.04207426431799184,0.024278875796178344
00-0026498,2015,2015,2016,357,0.0350229208673802,-3.1857857421318325,0.4498630522371122,0.03047701178662799,0.09980752440944882
00-0026498,2015,2015,2016,357,0.03757408800676808,-2.706291642328228,0.45910284810544455,0.03188498650172883,0.14678355322580644
00-0026498,2016,2016,2017,357,0.07081482024785547,-1.2977349369287872,0.4761330231782641,0.06443759664617085,0.045359694805194806
00-0026498,2016,2016,2017,357,0.09235887626743185,-0.7816250163738911,0.474927757387464,0.0853334659226102,0.03054661224489796
00-0026498,2017,2017,2018,357,0.056225504724883406,-1.17576564025218,0.46510081317706725,0.04890040833401531,0.09980411392405063
00-0026498,2017,2017,2018,357,0.07563245809349345,-0.8853797386565834,0.46497253048331766,0.06797301480572956,0.03997617412140574
00-0026498,2018,2018,2019,357,0.08182468782674465,-0.2107413646447857,0.46386397141354535,0.07403699712022918,0.03374934729493891
00-0026498,2018,2018,2020,665,0.04896105508015077,-0.8143513637554457,0.45252072463667586,0.0410348865065637,0.12992917157712305
00-0026498,2019,2019,2020,419,0.06904939735913933,-0.7362555691799106,0.4505653045797401,0.06074288918051633,0.11605176413570273
00-0026498,2020,2020,2021,350,0.08888490084855515,-0.6300394827750272,0.45790265435664684,0.07742261970400877,0.18543350543478263
00-0026498,2020,2020,2021,357,0.07872428992342917,-0.8292705536613194,0.4640983960665491,0.06248406915557686,0.2189139484902309
00-0026498,2021,2021,2022,353,0.13929002948563873,-0.47636587263859953,0.4784702232968677,0.1186476592307682,0.10973420757825371
00-0026498,2021,2021,2023,643,0.12764120184476835,-0.48658146498155314,0.4836093806904786,0.10529602638747003,0.020173528239202657
00-0026498,2022,2022,2023,419,0.11521837829299596,-0.0745895994201548,0.48614847486784224,0.0908215441292461,-0.007804795532646052
00-0026498,2023,2023,2024,363,0.08650652412518535,-0.8669173991274248,0.4789797523261279,0.0612006439657741,0.06258527240773286
00-0026498,2023,2023,2024,357,0.07110827324968777,-1.6137543997506931,0.46792580216955115,0.04398750004154918,0.07554125249169437
00-0026498,2024,2024,2025,357,0.08314638464410358,-0.858371898725923,0.4673186043452484,0.05573429011937566,0.09163146168224301
00-0026498,2024,2024,2025,357,0.07560013204220746,-0.7597493680917982,0.4751836299976881,0.048038777807257176,0.21783448653846155
00-0026898,2009,2009,2010,364,-0.017826566181995386,-0.9900343880039879,0.4199126931390774,-0.015741864003923238,-0.1898049928229665
00-0026898,2009,2009,2010,364,-0.12028759782341537,-2.9587392150062524,0.3945725103471878,-0.11618513817772035,-0.018720367219917006
00-0026898,2010,2010,2011,364,-0.12972053015308702,-3.216368176743674,0.410119693372948,-0.12345291401460917,0.003911634680134686
00-0026898,2010,2010,2011,367,-0.05605755967364505,-3.7916967267832558,0.40870716488453346,-0.04888243539922187,-0.09462239826086956
00-0026898,2011,2011,2012,357,-0.05439481131959345,-3.656438392577515,0.41427096639580147,-0.046159184893523046,-0.0929235625
00-0026898,2011,2011,2012,354,-0.07633385316256823,-3.9040487796905117,0.4129238134063445,-0.06943994362856164,-0.07974112500000001
00-0026898,2012,2012,2014,784,-0.07319080302867159,-4.45568826894971,0.4082167382747535,-0.07079045379486411,-0.11718227458256031
00-0026898,2012,2012,2015,1089,-0.07795948710699525,-4.441942341978232,0.42134006064134794,-0.07871644522841476,-0.04408727808471455
00-0026300,2009,2009,2012,1183,-0.05919345139994253,-1.2965029244086808,0.4190385530699667,-0.08398501137910708,-0.19857001630434784
00-0026300,2010,2010,2022,4375,-0.10909863886354187,-2.420579478347285,0.4039422021946624,-0.11988007607402719,0.0343276255319149
00-0026625,2009,2009,2014,1784,-0.0559315366169121,-0.6663785988421591,0.41224952380275687,-0.08447009093856478,0.013699571428571424
00-0026625,2013,2013,2014,448,-0.08279245931272997,-2.556472361156457,0.3972974485564483,-0.09989929562811278,0.00999039644970414
00-0026625,2014,2014,2015,399,-0.008898061793759932,-2.9471417994011233,0.41442990712166133,-0.020601032396671357,0.019919577205882354
00-0026625,2014,2015,2016,399,-0.03910440409065192,-4.240762825450658,0.4132889855625274,-0.04889464849479205,0.08866012627986347
00-0026625,2015,2015,2017,707,0.004824166847695789,-3.6269729458602784,0.4304295237494722,-0.004078048148926599,-0.01681920332717188
00-0026625,2016,2016,2021,1851,0.02665096321204649,-1.9785405859930385,0.4479452138933932,0.018331683197271496,-0.16394637391304348
00-0026993,2009,2009,2010,357,-0.07925977953318375,-1.17035127715116,0.41254975259633114,-0.08667165306928448,-0.07618171586715868
00-0026993,2009,2009,2010,357,-0.11151247491629263,-2.2425975715810083,0.40415970981240346,-0.11164172063156932,0.1021677554240631
00-0026993,2010,2010,2011,350,-0.06146119401712511,-1.4902623713592578,0.412465536127392,-0.05819398174161504,0.11494900924214417
00-0026993,2010,2010,2011,364,0.023620865613221256,-0.7795538791510956,0.4273634264023738,0.029470429696314672,-0.044435290640394094
00-0026993,2011,2011,2012,364,0.025217829202898587,-0.7342670555178759,0.44067323481822557,0.03251303128598061,0.015838028119507918
00-0026993,2011,2012,2012,112,-0.023764558637337035,-0.5957138552363149,0.4417576719411605,-0.015195500152535839,0.042041325938566555
00-0027854,2010,2010,2011,357,-0.08998722594847375,-1.653552928732216,0.40455017622393913,-0.07785462703623222,-0.05733131270903011
00-0027854,2010,2010,2011,371,-0.0626398495342161,-2.896701936294176,0.40549705953967563,-0.05424212925641811,-0.1490778095238095
00-0027854,2011,2011,2012,398,-0.08290835851001638,-3.282097956098476,0.4077345049286503,-0.07455571164306311,-0.12858563986599664
00-0027854,2011,2011,2012,377,-0.13271101875098812,-4.512495094795807,0.3958543545872699,-0.12386003747483434,-0.008223458188153312
00-0027854,2012,2012,2013,357,-0.09855001016105257,-4.13311533806113,0.40590071241738773,-0.08862284280373207,0.007214536115569822
00-0027854,2012,2012,2015,1043,-0.06425797085017142,-3.854890984814279,0.4223370878842451,-0.05920159312706498,-0.0181556246105919
00-0027854,2013,2015,2016,377,-0.04089185102265352,-3.740192063982245,0.4314461498138424,-0.03987785685836186,0.01506018750000001
00-0027854,2015,2015,2016,375,-0.0457651633373187,-3.498360442194265,0.43276888350457693,-0.047493509362213616,0.050207472131147554
00-0027854,2016,2016,2018,706,-0.00924140712903713,-2.027804570445795,0.4381556827359851,-0.012918969752965997,0.046591232786885255
00-0027659,2010,2010,2014,1554,-0.05371678279906543,-1.2544519364210736,0.41580041580041577,-0.06971381565416686,-0.2701585447368421
00-0027688,2010,2010,2011,385,-0.045216426124726865,-0.04573082681691676,0.4116956035741253,-0.06270980519119679,-0.025636957371225583
00-0027688,2011,2011,2014,1135,-0.0374381889080507,-0.38714168573049446,0.4151203793624642,-0.04356983261630844,-0.04114001149425287
00-0027688,2011,2011,2019,2877,-0.036398650695059834,-0.7418347816207118,0.42810145522154897,-0.042084330122333286,-0.10932597058823529
00-0027688,2014,2014,2021,2576,-0.037777950826655846,-0.7535538379279759,0.42615180007968667,-0.044479916354258194,-0.06729763756613757
00-0024296,2010,2010,2015,1855,-0.09089860603173772,-1.2969805355480473,0.4034404430408099,-0.11005432897905529,-0.14333096174863388
00-0027876,2010,2010,2012,644,-0.042951961235868294,-0.8975061036881874,0.4229142828714989,-0.05370052389546889,-0.140392881748072
00-0027754,2010,2010,2012,687,-0.05826414710313181,-1.0165499170167294,0.415415067271937,-0.08316671015996548,-0.21558162210338683
00-0026544,2010,2011,2019,2911,-0.05148742142938454,-1.0669321910279632,0.4236812343496035,-0.0811617267184753,-0.02698582352941176
00-0027939,2011,2011,2012,357,0.019136874734556414,-0.296310594707868,0.4316308564268257,0.03208163055173901,0.07293171115173676
00-0027939,2011,2011,2012,357,0.045429514251379643,-0.27590747607099686,0.4405607038688465,0.053847253962088656,0.023920929577464785
00-0027939,2012,2012,2013,357,0.05518681515900316,-0.012996341635717057,0.44017626210808886,0.06418784341531006,0.11029499408284023
00-0027939,2012,2012,2013,357,0.029064450034860842,-1.4669532867529322,0.43670680522312283,0.03863307990055133,0.15583932307692308
00-0027939,2013,2013,2014,364,0.08656349993706779,-0.9003315258047042,0.44544118804491656,0.09701416849895396,0.0678099337121212
00-0027939,2013,2013,2014,357,0.08207055914223389,-0.4038518498649351,0.45067955656430014,0.09305812309164767,-0.0016646966911764802
00-0027939,2014,2014,2015,371,0.07515993022605522,-0.36485999923497436,0.4412649403285157,0.08590594340533161,-0.01739712909090908
00-0027939,2014,2014,2015,375,0.031064111197520946,-1.1767876367306689,0.4352733809130076,0.03613819920792955,0.06587725636007827
00-0027939,2015,2015,2016,357,0.029190207747941743,-1.7281255816798469,0.4390791146154143,0.030367062389998076,0.14237827087198515
00-0027939,2015,2015,2016,364,0.050628185532262664,-1.5406844782186322,0.4444213251005345,0.04898656228523957,0.08841654195804195
00-0027939,2016,2016,2017,364,0.0776781661164067,-0.4749226437484664,0.4516319901994759,0.07409404910726691,-0.028047117540687158
00-0027939,2016,2016,2017,357,0.05142195204515297,-1.6011726567734108,0.44015809972841224,0.046387708078785846,-0.022050126126126137
00-0027939,2017,2017,2018,364,0.017751796608261906,-1.9983922240377696,0.44061612355563917,0.011619694500938924,-0.012034272727272727
00-0027939,2017,2017,2018,357,0.014330261624319836,-2.334199914389792,0.43148620892733314,0.007450972016991524,0.05798366727605119
00-0027939,2018,2018,2020,735,-0.00041519638005983045,-2.34818340390276,0.4344066986874262,-0.007935416784324656,0.04850465641025641
00-0027939,2018,2018,2020,732,0.03553418521183095,-0.12943825987128563,0.46381887624336116,0.027794905226019816,-0.055848579268292675
00-0027939,2020,2020,2021,420,0.007533210664533923,-1.0698575872296077,0.4526100234101565,-0.00042077436333878143,-0.10348260406091371
00-0027973,2011,2011,2012,358,-0.050713497856756516,-0.6270714576019896,0.41740765432211935,-0.06314852192679479,-0.025503686170212765
00-0027973,2011,2011,2012,357,-0.020837385209299866,-0.324115361038535,0.42830987870358156,-0.023032451344578958,0.02543417739130435
00-0027973,2012,2012,2013,357,-0.025574740425634863,-1.673493217919745,0.4180030072342231,-0.023510018237049506,0.04374469680851063
00-0027973,2012,2012,2013,347,0.01920850860737469,-0.23555778895655105,0.4318444683531103,0.022335547497497773,0.06545171694915254
00-0027973,2013,2013,2014,356,0.0005462337192824931,0.23059542262799188,0.4386724104021877,0.0002718845429591013,0.11457848387096774
00-0027973,2013,2013,2014,361,0.05286185692652423,0.7321316908337787,0.45055043680757095,0.05029469552680382,0.004836151351351363
00-0027973,2014,2014,2015,364,0.06440110465466783,0.20718380615093848,0.4492501605650215,0.06015838870455643,0.013994616465863452
00-0027973,2014,2014,2015,365,0.01967606201226735,-0.6171028012212418,0.4391171138184494,0.014066215658286998,0.1922650556621881
00-0027973,2015,2015,2016,375,0.04240016970974847,0.9176162956609641,0.451296476380793,0.035744966410638,0.22382816760828628
00-0027973,2015,2015,2016,378,0.10617918755710488,1.35637517978638,0.4696687314532366,0.09900610776337378,0.17085833805309736
00-0027973,2016,2016,2017,357,0.1301370463530476,1.7914764934446028,0.4769181813640939,0.12240897482539372,0.04822776379310346
00-0027973,2016,2016,2017,358,0.1369827312022905,1.9203981014326323,0.47598228790936414,0.12923928084589403,-0.0073171264367815955
00-0027973,2017,2017,2018,357,0.07916811672794008,2.4349420226407563,0.47177210488373733,0.07105176325065622,0.03580861319073084
00-0027973,2017,2017,2019,637,0.08286224321642185,1.6658611137740396,0.4595322517697698,0.07437750180843569,0.011907438356164377
00-0027973,2018,2018,2019,420,0.07159726547035725,0.3794915783482569,0.45399901389829944,0.06336000786117145,-0.03256006602254429
00-0027973,2019,2019,2020,406,0.05475961747921053,-0.347050883465726,0.45454927998007333,0.04634429607284904,-0.062496614093959735
00-0027973,2019,2019,2021,644,0.012945620971035823,-1.379850401007903,0.4369211510160108,0.0040512687524326685,-0.038196339317773796
00-0027973,2020,2020,2022,679,-0.007093761960934508,-1.890947353878032,0.43866723512720857,-0.022443540402459855,-0.037130871376811606
00-0027973,2021,2021,2022,434,-0.012267807572568394,-1.4106644039960354,0.4523907627809422,-0.031162262798196227,0.010446678642714561
00-0027973,2022,2022,2024,714,-0.022350825401305376,-1.5657094459639609,0.4463870303903541,-0.04460498214316784,0.05839702315789473
00-0027948,2011,2011,2012,357,-0.03626257205125846,-0.6653406025744957,0.43004781967450617,-0.039430444662822674,-0.20116366601178784
00-0027948,2011,2011,2012,357,-0.13298942924493118,-5.409436565246028,0.36301763045404656,-0.1313820766101551,-0.176666408
00-0027948,2012,2012,2015,1169,-0.1595160462158749,-6.898751716157821,0.36225644906814736,-0.1551470063598132,-0.1908604916666667
00-0027948,2012,2013,2016,1120,-0.16155970286448856,-5.988321526024535,0.37558878060785533,-0.15493842201182179,-0.19290886329588017
00-0027948,2015,2015,2018,1001,-0.1708365610293226,-6.004696891432306,0.3688045502680036,-0.1665529041543113,-0.23012100894454382
00-0027948,2016,2016,2021,1830,-0.16562170863644238,-5.398935485606435,0.3740213974287976,-0.1651815270378877,-0.24654700542005417
00-0027946,2011,2011,2013,686,-0.05295701540723651,-1.1286563846288122,0.41788965723098354,-0.0543975309320032,-0.02760748484848485
00-0027946,2012,2012,2014,672,0.011225463084572146,-1.6968448947944306,0.40279426690210274,0.013593361554382925,-0.03726073053892217
00-0027974,2011,2011,2013,662,-0.02839071014343922,-0.703213405825869,0.4236812343496035,-0.04198146816778251,0.12676103581267217
00-0027974,2012,2012,2013,357,0.0662876910874951,0.385568281547202,0.4417662942994009,0.058152164211778684,0.13328146017699116
00-0027974,2013,2013,2014,357,0.08321025888035666,0.3258522889847877,0.4398663286838711,0.07673838710988475,0.15848134199134198
00-0027974,2013,2013,2014,354,0.12137476111422336,-0.2416175004891658,0.43109221398587955,0.11462491244791838,0.0696489645522388
00-0027974,2014,2014,2015,364,0.13032061692330565,0.33278190069063174,0.44499684449171223,0.1234674560826359,-0.05169555218216319
00-0027974,2014,2014,2016,700,0.08497291268305189,-0.5594280891159451,0.43420070597415866,0.07791174345595861,-0.09906329800000001
00-0027974,2015,2015,2016,448,0.0259059051811762,-1.2217373554106614,0.41669327124255584,0.01832203164414126,-0.03387842436149312
00-0027950,2011,2011,2012,357,-0.056595110352288716,-1.1471304408035095,0.40539668453285443,-0.06099421194281527,-0.054904349716446116
00-0027950,2011,2011,2012,358,-0.11729875774280948,-3.393687245922187,0.3888241816778001,-0.11618389054317288,-0.06890685269709543
00-0027950,2012,2012,2013,382,-0.056900742123610876,-2.054448022016705,0.4258574699852159,-0.05295475681761992,-0.08666978028747431
00-0028090,2011,2011,2017,2198,-0.06689478486335368,-1.0841959597720578,0.41113288484169236,-0.09082529987917773,-0.06648787307692308
00-0028118,2011,2012,2015,1189,-0.05134934158921924,-0.5980122990099992,0.41373196079397134,-0.07795680178080965,0.08934483333333333
00-0028118,2015,2015,2016,371,0.001809649404838104,0.8681424778021316,0.4292470445566225,-0.013339398320348375,0.08593332359081421
00-0028118,2015,2015,2016,357,0.05636686172240081,0.4651141079936355,0.4153895316148035,0.04617416084828622,0.022092828282828287
00-0028118,2016,2016,2017,371,0.06455193941129184,0.8895533082945757,0.4101028472071802,0.05552879966135276,0.06801154826254827
00-0028118,2016,2016,2017,371,0.03382293638352579,1.0253345492917103,0.41358167536199897,0.02541209435675787,0.04717670059880238
00-0028118,2017,2017,2020,1050,0.0735557180392135,1.5339339217116899,0.4167272499565962,0.0652132617492249,-0.08365606053268766
00-0028118,2017,2017,2022,1806,0.02883008973914806,1.1796935639815278,0.4149762648905186,0.02035491495164815,-0.10397008529411766
00-0028118,2020,2021,2023,834,0.0012255225735459676,-0.006971513315305725,0.4037454420734522,-0.008275846517296466,-0.08159431468531471
00-0028118,2022,2023,2025,805,-0.033120157581155024,-0.41807341740474546,0.40378962475959035,-0.049621264380023074,0.020893735384615385
00-0029668,2012,2012,2013,357,-0.06751664913101234,-1.7623521077417053,0.42747900772698,-0.054940210376078144,0.043900449999999994
00-0029668,2012,2012,2013,357,0.0260320002699647,-0.9786217577517492,0.4569758652125989,0.034125399046987824,-0.005989870759289179
00-0029668,2013,2013,2014,357,0.006377483518734186,-2.718771802692645,0.4335770177671423,0.014730217220217537,0.03140057613814757
00-0029668,2013,2013,2014,354,0.005351257561999109,-2.96583844382553,0.4393945582310935,0.014244426002941506,0.17984511816838997
00-0029668,2014,2014,2015,363,0.02799750450077517,-2.333429472913535,0.4451210804281768,0.03746029505919315,0.1252515015576324
00-0029668,2014,2014,2016,672,0.11510404574674105,-1.214981731007437,0.4585766292132985,0.11904103563693277,-0.0496000031201248
00-0029668,2015,2015,2016,426,0.06412739218090148,-1.3817463986806862,0.44504632318969944,0.06447179262423118,0.006280812312312318
00-0029668,2016,2016,2018,728,0.042557863784698696,-1.785895060591583,0.43499351503771766,0.04040306695046379,0.08914189193548389
00-0029668,2016,2016,2018,720,0.0439150508149325,-1.2523134171625014,0.4427351386433294,0.039914969321321554,0.20608847763578272
00-0029701,2012,2012,2013,357,-0.11135724232091096,-2.0305706758520006,0.4116956035741253,-0.11257193325821004,0.01172387380497132
00-0029701,2012,2012,2013,361,-0.04542912392241,-2.3287407319953415,0.4358231560911589,-0.042912493074167835,-0.02393417996604414
00-0029701,2013,2013,2014,357,-0.03016047334284645,-1.9639749747221584,0.4344213483753403,-0.026157353144327867,-0.01456356151419558
00-0029701,2013,2013,2014,357,-0.0348382226735101,-1.4235797024605845,0.43418099880189787,-0.03467100696129076,0.03658221661237786
00-0029701,2014,2014,2015,364,-0.020784043748950647,-1.4505379535611638,0.43105176815576585,-0.02309306231567978,0.04585509233176839
00-0029701,2014,2014,2015,367,0.005937369673014284,-0.9566028755178444,0.4478108125280176,0.0018790345199841988,0.0028944939209726494
00-0029701,2015,2015,2016,357,0.010225074146688473,0.3901246232098171,0.46136754139727565,0.005084779211060432,-0.012420249999999996
00-0029701,2015,2015,2016,357,0.0037002968821352477,0.8066703454326066,0.4534331610196255,-0.0023231228523896003,0.030377359205776177
00-0029701,2016,2016,2018,742,0.007270293564840674,0.5473203505515767,0.43018446437534785,0.000542188235361874,0.02570799588477366
00-0029701,2016,2016,2019,1057,0.022045634455662134,1.3069696686335084,0.44114269501185166,0.014439452755431572,-0.12364157575757576
00-0029701,2018,2018,2019,434,0.012467081331461571,1.9984274906637882,0.4410405781759676,0.004176973993560196,-0.016497918976545834
00-0029701,2019,2019,2020,371,-0.04735168678150239,1.37606224480708,0.43267127872904776,-0.056127722420184344,0.2618727928994083
00-0029701,2019,2019,2020,364,0.014596782032386561,2.677294063844631,0.46273296431717875,0.005664660238261337,0.29178748611111116
00-0029701,2020,2020,2021,351,0.10291091801733403,2.985792948376365,0.4851049210849451,0.08950677284925089,0.1286575077220077
00-0029701,2020,2020,2021,357,0.14569494809579048,2.952334864136071,0.49269318832662706,0.12730135765140563,-0.003360352189781026
00-0029701,2021,2021,2022,350,0.10771045915825178,2.123006518585743,0.48770620267020715,0.08639752569652578,0.057192670731707314
00-0029701,2021,2021,2023,626,0.06416244556601529,2.0789347561353604,0.48519695994985457,0.040525184714377056,0.07611244583333333
00-0029701,2022,2022,2023,441,0.08518400490328859,2.5654598171716514,0.4822840660953745,0.05861750188292872,-0.019787160083160064
00-0029677,2012,2012,2013,364,-0.12039421503784066,-3.2258407457072957,0.39642747567089354,-0.12939227802585465,-0.04615865562913907
00-0029677,2012,2012,2014,714,-0.06334972135225145,-3.8003748639038144,0.40961806871546985,-0.0690818583374173,-0.10218341587901703
00-0029677,2013,2013,2015,815,-0.08139387708477841,-3.1753339394661437,0.4019947086344801,-0.08707121619344839,-0.026509798969072157
00-0029263,2012,2012,2013,357,-0.0627446166622481,-1.2001275985092714,0.41770225744618106,-0.07944658948726424,0.23418309882352942
00-0029263,2012,2012,2013,357,0.006429385602615079,0.18227349144468774,0.43995755878839937,0.001062114196927623,0.2169793356321839
00-0029263,2013,2013,2014,354,0.15607703952129304,3.0898678082853612,0.47057091148326263,0.15615403057846178,0.14981809932279908
00-0029263,2013,2013,2014,364,0.12603742307820978,2.3773850250657658,0.4601764119816685,0.12968343867198145,0.13829597021276596
00-0029263,2014,2014,2015,364,0.15804846931201275,3.9560660935811285,0.45896314304107355,0.15952415292145583,0.056032664062499994
00-0029263,2014,2014,2015,364,0.1149563033409017,3.1827013125164902,0.4388329063437029,0.11352689286540413,0.03737239029126213
00-0029263,2015,2015,2016,357,0.10726752124611667,4.1530525946046435,0.4372284606948696,0.10383112086058296,0.2533247140151515
00-0029263,2015,2015,2016,357,0.07855533248788554,4.462206187914788,0.43398977435113,0.07358739119273841,0.3410495543478261
00-0029263,2016,2016,2017,357,0.19152420586654798,5.183089050597533,0.47283576114737175,0.18559485458245145,0.07268835551663747
00-0029263,2016,2016,2017,354,0.19379950343505006,5.522695286423097,0.481134477942675,0.18711863576256746,0.04417011698717947
00-0029263,2017,2017,2018,357,0.12215151768167269,4.96957392537497,0.46964866329389204,0.11500772618715321,0.067358400990099
00-0029263,2017,2017,2018,356,0.12604856202028683,5.438512383522231,0.4695004701561709,0.11876117407392318,0.04757381459566075
00-0029263,2018,2018,2019,356,0.0977945680403048,4.600294255484029,0.45570952519312463,0.0899995210802447,0.14142701535087715
00-0029263,2018,2018,2019,353,0.1023093800261898,5.0955393227463075,0.4615137872624684,0.09385372425509246,0.23078677606177606
00-0029263,2019,2019,2020,364,0.11463030806994738,5.92272492781393,0.4531701386036651,0.10571493965724607,0.17990330155979203
00-0029263,2019,2019,2020,370,0.15720838259544476,6.632631260834877,0.47515852824316634,0.1485719550075711,0.11610103915171287
00-0029263,2020,2020,2021,357,0.1460749276798975,6.460053628072778,0.47137083505869665,0.1375186396643217,0.11943186868686867
00-0029263,2020,2020,2021,381,0.14557550203853112,6.553037940565308,0.4805937282645069,0.137374409015992,0.007439129277566532
00-0029263,2021,2021,2022,371,0.13562466602936643,6.372391074292512,0.48040258296567195,0.12172900056680433,0.015617360000000016
00-0029263,2021,2021,2022,357,0.08193786185034925,5.851750979773866,0.45864265186040265,0.06336368610877288,-0.015904665441176472
00-0029263,2022,2022,2023,364,0.08409088317019914,4.388042444234464,0.4495084370655096,0.062276311067259976,-0.06840776773049645
00-0029263,2022,2022,2023,357,0.019437784303135815,3.5428270070666126,0.42558326534610547,-0.004559707290655998,-0.06710049425287358
00-0029263,2023,2023,2024,410,0.014872386191911932,3.4031222160162233,0.42146615816266414,-0.010591026971276545,-0.0399859494163424
00-0029263,2023,2023,2025,644,-0.017286829412639412,3.808625557275276,0.41229707805108196,-0.04495358643629416,-0.0006921918294848976
00-0029665,2012,2012,2013,364,0.032641351861850604,-0.2862809577846268,0.43433499176449974,0.04134474094253914,0.16807707581967213
00-0029665,2012,2012,2013,364,0.058546497412904956,0.700776184658453,0.43969193928395045,0.06551885172317118,0.14365189013035382
00-0029665,2013,2013,2014,427,0.12307473274391444,1.483347782609412,0.4638101262880153,0.13074600508387293,-0.05488446938775509
00-0029665,2013,2013,2016,1125,0.09276975102516968,0.3949019317574431,0.45529255008501046,0.10106282841258447,-0.16994311040339702
00-0029665,2014,2014,2019,1831,0.00833229758948124,0.7969000572083483,0.43040453521937844,0.018031568413418003,-0.07833861589403973
00-0029604,2012,2012,2015,1019,-0.05852483800890306,-0.9415820285296269,0.4094240837696335,-0.0797978185543726,0.011359999999999997
00-0029604,2014,2014,2015,434,-0.04478896695347215,-2.6269735970312924,0.4120166158651063,-0.055429069878816066,0.04549303231292516
00-0029604,2015,2015,2016,357,-0.008990181067358891,-2.1014868633623665,0.42555705203267574,-0.017199762405450444,0.17553611945392492
00-0029604,2015,2015,2016,353,0.015390274330681337,-0.4640617556299728,0.4327380379763278,0.0077796044344240235,0.306336668852459
00-0029604,2016,2016,2017,357,0.10159649733996404,1.4519615704996287,0.4740568223635818,0.0940234478166771,0.18234228712871287
00-0029604,2016,2016,2017,354,0.1747271938251479,3.000479361059605,0.4981574784377321,0.1672819487829712,0.06871352730375427
00-0029604,2017,2017,2018,356,0.14155250207437595,2.917526380177313,0.4873891853051488,0.1337469784130553,0.0005548963317384345
00-0029604,2017,2017,2018,360,0.131958526171206,2.910213752030763,0.4781452819182195,0.12406554820566829,0.003582646697388624
00-0029604,2018,2018,2019,360,0.05921043797121262,1.394947374869523,0.4620510066299832,0.05143137166020492,-0.004254470692717576
00-0029604,2018,2018,2019,350,0.07262917957287336,2.4113512608322494,0.48190084435035463,0.06477802857503942,0.1121721046511628
00-0029604,2019,2019,2020,371,0.020923742402739424,1.9007592571485814,0.465695015818546,0.012335129177292424,0.17267041730769228
00-0029604,2019,2019,2020,370,0.11319327078312243,3.244042795045889,0.4742104322646375,0.10460401221753142,0.10020211153846154
00-0029604,2020,2020,2021,357,0.07947504437649759,2.775700723475739,0.46371097238736037,0.06723884779618414,0.18704492144026186
00-0029604,2020,2020,2021,357,0.10257317278380577,3.530695832700136,0.48825868384067017,0.08569744287405558,0.16737095411392403
00-0029604,2021,2021,2022,357,0.12338118445630114,3.100404176043596,0.488303068639487,0.10375880127353372,0.05926696081771721
00-0029604,2021,2021,2022,360,0.1318270204658584,3.172772678137409,0.48087570660928186,0.1096416023115957,-0.01792261129568107
00-0029604,2022,2022,2023,350,0.08673068946753316,2.202522633818908,0.46639696114163665,0.06258108610225917,0.06903492421991085
00-0029604,2022,2022,2024,651,0.07079403394255399,1.9472891538254722,0.4640010041805288,0.045700522217753684,0.10266163897763582
00-0029604,2023,2023,2024,413,0.08842060836843116,2.3314599696350466,0.4697948505647241,0.06344083792516726,0.10384696785714286
00-0029604,2024,2024,2025,427,0.08919482207848753,2.614239295291025,0.47115196285599115,0.062179141282277146,0.01967518326693227
00-0029567,2012,2012,2013,385,-0.096760674642858,-0.4663268055292733,0.41194869018128827,-0.11487676429336643,0.13892621588594706
00-0029567,2013,2013,2014,364,-0.06235126405484387,-0.41116442795675806,0.4036576186672118,-0.0673598885257986,0.19897133273056056
00-0029567,2013,2013,2015,665,0.06922703987949906,0.5885514021077984,0.41895474622756085,0.0695562174458563,0.012866636206896544
00-0029567,2014,2014,2016,756,0.08179295384248769,1.0002306959599756,0.4275510389653391,0.0815233602302607,-0.1790957846153846
00-0029567,2015,2015,2018,1057,0.019772300000236415,-0.15308254751196793,0.4156718217032804,0.017091207426946683,-0.20820345132743365
00-0029567,2016,2017,2020,1057,-0.055297617759237944,-1.1773222321112355,0.3937103637467889,-0.05966141396741914,-0.02689359314775161
00-0029567,2018,2018,2020,742,-0.08892840294413261,-1.2544813213303605,0.3878586941468599,-0.09475260803989738,-0.03203076869565217
00-0029682,2012,2013,2016,1085,-0.051202790769913936,-1.137936122958123,0.42158400313663985,-0.06842445155846974,0.01803116331658291
00-0029682,2015,2015,2016,358,-0.013603435487780167,-1.0156052886083207,0.4341657178946102,-0.022031558397682217,-0.06118028180354267
00-0029682,2016,2016,2017,416,-0.005885731570004468,-1.2320352587324284,0.44741305785869695,-0.011715574295929322,-0.11268181261595547
00-0029682,2016,2016,2018,707,-0.050133067841440504,-2.3852772051913846,0.4424722974596728,-0.055907634678228985,-0.05831843917525774
00-0030526,2013,2013,2016,1096,-0.03251278885167544,-0.6204603434362347,0.4229330218682624,-0.038794928457077923,-0.12723137078651686
00-0030565,2013,2013,2014,360,-0.06860157960454095,-0.8455607863116495,0.4256662074911311,-0.0805261976423476,-0.11738396202531647
00-0030565,2013,2013,2014,372,-0.1026958402008667,-1.3204709421831515,0.41271408205486115,-0.10510519896379851,-0.13819497091722596
00-0030565,2014,2014,2016,770,-0.09741710798416281,-2.3065857716539484,0.4048987696622917,-0.09550128158461324,-0.0326813714953271
00-0030565,2014,2014,2021,2512,-0.12053532661304212,-3.543002413969822,0.39504599589238354,-0.11549121703139642,0.017110525083612035
00-0030565,2016,2017,2022,1806,-0.0578892803579798,-2.5323848724209728,0.4146766105492982,-0.05298465599238724,0.0462428361111111
00-0030565,2021,2021,2022,416,-0.08019097868336429,-2.507032295056817,0.41236810354461184,-0.07870321451784133,0.10157643716814159
00-0030565,2022,2022,2023,357,-0.008309082051812737,0.2820932390792079,0.44142307152025057,-0.010539380874838763,-0.007646463620981381
00-0030565,2022,2022,2023,365,0.017874959805837934,1.569825567199414,0.4597144027836703,0.008449318558412001,-0.01508586736474694
00-0030565,2023,2023,2024,354,-0.009906365509579698,2.4568595986589155,0.45921906354547615,-0.024840814978642045,0.06679308025682183
00-0030565,2023,2023,2024,350,0.018192969622187232,1.9137280032931667,0.45677350579381937,-0.0005517689924973163,0.05099147208121828
00-0030565,2024,2024,2025,350,0.03649488125445366,1.9352661220763807,0.4651863747313875,0.015886584728297674,-0.012171437616387339
00-0030565,2024,2024,2025,350,0.029806259271639216,3.198740014945496,0.45905910999223876,0.005905622793618453,-0.11791989031078612
00-0030520,2013,2013,2014,364,-0.08192826910712109,-1.469983813559322,0.4121817482175596,-0.09789960664599709,-0.026676934046345805
00-0030520,2013,2013,2018,1834,-0.02780845819752716,1.1113098552113505,0.4268857164011365,-0.03187418504910181,-0.08054149906191369
00-0030520,2014,2014,2020,2261,-0.043696969753827454,-0.48585279864291214,0.41412569324798715,-0.04276662812608098,-0.08318671492204899
00-0030533,2013,2013,2020,2619,-0.07392410941871774,-1.201988606853879,0.42733878292461397,-0.09392303024288697,-0.037335760233918124
00-0028986,2013,2013,2016,1050,-0.03653439786221615,-0.7296922423890309,0.4129831094224924,-0.06349916078505065,-0.1159372471042471
00-0028986,2014,2014,2016,718,-0.11591778084974318,-3.8554186616851287,0.40142576883136566,-0.129528879929615,-0.06326772656250002
00-0028986,2016,2016,2017,413,-0.10520866999476573,-4.297246979629974,0.4059688055059344,-0.1161755942275752,0.03369882656826568
00-0028986,2016,2017,2018,357,-0.09078148610832196,-3.652954655301658,0.4082201718760975,-0.10033650777086023,0.10008338235294117
00-0028986,2017,2017,2018,350,-0.02487196464190184,-2.318089983067808,0.4305534021934927,-0.033912286626488784,0.023257353040540538
00-0028986,2018,2018,2019,357,0.006965814297715896,-0.7123714176812527,0.44032669662001733,-0.001801541852423356,0.008021826923076918
00-0028986,2018,2018,2019,406,-0.0005207776754780433,-0.34003358043573645,0.4366263759163552,-0.008888242734761595,-0.025094407969639465
00-0028986,2019,2019,2023,1554,0.011172149795632538,-0.7535223680627621,0.43561581235100466,0.002989408876313906,-0.13527965811965814
00-0031280,2014,2014,2015,364,-0.06969356664975752,-1.503524303356817,0.4101732266791841,-0.08146847320298112,-0.09170245546218488
00-0031280,2014,2014,2015,364,-0.050061901796384506,-2.240931130384184,0.41868804695544776,-0.05205576052350672,0.012736785357737104
00-0031280,2015,2015,2016,357,-0.07715956225179618,-4.567892422486651,0.39880808401622697,-0.07489233033215478,0.012098920886075927
00-0031280,2015,2015,2016,350,0.006597249206477959,-3.028620192423112,0.43113118315878246,0.011523887096144401,-0.0055782031007751915
00-0031280,2016,2016,2017,364,-0.03106540557961404,-3.7644778045912406,0.4128033201522314,-0.025102758289902393,0.15385132724252493
00-0031280,2016,2016,2017,370,0.01505216172389242,-2.1878100366956774,0.4244738721511111,0.01669647361953315,0.11347852631578947
00-0031280,2017,2017,2018,364,0.07045887471233546,-1.8829723266886262,0.4392287826530861,0.06914421762456524,0.011326659898477157
00-0031280,2017,2017,2018,357,0.06313358039722036,-1.3955576601439406,0.4362150106982504,0.05976095064256964,-0.02811400168067227
00-0031280,2018,2018,2019,357,0.048094686615510994,-0.7745302134651304,0.446716878002804,0.043244845888586333,-0.0026684582623509316
00-0031280,2018,2018,2019,357,0.01934995241528115,-0.6241352676537971,0.4419930298770812,0.013429499052065419,0.14498434766355142
00-0031280,2019,2019,2020,364,0.023446310200789928,0.6756080693673707,0.4565700540491333,0.016738834701205255,0.21495482809611832
00-0031280,2019,2019,2020,364,0.07685942686229132,1.5231623002459493,0.4667536281204614,0.06934077859292623,0.12392715579710144
00-0031280,2020,2020,2021,357,0.11186024799827378,2.9517635381884673,0.4822516589447319,0.10413785300241302,0.13029122530329287
00-0031280,2020,2020,2021,354,0.09655886225733633,2.5864720896794573,0.476718016016358,0.08836703058485858,0.11160535993485342
00-0031280,2021,2021,2022,349,0.12911193357322043,2.1940191065026666,0.48328972014124866,0.12112733620383548,-0.0013948418451400306
00-0031280,2021,2021,2022,350,0.10167523149171069,2.0371281802506345,0.47411625461774565,0.09355068456725917,0.026451951666666675
00-0031280,2022,2022,2023,364,0.06183209010005287,1.8650762331847792,0.46690420096869023,0.05371557262989146,0.05291408775137112
00-0031280,2022,2022,2023,364,0.07440520047918674,1.160297031898266,0.447119267309791,0.06611081309659053,-0.008071314748201438
00-0031280,2023,2023,2024,350,0.05698535514197724,0.6038117376532094,0.44275631924919817,0.04587623745040148,0.0935918683206107
00-0031280,2023,2023,2024,371,0.03223456499586116,0.5412295220633234,0.4403769630432623,0.01600953202218153,0.17073519327731093
00-0031407,2014,2014,2015,364,-0.03165588214073947,-1.2362189306290416,0.43120976692563817,-0.025791221574442986,-0.18973825967741936
00-0031407,2014,2014,2015,364,-0.14998287026884127,-2.062549949228841,0.4119900582956482,-0.14465727508457316,-0.06829809431137725
00-0031407,2015,2015,2016,357,-0.14771959431134335,-4.972319911231457,0.3888559762780887,-0.1412549293120144,-0.016759868228404088
00-0031407,2015,2015,2016,357,-0.0904514596933692,-4.221529326344375,0.40681689385763536,-0.08305060837256673,-0.020971766768292682
00-0031407,2016,2016,2017,357,-0.08397062136852533,-3.5119791214333773,0.4151182807794342,-0.07546330450761272,-0.04264578140293637
00-0031407,2016,2016,2017,357,-0.060279997332998964,-3.517841555395976,0.4187430590170775,-0.05082137534361031,-0.07016353463587921
00-0031407,2017,2017,2018,357,-0.056227802307685384,-3.9322556351484756,0.4235688053461835,-0.04823486274539843,0.05889125129982669
00-0031407,2017,2017,2018,357,-0.05230951342549538,-4.313009916468691,0.42106257024060456,-0.04902260618167412,0.04635005344827586
00-0031237,2014,2014,2015,371,-0.04048706000705407,-1.5598225378238832,0.4234541890918909,-0.052033841172594034,-0.03488081952117864
00-0031237,2014,2014,2015,364,-0.06172272706618809,-1.8824453497097746,0.41427601397328256,-0.06356268017807624,-0.016278109589041093
00-0031237,2015,2015,2019,1428,-0.03736930947635759,0.6931228695335281,0.4233737481137623,-0.03506649006922355,0.0017209312796208544
00-0031237,2015,2015,2020,1746,-0.03995648640790525,0.8134989571300358,0.4183717015410606,-0.03480147441563423,0.08293443457943926
00-0031237,2019,2019,2020,420,-0.024814842126369068,0.5143836881524422,0.41404651237926526,-0.020313434212881815,0.13904657794676806
00-0031237,2020,2020,2021,364,0.01657267345385062,1.3742764884774168,0.43440820915675304,0.017256886122055993,0.13867059778597787
00-0031237,2020,2020,2021,364,0.061750780862495316,2.657271542594745,0.4518727435342174,0.05977760793508964,0.10202651386321628
00-0031237,2021,2021,2022,455,0.07901942790655275,3.07923015348827,0.4604604961058453,0.07514593448071492,0.0276779797752809
00-0031345,2014,2014,2018,1414,-0.028390827712193072,-0.7903594024701039,0.42310649750096113,-0.045941656881977946,0.18381481210191086
00-0031345,2016,2016,2019,1022,0.037355259859156095,-0.6977215835691312,0.43256278685467386,0.02825494452710359,0.18180481681034485
00-0031345,2018,2018,2019,455,0.12582197839449005,0.14535899589488954,0.4687544008352588,0.11892938877666662,0.16795871319311664
00-0031345,2019,2019,2020,371,0.13343248201957236,0.7467165062059662,0.48517407508428395,0.1267853000313295,0.16163824130879345
00-0031345,2019,2019,2021,695,0.14200486022055264,1.0558472656447868,0.4914834910005979,0.13533645478046952,0.18568462417582418
00-0031345,2020,2021,2022,371,0.14711772436379592,0.887245273805626,0.4896366974883568,0.13961012739440945,0.19384024643584521
00-0031345,2021,2021,2022,365,0.16891115667074488,0.7805453246444529,0.4862325713851725,0.16109187848627649,0.22336739920948617
00-0031345,2022,2022,2023,400,0.1703265677004138,1.5638494503661273,0.49013960890678626,0.16219536616473823,0.11881410721649484
00-0031503,2015,2015,2016,357,-0.08930411743762959,-2.0253030298831654,0.40068243202595105,-0.07613904391601334,0.12862565949820787
00-0031503,2015,2015,2016,357,-0.016374568153388752,-1.2399963496945965,0.43432979905041347,-0.007443931338013507,0.10877757440000002
00-0031503,2016,2016,2017,364,0.07361266077135169,0.12630643922411255,0.4575800780028665,0.0821345217159171,0.07912844975288305
00-0031503,2016,2016,2017,378,0.06495219927396571,0.10950638558287576,0.4593754141204131,0.07379098520169178,0.07963647377938518
00-0031503,2017,2017,2018,399,0.08052710481549974,0.6406047946934041,0.4712508272135461,0.09037837779795893,0.06540196849087894
00-0031503,2017,2017,2019,637,0.06277721245388912,0.9566477452351101,0.4738930650162842,0.07345600064077719,0.09263551231527092
00-0031503,2018,2018,2019,357,0.07082956654358777,2.203949261795275,0.48390133777162614,0.08161820108221207,0.09887422955974844
00-0031503,2019,2019,2020,423,0.06257373638439934,1.8377090462663461,0.4786239927346029,0.07302614359396006,0.1088062783018868
00-0031503,2019,2019,2021,714,0.07452290863549388,1.5046914882046,0.4770364404431667,0.07915644907301526,0.1067405159914712
00-0031503,2020,2020,2024,1421,0.07789302224531168,1.494022740171927,0.48516551242554323,0.07871169337591641,0.020979044568245134
00-0031503,2021,2022,2024,826,0.08469774511761337,0.7008909672174177,0.4760400961513783,0.08274544695135794,-0.07814711600000002
00-0032268,2015,2015,2016,385,0.04141350466119961,-0.05909367219598727,0.44260254151125844,0.0505621424073873,-0.041816927304964537
00-0032268,2015,2015,2016,371,-0.003913248173700177,-0.01325056257815771,0.4457370414540922,0.0026934591851429726,0.08782864752475246
00-0032268,2016,2016,2017,371,-0.026836681081867344,-0.44242739502143,0.44257749387913886,-0.019293260044685054,0.15817910395010396
00-0032268,2016,2016,2017,371,0.054651595396808694,0.7731515320731954,0.4557393423116092,0.06347204864918476,-0.008472962818003922
00-0032268,2017,2017,2018,365,0.05874679894947534,0.643048547918612,0.45126308912658575,0.06875197008109009,-0.043498181274900405
00-0032268,2017,2017,2019,616,0.02593416367439945,0.7029688644908774,0.4407454482206639,0.036497141451020745,0.026715349765258217
00-0032268,2018,2018,2021,1148,0.028003497678667097,0.754558444375177,0.44161718717684356,0.0386606644074137,0.02156160732984292
00-0032268,2019,2019,2022,1134,0.036896745104555026,1.2682027341982969,0.43763435406138484,0.04250440504945138,0.03596530681818181
00-0032268,2021,2021,2023,728,0.025526036654371344,0.5108456776096012,0.4286508653771258,0.027229791283701957,0.006938971671388109
00-0032268,2022,2022,2025,1106,0.04843864005424496,0.3515552023995338,0.43546066897887786,0.04717764924828064,0.017735205714285707
00-0032156,2016,2016,2017,371,-0.051515090864409634,-0.8370793214719342,0.42991063606097774,-0.07754248469527068,0.04063556260434057
00-0032156,2016,2016,2017,382,0.004567272292551644,-0.6565189640725726,0.43782830363174996,-0.0036451045648457567,-0.07971029272419629
00-0032156,2017,2017,2022,1855,0.013690143143267414,-0.1666211250109847,0.4420356939707802,0.009190801009792979,-0.1451067649484536
00-0032950,2016,2016,2017,356,-0.023442983640396885,-1.1106331965224516,0.42683479602322566,-0.015143515578491279,0.020667552795031054
00-0032950,2016,2016,2017,350,0.026649761829391442,-0.28052975601970265,0.4330736623348869,0.03314116001663545,0.06950941878980892
00-0032950,2017,2017,2018,389,-0.0018485979123697583,-0.6364901804415861,0.43885357443434503,0.005005547660932327,0.17409472120200334
00-0032950,2017,2017,2019,658,0.06713195667446506,-0.598391275864339,0.44813822126798203,0.0754967773279733,0.1425665734824281
00-0032950,2018,2018,2019,378,0.09987067341026613,0.27446150979822725,0.4561599732721542,0.10566041243756838,0.09185863481228668
00-0032950,2019,2019,2020,364,0.11129308907529546,1.5309141459310882,0.47046668479373016,0.1128849491153989,0.008462531297709927
00-0032950,2019,2019,2020,364,0.10079831528555365,0.6075690963219597,0.46487440265567553,0.09945104490618514,-0.06122751635846373
00-0032950,2020,2020,2021,386,0.05289811872905253,0.2735616610918513,0.4619275656368261,0.04964039235575066,-0.07327797774244833
00-0032950,2020,2020,2021,378,0.0028133864973382133,-0.43296489309271247,0.44910403339178917,-0.0018891798790719415,-0.0010356877256317701
00-0032950,2021,2021,2022,350,-0.005037006354105603,-0.39272951487082275,0.43531810672597443,-0.010900820352560497,-0.056864933810375655
00-0032950,2021,2021,2025,1373,0.006390624248645998,-0.9766231606508434,0.44057960980881,-0.00047503620747245184,-0.09065420040899795
00-0033077,2016,2016,2017,357,-0.03874962415248524,-1.5739601182373768,0.4239000115022799,-0.05900071755507914,0.261237675
00-0033077,2016,2016,2017,357,0.177916482099398,1.169648221083109,0.4889710209755288,0.1713926257819131,0.07227527911646588
00-0033077,2017,2017,2018,357,0.16361378026527196,1.787595023395933,0.4831175527592891,0.16299542903835454,-0.09054618304431598
00-0033077,2017,2017,2018,357,0.11820727855122322,1.4969872059077587,0.4698990581247285,0.12136037209529749,-0.11626932821497118
00-0033077,2018,2018,2019,357,0.027363210941469353,0.8443311281034547,0.44256611427975834,0.032321234501303704,0.10986078411053542
00-0033077,2018,2018,2019,357,0.014586642627222828,0.485204105130978,0.4328860535773393,0.01562140754412211,0.2337219588138386
00-0033077,2019,2019,2020,364,0.08201175452348353,1.4018397837874494,0.4566349857860085,0.08030008182052237,0.1418541857142857
00-0033077,2019,2019,2021,686,0.12675309429341577,2.3199574622444885,0.48609444095578624,0.12312964542479023,0.13020334135338346
00-0033077,2020,2020,2021,448,0.11103447106648802,0.6577495987043105,0.4802371741927541,0.10613350862912721,0.13057554910714286
00-0033077,2021,2021,2022,399,0.1374022753574069,1.4920603943584259,0.5087625914000377,0.1315119013713625,0.13295503210272874
00-0033077,2021,2021,2022,385,0.10367693019833248,0.852905424659002,0.48716239699645375,0.09723759449696019,0.17637154787234044
00-0033077,2022,2022,2023,350,0.13594767359626642,0.8786658688716568,0.49509863063575,0.1287703150836787,0.12431599823633158
00-0033077,2022,2023,2023,111,0.13110679247270404,0.8700074316064742,0.4996122020426089,0.12348096285346034,0.16587501344537817
00-0033077,2023,2023,2024,350,0.1340021873101221,1.5881959923477882,0.4922956747836292,0.126109893668276,0.1297548608
00-0033077,2023,2023,2025,651,0.15539934334514438,1.6021759263321467,0.4898052709342345,0.14743917229183617,0.13310783114754096
00-0033077,2024,2024,2025,413,0.12556679864900913,1.3275368223077761,0.47854965974413527,0.11758980538633879,0.16212056810631228
00-0033119,2016,2016,2017,448,-0.047600605790041134,-1.1238808103913795,0.42181798564729284,-0.06788421721473983,-0.11295120669291338
00-0033119,2017,2017,2019,700,-0.07012913299347254,-1.2998847233309703,0.4084909115728726,-0.07654907443180681,-0.03315780681818182
00-0033119,2017,2017,2019,708,-0.07526184052561237,-2.50294452035173,0.399969026446362,-0.07638629179293174,0.0843597709359606
00-0033119,2019,2019,2020,427,-0.017964771098324096,-2.271835474268738,0.4164967591238949,-0.021330574877515822,-0.038889278645833324
00-0033119,2019,2019,2021,704,0.0003321552913108012,-2.2245648349229263,0.4306945700857004,-0.004424439197390759,-0.12865984114583334
00-0033119,2020,2020,2022,672,-0.03852956388151525,-3.61328398777011,0.41050599478370337,-0.04521052630254754,-0.04265343177189408
00-0033119,2021,2021,2024,986,-0.05887626421384733,-3.305074398527684,0.414630920259962,-0.06594298552113781,0.07162869318181818
00-0033119,2022,2022,2025,1077,-0.040233348794569954,-2.23301985526827,0.417066526942234,-0.04761558439602348,0.0019895431472081305
00-0033119,2024,2024,2025,455,0.009810869127164647,-0.7135529166175707,0.4313062781797079,0.001476249511532979,-0.056603261780104705
00-0033104,2016,2016,2018,812,-0.04401594158424892,-1.0566903506641974,0.4219572138012386,-0.06220598834849939,-0.095803
00-0031589,2016,2016,2019,1127,-0.06132699730149383,-1.4391816466686467,0.41663399333464024,-0.08617289630298061,-0.23063793681318684
00-0033106,2016,2016,2017,357,-0.07419541349531847,-1.6418600088823094,0.39634986225895313,-0.06074416736142536,-0.023778962192816628
00-0033106,2017,2017,2018,367,-0.18811746586936082,-4.258252502162721,0.367827275649681,-0.17879786036975645,0.2335874381818182
00-0033106,2017,2017,2018,358,-0.016228970357781734,-3.5277346902694484,0.3927911141557573,-0.007387680801379655,0.27809894454072787
00-0033106,2018,2018,2019,360,0.08863342673367065,-1.8091785884316218,0.4394724317700625,0.09798852532329558,0.140171955
00-0033106,2018,2018,2019,358,0.15485524014504717,-0.39710074883284513,0.4610668878435982,0.1645591572806309,0.010216522727272739
00-0033106,2019,2019,2020,364,0.1055274027623575,-0.9511818592875045,0.46224078062165197,0.11590208054991885,0.14467351974723539
00-0033106,2019,2019,2020,364,0.07955984626353675,-1.9323765342517203,0.4544150891830268,0.08629025833214837,0.10695815698587127
00-0033106,2020,2020,2021,364,0.13737952757287583,-0.693066689362418,0.47577445171250593,0.1395904738932059,-0.020139877300613493
00-0033106,2020,2020,2021,371,0.07853530443370656,-0.5108511188607927,0.4756580157783202,0.077649754031227,-0.07690601594896332
00-0033106,2021,2021,2022,378,0.052582324107168406,-0.22911055318981077,0.47589476228327354,0.04954018463824095,-0.05236859827586208
00-0033106,2021,2021,2022,364,-0.004260872313753186,-0.5132451752994655,0.45905668449513026,-0.008917772655526155,0.17760443571428572
00-0033106,2022,2022,2023,343,0.015724118616051327,-0.3298442044212565,0.45804957959420084,0.009890696581792913,0.24242381488203268
00-0033106,2022,2022,2023,351,0.0963028073559876,-0.5106363981755146,0.47510242589249513,0.08963386954420333,0.11649781063122926
00-0033106,2023,2023,2024,351,0.12115696835829755,0.11382027568224995,0.4831496503428985,0.11381681994852096,0.10252250249584026
00-0033106,2023,2023,2024,348,0.09888050476205387,-0.1277016254200153,0.4807194848024328,0.09141208934568669,0.2550202242063492
00-0033106,2024,2024,2025,344,0.11697002666793893,0.3620472743947104,0.4867291876575176,0.10900589582003897,0.37903569459962755
00-0033106,2024,2024,2025,353,0.17678764350913032,1.7745609508938476,0.5002390774848299,0.16828163759713013,0.23590715689655173
00-0033537,2017,2017,2018,430,-0.11991969012195954,-1.679364138273223,0.40960087521450256,-0.12412329329182206,0.1358581104868914
00-0033537,2018,2018,2019,357,0.029408087056584237,0.22551584821716059,0.4365372120960075,0.030532905653771914,0.11543085509838998
00-0033537,2018,2018,2019,356,0.06759862970099394,0.981639864734282,0.45540651652332753,0.07180940374550074,0.15668183617747442
00-0033537,2019,2019,2020,371,0.07699936308756358,2.375330381267389,0.4596617900702449,0.08317822050379686,0.14804661871750432
00-0033537,2019,2019,2020,371,0.11118577471377318,2.8314077819308614,0.48437503103620444,0.11897273803619499,0.20840599295774645
00-0033537,2020,2020,2022,804,0.11251638463270712,2.4612961764235637,0.47331155360683835,0.11987225078969385,0.18412942465753424
00-0033537,2020,2020,2023,1064,0.17323071252484884,3.05640462305816,0.4916672068691918,0.1759601571326389,-0.031185677777777778
00-0033537,2022,2022,2024,666,0.12811219330709386,3.520590962720594,0.4921157468312121,0.127553885064071,-0.17480472727272728
00-0033899,2017,2017,2018,469,-0.051499326835390075,-0.4445446818254567,0.4219572138012386,-0.06566773430234148,-0.2617597082533589
00-0033869,2017,2017,2018,364,-0.10403889946783246,-1.8741798507483693,0.40696540228056216,-0.09525780842505166,-0.00901913188976378
00-0033869,2017,2017,2018,372,-0.061841069924843575,-2.435901527171093,0.40503386991530166,-0.05451314926077695,0.05257304570383911
00-0033869,2018,2018,2019,378,-0.02559411839817192,-1.356144450443801,0.4237162032698887,-0.018107116475261996,0.02021717658349328
00-0033869,2018,2018,2019,364,0.01676931109456558,-0.8872903483823524,0.44627239797860635,0.025353750325338632,-0.0552154645941278
00-0033869,2019,2019,2020,413,-0.008821235131036333,-1.293662815070648,0.433113650765429,-0.004664510700549978,0.025677278716216223
00-0033869,2019,2020,2022,739,-0.02543178866307448,-1.4553388134078717,0.43685514687038984,-0.025046710200019563,0.03540003472222222
00-0033869,2020,2020,2023,1068,0.007043717124026319,-1.1570227272488975,0.4672500929528112,0.004833769687902839,-0.03651119696969698
00-0033869,2022,2022,2025,1120,-0.012010039284131328,-1.0625983783082742,0.4568532555576267,-0.016392185259557684,0.06708751091703058
00-0033936,2017,2017,2020,1169,-0.0163335160170152,-1.42025846106118,0.4159325700981626,-0.03521655453919292,-0.12679450592885375
00-0033936,2018,2018,2023,1897,-0.08343113663320642,-3.6168712638544105,0.41542589269297353,-0.08807869004147131,-0.09359458893280632
00-0033662,2017,2017,2023,2149,-0.06734154496934498,-1.1367345245510174,0.41580041580041577,-0.09716420709608539,-0.021464035555555552
00-0033662,2022,2022,2024,770,0.002769343753666012,-1.5435870564224459,0.4215034218254509,-0.01661820520095783,-0.22071085
00-0033662,2023,2023,2025,700,-0.034763518042896464,-2.913929625258177,0.4118221640286663,-0.05206457551845073,-0.08996642492917847
00-0031800,2017,2018,2021,1120,-0.054536686327138977,-0.841998651957614,0.4207999207999208,-0.08435934845387938,0.008979789719626154
00-0031800,2021,2021,2022,399,-0.06905893032967349,0.719906817656769,0.4288402229030155,-0.0881489159177662,-0.06377415985130114
00-0031800,2021,2021,2023,699,-0.0033737304759781928,0.7653671285003201,0.43474931375335685,-0.015099877313957621,-0.11308687708333336
00-0033873,2017,2018,2018,112,-0.000704246967158359,-0.6526335590918444,0.44323215301006863,-0.0034677443833297378,0.3671922310231023
00-0033873,2018,2018,2019,371,0.24008918121574693,1.6982519028742329,0.4962226596165273,0.24183438843643165,0.34562276633986927
00-0033873,2018,2019,2020,378,0.27872103376810936,2.510989288235751,0.4961897759639447,0.2831033726470332,0.26786667979452056
00-0033873,2019,2019,2020,370,0.3047682267355182,2.765517119255223,0.5034383831039145,0.3111818942161108,0.3063818112244897
00-0033873,2020,2020,2021,363,0.26923152376341053,2.0827924454953695,0.4979514424547644,0.2764169679171605,0.3347258978328173
00-0033873,2020,2020,2021,357,0.316935022474302,2.729547153568679,0.5194335764851107,0.3194658470880809,0.16271036834532376
00-0033873,2021,2021,2022,347,0.29894943403887503,3.0908280855850836,0.5170285860807653,0.2982386061373357,0.19987501702786376
00-0033873,2021,2021,2022,350,0.22870224563767969,2.3401013824987102,0.5101617484790161,0.22582236091282007,0.3203610455974843
00-0033873,2022,2022,2023,347,0.26622524498613176,2.8442244157197702,0.5211923697238964,0.2616829048804882,0.23189717160686432
00-0033873,2022,2022,2023,343,0.2858445306914754,2.6143490935696283,0.5170167669499061,0.28033675309140316,0.18029263018242123
00-0033873,2023,2023,2024,354,0.24565808825989607,2.642021890276938,0.5158795914445331,0.23921615083194772,0.11133372920065251
00-0033873,2023,2023,2024,356,0.22591476272702987,3.0169410022728025,0.5110992404202623,0.21890535352806098,0.037847768092105265
00-0033873,2024,2024,2025,355,0.16663440911934407,2.8759663099662895,0.4897135268651938,0.15921181817270966,0.10074944267515924
00-0033873,2024,2024,2025,350,0.14295046419075835,3.1786437384244555,0.49171710663175344,0.13528373449822062,0.17938992419354838
00-0034796,2018,2018,2019,364,-0.0578366735109289,-1.3151216332551536,0.41458180931480126,-0.07035033218250311,0.06807083008356545
00-0034796,2018,2018,2019,357,-0.07820320474569557,-1.9835732508941237,0.43639155393713736,-0.08306984509495025,0.267123759009009
00-0034796,2019,2019,2020,371,0.01704063882657586,-1.2740055704257613,0.43408057961728447,0.017634677992963515,0.3005619739336493
00-0034796,2019,2019,2020,381,0.15750730699801155,0.07947818315245792,0.4588452446522471,0.16158470295742028,0.17809860454545454
00-0034796,2020,2020,2021,357,0.15601694162578558,0.4149532940967052,0.45946750590158036,0.16238005293651114,0.17564822995780588
00-0034796,2020,2020,2022,630,0.16487668271616968,0.6858446655606583,0.47098568461611817,0.1733199134387,0.1040616679174484
00-0034796,2021,2021,2022,385,0.160307146597685,1.1471461199084962,0.4843945306411441,0.169663037037076,-0.005750811175337185
00-0034796,2022,2022,2023,385,0.130893707489423,0.7038743667274839,0.4735068977024233,0.1386761587987665,0.014336451476793254
00-0034796,2022,2022,2023,386,0.08820313559493793,0.19267553847761898,0.4654097038058554,0.0913458144964669,0.05006521129707113
00-0034796,2023,2023,2024,358,0.09452239637430263,1.2084458670956821,0.4722241502474084,0.09437391157930218,0.22587391097308487
00-0034796,2023,2023,2024,356,0.07997067769581769,0.8428156232762283,0.4655667973465007,0.07740411855330942,0.4006126162046909
00-0034796,2024,2024,2025,378,0.18031785598741346,1.8562765823182579,0.49133636536307357,0.17586037209032765,0.28475873903508775
00-0034857,2018,2018,2019,385,-0.06080269131415297,-1.5287504622889665,0.40814925309377575,-0.06112486800580562,-0.11131204950495051
00-0034857,2018,2018,2019,357,-0.10631718519570771,-3.6357542389800885,0.3898331564572037,-0.10340446095128356,-0.01887093045112782
00-0034857,2019,2019,2020,359,-0.10004736399372087,-2.4112978539222922,0.40321620331743746,-0.09502377475045706,0.15486310133843212
00-0034857,2019,2019,2020,364,-0.055921478045617014,-2.6435932440751397,0.4067890781780491,-0.04908084855996021,0.1973072333931777
00-0034857,2020,2020,2021,356,0.04721015011662307,-1.2572494864166546,0.4461381751593899,0.05549393906890949,0.21840345578231293
00-0034857,2020,2020,2021,358,0.08212245069459623,0.3030799047331163,0.47052673481046503,0.09133327570603957,0.1877049693548387
00-0034857,2021,2021,2022,349,0.14870311930861718,1.7553326205561188,0.48518135369676174,0.15473535797635427,0.13133164447806356
00-0034857,2021,2021,2022,347,0.12449039082792382,2.4152225087936463,0.4882032494817107,0.12617100825171304,0.16313957920000002
00-0034857,2022,2022,2023,357,0.13995449461682158,1.6212634684512688,0.4931281316475677,0.13870406780381186,0.18099306161971832
00-0034857,2022,2022,2023,350,0.1437842775225656,1.3278877127069784,0.4924650992468741,0.14041931086834103,0.1785058679245283
00-0034857,2023,2023,2024,351,0.1686758672566636,2.1849974972592174,0.4999842183249381,0.163728847105268,0.17800876635514018
00-0034857,2023,2023,2024,343,0.165876580324733,2.510529984003327,0.4966635224684981,0.15998344283562918,0.16082853952569168
00-0034857,2024,2024,2025,354,0.18432876367716158,3.0496424750797133,0.49482923398249695,0.17726661581823183,0.20878765530303028
00-0034857,2024,2024,2025,354,0.16722393557965382,2.267501781873932,0.4872209136631748,0.15976894013421292,0.224632248015873
00-0034869,2018,2018,2019,406,-0.011194292608538332,-0.35004311901330243,0.43963628580387937,-0.00527656294604547,-0.10050258115183244
00-0034869,2018,2018,2019,378,-0.09465306074605631,-4.610910554256074,0.3964061270244029,-0.08922954903599672,0.008757052539404548
00-0034869,2019,2019,2020,392,-0.07081794273402689,-2.6919961392326255,0.4102066961124319,-0.06426756171201205,-0.09385737789661319
00-0034869,2019,2019,2021,634,-0.040026598044957847,-1.1858821095434173,0.42044641126190846,-0.03215721031584669,-0.0913887358834244
00-0034869,2020,2020,2021,392,-0.10426528671436673,-1.90469964902033,0.40663946196971784,-0.09514732380284537,-0.13542738530465948
00-0034869,2021,2021,2023,735,-0.04543324159340738,-0.7447455233574969,0.42690274229207315,-0.03538202680593146,-0.17135039412997904
00-0034869,2021,2021,2024,987,-0.13268678773460912,-2.8298685292673675,0.4054956678914134,-0.12189077014715101,0.09225351987767584
00-0034869,2023,2023,2024,378,-0.0835936098627424,-1.786104031478682,0.41562279297401605,-0.077020178477082,0.06786129656862745
00-0034869,2024,2024,2025,350,-0.044558011014452045,-1.183125337549192,0.42732092881404127,-0.04173131155005014,0.0569704628975265
00-0034869,2024,2024,2025,350,-0.015254735055325576,0.7697885206882599,0.44542351493304644,-0.015727021795736863,0.17061708139534884
00-0034855,2018,2018,2019,357,-0.0009574493307234686,-0.11934418442391104,0.4331520160542276,0.012978483160473689,0.0065542901639344215
00-0034855,2018,2018,2019,357,0.0010467947861043034,-0.2548774166200738,0.44136191390395674,0.009659524739214144,0.018149576856649398
00-0034855,2019,2019,2020,364,0.005323618487076275,-0.5629691632832149,0.43256161313385927,0.013750767163274946,0.03335950551470588
00-0034855,2019,2019,2020,364,0.024071306395680662,-0.9472842150622975,0.4328277753528292,0.03321018836028572,0.07957536875000001
00-0034855,2020,2020,2021,357,0.029741451424544166,-0.8104610537648986,0.4372240710388925,0.037339916914112536,0.19185137080867848
00-0034855,2020,2020,2021,357,0.04883242699504986,-0.3157219665708654,0.44509507062177783,0.05198283025890163,0.1255309426987061
00-0034855,2021,2021,2022,371,0.1033766146280924,1.0954986439325831,0.4785073767459964,0.10309160780779843,-0.11037064272559852
00-0034855,2021,2021,2023,637,0.07211249495738417,-0.09334274018837169,0.45638095672243933,0.06940046806007977,-0.132449385199241
00-0034855,2022,2022,2023,371,-0.00640881792042397,-2.6238275872158447,0.4238271309060194,-0.010754133582892116,0.038706678095238096
00-0034855,2023,2023,2023,112,-0.020168242844534282,-2.731124106922255,0.41433295610877796,-0.025930181523722586,0.08521632055749129
00-0034855,2023,2023,2024,343,0.019593734752294853,-1.7381683629959663,0.42311693738427664,0.013111047625313937,0.09868562331081084
00-0034855,2023,2024,2024,112,0.0380093001826627,-1.4975072337090616,0.43051736543708435,0.03093514293071445,0.18365697063903283
00-0034855,2024,2024,2025,350,0.06689783477953765,-0.5959431558360789,0.45762744466153826,0.05959899520596912,0.16743544973544974
00-0034855,2024,2024,2025,350,0.11437059029436605,0.5775245651333738,0.47421686854637995,0.10660541300338484,0.003139148351648354
00-0034343,2018,2018,2019,357,-0.05079645968056008,-0.8955496451676142,0.41825259515570934,-0.053948955747825565,-0.35115170422535213
00-0032436,2018,2018,2022,1512,-0.036496447786511704,-0.7091578662508662,0.42653401293863946,-0.06500468021086353,-0.10636139800995026
00-0033319,2018,2018,2020,762,0.03275889363539679,-0.5801907227511724,0.437089361803618,0.005647138605048049,0.029185448695652184
00-0033319,2020,2020,2023,1175,0.026953239727728267,0.3219545456023591,0.447355320726629,0.017596118264638864,0.08726979862700229
00-0033949,2018,2018,2023,1837,-0.037287249164675886,-0.8544359317722751,0.4229142828714989,-0.061812017419953895,-0.1436848849372385
00-0033949,2023,2023,2025,826,-0.06989009028998708,-0.161449429656513,0.40654239855369295,-0.08348690002352599,-0.1842433238095238
00-0034577,2018,2018,2020,658,-0.038678807219800895,-0.6589209502029502,0.42158400313663985,-0.06820622440684312,-0.03608538942307691
00-0034577,2019,2019,2025,2184,-0.017667781973590778,-0.6849864982297713,0.4356472187788774,-0.026655107074948045,-0.09863994214876033
00-0035228,2019,2019,2020,364,-0.06798972827104212,-2.167532546244029,0.4037221795855717,-0.05599819526326756,0.017250382456140363
00-0035228,2019,2019,2020,371,0.0019445021162181053,-1.7458107502521316,0.4286213288298671,0.010596144066786188,0.054416536412078165
00-0035228,2020,2020,2021,357,-0.001633960613080695,-1.4057712191352305,0.42648640411532945,0.007008753600994133,0.08251993531468531
00-0035228,2020,2020,2021,381,0.04354775039808607,-0.05777314076400173,0.45744714173149115,0.052896709198798304,0.1341426890909091
00-0035228,2021,2021,2022,371,0.041041647031708664,0.3374734231342469,0.4520452504722803,0.05105236422138727,0.06401925437201908
00-0035228,2021,2021,2022,364,0.10081842851400614,2.0569468858634496,0.47917754619075437,0.11184085507377681,-0.0476669984423676
00-0035228,2022,2022,2023,462,0.040293474019848965,0.8648011275531962,0.46028308681348373,0.048348472722980824,-0.0379653853046595
00-0035228,2022,2023,2024,350,0.02543385625102238,0.8635210906481623,0.45023266831584086,0.028799979242906233,0.03417650751879698
00-0035228,2023,2024,2024,111,0.006916085958342843,0.21081819514781663,0.43733641156478664,0.006831713291014195,0.10743467476635514
00-0035289,2019,2019,2020,375,-0.005165806882549792,0.1253638490181852,0.44070933739604873,-0.028854659348937044,-0.017815423785594642
00-0035289,2019,2019,2021,735,-0.020412676295899972,-1.522920244316954,0.4319919293150195,-0.027240466151577568,0.029163393617021267
00-0035289,2020,2020,2023,1085,-0.0276067360868237,-1.41967976935504,0.44219722964076913,-0.02830971613316809,0.058715097613882855
00-0035289,2021,2021,2023,694,-0.001754508655924105,0.14000603489612606,0.43558151242069293,-0.00027390577158823565,0.00779779288702928
00-0035289,2023,2023,2024,350,0.012654866396311582,-0.3087824910067807,0.4320180757351744,0.011269513684525804,-0.018230592198581565
00-0035289,2023,2023,2025,735,0.006202346935595612,-1.1126484624068238,0.4305118583238521,0.0028736384161171086,-0.09293774653465346
00-0035710,2019,2019,2020,378,-0.047489514758910036,-0.8612722054252054,0.42653401293863946,-0.04659346030845025,-0.09949079787234043
00-0035710,2019,2019,2020,385,-0.09246985122337252,-1.3099912660218238,0.4032971125777575,-0.08939371538040013,-0.04035174659863946
00-0035710,2020,2020,2021,371,-0.08376278020994582,-2.1464136935168527,0.41098547331420504,-0.07870913237043264,0.022569806159420294
00-0035710,2020,2020,2022,638,-0.055675365929745146,-1.7167578713676954,0.40925545409611347,-0.04851309715167006,-0.060965916518650076
00-0035710,2021,2021,2022,396,-0.02173176669971569,-1.836669629837029,0.42142977475252347,-0.013263532959869297,-0.02006269275929549
00-0035710,2022,2022,2023,354,-0.06042029821983104,-1.3515411098922265,0.4105516560401302,-0.05324598310178515,0.03675341891891892
00-0035710,2022,2022,2024,672,-0.01057817447778191,-0.8050261681633541,0.4239326705980786,-0.007769177665226101,-0.08426699817850637
00-0035710,2023,2023,2025,720,-0.016219376252512706,-0.18095968870976956,0.43372835379952235,-0.01668307982238129,-0.07253289667896679
00-0035710,2024,2024,2025,406,-0.03704346931153106,0.31734985862645543,0.4264825483316466,-0.039833360861933925,0.04139310849909584
00-0034771,2019,2019,2023,1553,-0.05313763283811583,-1.0869876801523084,0.4181653042688465,-0.07124070569461943,-0.032159845036319606
00-0034771,2019,2019,2024,1827,-0.08957098651050115,-1.3665326647707923,0.4073039078702092,-0.09459738984601297,0.04400012626262627
00-0035704,2019,2019,2020,385,-0.05491250364639008,-0.8568515501074063,0.412213089363939,-0.06810881984727937,-0.04337920795660035
00-0035704,2020,2020,2023,1065,-0.06557276989354519,-1.820070463661639,0.4153511060531912,-0.06863719306672122,-0.02274734927234928
00-0035704,2020,2020,2024,1449,-0.057663182470458894,-3.3082405964942767,0.41369667176325714,-0.05603989454703258,-0.17126287596899223
00-0036442,2020,2020,2021,402,-0.06639377052145087,-0.9358574753410284,0.4286433086668345,-0.053284476529395955,0.1744336179775281
00-0036442,2020,2020,2021,399,0.05911546876215269,0.753603939509535,0.45120879676562764,0.06699471025259651,0.1463895569395018
00-0036442,2021,2021,2022,357,0.1172298854666877,1.6580478455869285,0.46998503276766923,0.12576857244472064,0.14490974218750002
00-0036442,2021,2021,2022,356,0.10562396835256294,3.1535954378565285,0.4708920927816767,0.11222308788610046,0.18549059076923077
00-0036442,2022,2022,2023,363,0.14459188623000083,3.528458675181501,0.4786609635195862,0.146521505990031,0.04575092744479496
00-0036442,2022,2022,2024,637,0.15699183624321933,3.5241576648989246,0.4937871653685416,0.15591980944052639,0.07506840194489464
00-0036442,2023,2023,2024,400,0.09469997851731607,2.724038410090828,0.48455656327712154,0.09152250944802007,0.16863643512658225
00-0036442,2024,2024,2025,420,0.1376211696961002,3.3136909891720157,0.489648287418489,0.1328754335982853,0.12728044236760125
00-0036355,2020,2020,2021,357,-0.02835614425274523,-0.5453717327439334,0.43172313732184003,-0.027575949023284557,0.14857536111111108
00-0036355,2020,2020,2021,357,0.0910110268089301,0.9292939751802347,0.4611223125428576,0.0941716604559787,0.12821844725111442
00-0036355,2021,2021,2022,350,0.10216270475076239,0.16649195298493213,0.47175462829596865,0.10729031729924415,0.18751383563748078
00-0036355,2021,2021,2022,350,0.12000031310274022,-0.6502339588953187,0.4715989466903761,0.1268807328679649,0.08355581385281385
00-0036355,2022,2022,2022,115,0.15591945889602862,-0.3972432416163412,0.4865897604940635,0.16409627034972016,0.013763928774928765
00-0036355,2022,2022,2023,351,0.08458857263193678,-0.7952582461625592,0.4625390708937267,0.09356467330286199,0.09988619500780031
00-0036355,2022,2023,2024,378,0.08387024210963973,0.40392103793333867,0.469549716725191,0.09374458095426516,0.04699463718411553
00-0036355,2023,2023,2024,379,0.09535821228459178,0.6098549765631491,0.4646003950298338,0.09992577060417443,0.040178654510556626
00-0036355,2024,2024,2025,351,0.06120747100158626,0.12218368559788603,0.4588628759437948,0.062044975538413046,0.18860252670349908
00-0036355,2024,2024,2025,343,0.0771566808428085,-0.22029365365118014,0.4415060119727982,0.0752760550725932,0.10936610702341136
00-0036389,2020,2020,2021,374,-0.0437063431618285,-0.9245130216204085,0.4229142828714989,-0.06059322943915563,0.01038891666666667
00-0036389,2020,2021,2022,364,-0.03846888543799949,-3.205927095671533,0.39778933763502583,-0.04468859995836282,0.04736029268292684
00-0036389,2021,2021,2022,372,-0.0077703544557217565,-2.4429611348041864,0.415775390066832,-0.007775627448342408,0.13373235924369747
00-0036389,2022,2022,2023,360,0.01133542016061137,-1.9092106419355495,0.419761586225561,0.014891982987676966,0.12087601323251418
00-0036389,2022,2022,2023,365,0.07536144429951938,-0.4403523843548281,0.4378786019834489,0.08141093529074361,0.10099136524822695
00-0036389,2023,2023,2024,347,0.06519546988258655,0.8617135293514759,0.4260058555528589,0.07122736540129367,0.14046257586837296
00-0036389,2023,2023,2024,350,0.09786505953496337,2.086938338852428,0.4399988735504526,0.09956693492508707,0.07769812863070538
00-0036389,2024,2024,2025,363,0.11097948213977497,1.5849361359876062,0.44590631871293235,0.10969129041085543,0.06303220388349513
00-0036389,2024,2024,2025,367,0.0913817337498104,3.115231448110008,0.44659688905289024,0.08783933486342263,0.11324220046082949
00-0036212,2020,2020,2021,385,-0.046077866578206776,-0.8441250835779315,0.4207999207999208,-0.043690912510243866,0.01841485769230769
00-0036212,2020,2020,2022,623,-0.026450869903074728,-0.48252799368685834,0.442303730781912,-0.022487731247119978,0.072204904676259
00-0036212,2021,2021,2022,371,0.0026937633055030795,-0.15769110474904457,0.461335950529019,0.008402458395457536,0.1909589053030303
00-0036212,2022,2022,2023,378,0.046197830120355866,0.35510608145719785,0.4714609291210024,0.05332085032302686,0.24018032806324113
00-0036212,2022,2022,2023,365,0.11630936327513781,1.1545469693023285,0.4875757101393504,0.12497229400775893,0.1764666605504587
00-0036212,2023,2023,2024,385,0.1436695201226564,1.317263252253716,0.49357680695500106,0.14939130005054568,0.1509650617059891
00-0036212,2023,2023,2025,630,0.14979860923390814,1.944449182625827,0.4853281454190208,0.15134324480469413,0.15057246048109962
00-0036212,2024,2024,2025,353,0.15373672549082773,2.1933334648467664,0.48520455859990574,0.15236072368671175,0.12646482118055558
00-0033275,2020,2020,2023,1071,-0.06444470780548933,-1.3639488954558954,0.41168398353264063,-0.0948798425885161,-0.23032718649517683
00-0035993,2020,2020,2023,1098,-0.07061083922025325,-1.0562912566082565,0.41168398353264063,-0.10013825640729548,-0.08933478846153847
00-0035993,2022,2022,2025,1106,-0.08796086587672028,-0.005000011275114291,0.41543719586646854,-0.0982050803987276,-0.07128328440366972
00-0036945,2021,2021,2022,385,-0.04690731030786322,-0.8702364802746132,0.4207999207999208,-0.050929068899555785,-0.1934975794621027
00-0036945,2021,2021,2022,392,-0.13605469374090845,-1.6219913433508646,0.41038068706991954,-0.13498521290359844,-0.12386635108958836
00-0036945,2022,2022,2023,367,-0.1411867393910322,-2.7461103585104225,0.38737322633031435,-0.136978842032019,-0.16912321663019694
00-0036945,2022,2022,2024,624,-0.11671532240918818,-1.4043937745157204,0.3997752380505297,-0.11026916706978172,-0.15185976923076924
00-0036945,2023,2023,2025,665,-0.1546621322872545,-1.7706710707641933,0.3900915608359084,-0.14658708718783614,-0.014420586907449209
00-0036264,2021,2021,2023,735,-0.056087455019804326,-0.6727382199568712,0.42310649750096113,-0.06678031852395556,0.008699677581863982
00-0036264,2023,2023,2023,112,0.011668465795869193,-1.8374761003910864,0.41080099805333103,0.008343235115485806,0.12096206884681585
00-0036264,2023,2023,2024,364,-0.015179064572503485,-2.3225280992488386,0.4168670016534963,-0.015334544850301883,0.19232628366247756
00-0036264,2023,2024,2025,366,0.1045001179503317,0.34601720783144435,0.4551826749477584,0.10207989793255855,0.15561170043103448
00-0036264,2024,2024,2025,351,0.10151685568358342,0.19739876600599723,0.45909117599331367,0.09738862865576015,0.22912617473684213
00-0036971,2021,2021,2021,112,-0.0644265010536208,-2.2759548998497303,0.4206399653096784,-0.05205126938157086,-0.09493175856164385
00-0036971,2021,2021,2022,343,-0.092544776849624,-3.571450604424972,0.43711308680655475,-0.08415803526481823,-0.019939794117647056
00-0036971,2021,2022,2022,112,-0.09129874527273417,-3.247879920759907,0.43192622582361245,-0.08281214322230583,0.13614029896907218
00-0036971,2022,2022,2023,347,-0.04516919005280868,-3.086555196345258,0.4427986291263079,-0.03602367577215681,0.11232065803108808
00-0036971,2022,2022,2023,351,0.03909483362374668,-1.1294428918101547,0.4713380439399222,0.049026450490472884,0.0044493496621621585
00-0036971,2023,2023,2024,357,0.03158168334223942,-0.7147720855285367,0.46813839471352603,0.04220327175214228,0.035414541811846695
00-0036971,2023,2023,2025,638,0.029971248746227926,-0.36826532718963073,0.4628624296797647,0.04093562285615397,0.017943272030651335
00-0036971,2024,2024,2025,406,0.04554085206754957,-0.195488927481417,0.4578883711598032,0.05465271370964204,-0.03700707303370786
00-0036972,2021,2021,2021,112,0.013102420584591143,-0.21361023887375108,0.43764559068219633,0.007604224875531661,0.07933409803921569
00-0036972,2021,2021,2022,375,0.0022312675383003465,0.6450640325891132,0.4403801732541071,0.0029151260677541587,0.05534298571428571
00-0036972,2021,2022,2023,371,0.06893401792083892,0.9928798158606176,0.47079589996030874,0.07284051729381864,-0.06853517211703958
00-0036972,2022,2022,2023,346,0.027909739283186318,1.682482570926154,0.45268110598195543,0.03403991309178749,-0.10422401943462897
00-0036972,2023,2023,2024,448,-0.0039164208423568825,0.5663719261051076,0.4320015153768058,0.0017881762490820742,-0.11877629147982063
00-0036972,2023,2023,2025,693,-0.038022689171089766,-0.26805370794744665,0.42619812287401493,-0.036327962128871724,0.0055441666666666695
00-0037013,2021,2021,2022,399,-0.07451177443490449,-1.8880655661056611,0.4097528384879725,-0.0663837689556884,-0.2030753259109312
00-0037013,2021,2021,2023,644,-0.16897030763214513,-4.702835992253452,0.3910479928663755,-0.16224874225718336,-0.20023386353944564
00-0037013,2022,2022,2023,406,-0.15265675260378744,-5.861824897626457,0.37647040968937767,-0.14472520303283198,-0.20142300902527074
00-0036898,2021,2021,2022,374,-0.04602772221595043,-1.7273852787041677,0.41548427843423513,-0.06326998327637656,-0.13799651075268815
00-0036898,2021,2021,2022,364,-0.1339891949386555,-1.3417837164964788,0.42814529792564526,-0.13840560089677656,-0.07826089433962263
00-0036898,2022,2022,2023,441,-0.10865082207204009,-1.2305082796438385,0.4121743722144197,-0.10791032880522375,-0.11733659147869675
00-0036898,2022,2022,2025,1058,-0.1010783879307352,-1.8679462478654871,0.4085933877101523,-0.09691425064435773,-0.103488115625
00-0038128,2022,2022,2025,1154,-0.05726472109491086,-1.4082248616968618,0.41663399333464024,-0.0777963678774836,0.03625037288135597
00-0038102,2022,2022,2023,357,-0.044365035739502894,-0.3097340373248132,0.42255897311500024,-0.05278316187924422,-0.08390352495378928
00-0038102,2022,2022,2023,357,-0.04400795935442442,0.5781515191958218,0.4260433493097256,-0.044365323895173926,-0.06481712946428571
00-0038102,2023,2023,2025,798,-0.06550873247135369,-0.9447112685081721,0.4106336535685768,-0.06554220404623234,-0.06208524080267558
00-0037834,2022,2022,2023,350,-0.04772460563871896,-1.3599769765088368,0.42106268095078675,-0.0765089509368347,0.284033129032258
00-0037834,2023,2023,2024,360,0.08784515743196325,-0.5109211165795928,0.4621742356457423,0.0777234001266769,0.2920723223140496
00-0037834,2023,2023,2024,360,0.20417936094927167,1.5584515971494612,0.5046640796865669,0.201470466419656,0.202872093625498
00-0037834,2024,2024,2025,420,0.21167918828805465,2.457444150805393,0.5054048477293008,0.2134109341554625,0.18811838011695906
00-0038122,2022,2022,2023,358,-0.06578327257657784,-2.3003838958865908,0.39982635735996525,-0.0829022738340943,-0.05353813541666666
00-0037077,2022,2023,2023,112,-0.07347688933323483,-1.2052539739946,0.4098191163711637,-0.09613776273191793,-0.14927870679012345
00-0039150,2023,2023,2024,356,-0.09069720751799437,-1.414096881017257,0.3998336106489185,-0.07769806649542346,-0.2834332367066896
00-0039150,2023,2023,2024,371,-0.20319710727418971,-1.112976626331514,0.3752968400373476,-0.1949065972605798,-0.20154483817427385
00-0039150,2024,2024,2025,371,-0.23985548904961676,-1.9075548617140814,0.3665614825916686,-0.23118262084569896,-0.04543585571142284
00-0039150,2024,2024,2025,351,-0.19115765648944522,-1.2467601400374588,0.3737410252413646,-0.1813794389146419,-0.041070003773584905
00-0039163,2023,2023,2024,364,-0.08804011506197981,-1.3858777966464504,0.40715557050869283,-0.08004426163579026,0.14702991087344028
00-0039163,2023,2023,2024,357,0.10114989881608945,-0.534802815125595,0.4478357078921664,0.1077313453801453,0.0050664440497335695
00-0039163,2024,2024,2025,350,0.08185894685219065,-0.04770967370159521,0.44819018385914183,0.08928613194575849,-0.04883429925650557
00-0039163,2024,2024,2025,377,0.04065353218807848,-1.0067535382618398,0.43419486405651764,0.049063958128072,0.0365406859344894
00-0038579,2023,2023,2024,413,-0.09228952011132768,-1.7358107442996014,0.42278673285725876,-0.11304312866962565,-0.019098935344827598
00-0039152,2023,2023,2024,388,-0.02016490393795567,-0.09538846885071073,0.4068134153733085,-0.031476366390774384,-0.1393651063394683
00-0039732,2024,2024,2024,112,-0.11958388061046335,-1.4089407916479164,0.38909343806251023,-0.12349221350366682,0.09640323765996342
00-0039732,2024,2024,2025,350,-0.08760408303906339,-1.3395221841691698,0.3931221467740565,-0.08635866936561312,0.17944512629757786
00-0039732,2024,2025,2025,109,0.04807461755324932,0.09487952158699631,0.4297595019285726,0.05221230527285395,0.11211809492635026
00-0039918,2024,2024,2024,112,-0.09894814347164446,-2.408347139896373,0.409392217630854,-0.08549689733775134,-0.05923958112582781
00-0039918,2024,2024,2025,350,-0.13984663324543695,-1.2203732230775097,0.3945919765191181,-0.1312929240427126,0.058452448695652186
00-0039918,2024,2025,2025,111,-0.07097865589188537,-0.4281758103421678,0.3935705665609262,-0.0625294423108568,0.07857806976744186
00-0039910,2024,2024,2024,112,-0.052512063860178676,-1.1393369543848153,0.42737707075284903,-0.04376999645427564,0.1279537904191617
00-0039851,2024,2024,2025,350,-0.07200010683300008,-1.5421128083394293,0.4094240837696335,-0.0657125542744171,0.02930684199999999
00-0039851,2024,2024,2025,343,-0.05576794513214394,0.47169265860175347,0.44516557001440277,-0.05024817521272794,0.19511212008281575
00-0040676,2025,2025,2025,112,-0.097200350253276,-1.916890175622784,0.3843134511393701,-0.08386505324113103,-0.17199768458781362
