passer_player_id,y,y1_team,team_fallback,e1_new_team,e2_coach_change,e3_ret_rec_epa,e4_team_pass_env,e5_sched_def
00-0000865,2006,PIT,0,0,1,19.008832931518555,0.06299424351884472,-0.020792538364327352
00-0000865,2009,PIT,0,0,0,7.465153217315674,0.13820646395253727,0.0004056958981049751
00-0000865,2010,PIT,0,0,0,8.879858016967773,0.1230272799796947,0.07103481462405625
00-0000865,2011,PIT,0,0,0,9.050117492675781,0.1397770166532297,0.02715644065552575
00-0002110,2009,NYJ,0,1,0,-0.045383270829916,-0.11804193264869549,-0.00018042691501531788
00-0002110,2010,NYJ,0,0,0,5.601656436920166,0.014316486155870218,0.06146807481695232
00-0003292,2006,TEN,0,0,0,6.594188213348389,-0.14796612739189888,-0.012097609854359067
00-0003292,2007,TEN,0,0,0,10.568502426147461,-0.02546047894256756,0.03952159880948166
00-0003292,2008,TEN,0,0,0,11.7131929397583,0.03646859801235416,0.06551606392369097
00-0003292,2009,TEN,0,0,0,2.0179905891418457,0.028109593379517055,0.05897675238600657
00-0003292,2010,IND,0,1,0,9.044500350952148,0.19325002268485664,0.0822768311695484
00-0003315,2009,CHI,0,1,0,-0.1133665218949318,-0.09292695434327468,0.014812273327420473
00-0003739,2006,LV,0,1,1,13.017923355102539,-0.2625879671487615,-0.020047160958562783
00-0003739,2007,DET,1,1,0,19.307613372802734,-0.04099457165527846,0.022553232122892126
00-0003739,2008,DET,0,0,1,12.322125434875488,-0.19489726752162187,0.006468531208709554
00-0004161,2006,CAR,0,0,0,7.921989917755127,-0.05936436063980223,0.025763120270344157
00-0004161,2007,CAR,0,0,0,7.644697189331055,-0.06681688637186235,0.031281074380727705
00-0004161,2008,CAR,0,0,0,14.628097534179688,0.025767325703499943,0.01114306258052785
00-0004161,2009,CLE,0,1,0,-3.4625651836395264,-0.2633919262726462,-0.008778113464641024
00-0004161,2010,HOU,1,1,0,7.061936855316162,0.13182514538622678,0.0572666980538913
00-0005106,2006,GB,0,0,0,14.090965270996094,-0.024256810247584398,-0.009181056759040317
00-0005106,2007,NYJ,0,1,0,14.802924156188965,-0.0899368904750348,0.03274611148976727
00-0005106,2008,MIN,0,1,0,12.8892183303833,-0.07069740640292592,0.0398209378799589
00-0005106,2009,MIN,0,0,0,8.911840438842773,0.2615205208921312,0.024031227308755364
00-0005589,2006,LA,0,0,0,22.59855079650879,0.09141326241940528,0.022038393350424165
00-0005589,2007,MIN,0,1,0,15.691368103027344,-0.019521649941808328,0.030518794469169698
00-0005755,2006,TB,0,1,0,12.484312057495117,-0.21120051632838296,0.03413440206372568
00-0005755,2007,TB,0,0,0,13.54397201538086,0.06243924926412714,0.03869065421655048
00-0006355,2006,MIA,0,1,1,13.679557800292969,-0.10149970194146285,-0.022495288937055425
00-0006355,2007,LA,0,1,0,11.832467079162598,-0.15337533428185082,0.020179045236656527
00-0006423,2006,CHI,0,0,0,18.700092315673828,-0.08513362919184245,-0.006649781210950269
00-0006423,2007,TB,0,1,0,13.54397201538086,0.06243924926412714,0.03869065421655048
00-0007091,2006,SEA,0,0,0,11.158093452453613,-0.06154110809411319,0.010579825039637421
00-0007091,2007,SEA,0,0,0,15.882279396057129,0.08477600922715114,0.02876655407426779
00-0007091,2008,SEA,0,0,1,11.218423843383789,-0.06695918291378908,0.04850428404408153
00-0007091,2009,SEA,0,0,1,0.023936375975608826,-0.07855063132662991,0.03672625131374593
00-0007091,2010,TEN,0,1,1,3.9716858863830566,0.05596034351065363,0.10061286620320667
00-0007091,2011,TEN,0,0,0,2.636643648147583,0.028363543882554777,0.029228863774098383
00-0007091,2012,IND,0,1,0,5.346557140350342,0.00637843872578397,0.032984726988366644
00-0007091,2013,IND,0,0,0,7.849254131317139,0.04897135596203574,0.06890931978808473
00-0007091,2014,IND,0,0,0,8.803627967834473,0.11062811251875884,0.05926982125643486
00-0007835,2006,KC,0,0,0,15.05014705657959,0.0038928299560549544,-0.030286570702574716
00-0007835,2007,KC,0,0,0,14.511931419372559,-0.10832074960545776,0.04035502099396617
00-0008442,2006,DAL,0,1,1,21.846317291259766,0.1362484776157139,-0.007820849340909425
00-0008442,2007,DAL,0,0,0,20.944746017456055,0.2340209810607876,0.010083611789213819
00-0008484,2008,TB,0,1,1,13.691120147705078,0.03348176346504743,0.021106295544573113
00-0009311,2006,DET,0,0,0,15.243887901306152,-0.051875462369365834,-0.024173719831368807
00-0009311,2007,DET,0,0,0,19.307613372802734,-0.04099457165527846,0.022553232122892126
00-0009311,2010,DAL,0,0,0,4.613552093505859,0.07133380126559366,0.037120744891081164
00-0010346,2006,IND,0,0,0,24.226530075073242,0.24831716826809405,-0.02085311292525057
00-0010346,2007,IND,0,0,0,17.69407081604004,0.2515541074775019,0.02461363720074077
00-0010346,2008,IND,0,0,1,17.105737686157227,0.24094152215458858,0.05689026581698516
00-0010346,2009,IND,0,0,0,12.604336738586426,0.23683760600358145,0.06386225105488087
00-0010346,2012,DEN,0,0,0,15.143168449401855,0.2511488316182803,0.11250056036704552
00-0010346,2013,DEN,0,0,0,10.265006065368652,0.3378794882885373,0.02563122244994759
00-0010346,2014,DEN,0,0,1,8.656048774719238,0.16051673264352995,0.04224352408692893
00-0010609,2008,CHI,0,0,0,11.587682723999023,-0.07958711292582163,0.030094139016018394
00-0011022,2006,PHI,0,0,0,19.637784957885742,0.11052360334442124,0.0090044573778432
00-0011022,2007,PHI,0,0,0,19.624624252319336,0.03479594172587961,0.014810295534649937
00-0011022,2008,PHI,0,0,0,23.349628448486328,0.05600607712173631,0.03950414494692802
00-0011022,2009,WAS,0,1,1,3.5083255767822266,-0.005431942438791014,0.06590823686711825
00-0011022,2010,MIN,0,1,0,-0.2828681170940399,-0.14892981599470276,-0.000432355473428988
00-0011024,2006,BAL,0,0,0,14.860458374023438,0.07645204274288002,0.007434656091130431
00-0011626,2008,BUF,0,0,0,16.74842643737793,-0.049785910726346624,0.04953293821236075
00-0016193,2006,CAR,1,1,0,7.921989917755127,-0.05936436063980223,0.025763120270344157
00-0017200,2006,ARI,0,0,1,16.260679244995117,0.02788562076505053,0.04134125640778774
00-0017200,2007,ARI,0,0,0,15.499348640441895,0.05398945496050572,0.031323033533598305
00-0017200,2008,ARI,0,0,0,25.183719635009766,0.17823624137556468,0.060241129238985766
00-0018272,2006,NYG,0,1,0,12.716629981994629,-0.020484523407129772,0.005341630462463379
00-0019041,2006,LAC,0,0,1,16.620532989501953,0.14375912578520908,-0.0440290908089378
00-0019041,2009,LAC,0,0,0,10.831971168518066,0.30191750653975485,0.047080668515956214
00-0019559,2006,NYJ,0,0,0,14.752116203308105,0.01856065605487348,-0.014835708545614836
00-0019559,2007,MIA,0,1,1,15.267865180969238,-0.0995816140812273,0.03575943471835703
00-0019559,2008,MIA,0,0,0,14.188545227050781,0.150810284826684,0.028372657709783717
00-0019559,2009,MIA,0,0,0,3.804567337036133,-0.0018886335245487662,-0.010056424860706709
00-0019596,2006,NE,0,0,0,20.14969825744629,0.12762259740670062,-0.019138121524665066
00-0019596,2007,NE,0,0,0,23.90446662902832,0.3650953685227493,0.04071998995273188
00-0019596,2008,NE,0,0,0,15.343369483947754,0.12673698024437605,0.026724926637316807
00-0019596,2009,NE,0,0,0,12.583549499511719,0.15647505229643335,-0.010341951652356882
00-0019596,2010,NE,0,0,0,11.642433166503906,0.2534126318487086,0.04094214016670213
00-0019596,2011,NE,0,0,0,15.506706237792969,0.3145530009306069,0.0003947833293183878
00-0019596,2012,NE,0,0,0,5.717235565185547,0.26956156896846784,0.032668183955462754
00-0019596,2013,NE,0,0,0,12.69852066040039,0.11751429044710997,0.04963565364923647
00-0019596,2014,NE,0,0,0,9.996525764465332,0.19098445488040774,0.046410367415542386
00-0019596,2015,NE,0,0,0,12.007424354553223,0.1629784171363877,0.024462897365776223
00-0019596,2016,NE,0,0,0,16.406232833862305,0.2621051181442479,0.051891406437717474
00-0019596,2017,NE,0,0,0,9.419178009033203,0.2390940437454548,0.0397293341262228
00-0019596,2018,NE,0,0,0,9.774925231933594,0.16091266361079887,0.04869950559101503
00-0019596,2019,TB,0,1,0,6.165736198425293,0.06441244382366468,0.0612185675412424
00-0019596,2020,TB,0,0,0,13.281347274780273,0.21871492574806567,0.04964235638149007
00-0019596,2021,TB,0,0,1,8.78807544708252,0.16307914357223754,0.019460305632229696
00-0019599,2006,LA,0,0,0,22.59855079650879,0.09141326241940528,0.022038393350424165
00-0019599,2007,LA,0,0,0,11.832467079162598,-0.15337533428185082,0.020179045236656527
00-0019599,2008,LA,0,0,1,6.959247589111328,-0.20772872196121253,0.05817230388876324
00-0019623,2006,ARI,1,1,1,16.260679244995117,0.02788562076505053,0.04134125640778774
00-0019709,2009,ATL,0,0,0,6.721389293670654,0.08299607988718377,-0.002460547799335331
00-0019709,2010,ATL,0,0,0,4.823339939117432,0.14161808615399585,0.04620921251069408
00-0019714,2011,LV,0,0,1,1.4942781925201416,0.07051028514119945,0.05798013505417532
00-0020245,2009,PHI,0,0,0,7.188258647918701,0.05958780856739636,0.07135049207441688
00-0020245,2010,PHI,0,0,0,8.859844207763672,0.0859567356466768,0.04080659857286404
00-0020245,2011,PHI,0,0,0,5.045902252197266,0.06695324180621101,0.04797931919775521
00-0020245,2012,PHI,0,0,1,4.820176601409912,-0.030419812898101774,0.06503447512972242
00-0020245,2013,NYJ,0,1,0,5.92498779296875,-0.13335530511534494,0.049221309491698596
00-0020245,2014,PIT,0,1,0,7.5569610595703125,0.2293430784701618,0.007201501028376375
00-0020305,2006,PHI,0,0,0,19.637784957885742,0.11052360334442124,0.0090044573778432
00-0020434,2006,SF,1,1,0,15.082316398620605,-0.07498085200444213,0.010801718157607977
00-0020452,2006,PIT,0,0,1,19.008832931518555,0.06299424351884472,-0.020792538364327352
00-0020480,2006,HOU,0,0,0,9.446240425109863,-0.07614100873210218,-0.015632450139066334
00-0020480,2007,HOU,0,0,0,16.29788589477539,0.07437022043730117,0.02160005205306156
00-0020531,2006,NO,0,0,0,20.185291290283203,0.16139089066269818,0.017865106314288236
00-0020531,2007,NO,0,0,0,20.181446075439453,0.08010231911346216,0.02561287084789444
00-0020531,2008,NO,0,0,0,19.875181198120117,0.2409057970668057,0.030570648797584383
00-0020531,2009,NO,0,0,0,12.413843154907227,0.2704564087927538,0.02871437270021871
00-0020531,2010,NO,0,0,0,11.174578666687012,0.13507361908095625,0.029069144515100297
00-0020531,2011,NO,0,0,1,15.348054885864258,0.3321049165253676,0.0931615988183777
00-0020531,2012,NO,0,0,1,9.004587173461914,0.16841913807215514,0.03033660422841186
00-0020531,2013,NO,0,0,0,10.42927360534668,0.19704794977905674,0.05694962272261393
00-0020531,2014,NO,0,0,0,3.3446290493011475,0.14524894513484288,0.07453165205563443
00-0020531,2015,NO,0,0,0,6.284222602844238,0.17217449886500388,0.027461717185930073
00-0020531,2016,NO,0,0,0,7.026538848876953,0.1685282657226166,0.07751777794042974
00-0020531,2017,NO,0,0,0,8.066688537597656,0.2032921607122788,0.002763894861864853
00-0020531,2018,NO,0,0,0,10.840758323669434,0.2560433756503036,0.0657807963127177
00-0020531,2019,NO,0,0,0,9.978906631469727,0.1616539407908989,0.03980000233574017
00-0020536,2006,LAC,0,0,1,16.620532989501953,0.14375912578520908,-0.0440290908089378
00-0020565,2006,MIA,0,0,1,13.679557800292969,-0.10149970194146285,-0.022495288937055425
00-0020565,2007,JAX,0,1,0,20.356369018554688,0.20231414458248734,0.037514949788982704
00-0020608,2006,CAR,0,1,0,7.921989917755127,-0.05936436063980223,0.025763120270344157
00-0020608,2007,NYG,0,1,0,16.600337982177734,-0.03620489929729043,0.01981005987020345
00-0020608,2008,NYG,0,0,0,10.594683647155762,0.07895068267161551,0.024504655694880133
00-0020608,2009,SF,0,1,0,2.6581828594207764,-0.06403835424224343,0.041565702343546444
00-0020613,2006,JAX,0,0,0,13.806191444396973,-0.02488243088336549,0.006147284373830516
00-0020613,2007,KC,1,1,0,14.511931419372559,-0.10832074960545776,0.04035502099396617
00-0020679,2007,SF,0,0,0,13.673148155212402,-0.29517728373183016,0.030101752960461206
00-0020679,2008,SF,0,0,0,15.15929126739502,-0.04862497771861918,0.05444895736871106
00-0020679,2009,DET,0,1,0,-0.7845646142959595,-0.21208966134807347,0.01750081488687839
00-0020679,2010,DET,0,0,0,3.175366163253784,0.028017419413141762,-0.0007098245679442172
00-0020679,2011,DET,0,0,0,8.858529090881348,0.145558223305232,0.03906133396340986
00-0020679,2014,MIN,0,1,0,3.361055374145508,-0.05703998091048413,0.04001660310480099
00-0020679,2015,MIN,0,0,0,3.2009658813476562,-0.017900910922685125,0.056777025637463785
00-0021141,2006,ATL,0,1,1,13.240022659301758,-0.15535822752642273,0.01827743007620336
00-0021190,2006,WAS,0,0,0,13.675639152526855,0.024958272109128855,-0.02050233111932602
00-0021190,2007,WAS,0,0,1,16.146493911743164,0.05020281108217054,0.034665106322451386
00-0021190,2008,WAS,0,0,0,12.181244850158691,0.003528974859517115,0.040498301499295467
00-0021190,2009,PIT,0,1,0,7.465153217315674,0.13820646395253727,0.0004056958981049751
00-0021206,2013,TB,0,1,1,0.11969922482967377,-0.09759648413847054,0.04952718765942813
00-0021206,2014,CLE,0,1,0,6.9846649169921875,-0.04091848258954169,0.054093584799687705
00-0021206,2015,CLE,0,0,1,4.546151161193848,-0.05533726035952548,0.06340227249824873
00-0021206,2016,NYJ,0,1,0,-2.735283851623535,-0.0962043399669933,0.047632441055207454
00-0021206,2017,NYJ,0,0,0,2.1313087940216064,-0.03530293760110828,0.04422092606523363
00-0021206,2018,PHI,0,1,0,7.848241329193115,0.08821785557221257,0.043876994428476354
00-0021231,2006,JAX,0,0,0,13.806191444396973,-0.02488243088336549,0.006147284373830516
00-0021231,2007,JAX,0,0,0,20.356369018554688,0.20231414458248734,0.037514949788982704
00-0021231,2008,JAX,0,0,0,10.220162391662598,0.02192110757259173,0.050047804945495176
00-0021231,2009,JAX,0,0,0,3.740062713623047,-0.01842826756927919,0.037307000978175395
00-0021296,2007,SF,0,1,0,13.673148155212402,-0.29517728373183016,0.030101752960461206
00-0021296,2008,CIN,0,1,0,9.306902885437012,-0.19132875276264252,0.019255996050642227
00-0021314,2007,MIN,0,0,0,15.691368103027344,-0.019521649941808328,0.030518794469169698
00-0021337,2006,LV,0,0,1,13.017923355102539,-0.2625879671487615,-0.020047160958562783
00-0021379,2006,DEN,0,1,0,11.392118453979492,-0.0678261514473178,-0.0347423979083078
00-0021379,2007,DEN,0,0,0,14.420539855957031,0.07748914748960821,0.025662465853199062
00-0021429,2006,CIN,0,0,0,14.707417488098145,0.12242779837669723,-0.019365780065174386
00-0021429,2007,CIN,0,0,0,17.5507755279541,0.1035241701706067,0.01422631365368949
00-0021429,2008,CIN,0,0,0,9.306902885437012,-0.19132875276264252,0.019255996050642227
00-0021429,2009,CIN,0,0,0,1.1773663759231567,0.04138995933448787,-0.006629044869988811
00-0021429,2010,LV,1,1,1,2.618109703063965,-0.025724632322397134,0.03994252655351706
00-0021429,2011,LV,0,0,1,1.4942781925201416,0.07051028514119945,0.05798013505417532
00-0021429,2012,ARI,0,1,1,-2.234043836593628,-0.2827220273156263,0.0481466976344569
00-0021429,2013,ARI,0,0,0,5.7913079261779785,0.01786852532964373,0.03664433618436775
00-0021429,2014,ARI,0,0,0,3.0730066299438477,0.003014851989290863,0.035339631963370394
00-0021429,2015,ARI,0,0,0,10.89971923828125,0.19353235466050117,0.056317097625755486
00-0021429,2016,ARI,0,0,0,4.80344295501709,0.0286179677652026,0.07452331712167516
00-0021678,2006,DAL,0,0,1,21.846317291259766,0.1362484776157139,-0.007820849340909425
00-0021678,2007,DAL,0,0,0,20.944746017456055,0.2340209810607876,0.010083611789213819
00-0021678,2008,DAL,0,0,0,13.395003318786621,0.03327108488169533,0.018217734162431283
00-0021678,2009,DAL,0,0,0,8.713478088378906,0.1657594125113438,0.05708826838941281
00-0021678,2010,DAL,0,0,0,4.613552093505859,0.07133380126559366,0.037120744891081164
00-0021678,2011,DAL,0,0,0,6.3862481117248535,0.14752435195193395,0.03829734657139525
00-0021678,2012,DAL,0,0,0,7.775899410247803,0.13287793629667358,0.07758529695643412
00-0021678,2013,DAL,0,0,0,7.393811225891113,0.10031717177030337,0.03231856408664339
00-0021678,2014,DAL,0,0,0,11.377555847167969,0.2828180568154013,0.07181822666853381
00-0021678,2015,DAL,0,0,0,-0.2553604245185852,-0.08171242077985409,0.09427764485677953
00-0021976,2006,KC,0,0,0,15.05014705657959,0.0038928299560549544,-0.030286570702574716
00-0021976,2007,KC,0,0,0,14.511931419372559,-0.10832074960545776,0.04035502099396617
00-0022005,2008,DEN,0,1,1,26.217531204223633,0.2018256861979186,0.023019843871252325
00-0022017,2006,LAC,0,0,1,16.620532989501953,0.14375912578520908,-0.0440290908089378
00-0022026,2006,MIN,0,0,0,6.095746040344238,-0.18155539452821948,-0.003621171175456134
00-0022026,2007,DAL,1,1,0,20.944746017456055,0.2340209810607876,0.010083611789213819
00-0022055,2006,SEA,0,0,0,11.158093452453613,-0.06154110809411319,0.010579825039637421
00-0022055,2007,SEA,0,0,0,15.882279396057129,0.08477600922715114,0.02876655407426779
00-0022055,2008,SEA,0,0,1,11.218423843383789,-0.06695918291378908,0.04850428404408153
00-0022055,2009,CLE,0,1,0,-3.4625651836395264,-0.2633919262726462,-0.008778113464641024
00-0022055,2010,CLE,0,0,1,2.655458450317383,-0.06314648113458986,0.05332155187774004
00-0022084,2013,SF,0,0,0,8.138968467712402,0.12070196177743438,0.0186769596653958
00-0022101,2009,CAR,1,1,0,1.6722484827041626,-0.09288299808114059,0.04301520562051319
00-0022121,2006,CHI,0,0,0,18.700092315673828,-0.08513362919184245,-0.006649781210950269
00-0022121,2007,CHI,0,0,0,10.733050346374512,-0.09910305516391073,0.04043922420327266
00-0022121,2008,HOU,0,1,0,17.805538177490234,0.07062379553479263,0.05488910485097975
00-0022121,2009,WAS,0,1,1,3.5083255767822266,-0.005431942438791014,0.06590823686711825
00-0022121,2010,WAS,0,0,0,4.475096225738525,-0.03540202810623681,0.03666995190348613
00-0022164,2006,BAL,0,0,0,14.860458374023438,0.07645204274288002,0.007434656091130431
00-0022164,2009,LV,0,1,0,-2.905993700027466,-0.26854401824450475,0.04464589962508656
00-0022164,2010,LV,0,0,1,2.618109703063965,-0.025724632322397134,0.03994252655351706
00-0022177,2006,ATL,1,1,1,13.240022659301758,-0.15535822752642273,0.01827743007620336
00-0022177,2007,PIT,0,1,0,18.71577262878418,0.14876508073033984,0.025651190368678065
00-0022177,2008,TB,0,1,1,13.691120147705078,0.03348176346504743,0.021106295544573113
00-0022177,2009,PIT,0,1,0,7.465153217315674,0.13820646395253727,0.0004056958981049751
00-0022217,2006,MIN,0,0,0,6.095746040344238,-0.18155539452821948,-0.003621171175456134
00-0022744,2007,IND,0,0,0,17.69407081604004,0.2515541074775019,0.02461363720074077
00-0022787,2006,HOU,0,1,0,9.446240425109863,-0.07614100873210218,-0.015632450139066334
00-0022787,2007,HOU,0,0,0,16.29788589477539,0.07437022043730117,0.02160005205306156
00-0022787,2008,HOU,0,0,0,17.805538177490234,0.07062379553479263,0.05488910485097975
00-0022787,2009,HOU,0,0,0,8.943770408630371,0.1991349321097629,0.05063423872730123
00-0022787,2010,HOU,0,0,0,7.061936855316162,0.13182514538622678,0.0572666980538913
00-0022787,2011,HOU,0,0,0,4.726418972015381,0.09801047134564367,0.05010120177194923
00-0022787,2012,HOU,0,0,0,6.340488910675049,0.12058222070472292,0.06500736691178867
00-0022787,2013,LV,0,1,0,4.150083541870117,-0.07198354314753677,0.02144597004954608
00-0022787,2014,BAL,0,1,0,4.943493366241455,0.1509798887578189,0.023584004751208067
00-0022787,2015,ATL,0,1,0,5.993504524230957,0.11045563743544874,0.04238369862176705
00-0022787,2018,ATL,0,0,0,11.585315704345703,0.18036369910601133,0.06605623298481239
00-0022803,2006,NYG,0,0,0,12.716629981994629,-0.020484523407129772,0.005341630462463379
00-0022803,2007,NYG,0,0,0,16.600337982177734,-0.03620489929729043,0.01981005987020345
00-0022803,2008,NYG,0,0,0,10.594683647155762,0.07895068267161551,0.024504655694880133
00-0022803,2009,NYG,0,0,0,8.050302505493164,0.1587252723802156,0.053109232123440875
00-0022803,2010,NYG,0,0,0,3.2468814849853516,0.07885685340055673,0.05087948355260469
00-0022803,2011,NYG,0,0,0,10.432476997375488,0.1722240702789201,0.04448365363832918
00-0022803,2012,NYG,0,0,0,3.7067039012908936,0.10125659079202472,0.0731553443344458
00-0022803,2013,NYG,0,0,0,1.4884212017059326,-0.09807961558074296,0.06756105942341763
00-0022803,2014,NYG,0,0,0,7.175982475280762,0.10178094252717208,0.0889199796143989
00-0022803,2015,NYG,0,0,1,6.705326080322266,0.09634462714973469,0.0850989242135151
00-0022803,2016,NYG,0,0,0,2.4582207202911377,-0.019245141595249506,0.05042177902468731
00-0022803,2017,NYG,0,0,1,1.9482556581497192,-0.11842388457739343,0.010060478077251044
00-0022803,2018,NYG,0,0,0,6.3922119140625,0.05079505299215325,0.0413935526449031
00-0022824,2013,SF,0,0,0,8.138968467712402,0.12070196177743438,0.0186769596653958
00-0022824,2019,ARI,0,0,0,5.671126842498779,0.011387373750964234,0.024836910816489206
00-0022824,2020,ARI,0,0,0,2.856117010116577,0.03747555863995394,0.09055152370447192
00-0022824,2021,ARI,0,0,0,8.78885555267334,0.0871999835075091,0.024484391806765773
00-0022864,2009,JAX,0,0,0,3.740062713623047,-0.01842826756927919,0.037307000978175395
00-0022864,2010,JAX,0,0,0,3.6517045497894287,-0.0068206504394082166,0.05041387857985258
00-0022912,2006,BUF,0,0,0,12.933375358581543,-0.058132567492498136,-0.027198017268918368
00-0022912,2007,BUF,0,0,0,8.857734680175781,-0.13568315183994037,0.031148385142218918
00-0022912,2008,LV,1,1,0,8.056451797485352,-0.20091382905047506,0.04698061510047261
00-0022921,2015,ARI,0,0,0,10.89971923828125,0.19353235466050117,0.056317097625755486
00-0022921,2016,ARI,0,0,0,4.80344295501709,0.0286179677652026,0.07452331712167516
00-0022921,2017,ARI,0,0,1,1.0874279737472534,-0.12108414061266001,-0.0018867469209332775
00-0022924,2006,PIT,0,0,1,19.008832931518555,0.06299424351884472,-0.020792538364327352
00-0022924,2007,PIT,0,0,0,18.71577262878418,0.14876508073033984,0.025651190368678065
00-0022924,2008,PIT,0,0,0,18.209537506103516,0.039007085410836966,0.03848351182275544
00-0022924,2009,PIT,1,0,0,7.465153217315674,0.13820646395253727,0.0004056958981049751
00-0022924,2010,PIT,0,0,0,8.879858016967773,0.1230272799796947,0.07103481462405625
00-0022924,2011,PIT,0,0,0,9.050117492675781,0.1397770166532297,0.02715644065552575
00-0022924,2012,PIT,0,0,0,5.386329174041748,0.09460364247182487,0.0368681131772364
00-0022924,2013,PIT,0,0,0,5.28154182434082,0.10739255551326071,0.03833827859929567
00-0022924,2014,PIT,0,0,0,7.5569610595703125,0.2293430784701618,0.007201501028376375
00-0022924,2015,PIT,0,0,0,6.223419189453125,0.08565668716430778,0.06833546446769911
00-0022924,2016,PIT,0,0,0,7.045045375823975,0.13372490443225957,0.07379313440689601
00-0022924,2017,PIT,0,0,0,7.815706253051758,0.15262843939776335,0.0008256253499370732
00-0022924,2018,PIT,0,0,0,7.385889530181885,0.19556510888484313,0.04275915678249301
00-0022924,2019,PIT,0,0,0,1.910894751548767,-0.10502291889053549,0.06437944837887008
00-0022924,2020,PIT,0,0,0,6.365662574768066,0.09253635570358867,0.11343324427759245
00-0022942,2006,LAC,0,0,1,16.620532989501953,0.14375912578520908,-0.0440290908089378
00-0022942,2007,LAC,0,0,0,22.305545806884766,0.0724674279397083,0.03586422742475388
00-0022942,2008,LAC,0,0,0,23.692968368530273,0.2407564084333513,0.02961650316385396
00-0022942,2009,LAC,0,0,0,10.831971168518066,0.30191750653975485,0.047080668515956214
00-0022942,2010,LAC,0,0,0,9.239117622375488,0.29417212413449745,0.04332480345464557
00-0022942,2011,LAC,0,0,0,7.787930488586426,0.16945475740834634,0.04810644818354039
00-0022942,2012,LAC,0,0,1,4.270275592803955,-0.004402455818832959,0.09044003673210199
00-0022942,2013,LAC,0,0,0,13.742609024047852,0.30060563721847927,0.03536893475877788
00-0022942,2014,LAC,0,0,0,4.717267036437988,0.11832190335312374,0.04234999524080671
00-0022942,2015,LAC,0,0,0,8.381728172302246,0.1048979884424914,0.03504740312950089
00-0022942,2016,LAC,0,0,1,7.7490081787109375,0.07899660232578681,0.028964648972336568
00-0022942,2017,LAC,0,0,0,8.66270923614502,0.1781434259903836,0.019401648980227736
00-0022942,2018,LAC,0,0,0,10.52400016784668,0.21813280344434793,0.05826228875180342
00-0022942,2019,IND,0,1,0,2.630842685699463,-0.028405022775636626,0.06054642606334307
00-0023158,2007,LA,0,0,0,11.832467079162598,-0.15337533428185082,0.020179045236656527
00-0023176,2006,CLE,0,0,0,13.10698127746582,-0.20013934071753817,-0.018410769133038463
00-0023176,2007,CLE,0,0,0,17.841642379760742,0.058206835873161,0.03252324416250391
00-0023176,2008,CLE,0,0,1,12.674964904785156,-0.20643458324069422,0.02064711728498459
00-0023176,2009,CLE,0,0,0,-3.4625651836395264,-0.2633919262726462,-0.008778113464641024
00-0023176,2010,CLE,0,0,1,2.655458450317383,-0.06314648113458986,0.05332155187774004
00-0023436,2006,SF,0,0,0,15.082316398620605,-0.07498085200444213,0.010801718157607977
00-0023436,2009,SF,0,0,0,2.6581828594207764,-0.06403835424224343,0.041565702343546444
00-0023436,2010,SF,0,0,1,5.859706878662109,-0.04661816166119542,0.03795763943666906
00-0023436,2011,SF,0,0,0,6.130053520202637,0.045076867454857755,0.02897807165183406
00-0023436,2012,KC,0,1,1,-1.5880160331726074,-0.2304209029358809,0.07600082336648697
00-0023436,2013,KC,0,0,0,3.3374288082122803,0.06009728103921218,0.04285961459058492
00-0023436,2014,KC,0,0,0,6.615488052368164,0.10211595001858915,0.03191585419305772
00-0023436,2015,KC,0,0,0,5.213971138000488,0.05389748420265781,0.03805590785594654
00-0023436,2016,KC,0,0,0,5.965244293212891,0.05944562265577442,0.019326833373518745
00-0023436,2017,WAS,0,1,0,4.0285468101501465,0.028312047568624574,0.02984167859534261
00-0023437,2008,MIA,0,0,0,14.188545227050781,0.150810284826684,0.028372657709783717
00-0023437,2009,MIA,0,0,0,3.804567337036133,-0.0018886335245487662,-0.010056424860706709
00-0023457,2006,BAL,0,0,0,14.860458374023438,0.07645204274288002,0.007434656091130431
00-0023457,2007,BAL,0,0,1,10.957608222961426,-0.10779835898209751,0.022860187812914677
00-0023457,2008,BAL,0,0,0,15.726635932922363,-0.0229726149207433,0.055353700294529795
00-0023459,2006,GB,0,0,0,14.090965270996094,-0.024256810247584398,-0.009181056759040317
00-0023459,2007,GB,0,0,0,18.428939819335938,0.2125014630186514,0.03539214217366708
00-0023459,2008,GB,0,0,0,16.555633544921875,0.13469685981429233,0.04788147164326671
00-0023459,2009,GB,0,0,0,11.187893867492676,0.19717412785553445,0.03720731576649247
00-0023459,2010,GB,0,0,0,10.586236953735352,0.22007298713956167,0.0022756586071128043
00-0023459,2011,GB,0,0,0,16.926076889038086,0.36878968443138394,0.026893460265346614
00-0023459,2012,GB,0,0,0,10.548483848571777,0.18883757471128568,0.04182265046419499
00-0023459,2013,GB,0,0,0,6.231958866119385,0.08823218455648002,0.039952174409355
00-0023459,2014,GB,0,0,0,8.949259757995605,0.2470408792611877,0.046463067623288015
00-0023459,2015,GB,0,0,0,2.865514039993286,0.00553691829106483,0.07295612156295145
00-0023459,2016,GB,0,0,0,14.464497566223145,0.2010374119672773,0.0821000345324977
00-0023459,2017,GB,0,0,0,3.7067720890045166,-0.0914539729391212,-0.006805159883143147
00-0023459,2018,GB,0,0,1,8.598810195922852,0.038666179917138124,0.04247552136495263
00-0023459,2019,GB,0,0,0,7.138605117797852,0.12072119134520956,0.04530176187252035
00-0023459,2020,GB,0,0,0,16.32459259033203,0.3258731059561748,0.06801083424424725
00-0023459,2021,GB,0,0,0,5.5757317543029785,0.18170488047193248,0.02624087638915466
00-0023459,2022,NYJ,0,1,0,6.5026140213012695,-0.09849986256454764,-0.008107503404798808
00-0023459,2023,NYJ,0,0,0,0.005739969201385975,-0.28178168239839385,0.015777047583783337
00-0023459,2024,PIT,0,1,0,9.534293174743652,0.020174784201680177,0.031469005756469104
00-0023460,2006,WAS,0,0,0,13.675639152526855,0.024958272109128855,-0.02050233111932602
00-0023460,2007,WAS,0,0,1,16.146493911743164,0.05020281108217054,0.034665106322451386
00-0023460,2008,WAS,0,0,0,12.181244850158691,0.003528974859517115,0.040498301499295467
00-0023460,2009,LV,0,1,0,-2.905993700027466,-0.26854401824450475,0.04464589962508656
00-0023460,2010,LV,0,0,1,2.618109703063965,-0.025724632322397134,0.03994252655351706
00-0023460,2011,CHI,0,1,0,2.797797918319702,-0.11667801227544547,0.050440822739021396
00-0023460,2012,CLE,0,1,1,2.3708622455596924,-0.06581440961635758,0.03093627913346634
00-0023460,2013,CIN,0,1,0,5.665407180786133,0.09002274939670134,0.05238545728053485
00-0023474,2008,KC,0,0,1,11.745214462280273,-0.06298201914973704,0.041760876177243555
00-0023502,2006,CLE,0,0,0,13.10698127746582,-0.20013934071753817,-0.018410769133038463
00-0023502,2007,SEA,0,1,0,15.882279396057129,0.08477600922715114,0.02876655407426779
00-0023502,2008,LV,0,1,0,8.056451797485352,-0.20091382905047506,0.04698061510047261
00-0023504,2006,LV,0,0,1,13.017923355102539,-0.2625879671487615,-0.020047160958562783
00-0023504,2007,LV,0,0,0,8.728145599365234,-0.08468057178932624,0.046629370362571324
00-0023534,2014,KC,0,0,0,6.615488052368164,0.10211595001858915,0.03191585419305772
00-0023541,2007,CHI,0,0,0,10.733050346374512,-0.09910305516391073,0.04043922420327266
00-0023541,2008,DEN,0,1,1,26.217531204223633,0.2018256861979186,0.023019843871252325
00-0023541,2009,DEN,0,0,0,-0.8905253410339355,0.011274183115429054,0.050208168530196544
00-0023541,2010,DEN,0,0,1,8.425529479980469,0.06893518898476389,-0.002325946738047306
00-0023541,2011,DAL,0,1,0,6.3862481117248535,0.14752435195193395,0.03829734657139525
00-0023541,2012,DAL,0,0,0,7.775899410247803,0.13287793629667358,0.07758529695643412
00-0023541,2013,BUF,0,1,0,2.2273447513580322,-0.12147292646945473,0.07778997481463287
00-0023578,2011,TB,0,1,1,1.6974635124206543,-0.07320045996888751,0.08828967273228513
00-0023645,2006,CLE,0,0,0,13.10698127746582,-0.20013934071753817,-0.018410769133038463
00-0023645,2007,CLE,0,0,0,17.841642379760742,0.058206835873161,0.03252324416250391
00-0023645,2008,CLE,0,0,1,12.674964904785156,-0.20643458324069422,0.02064711728498459
00-0023645,2009,ARI,0,1,0,4.159433841705322,0.09115849507802137,0.037829093986733585
00-0023645,2014,CAR,0,0,0,3.9830565452575684,-0.001081544840639,0.08804514674139481
00-0023645,2015,CAR,0,0,0,9.398885726928711,0.14707737537072663,0.07244248739386377
00-0023645,2016,CAR,0,0,0,3.45599102973938,-0.04454634808944498,0.0887655941900016
00-0023645,2017,BUF,1,1,0,1.8654811382293701,-0.08064139639792041,0.03052439586331301
00-0023662,2006,NE,0,0,0,20.14969825744629,0.12762259740670062,-0.019138121524665066
00-0023662,2007,NE,0,0,0,23.90446662902832,0.3650953685227493,0.04071998995273188
00-0023662,2008,KC,0,1,1,11.745214462280273,-0.06298201914973704,0.041760876177243555
00-0023662,2009,KC,0,0,0,0.7436031103134155,-0.15812692634315345,0.044859661169412104
00-0023662,2010,KC,0,0,0,5.377573013305664,0.06835478608710345,0.014683076193132482
00-0023662,2011,KC,0,0,0,1.252556324005127,-0.05942472358934675,0.07325989325097582
00-0023662,2012,MIN,0,1,0,1.1498315334320068,-0.03445113272793508,0.020575476735105083
00-0023662,2013,MIN,0,0,1,0.020623711869120598,-0.0943018554939098,0.05689974197399775
00-0023662,2014,BUF,0,1,1,2.843451738357544,-0.0106085646168293,0.05132277042308897
00-0023662,2015,TEN,0,1,1,6.49106502532959,-0.10085967703678005,0.036539893123959034
00-0023662,2016,TEN,0,0,0,5.148946285247803,0.08989332932947215,0.05406989475522773
00-0023662,2017,DET,0,1,1,7.033044815063477,0.05129579177235264,0.023705160722932783
00-0023682,2008,BUF,0,1,0,16.74842643737793,-0.049785910726346624,0.04953293821236075
00-0023682,2009,BUF,0,0,1,-0.9049586653709412,-0.16115075092004816,0.02058337436554493
00-0023682,2010,BUF,0,0,0,0.9940773248672485,-0.06689027106085592,0.039019350377937974
00-0023682,2011,BUF,0,0,0,0.5710698962211609,-0.022447893988096594,0.011910495933610824
00-0023682,2012,TEN,0,1,0,1.893900752067566,-0.06570538838091126,0.036428295183417336
00-0023682,2013,HOU,0,1,1,1.4114776849746704,-0.11014752796039944,0.059618207827366765
00-0023682,2014,NYJ,0,1,1,1.8146278858184814,-0.1156281098674813,0.02912342735834541
00-0023682,2015,NYJ,0,0,0,6.105654239654541,0.11793945210880394,0.04261978643680829
00-0023682,2016,TB,1,1,0,0.0,0.09755015864500256,0.07631317248996683
00-0023682,2017,TB,0,0,0,7.665920257568359,0.08743289346780483,-0.0014180993207323206
00-0023682,2018,MIA,0,1,1,1.9702633619308472,-0.10716611875110335,0.03327448519360138
00-0023682,2019,MIA,0,0,0,3.0953428745269775,-0.04277466127295922,0.012050948008462084
00-0023682,2020,WAS,0,1,0,4.475563049316406,-0.09184366099723464,0.07932198259764754
00-0023742,2016,SEA,0,0,0,10.353752136230469,0.10320421255055046,0.05992493200446212
00-0023968,2009,TB,0,1,0,0.19045908749103546,-0.18417663182385866,0.02768986551428132
00-0023968,2010,TB,0,0,0,5.080674648284912,0.1346468726268457,0.04387742074682127
00-0024218,2006,TEN,0,0,0,6.594188213348389,-0.14796612739189888,-0.012097609854359067
00-0024218,2007,TEN,0,0,0,10.568502426147461,-0.02546047894256756,0.03952159880948166
00-0024218,2008,TEN,0,0,0,11.7131929397583,0.03646859801235416,0.06551606392369097
00-0024218,2009,TEN,0,0,0,2.0179905891418457,0.028109593379517055,0.05897675238600657
00-0024218,2010,PHI,0,1,0,8.859844207763672,0.0859567356466768,0.04080659857286404
00-0024225,2006,ARI,0,0,1,16.260679244995117,0.02788562076505053,0.04134125640778774
00-0024225,2007,ARI,0,0,0,15.499348640441895,0.05398945496050572,0.031323033533598305
00-0024225,2008,ARI,0,0,0,25.183719635009766,0.17823624137556468,0.060241129238985766
00-0024225,2011,LV,0,1,1,1.4942781925201416,0.07051028514119945,0.05798013505417532
00-0024226,2006,DEN,0,0,0,11.392118453979492,-0.0678261514473178,-0.0347423979083078
00-0024226,2007,DEN,0,0,0,14.420539855957031,0.07748914748960821,0.025662465853199062
00-0024226,2008,CHI,0,1,0,11.587682723999023,-0.07958711292582163,0.030094139016018394
00-0024226,2009,CHI,0,0,0,-0.1133665218949318,-0.09292695434327468,0.014812273327420473
00-0024226,2010,CHI,0,0,0,0.9804325103759766,-0.08732161166837406,0.008674896620605218
00-0024226,2011,CHI,0,0,0,2.797797918319702,-0.11667801227544547,0.050440822739021396
00-0024226,2012,CHI,0,0,1,2.2072067260742188,-0.06728153156356208,0.05653694982100078
00-0024226,2013,CHI,0,0,0,9.374957084655762,0.16114076824545284,0.06222693428923327
00-0024226,2014,CHI,0,0,1,4.325233459472656,-0.053351624715478184,0.0356130678950514
00-0024226,2015,CHI,0,0,0,3.3707425594329834,0.00940011354222003,0.07048920436806719
00-0024226,2016,MIA,1,1,0,0.0,0.06863028818804578,0.05505178272836635
00-0024264,2006,NYJ,0,0,0,14.752116203308105,0.01856065605487348,-0.014835708545614836
00-0024264,2007,NYJ,0,0,0,14.802924156188965,-0.0899368904750348,0.03274611148976727
00-0024264,2008,NYJ,0,0,1,14.34686279296875,0.027425295732200913,0.04086302061798949
00-0024264,2009,NYJ,0,0,0,-0.045383270829916,-0.11804193264869549,-0.00018042691501531788
00-0024264,2010,LA,1,1,0,2.4702906608581543,-0.0704584119484551,0.0360216938318095
00-0024264,2011,LA,1,0,1,-0.2983471155166626,-0.21136501494565635,0.023858205993205876
00-0024264,2012,LA,0,0,0,1.1192936897277832,0.015561498844202633,0.0232037341425817
00-0024264,2013,LAC,0,1,0,13.742609024047852,0.30060563721847927,0.03536893475877788
00-0024264,2014,LAC,0,0,0,4.717267036437988,0.11832190335312374,0.04234999524080671
00-0024264,2015,LAC,0,0,0,8.381728172302246,0.1048979884424914,0.03504740312950089
00-0024264,2016,LAC,0,0,1,7.7490081787109375,0.07899660232578681,0.028964648972336568
00-0024279,2006,MIN,0,0,0,6.095746040344238,-0.18155539452821948,-0.003621171175456134
00-0024279,2007,MIN,0,0,0,15.691368103027344,-0.019521649941808328,0.030518794469169698
00-0024279,2008,MIN,0,0,0,12.8892183303833,-0.07069740640292592,0.0398209378799589
00-0024279,2009,MIN,0,0,0,8.911840438842773,0.2615205208921312,0.024031227308755364
00-0024279,2010,SEA,0,1,0,1.7891547679901123,-0.04271934616596441,0.02255527280246395
00-0024279,2013,SEA,0,0,0,7.957235813140869,0.16693158650978043,0.04489201687997786
00-0024279,2014,SEA,0,0,0,7.475223541259766,0.09752578976475923,0.03365332872415699
00-0024296,2010,SEA,0,0,0,1.7891547679901123,-0.04271934616596441,0.02255527280246395
00-0024296,2014,TEN,0,0,0,1.2942620515823364,-0.12355564287776681,0.03144261101509045
00-0024296,2015,CLE,1,1,1,4.546151161193848,-0.05533726035952548,0.06340227249824873
00-0024300,2006,KC,0,0,0,15.05014705657959,0.0038928299560549544,-0.030286570702574716
00-0024300,2007,KC,0,0,0,14.511931419372559,-0.10832074960545776,0.04035502099396617
00-0024300,2008,KC,0,0,1,11.745214462280273,-0.06298201914973704,0.041760876177243555
00-0024300,2009,KC,0,0,0,0.7436031103134155,-0.15812692634315345,0.044859661169412104
00-0024318,2007,NYJ,0,0,0,14.802924156188965,-0.0899368904750348,0.03274611148976727
00-0024318,2008,NYJ,0,0,1,14.34686279296875,0.027425295732200913,0.04086302061798949
00-0024318,2009,NYJ,0,0,0,-0.045383270829916,-0.11804193264869549,-0.00018042691501531788
00-0024318,2010,BUF,0,1,0,0.9940773248672485,-0.06689027106085592,0.039019350377937974
00-0024318,2011,BUF,0,0,0,0.5710698962211609,-0.022447893988096594,0.011910495933610824
00-0024318,2012,PHI,1,1,1,4.820176601409912,-0.030419812898101774,0.06503447512972242
00-0024408,2006,TB,0,0,0,12.484312057495117,-0.21120051632838296,0.03413440206372568
00-0024408,2007,CLE,1,1,0,17.841642379760742,0.058206835873161,0.03252324416250391
00-0024408,2008,LV,0,1,0,8.056451797485352,-0.20091382905047506,0.04698061510047261
00-0024408,2009,LV,0,0,0,-2.905993700027466,-0.26854401824450475,0.04464589962508656
00-0024408,2010,CIN,0,1,0,3.4378883838653564,0.055035539796977305,0.07163059231034191
00-0024408,2011,CIN,0,0,0,3.3856680393218994,-0.024719622814164347,0.020386978261327522
00-0024417,2017,BAL,0,0,0,-1.3747926950454712,-0.0727035894088052,0.026733868699631173
00-0024417,2018,BAL,0,0,0,4.25864839553833,0.015087629689017978,0.05677908963340839
00-0024417,2019,BAL,0,0,0,8.011096954345703,0.2434774338329402,0.04945387706154561
00-0024417,2020,BAL,0,0,0,6.011745452880859,0.04323217373794567,0.06809513226324423
00-0024812,2010,KC,0,0,0,5.377573013305664,0.06835478608710345,0.014683076193132482
00-0025388,2007,LV,0,0,0,8.728145599365234,-0.08468057178932624,0.046629370362571324
00-0025388,2008,LV,0,0,0,8.056451797485352,-0.20091382905047506,0.04698061510047261
00-0025396,2014,CAR,0,1,0,3.9830565452575684,-0.001081544840639,0.08804514674139481
00-0025409,2007,CLE,0,0,0,17.841642379760742,0.058206835873161,0.03252324416250391
00-0025409,2008,CLE,0,0,1,12.674964904785156,-0.20643458324069422,0.02064711728498459
00-0025423,2007,PHI,0,0,0,19.624624252319336,0.03479594172587961,0.014810295534649937
00-0025423,2008,PHI,0,0,0,23.349628448486328,0.05600607712173631,0.03950414494692802
00-0025423,2009,PHI,0,0,0,7.188258647918701,0.05958780856739636,0.07135049207441688
00-0025423,2010,ARI,0,1,0,-1.7887564897537231,-0.2724991305698249,0.03783855769653956
00-0025423,2011,ARI,0,0,0,1.496466875076294,-0.11225515571294156,0.01845931174158702
00-0025430,2008,DET,0,0,1,12.322125434875488,-0.19489726752162187,0.006468531208709554
00-0025430,2009,DET,0,0,0,-0.7845646142959595,-0.21208966134807347,0.01750081488687839
00-0025430,2014,ARI,0,0,0,3.0730066299438477,0.003014851989290863,0.035339631963370394
00-0025430,2015,ARI,0,0,0,10.89971923828125,0.19353235466050117,0.056317097625755486
00-0025430,2016,ARI,0,0,0,4.80344295501709,0.0286179677652026,0.07452331712167516
00-0025431,2007,MIN,0,0,0,15.691368103027344,-0.019521649941808328,0.030518794469169698
00-0025431,2008,MIN,0,0,0,12.8892183303833,-0.07069740640292592,0.0398209378799589
00-0025431,2011,SEA,0,0,0,4.810753345489502,-0.060388362660587544,0.038820969731158984
00-0025479,2007,BUF,0,0,0,8.857734680175781,-0.13568315183994037,0.031148385142218918
00-0025479,2008,BUF,0,0,0,16.74842643737793,-0.049785910726346624,0.04953293821236075
00-0025479,2009,BUF,0,0,1,-0.9049586653709412,-0.16115075092004816,0.02058337436554493
00-0025487,2008,LV,0,0,0,8.056451797485352,-0.20091382905047506,0.04698061510047261
00-0025561,2007,BAL,0,0,1,10.957608222961426,-0.10779835898209751,0.022860187812914677
00-0025561,2008,BAL,0,0,0,15.726635932922363,-0.0229726149207433,0.055353700294529795
00-0025561,2009,SF,0,1,0,2.6581828594207764,-0.06403835424224343,0.041565702343546444
00-0025604,2007,KC,0,0,0,14.511931419372559,-0.10832074960545776,0.04035502099396617
00-0025604,2008,KC,0,0,1,11.745214462280273,-0.06298201914973704,0.041760876177243555
00-0025604,2009,MIA,0,0,0,3.804567337036133,-0.0018886335245487662,-0.010056424860706709
00-0025604,2010,BUF,0,1,0,0.9940773248672485,-0.06689027106085592,0.039019350377937974
00-0025604,2011,BUF,0,0,0,0.5710698962211609,-0.022447893988096594,0.011910495933610824
00-0025708,2009,CAR,0,0,0,1.6722484827041626,-0.09288299808114059,0.04301520562051319
00-0025708,2010,MIA,0,1,0,1.4294482469558716,-0.025336839921943223,0.05840608566829085
00-0025708,2011,MIA,0,0,1,1.554998755455017,0.007572043319106416,0.020826091999806787
00-0025708,2012,MIA,0,0,0,4.4538798332214355,-0.03473096523098567,0.05532915159538206
00-0025708,2013,MIA,0,0,0,6.996673583984375,-0.004588739644947835,0.06633860221515597
00-0025708,2014,MIA,0,0,0,6.549614429473877,0.0458594561724132,0.041192781604577296
00-0025708,2015,MIA,0,0,1,2.1605470180511475,0.00149981623012917,0.03570788213728758
00-0025708,2016,MIA,1,0,0,0.0,0.06863028818804578,0.05505178272836635
00-0025749,2010,ARI,0,0,0,-1.7887564897537231,-0.2724991305698249,0.03783855769653956
00-0025825,2019,TEN,0,0,0,8.784027099609375,0.11676192566652915,0.05008141285469979
00-0025970,2009,CHI,0,0,0,-0.1133665218949318,-0.09292695434327468,0.014812273327420473
00-0025970,2010,CHI,0,0,0,0.9804325103759766,-0.08732161166837406,0.008674896620605218
00-0026035,2017,MIA,0,1,0,5.971097946166992,-0.07831258143022625,0.04011614399346074
00-0026035,2018,DET,0,1,0,5.097195148468018,-0.009426377137668468,0.04694059298349163
00-0026143,2008,ATL,0,0,0,22.43382453918457,0.16922563318022962,0.01166254406269518
00-0026143,2009,ATL,0,0,0,6.721389293670654,0.08299607988718377,-0.002460547799335331
00-0026143,2010,ATL,0,0,0,4.823339939117432,0.14161808615399585,0.04620921251069408
00-0026143,2011,ATL,0,0,0,7.480499267578125,0.11736262145331115,0.08801681947113546
00-0026143,2012,ATL,0,0,0,12.993328094482422,0.22823989346912232,0.04843257417612949
00-0026143,2013,ATL,0,0,0,3.0172488689422607,0.055066908279546335,0.016348253635997553
00-0026143,2014,ATL,0,0,1,5.519211292266846,0.11121230012972527,0.07993478099253229
00-0026143,2015,ATL,0,0,0,5.993504524230957,0.11045563743544874,0.04238369862176705
00-0026143,2016,ATL,0,0,0,17.35274887084961,0.32722941248721266,0.08332682884745174
00-0026143,2017,ATL,0,0,0,7.848568916320801,0.12961655475075937,0.016382060180412626
00-0026143,2018,ATL,0,0,0,11.585315704345703,0.18036369910601133,0.06605623298481239
00-0026143,2019,ATL,0,0,0,9.231661796569824,0.06037624945460025,0.03346550955857404
00-0026143,2020,ATL,0,0,1,5.59628963470459,0.10354803553903849,0.06489408763451464
00-0026143,2021,IND,0,1,0,5.206874847412109,0.017874662338523212,0.055243538285633186
00-0026144,2013,LV,0,0,0,4.150083541870117,-0.07198354314753677,0.02144597004954608
00-0026144,2014,DAL,0,1,0,11.377555847167969,0.2828180568154013,0.07181822666853381
00-0026158,2008,BAL,0,0,0,15.726635932922363,-0.0229726149207433,0.055353700294529795
00-0026158,2009,BAL,0,0,0,6.025012969970703,0.04969375063429997,-0.00669005729399106
00-0026158,2010,BAL,0,0,0,1.9328851699829102,0.08279064922058965,0.053730105301988795
00-0026158,2011,BAL,0,0,0,7.68267822265625,0.05088945349618538,0.034917643375936565
00-0026158,2012,BAL,0,0,0,4.090001106262207,0.08234325502738113,0.004042811861393745
00-0026158,2013,BAL,0,0,0,2.078042984008789,-0.06468825228915687,0.038658761134482085
00-0026158,2014,BAL,0,0,0,4.943493366241455,0.1509798887578189,0.023584004751208067
00-0026158,2015,BAL,0,0,0,4.611785888671875,-0.027279885225916057,0.07264111057986986
00-0026158,2016,BAL,0,0,0,0.11362339556217194,-0.04565879774156618,0.08541839967208267
00-0026158,2017,BAL,0,0,0,-1.3747926950454712,-0.0727035894088052,0.026733868699631173
00-0026158,2018,DEN,0,1,1,1.4222317934036255,-0.024081730261531986,0.04006812338401602
00-0026158,2019,NYJ,0,1,0,1.9322179555892944,-0.13518397647162983,0.02607128221967236
00-0026158,2020,PHI,0,1,1,1.4471595287322998,-0.13744012416190365,0.07980183243682971
00-0026158,2021,NYJ,0,0,0,2.3828561305999756,-0.11392897233084627,0.016456241621598987
00-0026158,2022,CLE,1,1,0,7.445862293243408,-0.017263047302770156,0.03022944792247347
00-0026158,2023,IND,0,1,0,5.25763463973999,0.00016303989261089624,0.009901903815755326
00-0026158,2024,CLE,0,1,0,-0.4646790325641632,-0.23787996988839008,0.03694011210211042
00-0026184,2010,CHI,0,0,0,0.9804325103759766,-0.08732161166837406,0.008674896620605218
00-0026196,2009,BUF,0,0,1,-0.9049586653709412,-0.16115075092004816,0.02058337436554493
00-0026197,2008,MIA,0,0,0,14.188545227050781,0.150810284826684,0.028372657709783717
00-0026197,2009,MIA,0,0,0,3.804567337036133,-0.0018886335245487662,-0.010056424860706709
00-0026197,2010,MIA,0,0,0,1.4294482469558716,-0.025336839921943223,0.05840608566829085
00-0026197,2011,JAX,0,1,1,-2.263751745223999,-0.25368843552858145,0.037684421582407965
00-0026197,2012,JAX,0,0,1,0.35112664103507996,-0.1290620212862651,0.04062451137731509
00-0026197,2013,JAX,0,0,0,-0.14611078798770905,-0.14218725717921557,0.05619535505938772
00-0026197,2017,KC,0,1,0,10.864405632019043,0.15429472186983234,-0.014976293669691533
00-0026197,2020,KC,0,0,0,13.833431243896484,0.280915297796852,0.08073416236451965
00-0026197,2021,KC,0,0,0,8.017681121826172,0.21718886686518804,0.04101815092717502
00-0026296,2008,PIT,0,0,0,18.209537506103516,0.039007085410836966,0.03848351182275544
00-0026296,2009,PIT,0,0,0,7.465153217315674,0.13820646395253727,0.0004056958981049751
00-0026300,2009,TB,0,0,0,0.19045908749103546,-0.18417663182385866,0.02768986551428132
00-0026300,2010,TB,0,0,0,5.080674648284912,0.1346468726268457,0.04387742074682127
00-0026300,2011,CLE,1,1,0,1.5046319961547852,-0.09451089203794934,0.033912490623401806
00-0026300,2021,DEN,0,1,1,6.376234531402588,0.07499145611162947,0.08138729733272147
00-0026300,2024,WAS,0,1,0,10.109931945800781,0.16565758609045245,0.018473988878547735
00-0026349,2008,GB,0,0,0,16.555633544921875,0.13469685981429233,0.04788147164326671
00-0026349,2009,GB,0,0,0,11.187893867492676,0.19717412785553445,0.03720731576649247
00-0026349,2010,GB,0,0,0,10.586236953735352,0.22007298713956167,0.0022756586071128043
00-0026349,2011,SEA,0,1,0,4.810753345489502,-0.060388362660587544,0.038820969731158984
00-0026349,2012,LV,0,1,0,-1.233007788658142,0.012697866061230705,0.07309037609538939
00-0026349,2013,GB,0,0,0,6.231958866119385,0.08823218455648002,0.039952174409355
00-0026498,2009,DET,0,0,0,-0.7845646142959595,-0.21208966134807347,0.01750081488687839
00-0026498,2010,DET,0,0,0,3.175366163253784,0.028017419413141762,-0.0007098245679442172
00-0026498,2011,DET,0,0,0,8.858529090881348,0.145558223305232,0.03906133396340986
00-0026498,2012,DET,0,0,0,5.954990863800049,0.0633759504297669,0.024646294115232947
00-0026498,2013,DET,0,0,1,7.714913845062256,0.08442820436849667,0.04961843152010346
00-0026498,2014,DET,0,0,0,8.683656692504883,0.051669809201136195,0.0512593114447611
00-0026498,2015,DET,0,0,0,3.4926066398620605,0.03651894811026222,0.0699164808834011
00-0026498,2016,DET,0,0,0,7.235597610473633,0.09910746694583482,0.06011839967293041
00-0026498,2017,DET,0,0,1,7.033044815063477,0.05129579177235264,0.023705160722932783
00-0026498,2018,DET,0,0,0,5.097195148468018,-0.009426377137668468,0.04694059298349163
00-0026498,2019,DET,0,0,0,6.609090328216553,0.029202729831873327,0.052659283999093046
00-0026498,2020,LA,0,1,0,6.301723480224609,0.03169350566236687,0.09989236166298064
00-0026498,2021,LA,0,0,0,10.881797790527344,0.198255355509297,0.01575273175647625
00-0026498,2022,LA,0,0,0,1.9996681213378906,-0.11593410378667005,-0.003642953580667817
00-0026498,2023,LA,0,0,0,8.718940734863281,0.09451466315550698,0.01400996674450492
00-0026498,2024,LA,0,0,0,7.112576484680176,0.06425563654939023,0.0480830308186528
00-0026544,2010,NO,0,0,0,11.174578666687012,0.13507361908095625,0.029069144515100297
00-0026544,2011,NO,0,0,1,15.348054885864258,0.3321049165253676,0.0931615988183777
00-0026544,2012,KC,0,1,1,-1.5880160331726074,-0.2304209029358809,0.07600082336648697
00-0026544,2013,KC,0,0,0,3.3374288082122803,0.06009728103921218,0.04285961459058492
00-0026544,2014,KC,0,0,0,6.615488052368164,0.10211595001858915,0.03191585419305772
00-0026544,2015,PHI,0,1,1,4.183531284332275,-0.012773823515367915,0.079358253884232
00-0026544,2018,CHI,0,0,0,7.1111369132995605,0.09800925284838338,0.06389329970702182
00-0026544,2019,DET,0,1,0,6.609090328216553,0.029202729831873327,0.052659283999093046
00-0026625,2009,NE,0,0,0,12.583549499511719,0.15647505229643335,-0.010341951652356882
00-0026625,2010,NE,0,0,0,11.642433166503906,0.2534126318487086,0.04094214016670213
00-0026625,2011,ARI,1,1,0,1.496466875076294,-0.11225515571294156,0.01845931174158702
00-0026625,2012,CLE,0,1,1,2.3708622455596924,-0.06581440961635758,0.03093627913346634
00-0026625,2013,CLE,0,0,1,-0.8393537998199463,-0.08668639248365341,0.037707500476257934
00-0026625,2014,HOU,0,1,0,1.1177334785461426,0.05464565645448302,0.05914649376230365
00-0026625,2015,CHI,0,1,0,3.3707425594329834,0.00940011354222003,0.07048920436806719
00-0026625,2016,SF,0,1,1,3.949986696243286,-0.07816622438106004,0.04022949337999422
00-0026625,2017,NE,0,0,0,9.419178009033203,0.2390940437454548,0.0397293341262228
00-0026625,2018,IND,0,1,0,5.263426303863525,0.13502930082220857,0.07147112191238321
00-0026625,2019,NE,0,1,0,4.882260799407959,0.03766092183066813,0.05743198271720938
00-0026625,2020,NE,0,0,0,6.628574371337891,-0.048405545689652864,0.09744446480132035
00-0026625,2021,NE,0,0,0,8.568503379821777,0.13431061446891346,0.046411288408007845
00-0026625,2022,LV,0,1,0,6.734757900238037,0.03136385460132555,0.014904683230820445
00-0026898,2009,NYJ,0,0,0,-0.045383270829916,-0.11804193264869549,-0.00018042691501531788
00-0026898,2010,NYJ,0,0,0,5.601656436920166,0.014316486155870218,0.06146807481695232
00-0026898,2011,NYJ,0,0,0,0.4184807538986206,-0.09769857584097447,0.03238587428455308
00-0026898,2014,PHI,0,0,0,3.12958025932312,0.07440089154737797,0.07884917429360772
00-0026898,2015,DAL,0,1,0,-0.2553604245185852,-0.08171242077985409,0.09427764485677953
00-0026993,2009,TB,0,0,0,0.19045908749103546,-0.18417663182385866,0.02768986551428132
00-0026993,2010,TB,0,0,0,5.080674648284912,0.1346468726268457,0.04387742074682127
00-0026993,2011,TB,0,0,1,1.6974635124206543,-0.07320045996888751,0.08828967273228513
00-0026993,2012,TB,0,0,0,6.878162860870361,0.043980541868310866,0.04983511826901618
00-0026995,2015,KC,0,0,0,5.213971138000488,0.05389748420265781,0.03805590785594654
00-0027071,2010,DAL,0,0,0,4.613552093505859,0.07133380126559366,0.037120744891081164
00-0027150,2018,NE,0,0,0,9.774925231933594,0.16091266361079887,0.04869950559101503
00-0027150,2019,NE,0,0,0,4.882260799407959,0.03766092183066813,0.05743198271720938
00-0027253,2012,BUF,1,1,1,2.055300712585449,0.008332172511115362,0.06665730921842228
00-0027659,2014,CHI,0,0,1,4.325233459472656,-0.053351624715478184,0.0356130678950514
00-0027685,2011,PIT,0,0,0,9.050117492675781,0.1397770166532297,0.02715644065552575
00-0027685,2018,DEN,0,0,1,1.4222317934036255,-0.024081730261531986,0.04006812338401602
00-0027688,2010,CLE,0,0,1,2.655458450317383,-0.06314648113458986,0.05332155187774004
00-0027688,2011,CLE,0,0,0,1.5046319961547852,-0.09451089203794934,0.033912490623401806
00-0027688,2012,SF,0,1,0,6.307340621948242,0.19016767380996205,0.01962635312422526
00-0027688,2013,WAS,0,1,1,8.132713317871094,-0.03835579513785743,0.04472759668313207
00-0027688,2014,WAS,0,0,0,1.800684928894043,-0.029002467695790526,0.07233899589737595
00-0027688,2018,WAS,0,0,0,1.6863017082214355,-0.094791997853948,0.05712827363405653
00-0027688,2019,NYG,0,1,1,4.375604629516602,-0.07366423650180443,0.039528190177775265
00-0027688,2020,ARI,0,1,0,2.856117010116577,0.03747555863995394,0.09055152370447192
00-0027688,2021,ARI,0,0,0,8.78885555267334,0.0871999835075091,0.024484391806765773
00-0027692,2010,CAR,0,0,1,1.7638249397277832,-0.2970542432992676,0.044169826380030586
00-0027692,2011,CAR,0,0,0,4.237271308898926,0.0969109350373345,0.06595764533231194
00-0027754,2010,ARI,0,0,0,-1.7887564897537231,-0.2724991305698249,0.03783855769653956
00-0027754,2011,ARI,0,0,0,1.496466875076294,-0.11225515571294156,0.01845931174158702
00-0027793,2012,PIT,0,0,0,5.386329174041748,0.09460364247182487,0.0368681131772364
00-0027793,2013,PIT,0,0,0,5.28154182434082,0.10739255551326071,0.03833827859929567
00-0027793,2014,PIT,0,0,0,7.5569610595703125,0.2293430784701618,0.007201501028376375
00-0027796,2010,MIN,0,0,0,-0.2828681170940399,-0.14892981599470276,-0.000432355473428988
00-0027796,2011,MIN,0,0,0,0.8280644416809082,-0.13072046202458626,0.022704426864480782
00-0027854,2010,LA,0,0,0,2.4702906608581543,-0.0704584119484551,0.0360216938318095
00-0027854,2011,LA,0,0,1,-0.2983471155166626,-0.21136501494565635,0.023858205993205876
00-0027854,2012,LA,0,0,0,1.1192936897277832,0.015561498844202633,0.0232037341425817
00-0027854,2015,MIN,0,1,0,3.2009658813476562,-0.017900910922685125,0.056777025637463785
00-0027854,2016,MIN,0,0,0,7.55345344543457,0.06523916989898307,0.1188503192185
00-0027854,2017,ARI,0,1,1,1.0874279737472534,-0.12108414061266001,-0.0018867469209332775
00-0027876,2010,DEN,0,0,1,8.425529479980469,0.06893518898476389,-0.002325946738047306
00-0027876,2011,NYJ,0,1,0,0.4184807538986206,-0.09769857584097447,0.03238587428455308
00-0027939,2011,CAR,0,0,0,4.237271308898926,0.0969109350373345,0.06595764533231194
00-0027939,2012,CAR,0,0,0,6.734164237976074,0.1067168653773605,0.05382007707250048
00-0027939,2013,CAR,0,0,0,4.340921878814697,0.062010203507575044,0.042726277968417985
00-0027939,2014,CAR,0,0,0,3.9830565452575684,-0.001081544840639,0.08804514674139481
00-0027939,2015,CAR,0,0,0,9.398885726928711,0.14707737537072663,0.07244248739386377
00-0027939,2016,CAR,0,0,0,3.45599102973938,-0.04454634808944498,0.0887655941900016
00-0027939,2017,CAR,0,0,0,4.189438819885254,-0.007238243230543308,0.002799342685051944
00-0027939,2018,CAR,0,0,0,6.917262554168701,0.05864243624616729,0.07858073260730267
00-0027939,2019,NE,0,1,0,4.882260799407959,0.03766092183066813,0.05743198271720938
00-0027939,2020,NE,0,0,0,6.628574371337891,-0.048405545689652864,0.09744446480132035
00-0027946,2011,TEN,0,0,0,2.636643648147583,0.028363543882554777,0.029228863774098383
00-0027946,2012,TEN,0,0,0,1.893900752067566,-0.06570538838091126,0.036428295183417336
00-0027946,2013,TEN,0,0,1,2.5707435607910156,0.0633664954663488,0.06614245048622445
00-0027948,2011,JAX,0,0,1,-2.263751745223999,-0.25368843552858145,0.037684421582407965
00-0027948,2012,JAX,0,0,1,0.35112664103507996,-0.1290620212862651,0.04062451137731509
00-0027948,2013,SF,0,1,0,8.138968467712402,0.12070196177743438,0.0186769596653958
00-0027948,2014,SF,0,0,1,2.512139081954956,0.006386282076882359,0.03110840604564144
00-0027948,2015,SF,0,0,1,1.5515367984771729,-0.10008071576894573,0.040176161658686656
00-0027948,2016,ARI,0,1,0,4.80344295501709,0.0286179677652026,0.07452331712167516
00-0027948,2017,TEN,0,1,1,1.0655642747879028,-0.07421761601526798,0.006631634208247769
00-0027948,2020,TB,0,0,0,13.281347274780273,0.21871492574806567,0.04964235638149007
00-0027948,2021,TB,0,0,1,8.78807544708252,0.16307914357223754,0.019460305632229696
00-0027948,2022,KC,0,1,0,13.14515495300293,0.2783620538085,0.012778494450633891
00-0027950,2011,MIN,0,0,0,0.8280644416809082,-0.13072046202458626,0.022704426864480782
00-0027950,2012,MIN,0,0,0,1.1498315334320068,-0.03445113272793508,0.020575476735105083
00-0027950,2013,MIN,0,0,1,0.020623711869120598,-0.0943018554939098,0.05689974197399775
00-0027973,2011,CIN,0,0,0,3.3856680393218994,-0.024719622814164347,0.020386978261327522
00-0027973,2012,CIN,0,0,0,2.2758798599243164,-0.021048722154109897,0.03546500777983998
00-0027973,2013,CIN,0,0,0,5.665407180786133,0.09002274939670134,0.05238545728053485
00-0027973,2014,CIN,0,0,0,2.3628435134887695,-0.02625279204137327,0.012740095408832215
00-0027973,2015,CIN,0,0,0,8.501819610595703,0.20259934435127494,0.06260924089982786
00-0027973,2016,CIN,0,0,0,7.453310966491699,0.10715164787159075,0.06694154890107284
00-0027973,2017,CIN,0,0,0,2.185335636138916,-0.06063560326747152,0.028750463263026264
00-0027973,2018,CIN,0,0,1,5.204365253448486,0.019116345237363278,0.039846151575929634
00-0027973,2019,DAL,0,1,1,6.894585609436035,0.20002771545119358,0.07183515808290857
00-0027973,2020,CHI,0,1,0,4.391558647155762,-0.013793539942683886,0.08342329897209051
00-0027973,2021,NO,0,1,1,3.391787052154541,-0.05895714670922484,0.039551392732001894
00-0027973,2022,CAR,0,1,1,3.5598320960998535,-0.08360839170668576,0.04818074130681313
00-0027973,2023,CAR,0,0,1,2.5466582775115967,-0.238581622946299,0.017176202065319945
00-0027973,2024,CAR,0,0,0,2.5609688758850098,-0.08429199216972207,0.058603115362926186
00-0027974,2011,SF,0,0,0,6.130053520202637,0.045076867454857755,0.02897807165183406
00-0027974,2012,SF,0,0,0,6.307340621948242,0.19016767380996205,0.01962635312422526
00-0027974,2013,SF,0,0,0,8.138968467712402,0.12070196177743438,0.0186769596653958
00-0027974,2014,SF,0,0,1,2.512139081954956,0.006386282076882359,0.03110840604564144
00-0027974,2015,SF,0,0,1,1.5515367984771729,-0.10008071576894573,0.040176161658686656
00-0028002,2019,HOU,0,1,0,9.802452087402344,0.10609518415481023,0.02118123704512853
00-0028012,2014,HOU,0,0,0,1.1177334785461426,0.05464565645448302,0.05914649376230365
00-0028012,2015,BAL,0,0,0,4.611785888671875,-0.027279885225916057,0.07264111057986986
00-0028012,2016,BAL,0,0,0,0.11362339556217194,-0.04565879774156618,0.08541839967208267
00-0028052,2014,HOU,0,1,0,1.1177334785461426,0.05464565645448302,0.05914649376230365
00-0028090,2011,HOU,0,0,0,4.726418972015381,0.09801047134564367,0.05010120177194923
00-0028090,2012,HOU,0,0,0,6.340488910675049,0.12058222070472292,0.06500736691178867
00-0028090,2013,ATL,0,1,0,3.0172488689422607,0.055066908279546335,0.016348253635997553
00-0028090,2014,HOU,1,1,0,1.1177334785461426,0.05464565645448302,0.05914649376230365
00-0028091,2011,NYJ,0,0,0,0.4184807538986206,-0.09769857584097447,0.03238587428455308
00-0028091,2012,NYJ,0,0,0,-1.3966858386993408,-0.15023407487351015,0.06783213863964757
00-0028091,2013,NYJ,0,0,0,5.92498779296875,-0.13335530511534494,0.049221309491698596
00-0028118,2011,BAL,0,0,0,7.68267822265625,0.05088945349618538,0.034917643375936565
00-0028118,2012,BAL,0,0,0,4.090001106262207,0.08234325502738113,0.004042811861393745
00-0028118,2015,BUF,0,0,0,5.273048400878906,0.08614382979196246,0.0486235992790536
00-0028118,2016,BUF,0,0,1,6.44642972946167,0.039199157568239086,0.05481603142854323
00-0028118,2017,CLE,0,1,0,-1.8777717351913452,-0.22811855395615122,-0.0014132478333056357
00-0028118,2018,LAC,0,1,0,10.52400016784668,0.21813280344434793,0.05826228875180342
00-0028118,2019,LAC,0,0,0,8.64120864868164,0.1158277817929981,0.05520773552422509
00-0028118,2020,HOU,0,1,1,5.753110408782959,0.21622500820144946,0.0914988745748549
00-0028118,2021,NYG,0,1,1,-1.3563036918640137,-0.20688237698769452,0.05442154624089718
00-0028118,2022,NYG,0,0,0,2.842442274093628,0.015743045872600732,-0.028835489159714272
00-0028118,2023,NYJ,0,1,0,0.005739969201385975,-0.28178168239839385,0.015777047583783337
00-0028118,2024,NYJ,0,0,1,4.012577533721924,0.032683436429117495,0.06934328994611882
00-0028595,2015,IND,0,1,0,2.3793277740478516,-0.03709616090613156,0.02168629212854229
00-0028595,2016,IND,0,0,0,7.20527982711792,0.09281168897569661,0.034085440089494726
00-0028825,2012,LV,0,0,0,-1.233007788658142,0.012697866061230705,0.07309037609538939
00-0028872,2012,LA,0,0,0,1.1192936897277832,0.015561498844202633,0.0232037341425817
00-0028872,2013,LA,0,0,0,0.7392328381538391,-0.038735336656394774,0.019017554447328423
00-0028872,2014,LA,0,0,0,2.331984758377075,-0.08939684998393431,0.03841953544756718
00-0028872,2015,LA,0,0,0,-2.1088359355926514,-0.17047601928804956,0.06351027843035417
00-0028872,2016,LA,0,0,1,-3.1437201499938965,-0.24457774725418618,0.046245944069535305
00-0028872,2017,LA,0,0,0,8.479515075683594,0.12746442991757262,0.0010618286213515352
00-0028872,2018,LA,0,0,0,12.162044525146484,0.16186086292437185,0.06797937730378928
00-0028872,2023,CAR,0,0,1,2.5466582775115967,-0.238581622946299,0.017176202065319945
00-0028957,2014,CLE,0,1,0,6.9846649169921875,-0.04091848258954169,0.054093584799687705
00-0028986,2013,LA,0,1,0,0.7392328381538391,-0.038735336656394774,0.019017554447328423
00-0028986,2014,LA,0,1,0,2.331984758377075,-0.08939684998393431,0.03841953544756718
00-0028986,2015,LA,0,0,0,-2.1088359355926514,-0.17047601928804956,0.06351027843035417
00-0028986,2016,MIN,0,1,0,7.55345344543457,0.06523916989898307,0.1188503192185
00-0028986,2017,DEN,0,1,0,-0.6659718751907349,-0.1446773710726925,0.011051454544418901
00-0028986,2018,WAS,0,1,0,1.6863017082214355,-0.094791997853948,0.05712827363405653
00-0028986,2019,CLE,0,1,1,4.061000347137451,-0.022635737975237775,0.06572935957821766
00-0028986,2020,CLE,0,0,0,9.103049278259277,0.18303288878996313,0.08522242769905486
00-0028986,2021,BUF,0,1,0,7.566429615020752,0.1587738198342627,0.04168560812445231
00-0028986,2022,HOU,0,1,1,-1.7669939994812012,-0.18235216863176343,0.03133184952701966
00-0029000,2020,BUF,0,0,0,15.017753601074219,0.23585063722551952,0.07479078158894703
00-0029151,2013,NYJ,1,0,0,5.92498779296875,-0.13335530511534494,0.049221309491698596
00-0029263,2012,SEA,0,0,0,8.827438354492188,0.21161108070734355,0.040111687006377114
00-0029263,2013,SEA,0,0,0,7.957235813140869,0.16693158650978043,0.04489201687997786
00-0029263,2014,SEA,0,0,0,7.475223541259766,0.09752578976475923,0.03365332872415699
00-0029263,2015,SEA,0,0,0,13.524444580078125,0.19708068999463543,0.05128932664424995
00-0029263,2016,SEA,0,0,0,10.353752136230469,0.10320421255055046,0.05992493200446212
00-0029263,2017,SEA,0,0,0,5.965566635131836,0.036659959489506684,0.008975233237902381
00-0029263,2018,SEA,0,0,0,8.359731674194336,0.135632322143286,0.06628497654227453
00-0029263,2019,SEA,0,0,0,11.315260887145996,0.17544089141255656,0.04258451863944561
00-0029263,2020,SEA,0,0,0,7.814152240753174,0.09861599881072647,0.04641653254523386
00-0029263,2021,DEN,0,1,1,6.376234531402588,0.07499145611162947,0.08138729733272147
00-0029263,2022,DEN,0,0,1,5.1236701011657715,-0.13578863928212237,0.022867538462100274
00-0029263,2023,PIT,0,1,0,1.6125150918960571,-0.07874362049607053,-0.03397614247284787
00-0029263,2024,NYG,0,1,0,1.2741355895996094,-0.1470912909042091,0.015401985112007592
00-0029384,2013,TB,0,0,1,0.11969922482967377,-0.09759648413847054,0.04952718765942813
00-0029531,2014,IND,1,1,0,8.803627967834473,0.11062811251875884,0.05926982125643486
00-0029567,2012,PHI,0,0,1,4.820176601409912,-0.030419812898101774,0.06503447512972242
00-0029567,2013,PHI,0,0,0,7.624978542327881,0.15311393769197232,0.042601611506135534
00-0029567,2014,LA,0,1,0,2.331984758377075,-0.08939684998393431,0.03841953544756718
00-0029567,2015,KC,0,1,0,5.213971138000488,0.05389748420265781,0.03805590785594654
00-0029567,2016,PHI,0,1,0,0.387605756521225,0.015801686255361474,0.04527070733079051
00-0029567,2017,PHI,0,0,0,9.062695503234863,0.1757579443222537,0.009965977170578115
00-0029567,2018,JAX,0,1,0,1.3009644746780396,-0.10463268010348888,0.0798476556371839
00-0029567,2019,CHI,0,1,0,5.5128936767578125,-0.04786005005119221,0.06057173767420905
00-0029567,2020,CHI,0,0,0,4.391558647155762,-0.013793539942683886,0.08342329897209051
00-0029567,2021,IND,0,1,0,5.206874847412109,0.017874662338523212,0.055243538285633186
00-0029604,2012,WAS,0,0,0,8.37013053894043,0.17938477821022092,0.07778100738387872
00-0029604,2013,WAS,0,0,1,8.132713317871094,-0.03835579513785743,0.04472759668313207
00-0029604,2014,WAS,0,0,0,1.800684928894043,-0.029002467695790526,0.07233899589737595
00-0029604,2015,WAS,0,0,0,9.291810989379883,0.14596293419615863,0.06045079005611741
00-0029604,2016,WAS,0,0,0,7.053742408752441,0.189349090433016,0.01876262708079466
00-0029604,2017,MIN,0,1,0,7.506677150726318,0.0848632603564892,0.02374013131788431
00-0029604,2018,MIN,0,0,0,5.199417591094971,-0.016467272765782748,0.06836759490482903
00-0029604,2019,MIN,0,0,0,6.936211585998535,0.13431359441086985,0.05350981529745703
00-0029604,2020,MIN,0,0,0,9.294201850891113,0.16677610666139936,0.0779447466981979
00-0029604,2021,MIN,0,0,1,5.333669662475586,0.09032519412473898,0.03141427270915371
00-0029604,2022,MIN,0,0,0,8.74350357055664,0.0504789926289159,0.035897686489826774
00-0029604,2023,ATL,0,1,1,1.2803335189819336,-0.07461311531184452,0.009683658665572125
00-0029604,2024,ATL,0,0,0,6.004667282104492,0.059022058864431695,0.06352912846151744
00-0029632,2012,CIN,0,0,0,2.2758798599243164,-0.021048722154109897,0.03546500777983998
00-0029632,2013,CIN,0,0,0,5.665407180786133,0.09002274939670134,0.05238545728053485
00-0029632,2017,ATL,0,0,0,7.848568916320801,0.12961655475075937,0.016382060180412626
00-0029665,2012,WAS,0,0,0,8.37013053894043,0.17938477821022092,0.07778100738387872
00-0029665,2013,WAS,0,0,1,8.132713317871094,-0.03835579513785743,0.04472759668313207
00-0029665,2018,BAL,0,0,0,4.25864839553833,0.015087629689017978,0.05677908963340839
00-0029665,2019,BAL,0,0,0,8.011096954345703,0.2434774338329402,0.04945387706154561
00-0029668,2012,IND,0,0,0,5.346557140350342,0.00637843872578397,0.032984726988366644
00-0029668,2013,IND,0,0,0,7.849254131317139,0.04897135596203574,0.06890931978808473
00-0029668,2014,IND,0,0,0,8.803627967834473,0.11062811251875884,0.05926982125643486
00-0029668,2015,IND,0,0,0,2.3793277740478516,-0.03709616090613156,0.02168629212854229
00-0029677,2012,CLE,0,0,1,2.3708622455596924,-0.06581440961635758,0.03093627913346634
00-0029677,2013,DAL,0,1,0,7.393811225891113,0.10031717177030337,0.03231856408664339
00-0029677,2014,DAL,0,0,0,11.377555847167969,0.2828180568154013,0.07181822666853381
00-0029682,2012,DEN,0,0,0,15.143168449401855,0.2511488316182803,0.11250056036704552
00-0029682,2013,DEN,0,0,0,10.265006065368652,0.3378794882885373,0.02563122244994759
00-0029682,2014,DEN,0,0,1,8.656048774719238,0.16051673264352995,0.04224352408692893
00-0029682,2015,HOU,0,1,0,4.077672958374023,-0.03139593834125437,0.041123250175083725
00-0029682,2016,DEN,0,1,1,3.5556581020355225,0.025822149531036977,0.05575427237671675
00-0029682,2017,MIA,0,1,0,5.971097946166992,-0.07831258143022625,0.04011614399346074
00-0029692,2023,DAL,0,0,0,10.484182357788086,0.15705757828970357,0.006235273808209955
00-0029701,2012,MIA,0,0,0,4.4538798332214355,-0.03473096523098567,0.05532915159538206
00-0029701,2013,MIA,0,0,0,6.996673583984375,-0.004588739644947835,0.06633860221515597
00-0029701,2014,MIA,0,0,0,6.549614429473877,0.0458594561724132,0.041192781604577296
00-0029701,2015,MIA,0,0,1,2.1605470180511475,0.00149981623012917,0.03570788213728758
00-0029701,2018,TEN,0,1,0,5.358186721801758,-0.011713038802238299,0.0581259924862679
00-0029701,2019,TEN,0,0,0,8.784027099609375,0.11676192566652915,0.05008141285469979
00-0029701,2020,TEN,0,0,0,10.738970756530762,0.22967054288783423,0.07101097801355555
00-0029701,2021,TEN,0,0,0,2.861192226409912,0.03947407917953726,0.06081767227374413
00-0029701,2022,TEN,0,0,0,3.138090133666992,-0.0530091285542772,0.03178823179484004
00-0030085,2018,HOU,0,1,0,10.98503589630127,0.07608192579395903,0.056790637104963196
00-0030279,2020,LAC,0,0,1,6.846587181091309,0.13543699804122622,0.08739323726470617
00-0030279,2023,CHI,0,1,0,6.85330867767334,-0.11422199734655995,0.042728964235747215
00-0030288,2021,HOU,0,0,1,2.009857416152954,-0.10180184604853108,0.05213734232158504
00-0030419,2013,LV,0,0,0,4.150083541870117,-0.07198354314753677,0.02144597004954608
00-0030419,2014,LV,0,0,1,2.870915174484253,-0.1376464592078833,0.04046559061415899
00-0030419,2015,LV,0,0,0,3.591869354248047,-0.015238728974341512,0.02570054110724757
00-0030506,2020,KC,0,0,0,13.833431243896484,0.280915297796852,0.08073416236451965
00-0030520,2013,TB,0,0,1,0.11969922482967377,-0.09759648413847054,0.04952718765942813
00-0030520,2016,CHI,0,1,0,5.00332498550415,0.013400786326992176,0.08711087340847334
00-0030520,2017,ARI,0,1,1,1.0874279737472534,-0.12108414061266001,-0.0018867469209332775
00-0030520,2018,LV,0,1,0,3.2478585243225098,-0.0034308325122487516,0.03532579315777133
00-0030520,2019,JAX,0,1,0,5.18799352645874,-0.04113306074634155,0.06336195950631261
00-0030520,2020,NYG,0,1,0,3.8139898777008057,-0.0587383540414778,0.03864257924994133
00-0030524,2015,PIT,0,0,0,6.223419189453125,0.08565668716430778,0.06833546446769911
00-0030524,2016,PIT,0,0,0,7.045045375823975,0.13372490443225957,0.07379313440689601
00-0030526,2013,BUF,0,0,0,2.2273447513580322,-0.12147292646945473,0.07778997481463287
00-0030526,2014,BUF,0,0,1,2.843451738357544,-0.0106085646168293,0.05132277042308897
00-0030526,2015,BUF,0,0,0,5.273048400878906,0.08614382979196246,0.0486235992790536
00-0030526,2016,LV,0,1,0,5.935214519500732,0.05441512072016159,0.017057215640150794
00-0030533,2013,PHI,0,0,0,7.624978542327881,0.15311393769197232,0.042601611506135534
00-0030533,2018,BUF,0,0,0,4.416361331939697,-0.2054769327628207,0.06257691536396931
00-0030533,2019,BUF,0,0,0,9.416781425476074,-0.029791504232223983,0.026840333859165733
00-0030547,2013,JAX,0,0,0,-0.14611078798770905,-0.14218725717921557,0.05619535505938772
00-0030564,2018,HOU,0,0,0,10.98503589630127,0.07608192579395903,0.056790637104963196
00-0030565,2013,NYJ,0,0,0,5.92498779296875,-0.13335530511534494,0.049221309491698596
00-0030565,2014,NYJ,0,0,1,1.8146278858184814,-0.1156281098674813,0.02912342735834541
00-0030565,2015,NYJ,0,0,0,6.105654239654541,0.11793945210880394,0.04261978643680829
00-0030565,2016,NYG,0,1,0,2.4582207202911377,-0.019245141595249506,0.05042177902468731
00-0030565,2017,LAC,0,1,0,8.66270923614502,0.1781434259903836,0.019401648980227736
00-0030565,2020,SEA,0,0,0,7.814152240753174,0.09861599881072647,0.04641653254523386
00-0030565,2021,SEA,0,0,0,6.069971084594727,0.027551977970168878,0.042825352028322335
00-0030565,2022,SEA,0,0,0,6.193152904510498,0.03728811855431844,0.0073430474985907174
00-0030565,2023,SEA,0,0,1,6.872521877288818,0.05157805125824432,0.013133969345439733
00-0030565,2024,LV,0,1,1,4.772173881530762,-0.09139736116732841,0.033322846056117864
00-0030586,2014,NYG,0,0,0,7.175982475280762,0.10178094252717208,0.0889199796143989
00-0030663,2016,NO,0,0,0,7.026538848876953,0.1685282657226166,0.07751777794042974
00-0030669,2018,MIA,0,0,1,1.9702633619308472,-0.10716611875110335,0.03327448519360138
00-0031064,2016,HOU,0,0,0,-0.7299074530601501,-0.1119714513460671,0.06658591857769533
00-0031076,2016,MIA,1,1,0,0.0,0.06863028818804578,0.05505178272836635
00-0031235,2018,CLE,0,1,1,3.851167917251587,0.005852937780853177,0.044996021406027785
00-0031235,2019,CLE,0,0,1,4.061000347137451,-0.022635737975237775,0.06572935957821766
00-0031235,2020,CLE,0,0,0,9.103049278259277,0.18303288878996313,0.08522242769905486
00-0031237,2014,MIN,0,0,0,3.361055374145508,-0.05703998091048413,0.04001660310480099
00-0031237,2017,NO,0,1,0,8.066688537597656,0.2032921607122788,0.002763894861864853
00-0031237,2018,NO,0,0,0,10.840758323669434,0.2560433756503036,0.0657807963127177
00-0031237,2019,CAR,0,1,1,6.128107070922852,-0.09151823301803198,0.06974712793051231
00-0031237,2020,DEN,0,1,0,1.1093133687973022,-0.10565191699471324,0.10691489130517275
00-0031237,2021,MIA,0,1,1,9.306835174560547,-0.007282080250958908,0.03823531899214481
00-0031237,2024,TB,0,1,0,11.1041841506958,0.204978278802359,0.04987612485738562
00-0031266,2014,TEN,0,0,0,1.2942620515823364,-0.12355564287776681,0.03144261101509045
00-0031280,2014,LV,0,0,1,2.870915174484253,-0.1376464592078833,0.04046559061415899
00-0031280,2015,LV,0,0,0,3.591869354248047,-0.015238728974341512,0.02570054110724757
00-0031280,2016,LV,0,0,0,5.935214519500732,0.05441512072016159,0.017057215640150794
00-0031280,2017,LV,0,0,1,2.4813244342803955,0.03943732067443662,-0.0021763962164473884
00-0031280,2018,LV,0,0,0,3.2478585243225098,-0.0034308325122487516,0.03532579315777133
00-0031280,2019,LV,0,0,0,9.419363021850586,0.17976827953831176,0.025731422449198994
00-0031280,2020,LV,0,0,0,10.144800186157227,0.1191771536532392,0.050966408680672155
00-0031280,2021,LV,0,0,1,9.639892578125,0.050394050535642596,0.03519599228745469
00-0031280,2022,NO,0,1,0,5.201935768127441,0.04985058413119627,0.06240805031908289
00-0031280,2023,NO,0,0,0,5.101829528808594,0.0306289963039207,0.007976631909997438
00-0031288,2017,LV,0,1,1,2.4813244342803955,0.03943732067443662,-0.0021763962164473884
00-0031288,2018,HOU,0,1,0,10.98503589630127,0.07608192579395903,0.056790637104963196
00-0031288,2019,HOU,0,0,0,9.802452087402344,0.10609518415481023,0.02118123704512853
00-0031325,2019,KC,0,0,0,15.086830139160156,0.24674432268617655,0.05001139348654857
00-0031345,2014,NE,0,0,0,9.996525764465332,0.19098445488040774,0.046410367415542386
00-0031345,2015,NE,0,0,0,12.007424354553223,0.1629784171363877,0.024462897365776223
00-0031345,2016,NE,0,0,0,16.406232833862305,0.2621051181442479,0.051891406437717474
00-0031345,2017,SF,0,0,0,4.546474456787109,-0.019000401667995194,-0.0028068355940815033
00-0031345,2018,SF,0,0,0,8.894854545593262,0.00974870955754063,0.06640127125408049
00-0031345,2019,SF,0,0,0,8.030404090881348,0.14853126448168136,0.05804356658026548
00-0031345,2020,SF,0,0,0,7.559049606323242,0.05935633090431363,0.09628668543049006
00-0031345,2021,SF,0,0,0,10.060789108276367,0.167751845605828,0.03618035406958752
00-0031345,2022,LV,0,1,0,6.734757900238037,0.03136385460132555,0.014904683230820445
00-0031345,2023,LA,0,1,0,8.718940734863281,0.09451466315550698,0.01400996674450492
00-0031382,2015,MIA,0,0,1,2.1605470180511475,0.00149981623012917,0.03570788213728758
00-0031382,2016,MIA,1,0,0,0.0,0.06863028818804578,0.05505178272836635
00-0031382,2017,CLE,0,1,0,-1.8777717351913452,-0.22811855395615122,-0.0014132478333056357
00-0031382,2020,CLE,0,0,0,9.103049278259277,0.18303288878996313,0.08522242769905486
00-0031395,2018,CLE,0,1,1,3.851167917251587,0.005852937780853177,0.044996021406027785
00-0031395,2019,CLE,0,0,1,4.061000347137451,-0.022635737975237775,0.06572935957821766
00-0031395,2020,NE,0,1,0,6.628574371337891,-0.048405545689652864,0.09744446480132035
00-0031407,2014,JAX,0,0,0,1.268827199935913,-0.23006520352988513,0.04799843219069049
00-0031407,2015,JAX,0,0,0,5.839115619659424,0.00403385761151918,0.023732199922825204
00-0031407,2016,JAX,0,0,0,0.6864768266677856,-0.0695110248444948,0.07167552996564848
00-0031407,2017,JAX,0,0,0,4.063366413116455,0.06605396342220375,0.05771288194495134
00-0031407,2018,LA,0,1,0,12.162044525146484,0.16186086292437185,0.06797937730378928
00-0031409,2014,CLE,0,0,0,6.9846649169921875,-0.04091848258954169,0.054093584799687705
00-0031431,2016,JAX,0,0,0,0.6864768266677856,-0.0695110248444948,0.07167552996564848
00-0031503,2015,TB,0,0,1,4.859543323516846,0.08616104455531089,0.04104438982966707
00-0031503,2016,TB,1,0,0,0.0,0.09755015864500256,0.07631317248996683
00-0031503,2017,TB,0,0,0,7.665920257568359,0.08743289346780483,-0.0014180993207323206
00-0031503,2018,TB,0,0,1,8.16285228729248,0.15193621696785148,0.07300449058801742
00-0031503,2019,NO,0,1,0,9.978906631469727,0.1616539407908989,0.03980000233574017
00-0031503,2020,NO,0,0,0,3.7767014503479004,0.10728067011756022,0.07887438388845487
00-0031503,2021,NO,0,0,1,3.391787052154541,-0.05895714670922484,0.039551392732001894
00-0031503,2022,NO,0,0,0,5.201935768127441,0.04985058413119627,0.06240805031908289
00-0031503,2023,CLE,0,1,0,1.60590398311615,-0.1710539251067432,-0.014382734789857202
00-0031503,2024,NYG,0,1,0,1.2741355895996094,-0.1470912909042091,0.015401985112007592
00-0031568,2016,NYJ,0,0,0,-2.735283851623535,-0.0962043399669933,0.047632441055207454
00-0031589,2016,GB,0,0,0,14.464497566223145,0.2010374119672773,0.0821000345324977
00-0031800,2017,CAR,0,1,0,4.189438819885254,-0.007238243230543308,0.002799342685051944
00-0031800,2020,WAS,0,0,0,4.475563049316406,-0.09184366099723464,0.07932198259764754
00-0031800,2021,WAS,0,0,0,2.867609739303589,-0.060474444846832,0.037396464420032915
00-0031800,2022,ATL,0,1,0,3.413909435272217,0.02723538601100117,0.0326046334664651
00-0031800,2023,LAC,0,1,1,2.695096015930176,-0.0009901636585194443,-0.014236070691687338
00-0031941,2020,NYJ,0,0,1,6.038488864898682,-0.15716402738934912,0.08112013119120487
00-0032156,2016,DEN,0,0,1,3.5556581020355225,0.025822149531036977,0.05575427237671675
00-0032156,2021,CHI,0,1,1,3.4220969676971436,-0.15395167056384668,0.0390428477322454
00-0032156,2022,CIN,0,1,0,10.44625473022461,0.13249209142119206,0.029971967618709964
00-0032245,2015,LA,0,0,0,-2.1088359355926514,-0.17047601928804956,0.06351027843035417
00-0032245,2016,LA,0,0,1,-3.1437201499938965,-0.24457774725418618,0.046245944069535305
00-0032245,2017,LA,0,0,0,8.479515075683594,0.12746442991757262,0.0010618286213515352
00-0032245,2018,MIN,0,1,0,5.199417591094971,-0.016467272765782748,0.06836759490482903
00-0032268,2015,TEN,0,0,1,6.49106502532959,-0.10085967703678005,0.036539893123959034
00-0032268,2016,TEN,0,0,0,5.148946285247803,0.08989332932947215,0.05406989475522773
00-0032268,2017,TEN,0,0,1,1.0655642747879028,-0.07421761601526798,0.006631634208247769
00-0032268,2018,TEN,0,0,0,5.358186721801758,-0.011713038802238299,0.0581259924862679
00-0032268,2019,LV,0,1,0,9.419363021850586,0.17976827953831176,0.025731422449198994
00-0032268,2020,LV,0,0,0,10.144800186157227,0.1191771536532392,0.050966408680672155
00-0032268,2021,ATL,0,1,0,5.3194804191589355,-0.02716826476325049,0.01600051934582268
00-0032268,2022,PHI,0,1,0,11.619507789611816,0.14482733407307577,-0.006040130533107148
00-0032268,2023,WAS,0,1,1,2.5285470485687256,-0.12444571379933085,-0.006507683093402914
00-0032268,2024,WAS,0,0,0,10.109931945800781,0.16565758609045245,0.018473988878547735
00-0032434,2019,CIN,0,1,0,0.5728325843811035,-0.1004038007409766,0.047457847271432305
00-0032434,2020,CIN,0,0,0,4.948071002960205,0.025525149893279496,0.08851233125195167
00-0032434,2021,CIN,0,0,0,11.63733959197998,0.12244086477461802,0.030859706821792537
00-0032434,2024,TEN,0,1,0,0.8538139462471008,-0.1154629922253811,0.04488541903377214
00-0032436,2018,CIN,0,0,1,5.204365253448486,0.019116345237363278,0.039846151575929634
00-0032436,2019,DEN,0,1,0,3.6586060523986816,-0.051834211336936956,0.03677729521769648
00-0032436,2022,ARI,0,1,1,1.7902891635894775,-0.12110223232926626,0.016502221806335222
00-0032475,2016,SEA,0,0,0,10.353752136230469,0.10320421255055046,0.05992493200446212
00-0032543,2019,CIN,0,0,0,0.5728325843811035,-0.1004038007409766,0.047457847271432305
00-0032764,2018,TEN,0,0,0,5.358186721801758,-0.011713038802238299,0.0581259924862679
00-0032764,2021,TEN,0,0,0,2.861192226409912,0.03947407917953726,0.06081767227374413
00-0032764,2022,TEN,0,0,0,3.138090133666992,-0.0530091285542772,0.03178823179484004
00-0032784,2016,CLE,0,0,0,2.8355720043182373,-0.057707667907138174,0.06332467280263504
00-0032792,2017,PHI,0,0,0,9.062695503234863,0.1757579443222537,0.009965977170578115
00-0032943,2019,NYG,0,0,1,4.375604629516602,-0.07366423650180443,0.039528190177775265
00-0032943,2020,NYG,0,0,0,3.8139898777008057,-0.0587383540414778,0.03864257924994133
00-0032943,2021,LA,0,1,0,10.881797790527344,0.198255355509297,0.01575273175647625
00-0032950,2016,PHI,0,0,0,0.387605756521225,0.015801686255361474,0.04527070733079051
00-0032950,2017,PHI,0,0,0,9.062695503234863,0.1757579443222537,0.009965977170578115
00-0032950,2018,PHI,0,0,0,7.848241329193115,0.08821785557221257,0.043876994428476354
00-0032950,2019,PHI,0,0,0,6.336463451385498,0.04641834233185903,0.05824967078985925
00-0032950,2020,IND,0,1,0,8.548343658447266,0.17813605011589048,0.10857241328822756
00-0032950,2021,WAS,0,1,0,2.867609739303589,-0.060474444846832,0.037396464420032915
00-0032950,2022,LA,1,1,0,1.9996681213378906,-0.11593410378667005,-0.003642953580667817
00-0032950,2023,KC,0,1,0,6.649150848388672,0.09035795473910307,-0.018211027285454984
00-0032950,2024,MIN,0,1,0,11.710055351257324,0.04249723360477363,0.02425706302918671
00-0033009,2020,CIN,0,0,0,4.948071002960205,0.025525149893279496,0.08851233125195167
00-0033009,2021,CIN,0,0,0,11.63733959197998,0.12244086477461802,0.030859706821792537
00-0033009,2022,CIN,0,0,0,10.44625473022461,0.13249209142119206,0.029971967618709964
00-0033009,2023,TEN,0,1,1,4.444248199462891,-0.057134992772857204,0.015234011519583382
00-0033077,2016,DAL,0,0,0,9.826421737670898,0.21659338137060097,0.036024872924848156
00-0033077,2017,DAL,0,0,0,0.7789285778999329,-0.06909535577273805,0.002052095325791703
00-0033077,2018,DAL,0,0,0,3.71824049949646,0.04337685012839971,0.04693232553686351
00-0033077,2019,DAL,0,0,1,6.894585609436035,0.20002771545119358,0.07183515808290857
00-0033077,2020,DAL,0,0,0,4.9809160232543945,-0.020180140555708617,0.060600495508878555
00-0033077,2021,DAL,0,0,0,5.355906009674072,0.15414950904898347,0.05565407565538105
00-0033077,2022,DAL,0,0,0,5.517092704772949,0.07506173427844082,-0.013779778117728389
00-0033077,2023,DAL,0,0,0,10.484182357788086,0.15705757828970357,0.006235273808209955
00-0033077,2024,DAL,0,0,1,2.0235702991485596,-0.06914729797564505,0.033577928431364035
00-0033104,2016,CLE,0,0,0,2.8355720043182373,-0.057707667907138174,0.06332467280263504
00-0033104,2017,JAX,0,1,0,4.063366413116455,0.06605396342220375,0.05771288194495134
00-0033106,2016,LA,0,0,1,-3.1437201499938965,-0.24457774725418618,0.046245944069535305
00-0033106,2017,LA,0,0,0,8.479515075683594,0.12746442991757262,0.0010618286213515352
00-0033106,2018,LA,0,0,0,12.162044525146484,0.16186086292437185,0.06797937730378928
00-0033106,2019,LA,0,0,0,6.735163688659668,0.09331575524182094,0.04007650618515853
00-0033106,2020,DET,0,1,1,3.847978115081787,0.04985745543210434,0.05964647674329805
00-0033106,2021,DET,0,0,0,4.6661458015441895,-0.03110911657817365,0.021741821355702476
00-0033106,2022,DET,0,0,0,9.119975090026855,0.17037494643112447,0.05252383847485049
00-0033106,2023,DET,0,0,0,9.954327583312988,0.14612238148364273,0.02093512671116232
00-0033106,2024,DET,0,0,0,13.02619743347168,0.2664436567472496,0.028109308416835312
00-0033108,2016,DEN,0,0,1,3.5556581020355225,0.025822149531036977,0.05575427237671675
00-0033119,2016,IND,0,1,0,7.20527982711792,0.09281168897569661,0.034085440089494726
00-0033119,2017,IND,0,0,1,2.0574049949645996,-0.12526140658524407,0.016601336711380074
00-0033119,2018,IND,0,0,0,5.263426303863525,0.13502930082220857,0.07147112191238321
00-0033119,2019,IND,0,0,0,2.630842685699463,-0.028405022775636626,0.06054642606334307
00-0033119,2020,MIA,0,1,0,8.029539108276367,0.0598204067539548,0.1112276737701363
00-0033119,2021,CLE,0,1,0,7.716587543487549,-0.027421934185492613,0.048089035180557446
00-0033119,2022,WAS,0,1,0,5.610429763793945,-0.09867059280462182,-0.007996111004798346
00-0033119,2023,NE,0,1,1,-1.2219148874282837,-0.2281540248468046,0.0008213726476046202
00-0033119,2024,ARI,0,1,0,6.432134628295898,0.11251825248497206,0.04654191351188695
00-0033251,2019,IND,0,0,0,2.630842685699463,-0.028405022775636626,0.06054642606334307
00-0033275,2020,CAR,0,0,0,5.571407318115234,0.01995637218230769,0.061839308459678416
00-0033275,2021,CAR,0,0,0,-0.9091219305992126,-0.20265035168870826,0.03305460967257855
00-0033275,2022,CLE,0,1,0,7.445862293243408,-0.017263047302770156,0.03022944792247347
00-0033280,2018,CAR,0,0,0,6.917262554168701,0.05864243624616729,0.07858073260730267
00-0033319,2020,CLE,0,1,0,9.103049278259277,0.18303288878996313,0.08522242769905486
00-0033319,2021,MIN,0,1,1,5.333669662475586,0.09032519412473898,0.03141427270915371
00-0033319,2022,MIN,0,0,0,8.74350357055664,0.0504789926289159,0.035897686489826774
00-0033319,2023,MIN,0,0,0,6.358959197998047,0.004759195751855658,0.019370848512587534
00-0033319,2024,JAX,0,1,1,5.972759246826172,0.004962747692231691,0.03217236553628045
00-0033357,2018,NO,0,0,0,10.840758323669434,0.2560433756503036,0.0657807963127177
00-0033357,2019,NO,0,0,0,9.978906631469727,0.1616539407908989,0.03980000233574017
00-0033357,2020,NO,0,0,0,3.7767014503479004,0.10728067011756022,0.07887438388845487
00-0033357,2021,NO,0,0,1,3.391787052154541,-0.05895714670922484,0.039551392732001894
00-0033357,2022,NO,0,0,0,5.201935768127441,0.04985058413119627,0.06240805031908289
00-0033357,2023,NO,0,0,0,5.101829528808594,0.0306289963039207,0.007976631909997438
00-0033357,2024,NO,0,0,1,2.9347407817840576,-0.07643267555433912,0.08266493697565269
00-0033537,2017,HOU,0,0,0,4.805180549621582,-0.09127342012085089,0.029432414975072783
00-0033537,2018,HOU,0,0,0,10.98503589630127,0.07608192579395903,0.056790637104963196
00-0033537,2019,HOU,0,0,0,9.802452087402344,0.10609518415481023,0.02118123704512853
00-0033537,2022,CLE,0,0,0,7.445862293243408,-0.017263047302770156,0.03022944792247347
00-0033537,2023,CLE,0,0,0,1.60590398311615,-0.1710539251067432,-0.014382734789857202
00-0033556,2017,CHI,0,0,1,-0.04827824607491493,-0.12028266003303359,0.03169628880924159
00-0033662,2021,DAL,0,0,0,5.355906009674072,0.15414950904898347,0.05565407565538105
00-0033662,2022,DAL,0,0,0,5.517092704772949,0.07506173427844082,-0.013779778117728389
00-0033662,2023,DAL,0,0,0,10.484182357788086,0.15705757828970357,0.006235273808209955
00-0033662,2024,BAL,0,1,0,14.183533668518066,0.3381715851684717,0.03396697417458489
00-0033733,2020,PHI,0,0,1,1.4471595287322998,-0.13744012416190365,0.07980183243682971
00-0033856,2021,TB,0,0,1,8.78807544708252,0.16307914357223754,0.019460305632229696
00-0033869,2017,CHI,0,0,1,-0.04827824607491493,-0.12028266003303359,0.03169628880924159
00-0033869,2018,CHI,0,0,0,7.1111369132995605,0.09800925284838338,0.06389329970702182
00-0033869,2019,CHI,0,0,0,5.5128936767578125,-0.04786005005119221,0.06057173767420905
00-0033869,2020,BUF,0,1,0,15.017753601074219,0.23585063722551952,0.07479078158894703
00-0033869,2021,PIT,0,1,0,2.2077465057373047,-0.08031226524849483,0.040636512076880814
00-0033869,2022,PIT,0,0,0,4.110042572021484,0.004362224600144281,0.019346646689241354
00-0033869,2023,BUF,0,1,0,4.267664909362793,0.1499655652500789,-0.01006436827726477
00-0033869,2024,BUF,0,0,0,8.763762474060059,0.2477409690046636,0.05035948122918792
00-0033873,2017,KC,0,0,0,10.864405632019043,0.15429472186983234,-0.014976293669691533
00-0033873,2018,KC,0,0,0,13.751518249511719,0.33312972744279484,0.0434978203108944
00-0033873,2019,KC,0,0,0,15.086830139160156,0.24674432268617655,0.05001139348654857
00-0033873,2020,KC,0,0,0,13.833431243896484,0.280915297796852,0.08073416236451965
00-0033873,2021,KC,0,0,0,8.017681121826172,0.21718886686518804,0.04101815092717502
00-0033873,2022,KC,0,0,0,13.14515495300293,0.2783620538085,0.012778494450633891
00-0033873,2023,KC,0,0,0,6.649150848388672,0.09035795473910307,-0.018211027285454984
00-0033873,2024,KC,0,0,0,6.247544288635254,0.08673961580574958,0.02313543225028705
00-0033899,2017,GB,0,1,0,3.7067720890045166,-0.0914539729391212,-0.006805159883143147
00-0033908,2021,LA,0,0,0,10.881797790527344,0.198255355509297,0.01575273175647625
00-0033936,2017,SF,0,0,0,4.546474456787109,-0.019000401667995194,-0.0028068355940815033
00-0033936,2020,JAX,0,1,1,5.267612934112549,-0.06330802347340225,0.09397174397049167
00-0033936,2021,JAX,0,0,1,4.137911319732666,-0.09004566292358393,0.07838392411361209
00-0033936,2022,JAX,0,0,0,7.061878204345703,0.09201411776935008,0.023963992930528845
00-0033949,2022,ARI,0,1,1,1.7902891635894775,-0.12110223232926626,0.016502221806335222
00-0033949,2023,SF,0,1,0,12.058415412902832,0.2629466452802519,0.02065166468048462
00-0033949,2024,NE,0,1,1,7.204439640045166,-0.09046924702444203,0.06281058683880014
00-0033958,2017,BUF,0,0,0,1.8654811382293701,-0.08064139639792041,0.03052439586331301
00-0033958,2022,CHI,0,0,0,0.8244874477386475,-0.19409377044458492,0.03832537276043956
00-0034064,2018,DEN,0,0,1,1.4222317934036255,-0.024081730261531986,0.04006812338401602
00-0034177,2019,GB,0,0,0,7.138605117797852,0.12072119134520956,0.04530176187252035
00-0034177,2020,DET,0,1,1,3.847978115081787,0.04985745543210434,0.05964647674329805
00-0034177,2021,DET,0,0,0,4.6661458015441895,-0.03110911657817365,0.021741821355702476
00-0034177,2022,NYJ,0,1,0,6.5026140213012695,-0.09849986256454764,-0.008107503404798808
00-0034177,2023,MIA,0,1,0,11.277209281921387,0.15286101285771106,-0.016416380908101446
00-0034343,2018,MIA,0,1,1,1.9702633619308472,-0.10716611875110335,0.03327448519360138
00-0034348,2024,DEN,0,0,0,1.7212748527526855,0.05832000413114443,0.037882785728390087
00-0034401,2021,NYJ,0,0,0,2.3828561305999756,-0.11392897233084627,0.016456241621598987
00-0034401,2022,MIA,0,1,0,6.811689853668213,0.07739288907938627,-0.018724826500446087
00-0034401,2023,BUF,0,1,0,4.267664909362793,0.1499655652500789,-0.01006436827726477
00-0034418,2020,DAL,0,0,0,4.9809160232543945,-0.020180140555708617,0.060600495508878555
00-0034418,2021,MIA,0,1,1,9.306835174560547,-0.007282080250958908,0.03823531899214481
00-0034418,2022,MIA,0,0,0,6.811689853668213,0.07739288907938627,-0.018724826500446087
00-0034418,2023,NO,0,1,0,5.101829528808594,0.0306289963039207,0.007976631909997438
00-0034437,2018,JAX,0,0,0,1.3009644746780396,-0.10463268010348888,0.0798476556371839
00-0034577,2018,CAR,0,0,0,6.917262554168701,0.05864243624616729,0.07858073260730267
00-0034577,2019,WAS,0,1,1,2.6142382621765137,-0.1468196633056624,0.054151678832290676
00-0034577,2020,WAS,0,0,0,4.475563049316406,-0.09184366099723464,0.07932198259764754
00-0034577,2021,HOU,0,1,1,2.009857416152954,-0.10180184604853108,0.05213734232158504
00-0034577,2024,DET,0,1,0,13.02619743347168,0.2664436567472496,0.028109308416835312
00-0034771,2019,PIT,0,0,0,1.910894751548767,-0.10502291889053549,0.06437944837887008
00-0034771,2020,PIT,0,0,0,6.365662574768066,0.09253635570358867,0.11343324427759245
00-0034771,2023,TEN,0,1,1,4.444248199462891,-0.057134992772857204,0.015234011519583382
00-0034771,2024,PIT,0,1,0,9.534293174743652,0.020174784201680177,0.031469005756469104
00-0034775,2021,JAX,0,1,1,4.137911319732666,-0.09004566292358393,0.07838392411361209
00-0034775,2022,JAX,0,0,0,7.061878204345703,0.09201411776935008,0.023963992930528845
00-0034796,2018,BAL,0,0,0,4.25864839553833,0.015087629689017978,0.05677908963340839
00-0034796,2019,BAL,0,0,0,8.011096954345703,0.2434774338329402,0.04945387706154561
00-0034796,2020,BAL,0,0,0,6.011745452880859,0.04323217373794567,0.06809513226324423
00-0034796,2021,BAL,0,0,0,3.9783687591552734,0.000801407202362441,0.023217446005273118
00-0034796,2022,BAL,0,0,0,0.930117666721344,-0.023418941276973675,0.024035493792502166
00-0034796,2023,BAL,0,0,0,7.935588359832764,0.1024047825584003,-0.009735942525198427
00-0034796,2024,BAL,0,0,0,14.183533668518066,0.3381715851684717,0.03396697417458489
00-0034827,2024,CHI,0,0,1,5.527561187744141,-0.08432342770190072,0.017599309904771033
00-0034855,2018,CLE,0,0,1,3.851167917251587,0.005852937780853177,0.044996021406027785
00-0034855,2019,CLE,0,0,1,4.061000347137451,-0.022635737975237775,0.06572935957821766
00-0034855,2020,CLE,0,0,0,9.103049278259277,0.18303288878996313,0.08522242769905486
00-0034855,2021,CAR,0,1,0,-0.9091219305992126,-0.20265035168870826,0.03305460967257855
00-0034855,2022,TB,0,1,0,5.502101898193359,0.05637351881126971,0.03511828740166643
00-0034855,2023,TB,0,0,0,7.885218143463135,0.08984379647120835,-0.009814852506628438
00-0034855,2024,TB,0,0,0,11.1041841506958,0.204978278802359,0.04987612485738562
00-0034857,2018,BUF,0,0,0,4.416361331939697,-0.2054769327628207,0.06257691536396931
00-0034857,2019,BUF,0,0,0,9.416781425476074,-0.029791504232223983,0.026840333859165733
00-0034857,2020,BUF,0,0,0,15.017753601074219,0.23585063722551952,0.07479078158894703
00-0034857,2021,BUF,0,0,0,7.566429615020752,0.1587738198342627,0.04168560812445231
00-0034857,2022,BUF,0,0,0,7.600759983062744,0.1185032639137499,-0.019653619136130274
00-0034857,2023,BUF,0,0,0,4.267664909362793,0.1499655652500789,-0.01006436827726477
00-0034857,2024,BUF,0,0,0,8.763762474060059,0.2477409690046636,0.05035948122918792
00-0034869,2018,NYJ,0,0,1,-0.9949098229408264,-0.0839684878706137,0.05074745226939615
00-0034869,2019,NYJ,0,0,0,1.9322179555892944,-0.13518397647162983,0.02607128221967236
00-0034869,2020,CAR,0,1,0,5.571407318115234,0.01995637218230769,0.061839308459678416
00-0034869,2021,CAR,0,0,0,-0.9091219305992126,-0.20265035168870826,0.03305460967257855
00-0034869,2022,SF,0,1,0,10.53769588470459,0.19784129274202153,0.02205756971382618
00-0034869,2023,MIN,0,1,0,6.358959197998047,0.004759195751855658,0.019370848512587534
00-0034869,2024,SEA,0,1,0,4.478805065155029,0.013631570479438427,0.05750211337916327
00-0034899,2020,LA,0,0,0,6.301723480224609,0.03169350566236687,0.09989236166298064
00-0034899,2021,LA,0,0,0,10.881797790527344,0.198255355509297,0.01575273175647625
00-0034941,2019,SF,0,0,0,8.030404090881348,0.14853126448168136,0.05804356658026548
00-0034955,2020,DEN,0,0,0,1.1093133687973022,-0.10565191699471324,0.10691489130517275
00-0034955,2021,DEN,0,0,1,6.376234531402588,0.07499145611162947,0.08138729733272147
00-0034955,2022,LA,0,1,0,1.9996681213378906,-0.11593410378667005,-0.003642953580667817
00-0034960,2020,NE,0,0,0,6.628574371337891,-0.048405545689652864,0.09744446480132035
00-0034960,2023,LV,0,0,0,2.3084328174591064,-0.07431829802600326,-0.01842332916611752
00-0035040,2019,DET,0,0,0,6.609090328216553,0.029202729831873327,0.052659283999093046
00-0035040,2020,DET,0,0,1,3.847978115081787,0.04985745543210434,0.05964647674329805
00-0035040,2021,MIN,0,1,1,5.333669662475586,0.09032519412473898,0.03141427270915371
00-0035156,2021,DET,0,0,0,4.6661458015441895,-0.03110911657817365,0.021741821355702476
00-0035228,2019,ARI,0,0,0,5.671126842498779,0.011387373750964234,0.024836910816489206
00-0035228,2020,ARI,0,0,0,2.856117010116577,0.03747555863995394,0.09055152370447192
00-0035228,2021,ARI,0,0,0,8.78885555267334,0.0871999835075091,0.024484391806765773
00-0035228,2022,ARI,0,0,1,1.7902891635894775,-0.12110223232926626,0.016502221806335222
00-0035228,2023,ARI,0,0,0,0.08927412331104279,-0.16736234915071518,0.014988280011174297
00-0035228,2024,ARI,0,0,0,6.432134628295898,0.11251825248497206,0.04654191351188695
00-0035232,2019,WAS,0,0,1,2.6142382621765137,-0.1468196633056624,0.054151678832290676
00-0035264,2019,NE,0,0,0,4.882260799407959,0.03766092183066813,0.05743198271720938
00-0035264,2022,DEN,0,1,1,5.1236701011657715,-0.13578863928212237,0.022867538462100274
00-0035289,2019,JAX,0,0,0,5.18799352645874,-0.04113306074634155,0.06336195950631261
00-0035289,2020,PHI,0,1,1,1.4471595287322998,-0.13744012416190365,0.07980183243682971
00-0035289,2021,PHI,0,0,0,8.440939903259277,0.04668113341781301,0.034189423659530004
00-0035289,2022,IND,0,1,1,1.5158569812774658,-0.15444718456686563,0.03841865207236387
00-0035289,2023,LV,0,1,0,2.3084328174591064,-0.07431829802600326,-0.01842332916611752
00-0035289,2024,KC,0,1,0,6.247544288635254,0.08673961580574958,0.02313543225028705
00-0035652,2019,CIN,0,0,0,0.5728325843811035,-0.1004038007409766,0.047457847271432305
00-0035685,2024,DET,0,0,0,13.02619743347168,0.2664436567472496,0.028109308416835312
00-0035704,2019,DEN,0,0,0,3.6586060523986816,-0.051834211336936956,0.03677729521769648
00-0035704,2020,DEN,0,0,0,1.1093133687973022,-0.10565191699471324,0.10691489130517275
00-0035704,2023,NYG,0,1,0,4.527614593505859,-0.18603229088122245,0.006540772489680892
00-0035704,2024,SEA,0,1,0,4.478805065155029,0.013631570479438427,0.05750211337916327
00-0035710,2019,NYG,0,0,1,4.375604629516602,-0.07366423650180443,0.039528190177775265
00-0035710,2020,NYG,0,0,0,3.8139898777008057,-0.0587383540414778,0.03864257924994133
00-0035710,2021,NYG,0,0,1,-1.3563036918640137,-0.20688237698769452,0.05442154624089718
00-0035710,2022,NYG,0,0,0,2.842442274093628,0.015743045872600732,-0.028835489159714272
00-0035710,2023,NYG,0,0,0,4.527614593505859,-0.18603229088122245,0.006540772489680892
00-0035710,2024,IND,0,1,0,2.7995522022247314,-0.06357083588636196,0.03702049026171845
00-0035719,2023,SF,0,0,0,12.058415412902832,0.2629466452802519,0.02065166468048462
00-0035752,2020,ARI,0,0,0,2.856117010116577,0.03747555863995394,0.09055152370447192
00-0035752,2021,NYJ,0,1,0,2.3828561305999756,-0.11392897233084627,0.016456241621598987
00-0035864,2020,DEN,0,0,0,1.1093133687973022,-0.10565191699471324,0.10691489130517275
00-0035889,2020,KC,0,0,0,13.833431243896484,0.280915297796852,0.08073416236451965
00-0035889,2021,KC,0,0,0,8.017681121826172,0.21718886686518804,0.04101815092717502
00-0035889,2022,KC,0,0,0,13.14515495300293,0.2783620538085,0.012778494450633891
00-0035993,2020,BAL,0,0,0,6.011745452880859,0.04323217373794567,0.06809513226324423
00-0035993,2021,BAL,0,0,0,3.9783687591552734,0.000801407202362441,0.023217446005273118
00-0035993,2022,BAL,0,0,0,0.930117666721344,-0.023418941276973675,0.024035493792502166
00-0035993,2023,BAL,0,0,0,7.935588359832764,0.1024047825584003,-0.009735942525198427
00-0035993,2024,BAL,0,1,0,14.183533668518066,0.3381715851684717,0.03396697417458489
00-0036212,2020,MIA,0,0,0,8.029539108276367,0.0598204067539548,0.1112276737701363
00-0036212,2021,MIA,0,0,1,9.306835174560547,-0.007282080250958908,0.03823531899214481
00-0036212,2022,MIA,0,0,0,6.811689853668213,0.07739288907938627,-0.018724826500446087
00-0036212,2023,MIA,0,0,0,11.277209281921387,0.15286101285771106,-0.016416380908101446
00-0036212,2024,MIA,0,0,0,5.499238014221191,0.06735351664961298,0.06949445328648254
00-0036226,2021,CAR,0,1,0,-0.9091219305992126,-0.20265035168870826,0.03305460967257855
00-0036264,2021,GB,0,0,0,5.5757317543029785,0.18170488047193248,0.02624087638915466
00-0036264,2022,GB,0,0,0,1.2968089580535889,-0.0031577294553501805,0.06694433725102762
00-0036264,2023,GB,0,0,0,9.301512718200684,0.1706074762780228,0.029073696784827758
00-0036264,2024,GB,0,0,0,7.781381130218506,0.13320200611386077,0.0332767713045459
00-0036313,2022,PIT,0,1,0,4.110042572021484,0.004362224600144281,0.019346646689241354
00-0036322,2021,MIN,0,0,1,5.333669662475586,0.09032519412473898,0.03141427270915371
00-0036322,2022,MIN,0,0,0,8.74350357055664,0.0504789926289159,0.035897686489826774
00-0036322,2023,MIN,0,0,0,6.358959197998047,0.004759195751855658,0.019370848512587534
00-0036355,2020,LAC,0,0,1,6.846587181091309,0.13543699804122622,0.08739323726470617
00-0036355,2021,LAC,0,0,0,9.037446975708008,0.16703207491888925,0.0619795524926403
00-0036355,2022,LAC,0,0,0,6.281466960906982,0.04356849340304545,0.02527310921240423
00-0036355,2023,LAC,0,0,1,2.695096015930176,-0.0009901636585194443,-0.014236070691687338
00-0036355,2024,LAC,0,0,0,10.059650421142578,0.06961881857797564,0.034439288537048265
00-0036389,2020,PHI,0,0,1,1.4471595287322998,-0.13744012416190365,0.07980183243682971
00-0036389,2021,PHI,0,0,0,8.440939903259277,0.04668113341781301,0.034189423659530004
00-0036389,2022,PHI,0,0,0,11.619507789611816,0.14482733407307577,-0.006040130533107148
00-0036389,2023,PHI,0,0,0,4.79340934753418,0.09301539447201757,-0.01156410661695684
00-0036389,2024,PHI,0,0,0,11.810979843139648,0.13299330517092597,0.03797919974113026
00-0036425,2022,SEA,0,0,0,6.193152904510498,0.03728811855431844,0.0073430474985907174
00-0036442,2020,CIN,0,0,0,4.948071002960205,0.025525149893279496,0.08851233125195167
00-0036442,2021,CIN,0,0,0,11.63733959197998,0.12244086477461802,0.030859706821792537
00-0036442,2022,CIN,0,0,0,10.44625473022461,0.13249209142119206,0.029971967618709964
00-0036442,2023,CIN,0,0,0,7.200503349304199,0.01975245789257098,-0.02900429117276352
00-0036442,2024,CIN,0,0,0,13.971155166625977,0.1653517879225128,0.04267044317174044
00-0036626,2023,WAS,0,0,1,2.5285470485687256,-0.12444571379933085,-0.006507683093402914
00-0036849,2023,LA,0,0,0,8.718940734863281,0.09451466315550698,0.01400996674450492
00-0036898,2021,HOU,0,0,1,2.009857416152954,-0.10180184604853108,0.05213734232158504
00-0036898,2022,HOU,0,0,1,-1.7669939994812012,-0.18235216863176343,0.03133184952701966
00-0036898,2023,HOU,0,0,0,10.790552139282227,0.06703461663174957,-0.010465076677060425
00-0036898,2024,HOU,0,0,0,5.727744102478027,-0.020354656882666237,0.059079560009457514
00-0036900,2022,CIN,0,0,0,10.44625473022461,0.13249209142119206,0.029971967618709964
00-0036928,2022,TB,0,0,0,5.502101898193359,0.05637351881126971,0.03511828740166643
00-0036928,2023,TB,0,0,0,7.885218143463135,0.08984379647120835,-0.009814852506628438
00-0036945,2021,CHI,0,0,1,3.4220969676971436,-0.15395167056384668,0.0390428477322454
00-0036945,2022,CHI,0,0,0,0.8244874477386475,-0.19409377044458492,0.03832537276043956
00-0036945,2023,PIT,0,1,0,1.6125150918960571,-0.07874362049607053,-0.03397614247284787
00-0036945,2024,NYJ,0,1,1,4.012577533721924,0.032683436429117495,0.06934328994611882
00-0036963,2023,DET,0,0,0,9.954327583312988,0.14612238148364273,0.02093512671116232
00-0036971,2021,JAX,0,0,1,4.137911319732666,-0.09004566292358393,0.07838392411361209
00-0036971,2022,JAX,0,0,0,7.061878204345703,0.09201411776935008,0.023963992930528845
00-0036971,2023,JAX,0,0,0,3.9663970470428467,0.008086928856167444,0.003889186917840475
00-0036971,2024,JAX,0,0,1,5.972759246826172,0.004962747692231691,0.03217236553628045
00-0036972,2021,NE,0,0,0,8.568503379821777,0.13431061446891346,0.046411288408007845
00-0036972,2022,NE,0,0,0,4.822620391845703,-0.041639533175415584,-0.014294248141872475
00-0036972,2023,JAX,0,1,0,3.9663970470428467,0.008086928856167444,0.003889186917840475
00-0036972,2024,SF,0,1,0,7.728525638580322,0.12293708817213893,0.06295355949278045
00-0037012,2021,SF,0,0,0,10.060789108276367,0.167751845605828,0.03618035406958752
00-0037012,2024,LAC,0,1,0,10.059650421142578,0.06961881857797564,0.034439288537048265
00-0037013,2021,NYJ,0,0,0,2.3828561305999756,-0.11392897233084627,0.016456241621598987
00-0037013,2022,NYJ,0,0,0,6.5026140213012695,-0.09849986256454764,-0.008107503404798808
00-0037077,2022,WAS,0,0,0,5.610429763793945,-0.09867059280462182,-0.007996111004798346
00-0037077,2023,SEA,0,1,1,6.872521877288818,0.05157805125824432,0.013133969345439733
00-0037324,2024,KC,0,0,0,6.247544288635254,0.08673961580574958,0.02313543225028705
00-0037740,2022,NYJ,0,0,0,6.5026140213012695,-0.09849986256454764,-0.008107503404798808
00-0037834,2022,SF,0,0,0,10.53769588470459,0.19784129274202153,0.02205756971382618
00-0037834,2023,SF,0,0,0,12.058415412902832,0.2629466452802519,0.02065166468048462
00-0037834,2024,SF,0,0,0,7.728525638580322,0.12293708817213893,0.06295355949278045
00-0038102,2022,PIT,0,0,0,4.110042572021484,0.004362224600144281,0.019346646689241354
00-0038102,2023,PHI,0,1,0,4.79340934753418,0.09301539447201757,-0.01156410661695684
00-0038102,2024,LV,0,1,1,4.772173881530762,-0.09139736116732841,0.033322846056117864
00-0038108,2022,NE,0,0,0,4.822620391845703,-0.041639533175415584,-0.014294248141872475
00-0038108,2023,KC,0,1,0,6.649150848388672,0.09035795473910307,-0.018211027285454984
00-0038122,2022,ATL,0,0,0,3.413909435272217,0.02723538601100117,0.0326046334664651
00-0038122,2023,ARI,0,1,0,0.08927412331104279,-0.16736234915071518,0.014988280011174297
00-0038128,2022,TEN,0,0,0,3.138090133666992,-0.0530091285542772,0.03178823179484004
00-0038128,2023,GB,0,1,0,9.301512718200684,0.1706074762780228,0.029073696784827758
00-0038128,2024,GB,0,0,0,7.781381130218506,0.13320200611386077,0.0332767713045459
00-0038400,2024,PHI,0,0,0,11.810979843139648,0.13299330517092597,0.03797919974113026
00-0038416,2023,CHI,0,0,0,6.85330867767334,-0.11422199734655995,0.042728964235747215
00-0038416,2024,CHI,0,0,1,5.527561187744141,-0.08432342770190072,0.017599309904771033
00-0038476,2023,NYG,0,0,0,4.527614593505859,-0.18603229088122245,0.006540772489680892
00-0038579,2023,LV,0,0,0,2.3084328174591064,-0.07431829802600326,-0.01842332916611752
00-0038579,2024,LV,0,0,1,4.772173881530762,-0.09139736116732841,0.033322846056117864
00-0038582,2023,ARI,0,0,0,0.08927412331104279,-0.16736234915071518,0.014988280011174297
00-0038582,2024,GB,0,1,0,7.781381130218506,0.13320200611386077,0.0332767713045459
00-0038583,2023,CLE,0,0,0,1.60590398311615,-0.1710539251067432,-0.014382734789857202
00-0039150,2023,CAR,0,0,1,2.5466582775115967,-0.238581622946299,0.017176202065319945
00-0039150,2024,CAR,0,0,0,2.5609688758850098,-0.08429199216972207,0.058603115362926186
00-0039152,2023,TEN,0,0,1,4.444248199462891,-0.057134992772857204,0.015234011519583382
00-0039163,2023,HOU,0,0,0,10.790552139282227,0.06703461663174957,-0.010465076677060425
00-0039163,2024,HOU,0,0,0,5.727744102478027,-0.020354656882666237,0.059079560009457514
00-0039164,2023,IND,0,0,0,5.25763463973999,0.00016303989261089624,0.009901903815755326
00-0039164,2024,IND,0,0,0,2.7995522022247314,-0.06357083588636196,0.03702049026171845
00-0039376,2024,NO,0,0,1,2.9347407817840576,-0.07643267555433912,0.08266493697565269
00-0039398,2024,DAL,0,1,1,2.0235702991485596,-0.06914729797564505,0.033577928431364035
00-0039732,2024,DEN,0,0,0,1.7212748527526855,0.05832000413114443,0.037882785728390087
00-0039851,2024,NE,0,0,1,7.204439640045166,-0.09046924702444203,0.06281058683880014
00-0039910,2024,WAS,0,0,0,10.109931945800781,0.16565758609045245,0.018473988878547735
00-0039917,2024,ATL,0,0,0,6.004667282104492,0.059022058864431695,0.06352912846151744
00-0039918,2024,CHI,0,0,1,5.527561187744141,-0.08432342770190072,0.017599309904771033
