attempts,epa_per_play_raw,total_epa_raw,success_rate_raw,epa_per_play_adj,avg_opponent_sp_defense,sos_percentile,big_play_rate,third_down_epa,third_down_attempts,red_zone_epa,red_zone_attempts,high_leverage_epa,high_leverage_rate,scoring_play_rate,player_name,draft_year,college,seasons_played
390.4160583941606,0.33568161883710945,125.02868941687319,0.531021897810219,0.33568161883710945,24.329591578283953,50.0,0.21167883211678834,,0.0,0.46240732015923025,48.31751824817518,0.46240732015923025,0.12226277372262774,0.07755474452554745,Brady Quinn,2007,Notre Dame,3
266.15844155844155,0.2174407614322452,56.54882209838017,0.5012987012987014,0.2174407614322452,24.4248603560156,50.00000000000001,0.21168831168831168,,0.0,0.13987567187559724,29.935064935064936,0.13987567187559724,0.11168831168831168,0.051948051948051945,Drew Stanton,2007,Michigan State,3
163.70737913486005,-0.010332876953496016,-10.35356449486774,0.41475826972010177,-0.010332876953496016,24.659815118487774,50.0,0.19338422391857504,,0.0,-0.4179743815225358,11.216284987277351,-0.4179743815225358,0.06870229007633587,0.045801526717557245,Isaiah Stanback,2007,Washington,3
277.6675824175824,0.22081871452526403,64.66646927965621,0.5082417582417582,0.22081871452526403,24.266230102155145,50.0,0.22390109890109888,,0.0,0.530909918331738,28.39010989010989,0.530909918331738,0.09890109890109891,0.06868131868131869,JaMarcus Russell,2007,LSU,3
384.02876869965473,0.32115526663265925,118.20344757034911,0.5592635212888377,0.32115526663265925,24.39845051404548,50.0,0.20943613348676637,,0.0,0.4083717033377199,48.216340621403916,0.4083717033377199,0.12543153049482164,0.06444188722669736,John Beck,2007,BYU,3
355.7274881516588,0.04864234306193821,20.97911785394679,0.44905213270142175,0.04864234306193821,24.197981641709,50.0,0.2037914691943128,,0.0,-0.2452876666592511,38.588862559241704,-0.2452876666592511,0.10426540284360189,0.05331753554502369,Kevin Kolb,2007,Houston,3
215.0623973727422,0.07099816139499934,16.850934860031987,0.48275862068965514,0.07099816139499934,24.70886757310486,50.0,0.16420361247947454,,0.0,0.04111120875177196,27.842364532019705,0.04111120875177196,0.12479474548440066,0.05254515599343186,Trent Edwards,2007,Stanford,3
246.03416149068323,0.287362275911229,73.20930718966059,0.5232919254658385,0.287362275911229,24.166926156884493,50.0,0.21428571428571427,,0.0,0.06911346103463861,30.60248447204969,0.06911346103463861,0.11645962732919254,0.08695652173913043,Troy Smith,2007,Ohio State,3
347.76507650765075,0.33872344951094213,115.8044071753252,0.5445544554455445,0.33872344951094213,25.5107345533187,50.0,0.2133213321332133,,0.0,0.2621370993997927,47.67506750675068,0.2621370993997927,0.13771377137713772,0.06300630063006302,Brian Brohm,2008,Louisville,4
318.0,0.22510926309227947,67.71264243816138,0.5136,0.22510926309227947,25.14839069590505,49.99999999999999,0.17120000000000002,,0.0,0.1636178216916947,36.5328,0.1636178216916947,0.11440000000000002,0.0656,Chad Henne,2008,Michigan,4
245.34713375796179,0.17199071841971575,43.47620256849346,0.5159235668789809,0.17199071841971575,24.970504014090135,50.0,0.16242038216560511,,0.0,-0.05578352418056214,31.59235668789809,-0.05578352418056214,0.12898089171974522,0.0589171974522293,Dennis Dixon,2008,Oregon,4
40.0,0.5095569372177124,20.382277488708496,0.6,0.5095569372177124,27.040000000000003,50.0,0.325,,0.0,0.037211338678995766,6.0,0.037211338678995766,0.15,0.1,Joe Flacco,2008,Delaware,1
313.38658146964855,0.20050919070220982,61.43838888587662,0.5,0.20050919070220982,25.145314253496927,50.0,0.194888178913738,,0.0,0.04794263703859665,56.45686900958466,0.04794263703859665,0.17891373801916932,0.0718849840255591,John David Booty,2008,USC,2
442.41835905767664,0.1565963245752766,79.14581759858675,0.503655564581641,0.1565963245752766,25.481200095471753,50.0,0.16653127538586515,,0.0,0.1020359400330312,48.210398050365555,0.1020359400330312,0.10885458976441917,0.045491470349309504,Matt Ryan,2008,Boston College,4
337.86993603411514,0.11754919300233123,46.24074704171434,0.4925373134328358,0.11754919300233123,25.632740051244383,50.0,0.17057569296375266,,0.0,-0.11771552835530902,29.5682302771855,-0.11771552835530902,0.08315565031982942,0.04477611940298508,Josh Freeman,2009,Kansas State,3
267.3462414578588,0.3337039195663022,97.28698587342927,0.5580865603644648,0.3337039195663022,25.743145422177985,50.0,0.23462414578587704,,0.0,0.4915225783300884,44.20956719817768,0.4915225783300884,0.15945330296127563,0.09339407744874716,Mark Sanchez,2009,USC,3
317.67540983606557,0.2578739175542456,88.07612130475826,0.5016393442622951,0.2578739175542456,25.433905037424807,50.0,0.20874316939890708,,0.0,0.3037014464616396,34.76612021857923,0.3037014464616396,0.11038251366120219,0.05573770491803279,Matthew Stafford,2009,Georgia,3
203.97625329815304,0.1525262373015481,26.52741325517384,0.46701846965699206,0.1525262373015481,25.35185981069231,50.0,0.17941952506596306,,0.0,0.6362582501885672,23.647757255936675,0.6362582501885672,0.11609498680738788,0.07519788918205805,Pat White,2009,West Virginia,4
32.0,0.5433925352990627,17.388561129570007,0.5625,0.5433925352990627,25.389999999999997,50.0,0.21875,,0.0,,0.0,,0.0,0.03125,Rhett Bomar,2009,Sam Houston State,1
270.26578947368426,0.12064933331781313,33.364662893273334,0.4513157894736842,0.12064933331781313,25.213206412716744,50.00000000000001,0.13815789473684215,,0.0,-0.11966270083299235,33.05000000000001,-0.11966270083299235,0.11973684210526317,0.03815789473684211,Stephen McGee,2009,Texas A&M,4
301.8474114441417,0.21604448658152806,71.34259501189166,0.5095367847411444,0.21604448658152806,25.914962880917386,50.0,0.18119891008174388,,0.0,0.30898621094996587,35.474114441416894,0.30898621094996587,0.11444141689373297,0.05040871934604905,Tom Brandstater,2009,Fresno State,4
406.40462789243276,0.27175449097460325,110.82865679928284,0.5215759849906192,0.27175449097460325,25.40176605476462,50.0,0.17636022514071295,,0.0,0.453658233777673,46.72545340838024,0.453658233777673,0.11569731081926203,0.0687929956222639,Colt McCoy,2010,Texas,4
401.2703395259449,0.22261051880165905,87.1129140789805,0.518257527226137,0.22261051880165905,25.467151649897627,50.0,0.14990390775144138,,0.0,0.2699107509462814,52.68994234465086,0.2699107509462814,0.13068545803971812,0.05957719410634209,Dan LeFevour,2010,Central Michigan,4
359.6429258902791,0.16448106852613742,73.14227846323104,0.4898941289701636,0.16448106852613742,25.847927494385626,50.0,0.16073147256977863,,0.0,0.013076087743430859,43.78152069297401,0.013076087743430859,0.12030798845043311,0.05871029836381135,Jimmy Clausen,2010,Notre Dame,3
263.6561403508772,0.09267313987539526,33.778593477293064,0.45438596491228067,0.09267313987539526,25.25022487591528,50.0,0.16842105263157897,,0.0,0.2518677152347773,33.498245614035085,0.2518677152347773,0.11403508771929824,0.06140350877192983,Jonathan Crompton,2010,Tennessee,4
351.0,0.48351727892724433,184.05903606418323,0.6029776674937966,0.48351727892724433,26.067150537634408,50.0,0.228287841191067,,0.0,0.6633873946974209,51.12903225806451,0.6633873946974209,0.14764267990074442,0.1042183622828784,Sam Bradford,2010,Oklahoma,3
302.39049586776855,0.317687010864022,95.37515510075286,0.5450445009535918,0.317687010864022,25.91402400629673,50.0,0.22727272727272724,,0.0,0.00605146499772477,47.388429752066116,0.00605146499772477,0.15909090909090906,0.08884297520661157,Tim Tebow,2010,Florida,4
281.5704697986577,0.3070436361302066,87.94326968826104,0.5536912751677853,0.3070436361302066,25.51464205816555,50.0,0.18120805369127518,,0.0,0.334514963987706,39.8255033557047,0.334514963987706,0.14261744966442952,0.08221476510067115,Tony Pike,2010,Cincinnati,3
280.9463327370304,0.2583299670868248,71.67996133572034,0.5411449016100179,0.2583299670868248,26.17877608825283,50.0,0.18872987477638642,,0.0,0.13858687794582863,28.601073345259394,0.13858687794582863,0.10196779964221825,0.060822898032200354,Andy Dalton,2011,TCU,4
399.7776427703524,0.18391178734826868,76.18914065992556,0.5042527339003645,0.18391178734826868,26.10422438234103,50.0,0.15674362089914945,,0.0,0.0010428530256118423,35.985419198055894,0.0010428530256118423,0.0899149453219927,0.047387606318347514,Blaine Gabbert,2011,Missouri,3
290.37653631284917,0.17361459873575075,51.07991614932787,0.5139664804469274,0.17361459873575075,25.877829608938548,50.00000000000001,0.1798882681564246,,0.0,0.35141408609643077,37.33184357541899,0.35141408609643077,0.12849162011173185,0.054748603351955305,Christian Ponder,2011,Florida State,4
289.58318425760285,0.339782877450339,98.98355006142677,0.5161001788908766,0.339782877450339,26.09852265951103,49.99999999999999,0.20035778175313057,,0.0,0.2690212631458152,35.73703041144901,0.2690212631458152,0.12075134168157425,0.07066189624329158,Colin Kaepernick,2011,Nevada,4
292.37463697967087,0.14463631007081082,50.558790253599724,0.46563407550822844,0.14463631007081082,26.298100193610843,50.0,0.15779283639883834,,0.0,0.16891192653265308,26.52565343659245,0.16891192653265308,0.08615682478218781,0.05227492739593417,Jake Locker,2011,Washington,4
272.58087487283825,0.22298477454791235,63.83323842739556,0.46490335707019326,0.22298477454791235,26.089037809426927,50.0,0.1841302136317396,,0.0,0.06806662317852855,31.167853509664294,0.06806662317852855,0.11291963377416074,0.06205493387589014,Nathan Enderle,2011,Idaho,4
289.0434782608696,0.24289412885580378,74.13820010099722,0.5,0.24289412885580378,26.23615942028986,50.0,0.21014492753623187,,0.0,-0.043810810535808625,36.47826086956522,-0.043810810535808625,0.11956521739130435,0.06884057971014493,Ricky Stanzi,2011,Iowa,2
374.8663101604278,0.3285114892041261,123.29803891885368,0.5040106951871657,0.3285114892041261,26.13890374331551,50.0,0.25267379679144386,,0.0,0.6077031189238405,43.716577540106954,0.6077031189238405,0.11631016042780748,0.08155080213903743,Ryan Mallett,2011,Arkansas,2
242.79247434435575,0.13773598935467826,42.26949997209735,0.451539338654504,0.13773598935467826,26.17515393386545,50.0,0.19156214367160773,,0.0,-0.29579506912564596,25.640820980615736,-0.29579506912564596,0.0992018244013683,0.0524515393386545,Tyrod Taylor,2011,Virginia Tech,4
328.68109820485745,0.43114184085456725,140.54349467133142,0.587117212249208,0.43114184085456725,26.461393875395984,50.0,0.23231256599788808,,0.0,0.18667821100182935,61.846884899683204,0.18667821100182935,0.1795142555438226,0.08658922914466738,Andrew Luck,2012,Stanford,3
485.441609421001,0.29682941334111884,139.95822843789352,0.5701668302257115,0.29682941334111884,26.723608112528623,50.0,0.20215897939156036,,0.0,0.21609714985158607,71.90873405299313,0.21609714985158607,0.1452404317958783,0.07458292443572129,Brandon Weeden,2012,Oklahoma State,4
401.8990536277603,0.20605645131331515,93.37124510838031,0.4905362776025237,0.20605645131331515,26.702071503680337,50.0,0.19085173501577288,,0.0,0.19741446187192838,47.03785488958991,0.19741446187192838,0.1214511041009464,0.052050473186119876,Brock Osweiler,2012,Arizona State,3
328.2257444764649,0.32697440481831486,109.09799286832462,0.5360230547550432,0.32697440481831486,26.37561079090618,50.0,0.19020172910662825,,0.0,0.5315998630858041,38.66378482228627,0.5315998630858041,0.11239193083573487,0.0643611911623439,Kirk Cousins,2012,Michigan State,4
433.1416207710464,0.30489631657679894,139.53500833239679,0.5531077891424075,0.30489631657679894,26.402067269866247,50.0,0.15892997639653816,,0.0,0.14912302178344142,52.264358772619985,0.14912302178344142,0.12273800157356413,0.05035405192761605,Nick Foles,2012,Arizona,3
398.164667393675,0.2820400452503331,116.22745985014114,0.5059978189749181,0.2820400452503331,26.65532988004362,50.0,0.17993456924754633,,0.0,-0.26621077508106095,38.37186477644492,-0.26621077508106095,0.09487459105779716,0.06870229007633588,Robert Griffin III,2012,Baylor,3
310.0,0.5080847397146205,157.50626931153238,0.6,0.5080847397146205,26.81833333333333,50.0,0.24838709677419354,,0.0,0.9390998421883097,49.0,0.9390998421883097,0.15806451612903225,0.10967741935483871,Russell Wilson,2012,Wisconsin,1
368.50953678474116,0.27024091229703,97.90397351809868,0.4863760217983651,0.27024091229703,26.12992563578565,50.0,0.19618528610354224,,0.0,0.0621711191204094,42.27316076294278,0.0621711191204094,0.11376021798365123,0.05858310626702998,Ryan Lindley,2012,San Diego State,4
387.339514978602,0.23568225152439803,96.954659177652,0.5263908701854493,0.23568225152439803,26.755525439847837,49.99999999999999,0.16547788873038516,,0.0,0.5242861743537852,43.335235378031385,0.5242861743537852,0.11126961483594863,0.05991440798858773,Ryan Tannehill,2012,Texas A&M,4
354.19313304721027,0.15261970678922615,52.40573896995302,0.5264663805436337,0.15261970678922615,27.228809128247725,50.0,0.1988555078683834,,0.0,0.0268749462631582,42.78969957081544,0.0268749462631582,0.12160228898426323,0.06008583690987124,EJ Manuel,2013,Florida State,2
443.2475106685633,0.21660996161025034,101.63657869122906,0.5071123755334281,0.21660996161025034,26.99386309059484,50.0,0.17852062588904694,,0.0,0.12025933787351535,59.62233285917496,0.12025933787351535,0.13229018492176386,0.07254623044096728,Geno Smith,2013,West Virginia,4
497.64798777381554,0.2956002356709416,150.16079067356858,0.5420275089149261,0.2956002356709416,26.711007468818302,50.0,0.18644931227712686,,0.0,0.3181860386510821,69.25471217524198,0.3181860386510821,0.13856342333163524,0.06316861946001019,Landry Jones,2013,Oklahoma,4
363.27064538514924,0.2715459715815405,100.20338298978076,0.5163081193615544,0.2715459715815405,26.67920921850865,50.0,0.1970853573907009,,0.0,0.13304955413063196,53.89521165857043,0.13304955413063196,0.14781401804302569,0.08049965301873699,Matt Barkley,2013,USC,4
472.31141199226306,0.10700418349766178,54.35260916607926,0.4516441005802707,0.10700418349766178,27.14951069549302,50.0,0.13539651837524178,,0.0,0.23347428329247835,51.77949709864603,0.23347428329247835,0.11025145067698258,0.06382978723404255,Mike Glennon,2013,NC State,4
380.35289452815226,0.14418572071617694,63.175845478477456,0.4726407613005551,0.14418572071617694,26.960777160983348,50.0,0.176050753370341,,0.0,0.024372668163542874,53.16891356066614,0.024372668163542874,0.13639968279143538,0.05551149881046788,Ryan Nassib,2013,Syracuse,4
351.4072810011377,0.23657764484141702,84.78394179460321,0.5062571103526735,0.23657764484141702,27.032109343462146,50.0,0.20819112627986347,,0.0,-0.1378221975947609,50.37201365187713,-0.1378221975947609,0.13651877133105803,0.05915813424345848,Tyler Wilson,2013,Arkansas,5
313.21535181236675,0.29583527711726454,92.52274146250315,0.511727078891258,0.29583527711726454,27.471161244468902,50.0,0.21641791044776118,,0.0,0.25991651498365587,38.262260127931775,0.25991651498365587,0.12260127931769724,0.07889125799573561,AJ McCarron,2014,Alabama,3
354.7292700212615,0.35727285848789225,126.34411157366655,0.5350815024805102,0.35727285848789225,27.252681637365402,50.0,0.21970233876683204,,0.0,0.340586203378651,47.276399716513104,0.340586203378651,0.13465627214741316,0.08717221828490432,Aaron Murray,2014,Georgia,4
345.8436781609196,0.32110436802794196,105.35707736710708,0.5413793103448277,0.32110436802794196,27.64180954146583,50.0,0.2011494252873563,,0.0,0.45494877401460915,46.97931034482759,0.45494877401460915,0.13793103448275862,0.06321839080459771,Blake Bortles,2014,UCF,3
503.6622604097819,0.23420639544164037,122.09432879013981,0.5029742233972241,0.23420639544164037,27.500655039833987,50.0,0.18704560475875742,,0.0,0.18123693349179748,69.24058162590879,0.18123693349179748,0.13284864507600794,0.07270323859881031,Derek Carr,2014,Fresno State,4
64.79166666666667,0.2610867793361346,19.104532130683463,0.47222222222222227,0.2610867793361346,27.698842592592598,50.0,0.20138888888888892,,0.0,1.6235597247169133,5.715277777777778,1.6235597247169133,0.06944444444444446,0.0763888888888889,Jimmy Garoppolo,2014,Eastern Illinois,3
401.21,0.43713455257005984,171.36320799862966,0.5675,0.43713455257005984,27.76475201612903,50.0,0.23749999999999996,,0.0,0.4687337388895626,49.165,0.4687337388895626,0.12249999999999998,0.07874999999999999,Johnny Manziel,2014,Texas A&M,2
369.86730268863835,0.19653941621779364,73.92344153642085,0.46313963573287076,0.19653941621779364,27.447180660082623,50.0,0.18473547267996532,,0.0,0.032840939628929006,34.669557675628795,0.032840939628929006,0.09366869037294016,0.046834345186470075,Logan Thomas,2014,Virginia Tech,4
385.3562610229277,0.3247545968143292,131.6640149160786,0.5388007054673721,0.3247545968143292,27.51686858773777,50.00000000000001,0.19841269841269843,,0.0,0.3893818055842818,39.06966490299824,0.3893818055842818,0.10052910052910052,0.06437389770723104,Teddy Bridgewater,2014,Louisville,3
417.1977124183006,0.23583320113434608,93.60343518088042,0.5130718954248367,0.23583320113434608,27.606636918880458,50.0,0.17401960784313725,,0.0,0.2810229784832621,50.16993464052287,0.2810229784832621,0.11928104575163398,0.058823529411764705,Brett Hundley,2015,UCLA,3
378.7468030690537,0.4235677285610562,154.9670998938858,0.5396419437340154,0.4235677285610562,27.635263626488467,50.0,0.21739130434782605,,0.0,0.12481706207539854,37.95140664961637,0.12481706207539854,0.09974424552429667,0.08184143222506393,Bryce Petty,2015,Baylor,4
413.4507389162561,0.40320058934977787,153.43359553139527,0.5935960591133005,0.40320058934977787,27.615892472290643,50.0,0.2573891625615764,,0.0,0.4494899421433714,47.72906403940887,0.4494899421433714,0.11822660098522167,0.08004926108374384,Jameis Winston,2015,Florida St.,2
391.1531766753699,0.3363097002510925,132.72979073389212,0.5404699738903394,0.3363097002510925,27.599301505165784,50.0,0.236727589208007,,0.0,0.2084261589128785,63.422976501305484,0.2084261589128785,0.16275021758050479,0.09051348999129678,Marcus Mariota,2015,Oregon,3
454.64962665134976,0.16727151313185742,79.51594805718271,0.4836300976450316,0.16727151313185742,27.44250238168028,50.0,0.18093049971280872,,0.0,-0.15524237113292452,65.21883974727167,-0.15524237113292452,0.14187248707639288,0.04767375071797818,Sean Mannion,2015,Oregon St.,4
294.41847206385404,0.105632569747069,21.53990090068349,0.48118586088939574,0.105632569747069,27.565519312232563,50.0,0.14709236031927025,,0.0,-0.12690210394715268,27.364880273660205,-0.12690210394715268,0.09806157354618016,0.030786773090079815,Trevor Siemian,2015,Northwestern,4
299.27405857740587,0.2500996060560313,88.46592623343746,0.49686192468619245,0.2500996060560313,27.573569676660142,50.0,0.20606694560669453,,0.0,0.32810911614840443,38.69665271966527,0.32810911614840443,0.1307531380753138,0.06903765690376569,Brandon Allen,2016,Arkansas,4
473.7617709065355,0.3063153623120934,147.7944462221333,0.539002108222066,0.3063153623120934,27.5545339313241,50.0,0.2150386507378777,,0.0,0.38314682432555586,71.98664792691497,0.38314682432555586,0.15038650737877723,0.07519325368938862,Brandon Doughty,2016,Western Kentucky,5
148.5182481751825,0.0004352038576655136,-0.7340147252718028,0.45255474452554745,0.0004352038576655136,27.461074361313866,50.0,0.22262773722627738,,0.0,-0.40372265088731224,12.879562043795621,-0.40372265088731224,0.09124087591240876,0.05474452554744526,Cardale Jones,2016,Ohio St.,3
29.0,-0.0413851563272805,-1.2001695334911344,0.5172413793103449,-0.0413851563272805,27.3234375,50.0,0.13793103448275862,,0.0,-1.223363447189331,5.0,-1.223363447189331,0.1724137931034483,0.0,Carson Wentz,2016,North Dakota St.,1
424.87519999999995,0.23182560225725174,97.07522295691967,0.49599999999999994,0.23182560225725174,27.574895201612904,50.0,0.19440000000000002,,0.0,0.5135102052482828,46.612,0.5135102052482828,0.108,0.0712,Cody Kessler,2016,USC,4
348.77819198508854,0.30746287829698327,107.29607127811272,0.5079217148182665,0.30746287829698327,27.611780215629977,50.0,0.22833178005591798,,0.0,0.4533750234315207,34.70829450139795,0.4533750234315207,0.10065237651444549,0.065237651444548,Connor Cook,2016,Michigan St.,4
386.9559471365639,0.17046567449741343,57.19195910346285,0.5022026431718062,0.17046567449741343,27.552272630382262,50.0,0.17885462555066078,,0.0,0.029536964282719763,47.92511013215859,0.029536964282719763,0.12863436123348015,0.059030837004405284,Dak Prescott,2016,Mississippi St.,4
383.3947712418301,0.048836509055561486,17.959579700192595,0.4522875816993464,0.048836509055561486,27.429912173202613,50.0,0.1477124183006536,,0.0,0.15008005704255267,53.0,0.15008005704255267,0.13856209150326798,0.05751633986928105,Jacoby Brissett,2016,North Carolina St.,2
361.53883495145635,0.2107961927043292,68.56823993045656,0.5194174757281553,0.2107961927043292,27.557588743932037,50.0,0.21359223300970873,,0.0,0.34449628002866434,47.85436893203884,0.34449628002866434,0.13106796116504854,0.0558252427184466,Jake Rudock,2016,Michigan,2
492.01968771215206,0.27647485420643997,136.49150436664934,0.5193482688391038,0.27647485420643997,27.605323956211812,50.0,0.17990495587236932,,0.0,0.35128750237816464,60.70604209097081,0.35128750237816464,0.12219959266802444,0.06449422946367957,Jared Goff,2016,California,3
441.0,0.24661098510256654,108.75544443023185,0.5124716553287982,0.24661098510256654,27.526562499999997,50.0,0.26077097505668934,,0.0,0.34112100167707965,44.0,0.34112100167707965,0.09977324263038549,0.061224489795918366,Jeff Driskel,2016,Louisiana Tech,1
289.4485634847081,0.28725094937747886,83.46934614664045,0.5129855686482193,0.28725094937747886,27.580706962465246,50.0,0.20574606116774793,,0.0,0.09194142153338908,38.818350324374414,0.09194142153338908,0.13160333642261354,0.06950880444856347,Kevin Hogan,2016,Stanford,4
278.2771362586605,0.33873428986784215,105.84872724255223,0.5242494226327945,0.33873428986784215,27.65821444535499,50.0,0.21016166281755194,,0.0,0.22485091012623068,34.36258660508083,0.22485091012623068,0.11778290993071594,0.07159353348729793,Nate Sudfeld,2016,Indiana,4
384.44766930518904,0.13191651938222643,55.714844278467,0.4837291116974494,0.13191651938222643,27.588944316182936,50.0,0.1961301671064204,,0.0,0.3786698138960089,38.74406332453826,0.3786698138960089,0.09938434476693053,0.05277044854881267,Paxton Lynch,2016,Memphis,3
298.757343550447,-0.09900560860889625,-28.908748095062954,0.41507024265644954,-0.09900560860889625,27.722675207535122,50.0,0.1826309067688378,,0.0,-0.18497406843619746,32.003831417624525,-0.18497406843619746,0.11494252873563218,0.05236270753512133,C.J. Beathard,2017,Iowa,4
576.0,-0.08031230481962363,-46.25988757610321,0.4375,-0.08031230481962363,28.057812500000004,50.0,0.1684027777777778,,0.0,0.0984770485333034,70.0,0.0984770485333034,0.12152777777777778,0.06770833333333333,Davis Webb,2017,California,1
349.8154506437768,0.10716704727930762,36.91997325585679,0.47925608011444915,0.10716704727930762,27.80016765021459,50.0,0.20743919885550788,,0.0,-0.23740880199426917,47.57510729613733,-0.23740880199426917,0.13590844062947066,0.06723891273247495,DeShone Kizer,2017,Notre Dame,2
478.14382402707275,0.10219555493765677,31.148683651374075,0.5143824027072759,0.10219555493765677,27.754922800338413,50.0,0.21742808798646363,,0.0,0.19229868079971876,60.03976311336717,0.19229868079971876,0.1218274111675127,0.07698815566835872,Deshaun Watson,2017,Clemson,3
292.8596134282808,0.012890912997910599,-1.1412874476705568,0.4598168870803663,0.012890912997910599,27.73563549084436,50.00000000000001,0.1759918616480163,,0.0,-0.2313715428959101,34.57477110885046,-0.2313715428959101,0.1180061037639878,0.05493387589013226,Joshua Dobbs,2017,Tennessee,4
308.7925445705024,0.16469954795881842,50.554927702467864,0.47487844408427876,0.16469954795881842,27.784007799837923,50.0,0.22204213938411668,,0.0,0.2119572030278603,37.12317666126418,0.2119572030278603,0.119935170178282,0.0794165316045381,Nathan Peterman,2017,Pittsburgh,2
514.7078477078477,0.15470333112636764,73.16917301881509,0.4871794871794872,0.15470333112636764,27.738149524087028,50.0,0.20745920745920746,,0.0,-0.08123194425797034,61.257187257187255,-0.08123194425797034,0.114996114996115,0.07459207459207459,Patrick Mahomes,2017,Texas Tech,3
392.84327086882456,0.3656753298194318,142.17906330263625,0.559625212947189,0.3656753298194318,27.587085418441227,50.0,0.2546848381601363,,0.0,0.3214387883510727,52.61158432708688,0.3214387883510727,0.13287904599659284,0.09965928449744463,Baker Mayfield,2018,Oklahoma,3
278.0143884892086,0.06928050107322764,19.457270811431254,0.4388489208633094,0.06928050107322764,27.64352517985612,50.0,0.18705035971223022,,0.0,0.3420624316672408,27.043165467625897,0.3420624316672408,0.09712230215827339,0.05035971223021582,Danny Etling,2018,LSU,2
308.886914378029,0.02277058093343682,6.1161476123795175,0.4410339256865913,0.02277058093343682,27.69914680936995,50.0,0.22778675282714056,,0.0,0.06317556100543006,31.260096930533116,0.06317556100543006,0.10177705977382874,0.0726978998384491,Josh Allen,2018,Wyoming,3
395.42545454545456,0.20497649431905962,87.02553688974544,0.5036363636363637,0.20497649431905962,27.52039488636364,50.0,0.2281818181818182,,0.0,-0.06746393424977293,46.42727272727273,-0.06746393424977293,0.11454545454545455,0.057272727272727274,Josh Rosen,2018,UCLA,3
32.125,0.46910234831739217,15.325433710357174,0.609375,0.46910234831739217,27.8087890625,50.0,0.21875,,0.0,1.0697768718004226,3.125,1.0697768718004226,0.09375,0.046875,Kyle Lauletta,2018,Richmond,2
376.7597042513863,0.07475381257794039,32.87750239358344,0.47134935304990755,0.07475381257794039,27.615782405268025,50.0,0.23105360443622922,,0.0,0.05025327427925749,46.621996303142325,0.05025327427925749,0.12199630314232901,0.06377079482439925,Lamar Jackson,2018,Louisville,3
348.56537753222835,0.2490236029769834,91.88443356466996,0.5064456721915285,0.2490236029769834,27.572532516114183,50.0,0.2274401473296501,,0.0,0.3161395743449892,41.07826887661142,0.3161395743449892,0.11694290976058933,0.08287292817679558,Logan Woodside,2018,Toledo,4
490.48986125933834,0.12042445485859314,55.69427590519138,0.5058697972251868,0.12042445485859314,27.557370597652085,50.0,0.19743863393810032,,0.0,-0.1427749261970824,56.12486659551762,-0.1427749261970824,0.11632870864461047,0.0608324439701174,Mike White,2018,Western Kentucky,2
399.44183006535945,0.2516047454153011,98.0262477158526,0.54640522875817,0.2516047454153011,27.559917279411764,50.0,0.2392156862745098,,0.0,0.4625079255747888,42.78954248366013,0.4625079255747888,0.11241830065359476,0.06928104575163399,Sam Darnold,2018,USC,2
420.0,0.09363791059170451,39.32792244851589,0.44047619047619047,0.09363791059170451,27.235156250000003,50.0,0.20238095238095238,,0.0,-0.4492926368346581,52.0,-0.4492926368346581,0.12380952380952381,0.06428571428571428,Tanner Lee,2018,Nebraska,1
436.0065050266114,-0.11668487560244259,-48.536914124309114,0.43051448846836193,-0.11668487560244259,27.711594193524547,49.99999999999999,0.1472501478415139,,0.0,-0.1292831417066459,35.847427557658186,-0.1292831417066459,0.08160851567120048,0.03903015966883501,Clayton Thorson,2019,Northwestern,4
414.2516129032258,-0.13031800261470924,-55.73521945951744,0.4314516129032258,-0.13031800261470924,27.72556612515509,50.0,0.14596774193548387,,0.0,-0.21132507094986186,36.85806451612903,-0.21132507094986186,0.08870967741935484,0.043548387096774194,Daniel Jones,2019,Duke,3
374.36082474226805,0.08299372109450093,39.63711420825356,0.47010309278350515,0.08299372109450093,27.70141381674597,50.0,0.2041237113402062,,0.0,-0.08372344085500719,42.27353951890034,-0.08372344085500719,0.1134020618556701,0.07147766323024055,Drew Lock,2019,Missouri,4
474.62003454231433,0.356615157222089,174.05239071669973,0.5578583765112262,0.356615157222089,27.839630372326294,50.0,0.22452504317789293,,0.0,0.18523507037377715,64.38860103626943,0.18523507037377715,0.13126079447322972,0.09844559585492227,Dwayne Haskins,2019,Ohio St.,2
369.5311653116531,0.09035101994306738,33.05242982420939,0.44715447154471544,0.09035101994306738,27.55829611931937,50.0,0.20054200542005418,,0.0,0.00878168426249911,36.0,0.00878168426249911,0.0975609756097561,0.05149051490514905,Jarrett Stidham,2019,Auburn,2
358.2160804020101,0.5806200013182422,201.84660773773925,0.6005025125628141,0.5806200013182422,27.87147809359297,50.0,0.2788944723618091,,0.0,0.508683941728848,46.625628140703526,0.508683941728848,0.13316582914572864,0.11306532663316585,Kyler Murray,2019,Oklahoma,2
436.68073676132,0.1554532147045626,72.6108118870159,0.49616961550960015,0.1554532147045626,27.722779965980877,50.0,0.19416730621642364,,0.0,-0.2662500863230929,52.14888718342287,-0.2662500863230929,0.11818879508825786,0.04681504221028396,Ryan Finley,2019,North Carolina St.,3
379.09498680738784,0.3191028998717469,121.41642358138333,0.5369393139841688,0.3191028998717469,27.576357078978084,50.0,0.20844327176781002,,0.0,0.33698041687342606,45.507915567282325,0.33698041687342606,0.12005277044854881,0.09366754617414248,Will Grier,2019,West Virginia,2
26.735849056603776,-0.05304732019046568,-0.5099007245504632,0.5283018867924528,-0.05304732019046568,27.78280029506267,50.0,0.15094339622641512,,0.0,-0.9354142518538349,5.283018867924528,-0.9354142518538349,0.18867924528301885,0.018867924528301886,Ben DiNucci,2020,James Madison,2
398.0,0.11486284037930282,45.715410470962524,0.47738693467336685,0.11486284037930282,27.632818600314675,50.0,0.1934673366834171,,0.0,0.18743213556580623,59.0,0.18743213556580623,0.14824120603015076,0.06030150753768844,Jacob Eason,2020,Washington,1
331.6680203045686,0.22924496290950003,74.22945431918663,0.5055837563451777,0.22924496290950003,27.59660555361453,50.0,0.21725888324873094,,0.0,0.4472771416447746,46.125888324873095,0.4472771416447746,0.13908629441624365,0.08020304568527918,Jake Fromm,2020,Georgia,3
275.84033613445376,0.19966718393797966,57.918028227129234,0.4873949579831932,0.19966718393797966,27.646024752615467,50.0,0.16806722689075632,,0.0,0.995175923483348,24.46638655462185,0.995175923483348,0.08403361344537816,0.06302521008403361,Jake Luton,2020,Oregon St.,3
347.00573065902574,0.45416817718044056,157.3476571042763,0.5816618911174786,0.45416817718044056,27.633603999961117,50.0,0.2922636103151862,,0.0,0.28803796716572866,53.84813753581662,0.28803796716572866,0.15759312320916904,0.09455587392550142,Jalen Hurts,2020,Oklahoma,2
332.04977375565613,0.22372322888598184,73.27104218695229,0.4811463046757165,0.22372322888598184,27.76428952574676,50.0,0.19306184012066369,,0.0,0.023574096839983932,40.52036199095023,0.023574096839983932,0.12217194570135748,0.057315233785822026,James Morgan,2020,Florida International,2
471.28384279475983,0.26261402468916895,137.80254092672635,0.537117903930131,0.26261402468916895,27.746530064409868,50.0,0.2270742358078603,,0.0,0.06620589473448812,62.99126637554585,0.06620589473448812,0.1299126637554585,0.08406113537117904,Joe Burrow,2020,LSU,2
346.9375975039002,0.20350576136057813,67.68008392661599,0.4789391575663027,0.20350576136057813,27.73536462490528,50.0,0.20592823712948521,,0.0,0.3919845153904253,40.97659906396256,0.3919845153904253,0.11544461778471139,0.07410296411856473,Justin Herbert,2020,Oregon,4
384.57867360208064,0.11042465181160271,42.2334667374733,0.4668400520156047,0.11042465181160271,27.767910403480585,50.0,0.1820546163849155,,0.0,0.16285468593780178,48.914174252275686,0.16285468593780178,0.12743823146944083,0.055916775032509754,Nate Stanley,2020,Iowa,2
284.43695014662757,0.44384878347259116,131.56081678600341,0.5630498533724341,0.44384878347259116,27.729836002070883,50.0,0.28885630498533726,,0.0,0.23348040183261703,49.89149560117301,0.23348040183261703,0.18181818181818182,0.13049853372434017,Tua Tagovailoa,2020,Alabama,3
213.81882352941176,0.21925825501189514,46.36063368430909,0.5458823529411765,0.21925825501189514,27.77894950778903,50.0,0.2,,0.0,0.45094564831848677,18.225882352941177,0.45094564831848677,0.08705882352941177,0.04705882352941177,Davis Mills,2021,Stanford,3
332.02750665483586,0.21616023292346873,74.01703787866745,0.49955634427684115,0.21616023292346873,27.7878452280272,50.0,0.19432120674356698,,0.0,0.18884472444467493,52.71251109139308,0.18884472444467493,0.15705412599822538,0.06388642413487135,Ian Book,2021,Notre Dame,4
314.60797342192694,0.29050778624821344,96.41791512418627,0.5564784053156147,0.29050778624821344,27.76381536904451,50.0,0.22093023255813954,,0.0,0.3352516426411996,45.88205980066445,0.3352516426411996,0.14784053156146182,0.10465116279069768,Justin Fields,2021,Ohio St.,2
351.6816816816817,0.1426430576601186,54.473557483908294,0.4834834834834834,0.1426430576601186,27.721613303388917,50.0,0.18618618618618618,,0.0,0.2936914246365542,50.412912912912915,0.2936914246365542,0.13963963963963966,0.05555555555555556,Kellen Mond,2021,Texas A&M,4
391.3975609756098,0.2637795697670521,109.89711902865278,0.5414634146341464,0.2637795697670521,27.817428703145026,50.0,0.2378048780487805,,0.0,0.23231568518122925,67.54878048780488,0.23231568518122925,0.16951219512195123,0.0878048780487805,Kyle Trask,2021,Florida,3
322.2153284671533,0.4410336510869708,159.33443453266239,0.5967153284671534,0.4410336510869708,27.88087767511837,50.0,0.27007299270072993,,0.0,0.5324698324661231,45.39598540145985,0.5324698324661231,0.14233576642335766,0.10583941605839416,Mac Jones,2021,Alabama,3
372.7787114845939,0.2053544338706474,82.98603733681162,0.48809523809523814,0.2053544338706474,27.712453750231493,50.0,0.2044817927170868,,0.0,0.3512463417100959,46.54341736694678,0.3512463417100959,0.12885154061624648,0.0672268907563025,Sam Ehlinger,2021,Texas,4
370.83725135623877,0.2533669273283124,92.56266593806458,0.49547920433996384,0.2533669273283124,27.82696734871531,50.0,0.22332730560578662,,0.0,0.5421211128843907,40.16636528028933,0.5421211128843907,0.10759493670886076,0.07775768535262206,Trevor Lawrence,2021,Clemson,3
284.57907542579073,0.21836985373266782,64.33409632944532,0.5182481751824818,0.21836985373266782,27.823521134732825,50.0,0.2481751824817518,,0.0,0.44164647923610995,32.819951338199516,0.44164647923610995,0.11557177615571776,0.06934306569343066,Zach Wilson,2021,BYU,3
588.0,0.38123554584323144,224.16650095582008,0.5731292517006803,0.38123554584323144,26.674615384615382,50.0,0.21258503401360543,,0.0,0.30300494420875623,103.0,0.30300494420875623,0.17517006802721088,0.10204081632653061,Bailey Zappe,2022,Western Kentucky,1
367.92682926829264,0.2126445447888434,78.3578367690954,0.5243902439024389,0.2126445447888434,27.5179758319357,50.0,0.21090387374461977,,0.0,0.35444159956277266,37.90459110473457,0.35444159956277266,0.10329985652797703,0.05954088952654232,Brock Purdy,2022,Iowa St.,4
330.46707503828486,0.1043737496250804,34.102685759868045,0.492343032159265,0.1043737496250804,27.489805267038907,50.00000000000001,0.19065849923430322,,0.0,0.10493997832662483,39.68759571209801,0.10493997832662483,0.11868300153139358,0.06738131699846861,Desmond Ridder,2022,Cincinnati,4
376.2487373737374,0.050856512289193245,21.580120252929817,0.4558080808080809,0.050856512289193245,27.48510859330261,50.0,0.17992424242424243,,0.0,-0.09448636272989666,39.433712121212125,-0.09448636272989666,0.10290404040404041,0.04671717171717173,Kenny Pickett,2022,Pittsburgh,5
312.31290322580645,0.0780151882539353,23.34443748911182,0.4774193548387097,0.0780151882539353,27.23860001029514,50.0,0.19193548387096776,,0.0,0.29230743051493707,31.453225806451613,0.29230743051493707,0.10322580645161289,0.07580645161290323,Malik Willis,2022,Liberty,3
389.05689655172415,0.26973929667749025,106.2667209711295,0.5025862068965518,0.26973929667749025,27.44297841471556,49.99999999999999,0.2103448275862069,,0.0,0.06132968110804213,49.40775862068965,0.06132968110804213,0.12586206896551722,0.08103448275862069,Sam Howell,2022,North Carolina,3
224.46162402669634,0.1780582569493965,41.316801962315274,0.46496106785317015,0.1780582569493965,27.429958024701204,50.0,0.1835372636262514,,0.0,0.018390304714929057,31.651835372636263,0.018390304714929057,0.13681868743047831,0.04560622914349277,Skylar Thompson,2022,Kansas St.,5
294.0202898550725,0.2562111914805744,85.86507297782364,0.5391304347826087,0.2562111914805744,27.139604928327483,50.0,0.18695652173913047,,0.0,0.07920222192204038,48.96086956521739,0.07920222192204038,0.163768115942029,0.059420289855072465,Aidan O'Connell,2023,Purdue,3
62.121212121212125,0.08330522297006664,5.478081645387592,0.4696969696969697,0.08330522297006664,26.713734962277584,50.0,0.2272727272727273,,0.0,1.143207039151873,6.787878787878788,1.143207039151873,0.10606060606060606,0.12121212121212122,Anthony Richardson,2023,Florida,2
515.7557117750439,0.28775574238103385,162.7234951854276,0.5026362038664323,0.28775574238103385,26.738141728657347,50.00000000000001,0.20913884007029876,,0.0,0.2287310752320521,77.3585237258348,0.2287310752320521,0.1546572934973638,0.0843585237258348,Bryce Young,2023,Alabama,2
409.0,0.61552826776044,251.75106151401997,0.6332518337408313,0.61552826776044,26.674615384615382,50.0,0.27383863080684595,,0.0,0.43949644152934736,52.0,0.43949644152934736,0.1271393643031785,0.10757946210268948,C.J. Stroud,2023,Ohio St.,1
294.03413654618475,0.15442170157849072,59.31482701654355,0.4769076305220884,0.15442170157849072,27.37533205162679,50.0,0.21887550200803213,,0.0,0.1134725813949668,36.71686746987952,0.1134725813949668,0.12751004016064257,0.06927710843373494,Clayton Tune,2023,Houston,4
261.7032967032967,0.14659291623098836,35.33218549702235,0.489010989010989,0.14659291623098836,27.46582290177807,50.0,0.1978021978021978,,0.0,0.43328680317520796,33.012087912087914,0.43328680317520796,0.11978021978021977,0.06593406593406592,Dorian Thompson-Robinson,2023,UCLA,4
323.0,0.20275596560385575,65.4901768900454,0.47678018575851394,0.20275596560385575,26.674615384615382,50.0,0.21671826625386997,,0.0,0.0061834349351771,34.0,0.0061834349351771,0.10526315789473684,0.09597523219814241,Hendon Hooker,2023,Tennessee,1
241.7753846153846,0.33226941156845824,83.78268281413958,0.5230769230769231,0.33226941156845824,26.81908294636697,50.0,0.23076923076923075,,0.0,0.26920480497066795,34.57230769230769,0.26920480497066795,0.13538461538461538,0.06461538461538462,Jaren Hall,2023,BYU,2
270.0608020698577,0.03517572662490692,4.127487897759674,0.43337645536869346,0.03517572662490692,27.489449704315533,50.000000000000014,0.16170763260025875,,0.0,-0.06619376681951478,28.94178525226391,-0.06619376681951478,0.10866752910737387,0.05304010349288487,Max Duggan,2023,TCU,3
326.4585062240664,0.1703760798757749,52.397388350280366,0.48443983402489627,0.1703760798757749,27.329045137531075,50.0,0.20643153526970953,,0.0,0.20168852244656238,38.20020746887967,0.20168852244656238,0.11514522821576764,0.06431535269709544,Sean Clifford,2023,Penn St.,4
228.0663811563169,0.21654358136066787,57.46002959726454,0.49678800856531047,0.21654358136066787,27.152958499048673,50.0,0.23768736616702354,,0.0,0.32301407023117645,29.890792291220556,0.32301407023117645,0.1349036402569593,0.08779443254817987,Stetson Bennett,2023,Georgia,3
294.31818181818187,0.09352952752310734,26.880953306670893,0.49999999999999994,0.09352952752310734,26.703955067862037,50.0,0.16883116883116883,,0.0,0.3728769866620156,33.31818181818182,0.3728769866620156,0.12337662337662339,0.03896103896103896,Tanner McKee,2023,Stanford,2
355.0,0.15182294014474035,53.89714375138283,0.5098591549295775,0.15182294014474035,26.674615384615382,50.0,0.18873239436619718,,0.0,0.49101238875162034,42.0,0.49101238875162034,0.11830985915492957,0.07042253521126761,Will Levis,2023,Kentucky,1
427.30388692579504,0.45797539756407857,199.2177779678801,0.5905205113037297,0.45797539756407857,26.69605677398524,50.0,0.22732626619552415,0.7675494676271292,81.65017667844522,,0.0,0.6378868420446463,0.2167255594817432,0.05653710247349823,Bo Nix,2024,Oregon,2
28.0,-0.12064879281180245,-3.3781661987304688,0.32142857142857145,-0.12064879281180245,27.632818600314675,50.0,0.17857142857142858,,0.0,-1.3172303438186646,6.0,-1.3172303438186646,0.21428571428571427,0.07142857142857142,Bo Nix,2024,Oregon,1
439.57375145180015,0.5488488945402209,241.71531949849054,0.5598141695702671,0.5488488945402209,26.75123879731512,50.0,0.2067363530778165,0.9939992677196219,91.31475029036004,,0.0,1.0357788997007664,0.22996515679442509,0.06039488966318235,Caleb Williams,2024,USC,2
353.0,0.3555415616853549,125.50617127493027,0.46175637393767704,0.3555415616853549,26.47218045112782,50.0,0.18413597733711048,0.6740735343127441,93.0,,0.0,0.5526049773650621,0.2776203966005666,0.059490084985835696,Devin Leary,2024,Kentucky,1
455.95341278439867,0.4561370366655729,208.28836421537164,0.5386027649818413,0.4561370366655729,26.738911196166804,50.0,0.19393282773564463,0.82370757292592,99.14192849404117,,0.0,0.7684091875738629,0.2437703141928494,0.050920910075839654,Drake Maye,2024,North Carolina,3
12.0,-0.4017145298421383,-4.8205743581056595,0.4166666666666667,-0.4017145298421383,26.674615384615382,50.0,0.08333333333333333,,0.0,-1.6480823755264282,2.0,-1.6480823755264282,0.16666666666666666,0.08333333333333333,Drake Maye,2024,North Carolina,1
298.35539568345325,0.521223744046031,159.69994966498854,0.5510791366906475,0.521223744046031,26.708680994764187,50.0,0.22877697841726619,0.8651845090928135,70.42302158273381,,0.0,0.8728282236574005,0.2561151079136691,0.060431654676258995,J.J. McCarthy,2024,Michigan,3
60.0,0.10281568417946498,6.168941050767899,0.35,0.10281568417946498,26.674615384615382,50.0,0.25,,0.0,0.06740432977676392,6.0,0.06740432977676392,0.1,0.08333333333333333,J.J. McCarthy,2024,Michigan,1
350.3448773448773,0.5887192937742542,199.47454861623,0.5998291182501709,0.5887192937742542,26.741530331893646,50.0,0.22366522366522368,0.9669842143420354,67.58008658008659,,0.0,0.9189919848816401,0.20634920634920634,0.06637806637806637,Jayden Daniels,2024,LSU,2
64.0,-0.1802710322663188,-11.537346065044403,0.34375,-0.1802710322663188,26.674615384615382,50.0,0.109375,,0.0,-0.1711819569269816,6.0,-0.1711819569269816,0.09375,0.03125,Joe Milton,2024,Tennessee,1
290.3379669852302,0.4086522687385142,117.27039799438353,0.5065413057907459,0.4086522687385142,26.98411598511059,50.0,0.1902693310165074,0.5475903197349836,65.1372719374457,,0.0,0.566539684199704,0.27019982623805383,0.06689834926151172,Michael Pratt,2024,Tulane,4
282.1474245115453,0.07731094343677082,22.910484339995556,0.4511545293072824,0.07731094343677082,27.289133226257526,50.0,0.1758436944937833,,0.0,0.04255976215240413,32.81172291296625,0.04255976215240413,0.11545293072824156,0.07104795737122557,Michael Pratt,2024,Tulane,2
383.041775456919,0.4412581328126425,168.5098772949249,0.506027659921671,0.4412581328126425,26.713316249086432,50.0,0.1971279373368146,0.7769843478069374,91.98955613577024,,0.0,0.7135971702027921,0.26631853785900783,0.04569190600522193,Spencer Rattler,2024,South Carolina,2
293.68663594470047,0.4692966438264013,142.56221529370342,0.5668202764976958,0.4692966438264013,26.47218045112782,50.0,0.1889400921658986,0.7502270402638993,64.44239631336406,,0.0,0.7007419050237679,0.2534562211981567,0.041474654377880185,Graham Mertz,2025,Florida,2
9.0,0.1085594892501831,0.977035403251648,0.3333333333333333,0.1085594892501831,26.674615384615382,50.0,0.1111111111111111,,0.0,-0.1442500650882721,4.0,-0.1442500650882721,0.4444444444444444,0.1111111111111111,Jalen Milroe,2025,Alabama,1
267.0,0.4182517774084617,110.41846923583388,0.5606060606060606,0.4182517774084617,,,0.1647940074906367,0.8302620900962125,62.0,,0.0,0.7795475376998924,0.299625468164794,0.0449438202247191,Adam Urena,2026,Mercyhurst,1
181.0,0.22328635620953943,40.414830473926635,0.39779005524861877,0.22328635620953943,,,0.17679558011049723,0.46554406971012546,59.0,,0.0,0.39933179445777905,0.34806629834254144,0.03314917127071823,Aidan Armenta,2026,UL Monroe,1
224.9967689822294,0.5577157541241068,124.9877060390059,0.5460420032310178,0.5577157541241068,26.660183416613428,50.0,0.22132471728594508,0.7074194972371488,58.77221324717286,,0.0,0.6766781283262308,0.2827140549273021,0.05492730210016156,Aidan Bouman,2026,South Dakota,3
304.0,0.3916992239331944,119.0765640756911,0.5361842105263158,0.3916992239331944,,,0.18421052631578946,0.578324906690375,78.0,,0.0,0.5991517439746985,0.28618421052631576,0.03618421052631579,Aidan Chiles,2026,Michigan State,1
281.85714285714283,0.31570529699751915,90.82923694728552,0.526867627785059,0.31570529699751915,26.667930620823714,50.0,0.13237221494102228,0.7323808687751989,63.24508519003931,,0.0,0.6996942821623843,0.254259501965924,0.03407601572739187,Aidan Sayin,2026,Pennsylvania,3
418.77199504337045,0.2878023313327236,122.83232562390307,0.48262502485963865,0.2878023313327236,26.47218045112782,50.0,0.161090458488228,0.49259519638206867,100.90458488228005,,0.0,0.5271403585979269,0.2701363073110285,0.021065675340768277,Alan Bowman,2026,Oklahoma State,2
169.87562189054728,0.34399810066504716,61.65270852485567,0.4925373134328359,0.34399810066504716,26.47218045112782,50.0,0.20398009950248758,0.6762246984060588,45.27860696517413,,0.0,0.48654737046862784,0.2985074626865672,0.024875621890547265,Amari Odom,2026,Wofford,2
180.9198218262806,0.34408040234992243,67.54592882055942,0.5057669525659858,0.34408040234992243,26.633101712223812,50.0,0.16035634743875277,0.7033800369685402,52.34075723830735,,0.0,0.7208676707698656,0.311804008908686,0.035634743875278395,Anthony Chiccitt,2026,Robert Morris,3
280.77413479052825,0.28003168901936465,74.4256661364689,0.4663023679417122,0.28003168901936465,26.47218045112782,50.0,0.15482695810564662,0.5237312864053512,65.81420765027322,,0.0,0.4231466659325843,0.2677595628415301,0.03278688524590164,Anthony Colandrea,2026,Virginia,2
286.8970840480274,0.2652041406295257,76.02356291156377,0.46385370514188656,0.2652041406295257,26.481493091897345,50.00000000000001,0.1457975986277873,0.4402791729783335,61.763293310463126,,0.0,0.4629585080743951,0.23842195540308747,0.03087478559176672,Ashton Daniels,2026,Stanford,3
354.0,0.35832366973567886,126.84657908643032,0.4915254237288136,0.35832366973567886,,,0.17231638418079095,0.707454981344746,92.0,,0.0,0.593934090542198,0.2966101694915254,0.0480225988700565,Athan Kaliakmanis,2026,Rutgers,1
284.0,0.37679183290533863,107.00888054511617,0.4964788732394366,0.37679183290533863,,,0.15140845070422534,0.4604611875609649,67.0,,0.0,0.4797299988173873,0.25704225352112675,0.04929577464788732,Austin Smith,2026,Austin Peay,1
316.27529411764704,0.2967636595800101,98.21243292800789,0.48,0.2967636595800101,26.47218045112782,50.0,0.17411764705882352,0.39662102945018285,75.21176470588236,,0.0,0.5326169494662526,0.27999999999999997,0.047058823529411764,Avery Johnson,2026,Kansas State,2
107.0,0.5660449589880816,60.566810611724726,0.5887850467289719,0.5660449589880816,,,0.205607476635514,0.7916390208909616,28.0,,0.0,0.8839995091284744,0.2897196261682243,0.04672897196261682,Ayden Pereira,2026,Merrimack,1
291.9142857142857,0.3689212742925191,107.59277873389169,0.5111111111111112,0.3689212742925191,26.47218045112782,50.0,0.12380952380952383,0.8658396239375562,86.72380952380952,,0.0,0.9388399192956646,0.3333333333333333,0.03492063492063492,Beau Brungard,2026,Youngstown State,2
343.38580931263857,0.27630326215171996,99.70530922635312,0.4700665188470067,0.27630326215171996,26.65064291334211,50.0,0.1607538802660754,0.5660257206599756,82.68957871396896,,0.0,0.578082769832849,0.26718403547671843,0.04767184035476719,Behren Morton,2026,Texas Tech,4
344.0,0.2567892150012429,88.33548996042755,0.46511627906976744,0.2567892150012429,,,0.19767441860465115,0.4598942690886154,85.0,,0.0,0.4221166717651094,0.26453488372093026,0.02616279069767442,Ben Finley,2026,Akron,1
237.61034482758623,0.31110461626177033,79.40044670533165,0.4886786695148001,0.31110461626177033,26.8484766012242,50.0,0.1810344827586207,0.5652177414544484,53.77241379310345,,0.0,0.5053777862658048,0.2620689655172414,0.05172413793103448,Ben Wooldridge,2026,Louisiana,3
219.00904977375566,0.33208450615502827,71.28193455050578,0.4954441207462964,0.33208450615502827,26.47218045112782,50.0,0.16742081447963802,0.7123808366853196,53.755656108597286,,0.0,0.6905414684107538,0.27601809954751133,0.04072398190045248,Blaine Hipa,2026,Princeton,2
319.57062675397566,0.434518937800401,138.80271175800289,0.5266604303086997,0.434518937800401,26.719206728697504,50.0,0.1814780168381665,0.7292805326699667,84.43217960710945,,0.0,0.7574073983611287,0.2853133769878391,0.03554724041159962,Brady Cook,2026,Missouri,5
167.2183406113537,0.6561954782009849,110.8565904848318,0.5917030567685588,0.6561954782009849,26.752111249355487,50.0,0.22052401746724892,1.1957598996953873,41.779475982532745,,0.0,1.1755202044097912,0.28602620087336245,0.050218340611353704,Brady Meitz,2026,Stetson,3
241.0,0.39694718982792854,95.66427274853078,0.5352697095435685,0.39694718982792854,,,0.1950207468879668,0.6192064136527294,78.0,,0.0,0.5581399868790877,0.35269709543568467,0.04149377593360996,Brady Olson,2026,Central Connecticut,1
241.6409090909091,0.1959646370102141,51.81959922374312,0.4181818181818182,0.1959646370102141,26.47218045112782,50.0,0.13636363636363638,0.30256810315166016,70.98863636363636,,0.0,0.2865514849699371,0.32272727272727275,0.034090909090909095,Braedyn Locke,2026,Wisconsin,2
385.0337349397591,0.3884027767583618,155.01939703809725,0.5074941969713718,0.3884027767583618,26.509984175956717,49.99999999999999,0.15180722891566267,0.6616971375612923,109.64096385542169,,0.0,0.721972267260562,0.32168674698795185,0.032530120481927716,Brayden Fowler-Nicolosi,2026,Colorado State,3
396.7164179104477,0.26709815617490673,111.25928434385506,0.47014925373134325,0.26709815617490673,26.676712728115582,50.0,0.13507462686567165,0.5861770438861093,94.31194029850747,,0.0,0.5727402353325353,0.2671641791044776,0.04029850746268656,Brayden Schager,2026,Hawai'i,4
193.0,0.3874706666087147,74.78183865548193,0.48186528497409326,0.3874706666087147,,,0.20207253886010362,0.6494823204677403,55.0,,0.0,0.6380567553629902,0.3005181347150259,0.08808290155440414,Braylon Braxton,2026,Marshall,1
381.0,0.37261139033820173,141.96493971885485,0.5301837270341208,0.37261139033820173,,,0.14960629921259844,0.6857460499948631,81.0,,0.0,0.6149560058534483,0.22572178477690288,0.04461942257217848,Brendan Sorsby,2026,Cincinnati,1
264.3333333333333,0.3460130931575971,91.41965771272659,0.49481965625756474,0.3460130931575971,26.47218045112782,50.0,0.14609053497942387,0.7137488404751111,74.87037037037038,,0.0,0.7145812324929723,0.30864197530864196,0.03703703703703704,Brendon Lewis,2026,Nevada,2
249.81439820022496,0.4035631083601691,91.83247689441208,0.5129358830146231,0.4035631083601691,26.716901110619045,50.0,0.17547806524184478,0.6479115547639468,60.44769403824522,,0.0,0.5194763782445804,0.2643419572553431,0.049493813273340834,Brett Gabbert,2026,Miami (OH),5
212.0,0.35228286387815716,74.68396714216932,0.45754716981132076,0.35228286387815716,,,0.2028301886792453,0.5824331333218971,48.0,,0.0,0.6361891941226171,0.2641509433962264,0.03773584905660377,Brock Vandagriff,2026,Kentucky,1
271.5,0.20605321422438683,60.91055616111742,0.43666666666666665,0.20605321422438683,26.47218045112782,50.0,0.14666666666666664,0.5586335765618571,75.35,,0.0,0.6135554971857823,0.32,0.03,Bryce Archie,2026,South Florida,2
280.0,0.4696166032756685,131.49264891718718,0.5428571428571428,0.4696166032756685,,,0.18571428571428572,0.652613598675731,61.0,,0.0,0.7581557431745765,0.25,0.03571428571428571,CJ Bailey,2026,NC State,1
16.0,-0.029240935802961276,-0.4678549728473804,0.3125,-0.029240935802961276,26.47218045112782,50.0,0.25,-0.7565964450792095,2.0,,0.0,-0.23103300082177314,0.25,0.0625,CJ Ogbonna,2026,Buffalo,1
428.9240506329114,0.31939426820213945,138.44407428024192,0.49269717624148,0.31939426820213945,26.561933956395777,50.0,0.15189873417721517,0.6829551298067018,102.23661148977604,,0.0,0.6903679576054618,0.2512171372930867,0.04965920155793574,Cade Klubnik,2026,Clemson,3
124.64502164502164,0.2458022458324014,28.930012059311014,0.40259740259740256,0.2458022458324014,26.47218045112782,50.0,0.14718614718614717,0.4632032547251285,43.01731601731602,,0.0,0.49174351434052177,0.3463203463203463,0.04329004329004329,Cade McNamara,2026,Iowa,2
337.43119266055044,0.45866067637374797,151.62041214266418,0.5206422018348624,0.45866067637374797,26.506991989242465,50.0,0.1811926605504587,0.9036478954174841,91.20183486238533,,0.0,0.9683886378222628,0.2981651376146789,0.06192660550458715,Caden Veltkamp,2026,Western Kentucky,3
197.0,0.3022932140344994,59.55176316479638,0.4873096446700508,0.3022932140344994,,,0.17766497461928935,0.3665954601295297,47.0,,0.0,0.20658961253674185,0.29949238578680204,0.030456852791878174,Cam Fancher,2026,Florida Atlantic,1
273.18341708542715,0.6256715258933512,173.2699205205322,0.5962645506011067,0.6256715258933512,26.68177643426484,50.00000000000001,0.21608040201005024,1.1050786974804905,74.4610552763819,,0.0,1.1063250782513325,0.29020100502512564,0.06909547738693468,Cam Miller,2026,North Dakota State,3
164.86572438162545,0.4592372373920318,73.56102126047193,0.5512367491166077,0.4592372373920318,26.47218045112782,50.0,0.1413427561837456,0.6510785373370329,40.5017667844523,,0.0,0.5942076726817566,0.254416961130742,0.053003533568904596,Camden Coleman,2026,Richmond,2
150.0,0.2034470036648747,30.517050549731206,0.3933333333333333,0.2034470036648747,,,0.17333333333333334,0.7004898001970102,52.0,,0.0,0.696432862651049,0.36666666666666664,0.04,Caron Tyler,2026,Valparaiso,1
398.09977827051,0.477503625142111,188.05430640411555,0.5631929046563193,0.477503625142111,26.51834187218555,50.0,0.22172949002217296,0.7699438759847523,87.63636363636363,,0.0,0.7568702039323953,0.23725055432372505,0.057649667405764965,Carson Beck,2026,Georgia,4
291.98623853211006,0.363838656429078,110.00196712040947,0.5229357798165138,0.363838656429078,26.47218045112782,50.0,0.16284403669724767,0.5758530728674908,76.01605504587157,,0.0,0.5322387867343118,0.2775229357798165,0.07110091743119266,Carson Conklin,2026,Sacramento State,2
196.73410404624275,0.2688766640700442,54.4927958122029,0.4393063583815029,0.2688766640700442,26.609079758320238,50.0,0.17148362235067438,0.4992085295836697,53.74373795761079,,0.0,0.3355766495647504,0.3121387283236994,0.036608863198458574,Carter Cravens,2026,Morehead State,3
310.0,0.441483844442493,136.85999177717284,0.5483870967741935,0.441483844442493,,,0.17096774193548386,0.6379499720947659,88.0,,0.0,0.5998488100813582,0.3064516129032258,0.05161290322580645,Carter Peevy,2026,Maine,1
24.0,0.1994838526875228,4.787612464500548,0.5,0.1994838526875228,26.959541984732827,50.0,0.20833333333333334,-0.02688210923489609,7.0,,0.0,-0.11285698197458431,0.375,0.0,Chad Mascoe II,2026,Campbell,1
487.0,0.32816712793381236,159.8173913037666,0.486652977412731,0.32816712793381236,,,0.17864476386036962,0.36556553446448437,101.0,,0.0,0.4090427503038883,0.2648870636550308,0.053388090349075976,Chandler Morris,2026,North Texas,1
234.30885529157672,0.6636070138548464,157.83665851052533,0.6393088552915767,0.6636070138548464,26.47218045112782,50.0,0.2138228941684665,0.8656170120302314,48.99568034557235,,0.0,0.8665762212330437,0.2159827213822894,0.060475161987041046,Chase Artopoeus,2026,Chattanooga,2
285.0,0.28560429798178066,81.39722492480749,0.4631578947368421,0.28560429798178066,,,0.18947368421052632,0.5903616559648762,72.0,,0.0,0.48679443842405373,0.2771929824561403,0.03859649122807018,Christian Veilleux,2026,Georgia State,1
81.27350427350427,0.27016690099160107,22.083430733393485,0.4358974358974359,0.27016690099160107,26.563821081378332,50.0,0.1282051282051282,0.38420535745181567,26.11111111111111,,0.0,0.4057870398542271,0.3247863247863248,0.034188034188034185,Christopher Zellous,2026,Hampton,2
249.76005961251866,0.5331062339056346,137.41746520342835,0.5819863196912378,0.5331062339056346,26.625536880368863,50.0,0.2384500745156483,0.7880825101047622,54.12965722801789,,0.0,0.7786851363943872,0.24739195230998512,0.05812220566318928,Cole Gonzales,2026,Western Carolina,3
364.0,0.22790594457574756,82.72985788099636,0.4820936639118457,0.22790594457574756,,,0.13736263736263737,0.7215972995877193,95.0,,0.0,0.602115805783233,0.2774725274725275,0.019230769230769232,Cole Snyder,2026,Eastern Michigan,1
246.0,0.5067735479577804,123.65274570169841,0.5163934426229508,0.5067735479577804,,,0.21138211382113822,0.6482360588181626,63.0,,0.0,0.607713748069928,0.2926829268292683,0.056910569105691054,Collin Hurst,2026,Presbyterian,1
188.0,0.45664448999780677,85.84916411958767,0.4946808510638298,0.45664448999780677,,,0.1702127659574468,0.8395845720919551,50.0,,0.0,0.9244526343246839,0.2765957446808511,0.05851063829787234,Colton Joseph,2026,Old Dominion,1
348.5276532137519,0.3758499764148927,130.68639286235697,0.5336322869955158,0.3758499764148927,26.47218045112782,50.0,0.1539611360239163,0.5918810994695004,87.46935724962631,,0.0,0.6353462308041277,0.29297458893871453,0.04035874439461884,Connor Bazelak,2026,Bowling Green,2
252.9298245614035,0.4232360901280633,102.7932015732845,0.46153846153846156,0.4232360901280633,26.705362500086224,50.0,0.1929824561403509,0.5996548631942018,75.26450742240215,,0.0,0.6153386309281775,0.32118758434547906,0.05128205128205128,Connor Watkins,2026,Villanova,3
156.0,0.2089278779142817,32.59274895462794,0.41025641025641024,0.2089278779142817,,,0.1794871794871795,0.622941113927043,49.0,,0.0,0.4158087387468547,0.3717948717948718,0.0641025641025641,Cooper Legas,2026,Tulsa,1
261.0,0.521158355532841,134.9800140830058,0.5675675675675675,0.521158355532841,,,0.19157088122605365,1.1894896887435076,73.0,,0.0,1.1209346057026663,0.29118773946360155,0.03065134099616858,Daniel Richardson,2026,Florida A&M,1
264.0,0.3373390257035816,89.05750278574554,0.5416666666666666,0.3373390257035816,,,0.16666666666666666,0.6136743568875409,68.0,,0.0,0.5100646133255163,0.2803030303030303,0.03409090909090909,Danny Lauter,2026,Georgetown,1
324.0,0.27140337385701124,87.93469312967164,0.4691358024691358,0.27140337385701124,,,0.12654320987654322,0.6054747848003533,90.0,,0.0,0.5871785799864017,0.3055555555555556,0.027777777777777776,Danny O'Neil,2026,San Diego State,1
217.67381316998467,0.45248016893494486,98.60904542908739,0.5252679938744258,0.45248016893494486,26.714738265087917,50.0,0.17151607963246554,1.0145127543327115,59.34915773353752,,0.0,0.9420859155273931,0.29402756508422667,0.05206738131699847,Dante Chachere,2026,Portland State,3
280.0,0.6174623879513058,171.65454385046303,0.539568345323741,0.6174623879513058,,,0.23214285714285715,0.9800916777741189,68.0,,0.0,0.9027083025913991,0.26785714285714285,0.06785714285714285,Darian Mensah,2026,Tulane,1
194.52845528455285,0.6804813350590302,140.9768506520986,0.5407638974866906,0.6804813350590302,26.548779347700894,50.00000000000001,0.23170731707317072,1.2043747164222036,64.98577235772358,,0.0,1.1878543745177654,0.36585365853658536,0.07317073170731707,Darius Perrantes,2026,Duquesne,4
175.92363636363635,0.48549100897443775,88.1328025377253,0.5254545454545454,0.48549100897443775,26.744876636487014,50.00000000000001,0.20727272727272728,0.866709944109484,52.13636363636364,,0.0,0.8055623239307386,0.3145454545454546,0.04727272727272727,Darius Wilson,2026,William & Mary,4
85.0,0.39525162662754576,32.8058850100863,0.5180722891566265,0.39525162662754576,,,0.23529411764705882,0.5067142456223597,26.0,,0.0,0.5067142456223597,0.3058823529411765,0.023529411764705882,Davin Wydner,2026,West Georgia,1
240.76923076923077,0.13105625171686117,34.97901374078159,0.39999999999999997,0.13105625171686117,26.47218045112782,50.0,0.13461538461538464,0.5107099167459327,79.96153846153847,,0.0,0.4445471766058775,0.35,0.019230769230769232,Davis Bryson,2026,Kennesaw State,2
195.20909090909092,0.21317681443948663,45.39635182935607,0.4954545454545454,0.21317681443948663,26.80958458977744,50.0,0.1318181818181818,0.7644595890125457,63.12272727272727,,0.0,0.7084560110969741,0.33636363636363636,0.031818181818181815,Davis Warren,2026,Michigan,3
265.765625,0.5188059211745005,129.9270720184025,0.6035497506552125,0.5188059211745005,26.47218045112782,50.0,0.171875,0.9736908540352145,57.94140625,,0.0,1.0495899883588276,0.25390625,0.048828125,Dean DeNobile,2026,Lafayette,2
409.0,0.5749813503163118,234.5923909290552,0.5686274509803921,0.5749813503163118,,,0.22249388753056235,0.8877035514084473,86.0,,0.0,0.9642545340287321,0.2665036674816626,0.06601466992665037,Derek Robertson,2026,Monmouth,1
178.0,0.4131252207454963,73.53628929269834,0.43258426966292135,0.4131252207454963,,,0.24157303370786518,0.7403721062535995,36.0,,0.0,0.7553263320067423,0.2247191011235955,0.0449438202247191,Deshawn Purdie,2026,Charlotte,1
202.00980392156862,0.4107971920943309,83.27506999561064,0.5245098039215687,0.4107971920943309,26.47218045112782,50.0,0.23039215686274508,0.8393237982241348,61.69607843137255,,0.0,0.9012119018908318,0.3137254901960784,0.04901960784313726,Devin Farrell,2026,Rhode Island,2
321.9086419753087,0.31644799832339665,89.21335890567215,0.5012345679012346,0.31644799832339665,26.47218045112782,50.0,0.15061728395061727,0.52042987290731,67.57283950617285,,0.0,0.4391491069215755,0.22962962962962963,0.03209876543209876,Devon Dampier,2026,New Mexico,2
293.0,0.4133894085086802,121.12309669304331,0.5085324232081911,0.4133894085086802,,,0.17064846416382254,0.5844700711436586,97.0,,0.0,0.5157758279653107,0.35494880546075086,0.05460750853242321,Diego Pavia,2026,Vanderbilt,1
440.0,0.5212741883012988,229.36064285257146,0.5613636363636364,0.5212741883012988,,,0.20227272727272727,1.0114810873093847,111.0,,0.0,0.9440800111768332,0.2772727272727273,0.06363636363636363,Dillon Gabriel,2026,Oregon,1
253.77681159420288,0.448902205977073,119.9024105206243,0.539973649538867,0.448902205977073,26.747763713862685,50.0,0.17101449275362318,0.7537392615999655,68.20289855072464,,0.0,0.7089466072951557,0.28840579710144926,0.036231884057971016,Draylen Ellis,2026,Tennessee State,3
353.72131147540983,0.3865098446122832,141.1543157609152,0.5119798234552333,0.3865098446122832,26.530372873050805,50.0,0.1853720050441362,0.5868746241542143,84.63177805800757,,0.0,0.6233909857480211,0.27112232030264816,0.058007566204287514,Drew Allar,2026,Penn State,3
231.1636828644501,0.3145456575920244,80.67962277459003,0.5205431562678247,0.3145456575920244,26.47218045112782,50.0,0.12531969309462915,0.7768548103250416,70.96419437340154,,0.0,0.5975025086783476,0.3631713554987212,0.04603580562659846,Drew VanVleet,2026,Dayton,2
366.0,0.25233498902438095,92.35460598292343,0.5027322404371585,0.25233498902438095,,,0.1557377049180328,0.38797248541162416,83.0,,0.0,0.23921488924821724,0.2459016393442623,0.02459016393442623,Dylan Raiola,2026,Nebraska,1
426.0,0.16788504340418817,71.51902849018416,0.431924882629108,0.16788504340418817,,,0.14084507042253522,0.4584352023948333,106.0,,0.0,0.23215779250213225,0.284037558685446,0.03051643192488263,E.J. Warner,2026,Rice,1
282.0,0.3606207642111605,101.69505550754727,0.5,0.3606207642111605,,,0.17375886524822695,0.4146115869320325,55.0,,0.0,0.45015783342235305,0.21631205673758866,0.06028368794326241,Eli Holstein,2026,Pittsburgh,1
212.02402957486137,0.465941413895479,93.94503140967473,0.5695687442652163,0.465941413895479,26.6533071513565,50.0,0.20332717190388172,0.8266209410535972,57.08502772643253,,0.0,0.8263061308169296,0.29944547134935307,0.025878003696857672,Eli Sawyer,2026,SE Louisiana,3
211.53846153846155,0.36903465595190943,79.99280119993651,0.49300699300699297,0.36903465595190943,26.47218045112782,50.0,0.14335664335664336,0.7221784121016613,68.61538461538461,,0.0,0.7422257608812297,0.36363636363636365,0.038461538461538464,Elijah Owens,2026,Indiana State,2
202.0,0.3422032575320909,69.12505802148236,0.49504950495049505,0.3422032575320909,,,0.18316831683168316,0.7391245562697286,45.0,,0.0,0.6553897600477977,0.2376237623762376,0.04455445544554455,Emmett Brown,2026,San José State,1
260.95932203389833,0.3928155886060656,103.8721750210151,0.5389830508474576,0.3928155886060656,26.59813643315776,50.0,0.17627118644067796,0.710171042451579,68.12881355932204,,0.0,0.7560843684408025,0.2847457627118644,0.0423728813559322,Ethan Garbers,2026,UCLA,4
171.5531914893617,0.2929783207569074,47.54142857083482,0.46542553191489366,0.2929783207569074,26.849572725118726,50.0,0.09308510638297873,0.5052258921509727,44.430851063829785,,0.0,0.4877298261481472,0.300531914893617,0.03723404255319149,Ethan Hampton,2026,Northern Illinois,4
219.6052631578947,0.34494808736748184,76.63997178397186,0.45789473684210524,0.34494808736748184,26.47218045112782,50.0,0.18157894736842103,0.6736342812398284,67.35526315789474,,0.0,0.6118899671989193,0.32631578947368417,0.052631578947368425,Ethan Vasko,2026,Coastal Carolina,2
291.1661129568106,0.3439751300114079,101.15123481733553,0.5016611295681064,0.3439751300114079,26.47218045112782,50.0,0.16611295681063123,1.0610259443698742,84.58803986710963,,0.0,0.8015499452604686,0.32225913621262464,0.043189368770764125,Evan Bullock,2026,Louisiana Tech,2
285.0,0.3094521469076566,88.19386186868213,0.4421052631578947,0.3094521469076566,,,0.17543859649122806,0.6385183403974973,88.0,,0.0,0.6765420112982526,0.3508771929824561,0.04912280701754386,Evan Simon,2026,Temple,1
194.61240310077517,0.13333193819378306,23.81474346855545,0.3875968992248062,0.13333193819378306,26.47218045112782,50.0,0.15116279069767444,0.5635466606167018,59.968992248062015,,0.0,0.5225628132928987,0.32170542635658916,0.01937984496124031,Evan Svoboda,2026,Wyoming,2
294.65140845070425,0.441637143761756,133.19875123405646,0.5369718309859155,0.441637143761756,26.47218045112782,50.0,0.17957746478873243,0.7398532749131543,73.3080985915493,,0.0,0.7441961773525221,0.2764084507042254,0.040492957746478875,Fernando Mendoza,2026,California,2
244.0872894333844,0.37622764680473997,94.3993561524061,0.48004040820003346,0.37622764680473997,26.610085948920265,50.00000000000001,0.20826952526799386,0.6894898654277148,55.79019908116386,,0.0,0.6815065626259853,0.2679938744257274,0.049004594180704436,Garrett Greene,2026,West Virginia,5
382.42270861833106,0.3332489900892306,130.26358261008085,0.5021052818590439,0.3332489900892306,26.712351170232196,49.99999999999999,0.1819425444596443,0.6683246072911764,91.33105335157319,,0.0,0.5900718591777102,0.25718194254445964,0.04103967168262654,Garrett Nussmeier,2026,LSU,4
200.0,0.1913457607743149,38.26915215486298,0.48,0.1913457607743149,,,0.135,0.6531115441226287,47.0,,0.0,0.4083422589824685,0.285,0.01,Gevani McCoy,2026,Oregon State,1
175.0,0.524378085422648,91.24178686354074,0.6724137931034483,0.524378085422648,,,0.18857142857142858,1.0727416414128703,40.0,,0.0,1.1669755138199331,0.26285714285714284,0.045714285714285714,Grant Jordan,2026,Yale,1
232.80748663101605,0.5148989165116404,119.47755179095044,0.5213903743315508,0.5148989165116404,26.48790179092153,50.0,0.2032085561497326,0.9587775575116041,70.3903743315508,,0.0,0.9393719659694386,0.3128342245989305,0.07486631016042782,Grant Sergent,2026,San Diego,3
169.0,0.3621928100346292,61.210584895852335,0.514792899408284,0.3621928100346292,,,0.1893491124260355,0.7890199904049935,53.0,,0.0,0.6592044059293795,0.39644970414201186,0.03550295857988166,Grayson James,2026,Boston College,1
246.0,0.3595131303655962,88.44023006993666,0.4796747967479675,0.3595131303655962,,,0.1951219512195122,0.6249576464695928,63.0,,0.0,0.5831868587677116,0.27235772357723576,0.06504065040650407,Hajj-Malik Williams,2026,UNLV,1
345.0,0.3536290444577496,122.00202033792362,0.5072463768115942,0.3536290444577496,,,0.15942028985507245,0.6522566920358125,83.0,,0.0,0.7268226555064006,0.2753623188405797,0.034782608695652174,Hank Bachmeier,2026,Wake Forest,1
123.0,0.7970306581605237,98.03477095374441,0.6747967479674797,0.7970306581605237,,,0.2764227642276423,1.0739900788944998,41.0,,0.0,0.8119730374454243,0.3902439024390244,0.04878048780487805,Hayden Johnson,2026,Lehigh,1
249.08997955010224,0.39128176608265336,100.41754193587774,0.5296523517382413,0.39128176608265336,26.47218045112782,50.0,0.17586912065439672,0.528977624544384,61.212678936605315,,0.0,0.47885857342667326,0.294478527607362,0.038854805725971366,Hayden Wolff,2026,Western Michigan,2
273.09157509157507,0.4735974029366033,129.2231968280368,0.5256410256410257,0.4735974029366033,26.47218045112782,50.0,0.17948717948717946,0.6029275255449575,68.1098901098901,,0.0,0.6791273109423235,0.2783882783882784,0.06043956043956044,Haynes King,2026,Georgia Tech,2
303.2551724137931,0.3254463331475106,96.72000363173278,0.49137931034482757,0.3254463331475106,26.47218045112782,50.0,0.1482758620689655,0.5450053901181595,81.17241379310346,,0.0,0.5604803062004843,0.30344827586206896,0.034482758620689655,Hudson Card,2026,Purdue,2
127.0,0.2593258741925165,32.934386022449594,0.5039370078740157,0.2593258741925165,,,0.1968503937007874,0.4591302825885193,37.0,,0.0,0.3097859312404909,0.30708661417322836,0.031496062992125984,Hunter Helms,2026,Rhode Island,1
252.0,0.22047789208745533,55.56042880603874,0.4642857142857143,0.22047789208745533,,,0.13095238095238096,0.5906538799303835,78.0,,0.0,0.49581298103472893,0.3253968253968254,0.031746031746031744,Hunter Watson,2026,Sam Houston,1
211.0,0.16701347693086258,35.239843632412004,0.44075829383886256,0.16701347693086258,,,0.18009478672985782,0.3481740014416262,56.0,,0.0,0.24941454173908342,0.3175355450236967,0.03317535545023697,Isaac Wilson,2026,Utah,1
384.08958837772394,0.328603469433852,121.31466028286297,0.4721549636803874,0.328603469433852,26.47218045112782,50.0,0.17433414043583534,0.7929152678220132,91.65859564164649,,0.0,0.825822513928939,0.24455205811138014,0.04116222760290557,JC French,2026,Georgia Southern,2
138.125,0.25063368090470817,32.77382083050761,0.38194444444444436,0.25063368090470817,26.47218045112782,50.0,0.15277777777777776,0.3114453136053551,48.95833333333333,,0.0,0.3665056327766266,0.3541666666666667,0.020833333333333332,JT Fayard,2026,Northwestern State,2
169.6524064171123,0.2610712181475043,42.306500546360965,0.4732620320855615,0.2610712181475043,26.742936858686157,50.0,0.1657754010695187,0.5787744754271072,54.3048128342246,,0.0,0.6394831759172641,0.34759358288770054,0.0106951871657754,Ja'Shawn Scroggins,2026,Howard,3
155.87692307692305,0.5562758101510205,83.74817242078537,0.5499999999999999,0.5562758101510205,26.47218045112782,50.0,0.1923076923076923,0.9122504760911706,37.96923076923077,,0.0,0.9354844586161482,0.24615384615384617,0.08461538461538462,JaCobian Morgan,2026,Jackson State,2
170.01162790697674,0.25473477784878873,41.66485285575542,0.4853625170998632,0.25473477784878873,26.47218045112782,50.0,0.12790697674418605,0.4597357771596368,38.77325581395349,,0.0,0.3507655483176512,0.24999999999999997,0.011627906976744186,Jack Capaldi,2026,Fordham,2
273.5392491467577,0.1237172983812791,28.7188762823134,0.416382252559727,0.1237172983812791,26.813333524651327,50.0,0.14334470989761094,0.39726554088098315,70.580204778157,,0.0,0.22010525696741162,0.2935153583617747,0.017064846416382253,Jack Lausch,2026,Northwestern,3
75.19469026548671,0.5509957997309767,36.124414171837486,0.5942427016580205,0.5509957997309767,26.47218045112782,50.0,0.2831858407079646,0.1063089770537416,13.08849557522124,,0.0,-0.17418329370552474,0.23008849557522124,0.09734513274336283,Jack Layne,2026,Idaho,2
146.20779220779218,0.4389685679682886,58.57506566477629,0.4740259740259741,0.4389685679682886,26.47218045112782,50.0,0.25974025974025977,0.5729140437778377,34.142857142857146,,0.0,0.3342895295783448,0.28571428571428575,0.05844155844155845,Jack Wagner,2026,Idaho,2
173.4,0.22472826931334017,36.77095746985631,0.4666666666666667,0.22472826931334017,26.47218045112782,50.0,0.11481481481481483,0.5384316046382331,44.900000000000006,,0.0,0.5192819569475795,0.27037037037037037,0.044444444444444446,Jackson Arnold,2026,Oklahoma,2
153.01290322580644,0.5394253985964086,82.19276749819123,0.5948217317487267,0.5394253985964086,26.47218045112782,50.0,0.16129032258064516,0.9177291496369261,61.60645161290323,,0.0,0.8401493937218043,0.41935483870967744,0.03225806451612903,Jackson Berry,2026,Southern Utah,2
120.52100840336135,0.5633458069570865,67.60427493007872,0.6116970278044104,0.5633458069570865,26.527562443582934,50.0,0.1722689075630252,0.8705148259377402,31.546218487394956,,0.0,0.8837667281719683,0.2689075630252101,0.025210084033613446,Jackson Proctor,2026,Dartmouth,3
290.2854030501089,0.6335783392678974,182.37995336954296,0.5860566448801743,0.6335783392678974,26.52228303869469,50.00000000000001,0.23965141612200436,0.8677771898299397,75.38997821350762,,0.0,0.8683502826262909,0.2962962962962963,0.06535947712418301,Jacob Clark,2026,Missouri State,3
287.2144927536232,0.3674122132401888,110.3965966482049,0.48405797101449277,0.3674122132401888,26.896336154038465,50.00000000000001,0.20869565217391306,0.7008322570743396,78.50144927536232,,0.0,0.5208898028234719,0.30434782608695654,0.046376811594202906,Jacolby Criswell,2026,North Carolina,4
145.02390438247014,0.6356822725969205,94.83775372796637,0.5920849933598937,0.6356822725969205,26.47218045112782,50.0,0.25896414342629487,0.8714815168199175,33.430278884462155,,0.0,0.8415198783831526,0.2549800796812749,0.05577689243027889,Jaden Craig,2026,Harvard,2
154.0,0.380180529411941,58.547801529438914,0.4675324675324675,0.380180529411941,,,0.18831168831168832,0.21639291144336517,47.0,,0.0,0.20721153208567264,0.3181818181818182,0.03896103896103896,Jaden Johnson,2026,Prairie View A&M,1
178.0,0.2644829107172477,47.07795810767009,0.4943820224719101,0.2644829107172477,,,0.20224719101123595,0.6009326185847671,50.0,,0.0,0.53997834669204,0.28651685393258425,0.0449438202247191,Jake Garcia,2026,East Carolina,1
298.3752620545073,0.23067816905376903,81.5613192218311,0.4570230607966457,0.23067816905376903,26.47218045112782,50.0,0.18238993710691825,0.547583986029901,66.27672955974842,,0.0,0.46495607030596114,0.2641509433962264,0.033542976939203356,Jake Retzlaff,2026,BYU,2
182.06081081081084,0.41147354176581796,69.76358597556711,0.6081081081081081,0.41147354176581796,26.47218045112782,50.0,0.11148648648648649,0.5785379362348231,45.11486486486487,,0.0,0.6843690455692508,0.28040540540540543,0.02364864864864865,Jake Stearney,2026,Colgate,2
101.24827586206895,0.36163014934052784,35.203125254280735,0.5620689655172413,0.36163014934052784,26.69491128775273,50.0,0.1413793103448276,0.6044862385124008,24.465517241379313,,0.0,0.5657048783055894,0.27586206896551724,0.027586206896551724,Jake Willcox,2026,Brown,3
322.0,0.3660254399636148,117.86019166828396,0.5062111801242236,0.3660254399636148,,,0.16770186335403728,0.6239414457273476,81.0,,0.0,0.6591541459301496,0.2888198757763975,0.049689440993788817,Jalen Kitna,2026,UAB,1
270.027950310559,0.4499710900399828,123.34523239297292,0.5162147634973722,0.4499710900399828,26.55327332557865,50.0,0.22826086956521738,0.9067486334194587,66.91149068322981,,0.0,0.8889625059751732,0.2701863354037267,0.04813664596273292,Jalen Milroe,2026,Alabama,4
205.46960667461263,0.4241142810758169,87.91533023154244,0.5053635280095352,0.4241142810758169,27.117475200966613,50.0,0.19547079856972588,0.7975782235296303,51.69129916567342,,0.0,0.7696138400554037,0.28367103694874857,0.045292014302741365,Jalon Daniels,2026,Kansas,5
247.06060606060606,0.4676917780580518,114.81012562410824,0.5842572843206959,0.4676917780580518,26.582355265905548,50.0,0.1626794258373206,0.627112617064681,57.35406698564593,,0.0,0.7330924753708055,0.26794258373205737,0.028708133971291863,Jameson Wang,2026,Cornell,3
177.0,0.3613220614910352,63.95400488391323,0.5141242937853108,0.3613220614910352,,,0.1864406779661017,0.4147065694166212,44.0,,0.0,0.5817601696216058,0.2768361581920904,0.03389830508474576,Jarrett Guest,2026,Bryant,1
360.21302325581394,0.5200842457179619,188.881217205636,0.5418940879798262,0.5200842457179619,26.7212286357013,50.0,0.24465116279069765,0.6998342545307656,73.6446511627907,,0.0,0.6358322165788073,0.24,0.054883720930232555,Jaxson Dart,2026,Ole Miss,3
158.0,0.285522950321881,44.54158025021344,0.4551282051282051,0.285522950321881,,,0.16455696202531644,0.5393284168453876,37.0,,0.0,0.4099895979212608,0.25949367088607594,0.04430379746835443,Jayden Maiava,2026,USC,1
192.0,0.26010268973759576,49.939716429618386,0.4583333333333333,0.26010268973759576,,,0.17708333333333334,0.48268641291559383,44.0,,0.0,0.43639902539092534,0.265625,0.046875,Jaylen King,2026,East Tennessee State,1
357.1578947368421,0.3802213103451797,128.26452040869566,0.5029239766081872,0.3802213103451797,26.47218045112782,50.0,0.18128654970760233,0.6122424478747497,96.23684210526315,,0.0,0.6733203114010757,0.2880116959064327,0.04239766081871345,Jaylen Raynor,2026,Arkansas State,2
185.0,0.33624212589971075,62.20479329144649,0.44324324324324327,0.33624212589971075,,,0.16216216216216217,0.75964667855047,44.0,,0.0,0.744791714492165,0.25405405405405407,0.08108108108108109,Joe Fagnano,2026,UConn,1
205.05574912891987,0.5992169996383699,118.51102568104051,0.5749128919860628,0.5992169996383699,26.543254008111887,50.0,0.20209059233449475,0.9282985606015679,62.29268292682927,,0.0,0.8847839422902916,0.3344947735191638,0.0627177700348432,Joe Pesansky,2026,Holy Cross,3
412.77372262773724,0.4298440400537777,179.36236139690743,0.4933493683431046,0.4298440400537777,26.47218045112782,50.0,0.19829683698296835,0.7813147043125233,98.26277372262774,,0.0,0.8156384637790739,0.26642335766423353,0.0608272506082725,Joey Aguilar,2026,App State,2
290.15457413249214,0.5775944014177183,163.61096264502453,0.5772870662460569,0.5775944014177183,26.506991989242465,50.0,0.2555205047318612,0.8614304021986231,50.82334384858045,,0.0,0.9332607411979751,0.19558359621451107,0.08517350157728708,John Mateer,2026,Washington State,3
179.0,0.3894234090193115,69.70679021445676,0.547486033519553,0.3894234090193115,,,0.13966480446927373,0.8047825482735225,52.0,,0.0,0.7041168906137272,0.31843575418994413,0.027932960893854747,John Michalski,2026,Sacred Heart,1
151.0,0.7441656259706213,111.62484389559319,0.5933333333333334,0.7441656259706213,,,0.271523178807947,1.1179034276141555,53.0,,0.0,1.123971914867351,0.3973509933774834,0.039735099337748346,Johnathan Bennett,2026,The Citadel,1
275.0,0.5393797580261862,148.32943345720122,0.6072727272727273,0.5393797580261862,,,0.18181818181818182,0.6653286218972739,59.0,,0.0,0.7498197634289041,0.22545454545454546,0.07272727272727272,Jordan McCloud,2026,Texas State,1
158.1012658227848,0.18364075632857554,28.720920230691654,0.434992140316042,0.18364075632857554,26.47218045112782,50.0,0.13291139240506328,0.37172170863566484,46.38607594936708,,0.0,0.36643847762484505,0.3322784810126582,0.04113924050632911,Jordyn Potts,2026,Tennessee Tech,2
350.76366322008863,0.49020533745938,174.00733015155504,0.5473220635702172,0.49020533745938,26.473972221471957,50.00000000000001,0.1949778434268833,0.7871050787468739,83.25553914327918,,0.0,0.8120861967415174,0.2688330871491876,0.04874446085672082,Josh Hoover,2026,TCU,3
211.0,0.2772368400888208,58.4969732587412,0.44075829383886256,0.2772368400888208,,,0.16113744075829384,0.4854188908518997,64.0,,0.0,0.5312725508417662,0.35071090047393366,0.04265402843601896,Justin Fomby,2026,North Carolina A&T,1
354.2295081967213,0.32630449102412445,117.43380506940443,0.5061475409836066,0.32630449102412445,26.47218045112782,50.0,0.1598360655737705,0.7217389553908864,96.57377049180329,,0.0,0.6236208642209001,0.2971311475409836,0.04918032786885246,Kadin Semonza,2026,Ball State,2
239.41297935103245,0.5140857910105971,125.31898186861162,0.523598820058997,0.5140857910105971,26.63940937404476,50.0,0.20943952802359883,0.8151193988455985,58.29793510324484,,0.0,0.808549608511862,0.2654867256637168,0.07964601769911504,Kaidon Salter,2026,Liberty,4
237.0,0.365177644362053,86.54710171380657,0.48523206751054854,0.365177644362053,,,0.18143459915611815,0.743975398034206,60.0,,0.0,0.5248446712940328,0.2869198312236287,0.06751054852320675,Katin Houser,2026,East Carolina,1
160.60550458715596,0.28768814879692023,45.95891282829818,0.5091743119266056,0.28768814879692023,26.47218045112782,50.0,0.12844036697247707,0.6711196989844208,39.22935779816514,,0.0,0.6034464985027949,0.2660550458715597,0.03669724770642202,Keali'i Ah Yat,2026,Montana,2
234.04562737642584,0.42306084869470173,95.34802392184994,0.5304182509505704,0.42306084869470173,26.530418621810178,50.0,0.18250950570342203,0.8145196469677807,50.6425855513308,,0.0,0.7574698595186624,0.2338403041825095,0.04182509505703422,Kekoa Visperas,2026,Eastern Washington,3
301.27599999999995,0.47371935123759784,146.17004241321465,0.53,0.47371935123759784,26.55660528372081,50.0,0.2,1.0016399061285486,77.77600000000001,,0.0,0.9000007450964942,0.29200000000000004,0.055999999999999994,Kevin Jennings,2026,SMU,3
303.05280528052805,0.36402109017022555,110.20613148068504,0.4917491749174917,0.36402109017022555,26.47218045112782,50.0,0.18316831683168316,0.4968574025290997,71.54620462046205,,0.0,0.5039864443901297,0.26567656765676567,0.04950495049504951,Keyone Jenkins,2026,Florida International,2
136.0,0.19705095232904882,26.79892951675064,0.47794117647058826,0.19705095232904882,,,0.18382352941176472,0.24481341450236957,37.0,,0.0,0.19491696588940238,0.3014705882352941,0.007352941176470588,Kia'i Keone,2026,Northern Colorado,1
278.6079136690647,0.31584716880421126,87.57221396493637,0.4766187050359712,0.31584716880421126,26.47218045112782,50.0,0.17625899280575538,0.47381370496428094,81.81294964028777,,0.0,0.5261138747993152,0.32014388489208634,0.05215827338129496,Kinkead Dent,2026,UT Martin,2
202.05,0.2503243835835231,39.599752124157106,0.4444444444444445,0.2503243835835231,26.47218045112782,50.0,0.1527777777777778,0.42371646826218956,59.550000000000004,,0.0,0.3219430675369448,0.35000000000000003,0.030555555555555558,Kirk Francis,2026,Tulsa,2
401.0,0.31850511781272867,127.7205522429042,0.5062344139650873,0.31850511781272867,,,0.18703241895261846,0.5376241429651021,83.0,,0.0,0.46024137634734885,0.23690773067331672,0.04488778054862843,Kobe Tracy,2026,Idaho State,1
316.0,0.6351065275377284,200.6936627019222,0.6044303797468354,0.6351065275377284,,,0.2310126582278481,1.1125413924846035,72.0,,0.0,1.0507935806227744,0.25,0.08227848101265822,Kurtis Rourke,2026,Indiana,1
575.0,0.5117622599387236,294.2632994647661,0.568695652173913,0.5117622599387236,,,0.20347826086956522,0.9362544705390053,134.0,,0.0,0.8338171660118331,0.26260869565217393,0.05391304347826087,Kyle McCord,2026,Syracuse,1
250.7818181818182,0.2880326537404081,71.52167457507345,0.4565656565656566,0.2880326537404081,26.47218045112782,50.0,0.15555555555555556,0.5225604443767521,66.47878787878788,,0.0,0.4722516855200679,0.296969696969697,0.046464646464646465,Kyron Drones,2026,Virginia Tech,2
277.11228070175434,0.48121422809531006,124.79188604464402,0.5228070175438597,0.48121422809531006,26.47218045112782,50.0,0.19999999999999998,0.792061883066603,66.07368421052631,,0.0,0.5694572861823783,0.256140350877193,0.04912280701754386,Lanorris Sellers,2026,South Carolina,2
241.0,0.4251239811094838,102.4548794473856,0.5103734439834025,0.4251239811094838,,,0.14937759336099585,0.836825479668189,65.0,,0.0,0.8434592073530496,0.3070539419087137,0.04979253112033195,Logan Fife,2026,Montana,1
286.9612676056338,0.39555759779611954,113.06572834061706,0.5123239436619718,0.39555759779611954,26.47218045112782,50.0,0.1778169014084507,0.7537832545565023,67.02112676056339,,0.0,0.7245889196463013,0.2605633802816901,0.04401408450704225,Luke Altmyer,2026,Illinois,2
316.93415637860085,0.2890527115152646,82.92088181690679,0.4841677564182204,0.2890527115152646,26.537083318799183,49.99999999999999,0.1467764060356653,0.606267344324022,96.90946502057614,,0.0,0.569743860099458,0.33333333333333337,0.02880658436213992,Luke Bailey,2026,Drake,3
401.0,0.3623159600127732,144.9263840051093,0.47,0.3623159600127732,,,0.1596009975062344,0.3582453339199976,113.0,,0.0,0.3158505926421443,0.29925187032418954,0.05486284289276808,Maalik Murphy,2026,Duke,1
322.79693486590037,0.48068355580936,147.68785139346278,0.5489335384801037,0.48068355580936,26.486948982449185,50.0,0.18773946360153257,0.7447136318782293,85.03065134099617,,0.0,0.7890286117153107,0.2988505747126437,0.05555555555555555,Maddux Madsen,2026,Boise State,3
211.97435897435898,0.33528073601286956,65.5673384197362,0.5018315018315018,0.33528073601286956,26.47218045112782,50.0,0.20146520146520147,0.5825523492255205,56.333333333333336,,0.0,0.5240172517102141,0.29670329670329676,0.054945054945054944,Marcel Reed,2026,Texas A&M,2
290.15402298850574,0.5176269962756995,149.23335473634418,0.5449625720947355,0.5176269962756995,26.713727410865502,50.0,0.2103448275862069,0.8375306108415578,65.96436781609195,,0.0,0.8066487748837562,0.23333333333333334,0.06666666666666667,Mark Gronowski,2026,South Dakota State,3
126.87943262411346,0.43819605788592464,57.20849628265801,0.5248226950354611,0.43819605788592464,26.52819901820886,50.0,0.1879432624113475,0.8646424834585875,32.843971631205676,,0.0,0.893039559461966,0.2943262411347518,0.04255319148936171,Marqui Adams,2026,Delaware State,3
278.0,0.27596226782040695,76.71751045407314,0.5,0.27596226782040695,,,0.15467625899280577,0.6976960674980601,81.0,,0.0,0.6018668257754473,0.29856115107913667,0.03597122302158273,Matt Morrissey,2026,Eastern Kentucky,1
220.0,0.39923817937189393,87.83239946181666,0.5409090909090909,0.39923817937189393,,,0.14545454545454545,0.7909757690512254,57.0,,0.0,0.7565875677197202,0.3,0.05454545454545454,Matthew Caldwell,2026,Troy,1
201.21608040201005,0.5623371231945524,113.01355192390918,0.5125628140703518,0.5623371231945524,26.47218045112782,50.0,0.21608040201005024,0.6632696124354169,54.552763819095475,,0.0,0.7349811065197864,0.29396984924623115,0.07537688442211055,Matthew Downing,2026,Elon,2
147.0,0.4223803042867822,62.08990473015698,0.5374149659863946,0.4223803042867822,,,0.14965986394557823,0.36658837208328815,36.0,,0.0,0.4166720648423443,0.2857142857142857,0.013605442176870748,Matthew Schecklman,2026,Northern Iowa,1
352.38762214983717,0.437321555865536,160.8273070285047,0.5109085430524163,0.437321555865536,26.745102909946624,50.0,0.1693811074918567,0.9365103069414402,89.96742671009773,,0.0,0.9157577578324307,0.2736156351791531,0.05863192182410423,Maverick McIvor,2026,Abilene Christian,3
388.0,0.38462506721700285,149.2345260801971,0.5335051546391752,0.38462506721700285,,,0.17783505154639176,0.5732783770986105,95.0,,0.0,0.6402971180176393,0.25257731958762886,0.03608247422680412,Max Brosmer,2026,Minnesota,1
181.12403100775197,0.5007813441826364,100.34025412509246,0.5581395348837209,0.5007813441826364,26.47218045112782,50.0,0.20930232558139536,1.0649517783585403,39.53488372093023,,0.0,1.0374511878968984,0.24806201550387597,0.03875968992248063,Mekhi Hagens,2026,Arkansas-Pine Bluff,2
243.0,0.339904155445359,82.59670977322224,0.4444444444444444,0.339904155445359,,,0.1522633744855967,0.48707599105214255,57.0,,0.0,0.5734195221232522,0.29218106995884774,0.037037037037037035,Michael Van Buren Jr.,2026,Mississippi State,1
376.80266666666665,0.38670197234176185,146.06194080201146,0.5106666666666667,0.38670197234176185,26.47218045112782,50.0,0.148,0.7608504553057804,96.88133333333332,,0.0,0.7484699451257759,0.2786666666666666,0.04533333333333332,Mikey Keene,2026,Fresno State,2
343.336,0.4120312492952149,148.45792434660544,0.5305859564164649,0.4120312492952149,26.725009642622567,50.0,0.189,0.5446851941129689,83.58,,0.0,0.46590334674754597,0.267,0.043,Miles Hastings,2026,UC Davis,3
296.1422319474836,0.3521599019182624,90.86462613302845,0.513135181132993,0.3521599019182624,26.57277576924549,50.00000000000001,0.18818380743982493,0.7636657278153328,64.52297592997812,,0.0,0.6711166890306365,0.23194748358862144,0.05470459518599562,Miller Moss,2026,USC,4
212.0,0.40399288749203816,85.64649214831209,0.5094339622641509,0.40399288749203816,,,0.1650943396226415,0.5855441190225986,60.0,,0.0,0.4779717696056697,0.32547169811320753,0.0330188679245283,Myles Burkett,2026,UAlbany,1
180.45,0.31300464028236186,56.00919578285814,0.48469251336898395,0.31300464028236186,26.47218045112782,50.0,0.18055555555555552,0.6142382159836522,52.8,,0.0,0.6611146235990866,0.3138888888888889,0.02222222222222222,Myles Crawley,2026,Grambling,2
236.0,0.6431097867230421,151.77390966663793,0.5805084745762712,0.6431097867230421,,,0.2711864406779661,1.1550495364685136,70.0,,0.0,1.1463707605872682,0.3093220338983051,0.059322033898305086,Nate Glantz,2026,Lindenwood,1
5.0,0.43048177553048744,2.1524088776524373,0.6,0.43048177553048744,26.47218045112782,50.0,0.4,1.4775078261935566,3.0,,0.0,0.7296139783315203,0.8,0.0,Nate Lamb,2026,Western Illinois,1
129.375,0.4703849101338279,50.43231115538436,0.5125000000000001,0.4703849101338279,26.56965275784882,50.0,0.21666666666666667,0.5555499545666794,34.4375,,0.0,0.4942964956036443,0.2791666666666667,0.058333333333333334,Nate Yarnell,2026,Pittsburgh,3
177.0,0.15027134933116204,26.59802883161568,0.4350282485875706,0.15027134933116204,,,0.11864406779661017,0.3232371769033169,50.0,,0.0,0.3651036209389393,0.2937853107344633,0.02824858757062147,Nick Evers,2026,UConn,1
93.0,0.17327076770090438,16.114181396184108,0.46236559139784944,0.17327076770090438,26.674615384615382,50.0,0.13978494623655913,0.39118961345702596,21.0,,0.0,0.06885890290548649,0.2903225806451613,0.043010752688172046,Nick Vattiato,2026,Middle Tennessee,1
298.29787234042556,0.39287970711627745,117.86974301823103,0.5212765957446809,0.39287970711627745,26.47218045112782,50.0,0.18351063829787234,0.7926657787434005,69.57446808510639,,0.0,0.8083434358895731,0.23138297872340427,0.047872340425531915,Nico Iamaleava,2026,Tennessee,2
111.40718562874251,0.45347728152555444,39.108898628556034,0.5149700598802395,0.45347728152555444,26.529517102140172,50.0,0.23952095808383234,0.860732385323015,36.40119760479042,,0.0,0.9081926259315165,0.31137724550898205,0.029940119760479042,Noah Bodden,2026,Southern,3
371.8859764089122,0.3999856792452292,146.1157558308624,0.5242463958060288,0.3999856792452292,26.496620410040162,49.99999999999999,0.1834862385321101,0.9885868281113434,101.75229357798165,,0.0,0.9426178270844525,0.289646133682831,0.04849279161205767,Noah Fifita,2026,Arizona,3
394.29674796747963,0.32425038607232615,119.57023754947839,0.5039993240579057,0.32425038607232615,26.47218045112782,50.0,0.1605691056910569,0.8098707339821644,96.27439024390243,,0.0,0.665126517586529,0.28252032520325204,0.044715447154471545,Owen McCown,2026,UTSA,2
155.0,0.18347368158848057,28.43842064621449,0.3741935483870968,0.18347368158848057,,,0.18064516129032257,0.5907178664291245,49.0,,0.0,0.37161181615946753,0.36129032258064514,0.03870967741935484,Parker Awad,2026,New Mexico State,1
261.49848024316105,0.35260504180526364,94.07144377749609,0.5440729483282675,0.35260504180526364,26.630243651215935,50.00000000000001,0.182370820668693,0.5049893897437505,55.74468085106383,,0.0,0.5652284001773515,0.24012158054711247,0.0425531914893617,Parker Navarro,2026,Ohio,3
263.32369942196533,0.5046189644692238,129.99103827554438,0.5473328399703982,0.5046189644692238,26.47218045112782,50.0,0.17919075144508673,0.7445395870165227,69.0635838150289,,0.0,0.739274471651048,0.2832369942196532,0.038535645472061654,Pat McQuaide,2026,Nicholls,2
409.9462962962963,0.4291688273869101,175.07628845605353,0.5241173318696255,0.4291688273869101,26.745066403464705,50.0,0.19537037037037036,0.9168171943044288,92.19074074074074,,0.0,0.8809727903919455,0.23148148148148145,0.046296296296296294,Paxton DeLaurent,2026,Southeast Missouri State,3
288.1488616462347,0.4340046470933766,126.16671637326007,0.500875656742557,0.4340046470933766,26.47218045112782,50.0,0.17863397548161122,0.6556592905254004,70.38528896672506,,0.0,0.7057336934311598,0.2714535901926445,0.06479859894921192,Payton Thorne,2026,Auburn,2
327.6880733944954,0.5233066022069306,171.44445101996263,0.5773718241904096,0.5233066022069306,26.47218045112782,50.0,0.1834862385321101,0.9136742559303386,78.43119266055047,,0.0,0.8167523553454203,0.2767584097859327,0.0382262996941896,Pierce Holley,2026,Eastern Illinois,2
288.2401960784313,0.30158388250189616,90.25144463364994,0.5124378109452736,0.30158388250189616,26.904628009115363,50.0,0.12745098039215685,0.6173085562441305,68.43382352941177,,0.0,0.5610758313689103,0.25735294117647056,0.041666666666666664,Quincy Crittendon,2026,Samford,3
366.6610800744879,0.35313261691716347,129.4949432864256,0.5088366120363261,0.35313261691716347,26.68703876164185,50.0,0.21601489757914338,0.6975785293703978,85.6294227188082,,0.0,0.6055452451662257,0.2616387337057728,0.03165735567970205,Quinn Ewers,2026,Texas,3
265.0,0.5771680462585987,150.06369202723567,0.6307692307692307,0.5771680462585987,26.47218045112782,50.0,0.1811320754716981,0.9926220023307348,66.0,,0.0,0.9054463752229687,0.2679245283018868,0.04905660377358491,Ralph Rucker,2026,Bucknell,1
210.0,0.4091413411290494,85.91968163710037,0.5190476190476191,0.4091413411290494,,,0.16666666666666666,0.7672028547935861,60.0,,0.0,0.7324822428221957,0.319047619047619,0.05238095238095238,Reagan Andrew,2026,Butler,1
125.0,0.39511972086190544,49.38996510773818,0.528,0.39511972086190544,,,0.208,0.5286402164480549,29.0,,0.0,0.5362619836427329,0.248,0.032,Reggie Graff,2026,Utah Tech,1
256.00454545454545,0.3481020045930002,84.53746482173514,0.5330061983471074,0.3481020045930002,26.47218045112782,50.0,0.15454545454545454,0.5989734122720365,56.877272727272725,,0.0,0.4409822707041301,0.2659090909090909,0.05909090909090909,Richie Munoz,2026,Weber State,2
395.0,0.326796039204469,129.08443548576525,0.5189873417721519,0.326796039204469,,,0.14177215189873418,0.6809101312120333,97.0,,0.0,0.71770060522447,0.2607594936708861,0.04556962025316456,Riley Leonard,2026,Notre Dame,1
218.59267734553777,0.36505711048653244,78.71370149742867,0.4840515250158464,0.36505711048653244,26.47218045112782,50.0,0.17620137299771166,0.6006742254451451,61.4279176201373,,0.0,0.5648478362575187,0.3112128146453089,0.043478260869565216,Robert Coleman,2026,Lamar,2
394.8302122347066,0.43434875059722544,167.24168261036937,0.5021910554104593,0.43434875059722544,26.49007790857659,50.0,0.1885143570536829,0.7913000513446287,117.7952559300874,,0.0,0.7965698900503472,0.3196004993757803,0.048689138576779034,Rocco Becht,2026,Iowa State,3
313.0,0.24271405894040327,75.96950044834622,0.4536741214057508,0.24271405894040327,,,0.18849840255591055,0.6506063449252654,80.0,,0.0,0.5755059566232938,0.29073482428115016,0.03514376996805112,Ron Peace,2026,East Texas A&M,1
303.0,0.3469880652049494,105.13738375709967,0.49834983498349833,0.3469880652049494,,,0.1716171617161716,0.6954841379071645,64.0,,0.0,0.6203177785587957,0.2376237623762376,0.04950495049504951,Sam Leavitt,2026,Arizona State,1
212.0,0.4478682503183105,94.94806906748182,0.5566037735849056,0.4478682503183105,,,0.17452830188679244,0.5568945418988713,47.0,,0.0,0.3441370175884283,0.25,0.05660377358490566,Sam Vidlak,2026,Stephen F. Austin,1
300.8354430379747,0.4246667972866677,136.52739491438308,0.5063291139240507,0.4246667972866677,26.47218045112782,50.0,0.19831223628691985,0.8920157024423071,60.17721518987342,,0.0,0.7667785737260991,0.2447257383966245,0.052742616033755275,Sawyer Robertson,2026,Baylor,2
203.8968609865471,0.3189158007349587,68.68398491778684,0.5201793721973095,0.3189158007349587,26.47218045112782,50.0,0.16591928251121077,0.44383567026485415,53.62331838565022,,0.0,0.5512363483320271,0.28699551569506726,0.04035874439461883,Sean Brown,2026,Towson,2
439.86857142857144,0.4278623567807073,187.5281083880035,0.5051666145670523,0.4278623567807073,26.69800015001431,50.00000000000001,0.18742857142857142,0.8649724539787136,103.53657142857143,,0.0,0.877110112451627,0.26457142857142857,0.05142857142857143,Seth Henigan,2026,Memphis,4
303.0,0.49004803146792253,147.9945055033126,0.5496688741721855,0.49004803146792253,,,0.15841584158415842,0.5912982099039236,87.0,,0.0,0.629128867083117,0.3069306930693069,0.0462046204620462,Seth Morgan,2026,New Hampshire,1
440.82045454545454,0.4480056040938892,196.38116826780362,0.5319608125667932,0.4480056040938892,26.47218045112782,50.0,0.17386363636363636,0.8328748230355998,98.47840909090908,,0.0,0.8656426297571536,0.24204545454545456,0.05795454545454545,Shedeur Sanders,2026,Colorado,2
291.0869565217391,0.27065400072636553,81.19948296668093,0.49498327759197325,0.27065400072636553,26.59402083452907,50.0,0.14381270903010035,0.6154286199634494,76.95652173913044,,0.0,0.46906306753270094,0.2876254180602007,0.0568561872909699,Simon Romfo,2026,North Dakota,3
229.0,0.16140471140571253,36.961678911908166,0.4366812227074236,0.16140471140571253,,,0.13100436681222707,0.5065310279501218,56.0,,0.0,0.3398165448592436,0.27074235807860264,0.03056768558951965,Skyler Locklear,2026,UTEP,1
260.0,0.21060434462482933,54.33592091320597,0.44573643410852715,0.21060434462482933,,,0.16538461538461538,0.46527678606154593,63.0,,0.0,0.21239363246651502,0.27692307692307694,0.038461538461538464,Sonny Mannino,2026,Marist,1
267.0,0.3149352334622301,84.08770733441544,0.5318352059925093,0.3149352334622301,,,0.16104868913857678,0.667283505172207,61.0,,0.0,0.7410325329399172,0.25842696629213485,0.0449438202247191,Spencer Petras,2026,Utah State,1
218.00458715596332,0.329673614192888,71.88190716346422,0.4655963302752294,0.329673614192888,26.47218045112782,50.0,0.17201834862385323,0.5488116919889976,54.51146788990826,,0.0,0.5169907839064739,0.26605504587155965,0.03211009174311927,Taisun Phommachanh,2026,Massachusetts,2
118.4726368159204,0.4121236680519917,48.90422311931877,0.5024875621890548,0.4121236680519917,26.47218045112782,50.0,0.16417910447761194,0.8728331864084788,32.09452736318408,,0.0,0.8083754908463746,0.30348258706467657,0.05472636815920398,Tak Tateoka,2026,St. Thomas (MN),2
153.1132075471698,0.5930027520078998,86.59568638250911,0.5974842767295597,0.5930027520078998,26.47218045112782,50.0,0.1949685534591195,1.0773517563116295,43.18867924528302,,0.0,1.1054973031701172,0.30817610062893086,0.0440251572327044,Taron Dickens,2026,Western Carolina,2
158.0,0.16001065461836048,25.281683429700955,0.43037974683544306,0.16001065461836048,,,0.1518987341772152,0.21172097341392027,44.0,,0.0,0.16092160393247967,0.2974683544303797,0.04430379746835443,Tate Rodemaker,2026,Southern Miss,1
375.0,0.4432805915150578,166.23022181814667,0.5333333333333333,0.4432805915150578,,,0.216,0.8889288676167001,79.0,,0.0,0.8920293643203637,0.22666666666666666,0.037333333333333336,Taylen Green,2026,Arkansas,1
250.73684210526318,0.39356614839515713,92.98260868967486,0.4671052631578948,0.39356614839515713,26.47218045112782,50.0,0.19956140350877194,0.8331381184914648,68.15789473684211,,0.0,0.9017429981605054,0.3092105263157895,0.05921052631578948,Thomas Castellanos,2026,Boston College,2
206.49248120300751,0.5471127445197144,115.49076905142135,0.5582706766917294,0.5471127445197144,26.749307597687526,50.0,0.21428571428571427,0.939322946820662,48.19736842105263,,0.0,0.8947846733896715,0.2481203007518797,0.08270676691729323,Tommy Mellott,2026,Montana State,3
326.4858490566038,0.38469924815788586,131.18457462626102,0.5306603773584905,0.38469924815788586,26.77001249944199,50.0,0.14150943396226415,0.7800184896583733,90.18396226415095,,0.0,0.7665448658888048,0.2971698113207547,0.03537735849056604,Tommy Rittenhouse,2026,Illinois State,3
121.70229007633588,0.3541465569808139,42.7331014061725,0.44387067804220925,0.3541465569808139,26.51506826608506,49.99999999999999,0.18320610687022904,0.4257857647923142,31.396946564885496,,0.0,0.4869723374349921,0.28625954198473286,0.0648854961832061,Tommy Ulatowski,2026,Kent State,3
213.0,0.37237447891097814,79.31576400803834,0.47417840375586856,0.37237447891097814,,,0.1596244131455399,0.673113443176361,63.0,,0.0,0.679479703418015,0.30985915492957744,0.051643192488262914,Trey Hedden,2026,Furman,1
267.1969696969697,0.3066633323862688,80.39033484918889,0.4602272727272727,0.3066633323862688,26.800793636753518,50.0,0.17424242424242425,0.5004427638137838,71.07575757575758,,0.0,0.5659229176887356,0.3087121212121212,0.045454545454545456,Tucker Gleason,2026,Toledo,4
204.0,0.25289376517143725,51.5903280949732,0.5147058823529411,0.25289376517143725,,,0.18137254901960784,0.575299275730855,47.0,,0.0,0.25151059322056535,0.2696078431372549,0.024509803921568627,Ty Pennington,2026,Northern Arizona,1
160.0592105263158,0.5145766918768935,83.29807049460844,0.5676994906621393,0.5145766918768935,26.47218045112782,50.0,0.19078947368421056,0.7282585727862418,50.91447368421053,,0.0,0.6685213094877662,0.32894736842105265,0.023026315789473686,Ty'Jarian Williams,2026,Mississippi Valley State,2
281.0,0.46710503004189635,131.25651344177288,0.5088967971530249,0.46710503004189635,,,0.21352313167259787,0.6488010782152575,74.0,,0.0,0.6690185141838134,0.2918149466192171,0.03914590747330961,Tyler Huff,2026,Jacksonville State,1
221.0,0.3822757263884991,84.4829355318583,0.5294117647058824,0.3822757263884991,,,0.17194570135746606,0.833971446435661,47.0,,0.0,0.7142183726865187,0.23529411764705882,0.05429864253393665,Tyler Knoop,2026,Stony Brook,1
383.0,0.46699368640648525,178.85858189368386,0.4934725848563969,0.46699368640648525,,,0.19843342036553524,0.7833593326747276,87.0,,0.0,0.7666851212045979,0.2506527415143603,0.06005221932114883,Tyler Shough,2026,Louisville,1
258.07450980392156,0.5340076909423641,139.93435304122383,0.5274509803921569,0.5340076909423641,26.47218045112782,50.0,0.22941176470588237,0.6692296195003851,57.00588235294117,,0.0,0.6776095654143379,0.2411764705882353,0.06470588235294117,Victor Gabalis,2026,Tarleton State,2
311.4437689969605,0.3031290963117832,99.0337905260606,0.4589665653495441,0.3031290963117832,26.706273895739542,50.0,0.20364741641337386,0.5682869321095608,69.1063829787234,,0.0,0.4969210506350561,0.23708206686930092,0.0364741641337386,Walker Eget,2026,San José State,3
179.98425196850394,0.4836656683510112,79.08443537137234,0.4960629921259842,0.4836656683510112,26.51648604509191,50.0,0.20472440944881892,0.8455452925926419,53.70866141732284,,0.0,0.9444173349704803,0.31496062992125984,0.05905511811023622,Walker Harris,2026,North Carolina Central,3
157.0,0.4285501994508355,67.28238131378117,0.47770700636942676,0.4285501994508355,,,0.19745222929936307,0.4770118820925591,50.0,,0.0,0.5508187938579686,0.3248407643312102,0.07006369426751592,Whitt Newbauer,2026,Mercer,1
368.0,0.5635605804076607,207.39029359001913,0.6032608695652174,0.5635605804076607,,,0.2391304347826087,0.7220415342958607,89.0,,0.0,0.8284372339200492,0.27445652173913043,0.057065217391304345,Will Howard,2026,Ohio State,1
228.9490254872564,0.4861367796659716,109.42987798248184,0.5452693500577955,0.4861367796659716,26.698631264722067,50.0,0.20989505247376314,0.687253974550791,50.896551724137936,,0.0,0.6060619595392627,0.2518740629685158,0.04647676161919041,Will McElvain,2026,Central Arkansas,3
304.0,0.43622884338094164,132.61356838780625,0.5888157894736842,0.43622884338094164,,,0.20394736842105263,0.3858305723325016,74.0,,0.0,0.28211598745026406,0.2730263157894737,0.039473684210526314,Will Rogers,2026,Washington,1
133.0,0.31270405355311476,41.276935069011145,0.48484848484848486,0.31270405355311476,26.959541984732827,50.0,0.17293233082706766,0.31344280669606805,30.0,,0.0,0.338362828789706,0.24812030075187969,0.03007518796992481,Xaiver Lankford,2026,Alabama A&M,1
301.4780316344464,0.536190868991606,153.055204578084,0.6043474135863037,0.536190868991606,26.47218045112782,50.0,0.1968365553602812,0.930882133397162,66.30931458699472,,0.0,0.7920428589358429,0.25131810193321613,0.05448154657293497,Zach Calzada,2026,Incarnate Word,2
149.0,0.34243507723599215,51.02282650816283,0.5570469798657718,0.34243507723599215,,,0.14093959731543623,0.3818804998273912,38.0,,0.0,0.2941178718130646,0.30201342281879195,0.04697986577181208,Zach Gibson,2026,Georgia State,1
