passer_player_id,player_name,situation_type,situation,attempts,qb_epa,qb_epa_vs_avg,cpoe,cpoe_vs_avg,success,success_vs_avg
00-0035228,K.Murray,down,2_down,203,0.13146676,0.05182106,2.458930253982544,1.3182400465011597,0.5418719,0.07751849
00-0035228,K.Murray,down,1_down,232,0.23051423,0.13836926,2.6129257678985596,1.5981149673461914,0.5215517,0.041329652
00-0035228,K.Murray,down,3rd_medium,64,0.0005498864,0.0006519266,1.4775620698928833,-0.22789549827575684,0.40625,-0.02203077
00-0035228,K.Murray,down,3rd_long,40,-0.49075803,-0.38840196,-2.588656187057495,-3.2932519912719727,0.175,-0.13127615
00-0035228,K.Murray,down,4th_down,10,-0.32762673,-0.33350176,-2.7300074100494385,-4.3271565437316895,0.5,0.03688523
00-0035228,K.Murray,down,3rd_short,21,0.39013362,0.54783773,5.131970405578613,6.709689617156982,0.71428573,0.21378016
00-0035228,K.Murray,field,midfield,445,0.10541846,0.06517548,1.7723623514175415,0.8231222033500671,0.51011235,0.053287834
00-0035228,K.Murray,field,goal_line,17,0.1897146,0.26299006,0.9718847274780273,0.16239124536514282,0.5294118,0.10146418
00-0035228,K.Murray,field,red_zone,37,0.32586798,0.26741746,13.803695678710938,11.3777437210083,0.45945945,0.05544609
00-0035228,K.Murray,field,inside_10,21,-0.31999278,-0.31435463,-3.029120922088623,-3.781635046005249,0.33333334,-0.031595558
00-0035228,K.Murray,field,own_territory,50,0.20029673,0.12257033,-2.4350085258483887,-2.5656185150146484,0.48,0.023899645
00-0035228,K.Murray,script,close_game,328,0.025234934,-0.022038393,-0.5094366073608398,-1.6887452602386475,0.46036586,0.009158909
00-0035228,K.Murray,script,leading_small,39,0.55307835,0.40694755,15.522700309753418,11.902400016784668,0.64102566,0.16222593
00-0035228,K.Murray,script,leading_big,27,0.31844217,0.16712561,7.048747539520264,8.511555671691895,0.5925926,0.13191843
00-0035228,K.Murray,script,trailing_small,130,0.051478006,0.023582723,2.766796350479126,1.396266222000122,0.5153846,0.060743988
00-0035228,K.Murray,script,trailing_big,46,0.44241884,0.53886354,4.304994583129883,6.007984161376953,0.54347825,0.13861099
00-0035228,K.Murray,time,normal,358,0.17052142,0.12586674,3.46231746673584,1.8774555921554565,0.51675975,0.06058088
00-0035228,K.Murray,time,4th_quarter,152,0.056878995,0.045748644,0.46909311413764954,0.416206419467926,0.4868421,0.050636113
00-0035228,K.Murray,time,two_minute,56,-0.021499101,-0.091210395,2.1048240661621094,3.012448310852051,0.44642857,0.013721615
00-0035228,K.Murray,depth,short,444,0.17482096,0.044063807,2.146233081817627,0.8070529699325562,0.5405405,0.04276067
00-0035228,K.Murray,depth,deep,96,0.39832845,0.013883084,1.9922724962234497,2.6019320487976074,0.45833334,0.042057008
00-0035228,K.Murray,air_depth,behind_los,105,0.0974596,0.21780354,-2.5454044342041016,-0.8516416549682617,0.4857143,0.11741799
00-0035228,K.Murray,air_depth,short,306,0.02690626,0.13205487,6.837347030639648,4.076915740966797,0.5163399,0.058369696
00-0035228,K.Murray,air_depth,medium,104,0.4013154,-0.0090149045,-3.019014358520508,-2.8820183277130127,0.5192308,-0.028574884
00-0035228,K.Murray,air_depth,deep,55,0.096092574,-0.2549837,-2.5304033756256104,-1.9740046262741089,0.38181818,0.028159648
00-0035228,K.Murray,pressure,clean_pocket,441,0.2987826,0.05094056,3.565538167953491,1.3047089576721191,0.5578231,0.03785467
00-0035228,K.Murray,pressure,under_pressure,129,-0.5137571,-0.073813945,-5.1038618087768555,-1.7037105560302734,0.29457363,0.009213001
00-0035228,K.Murray,play_action,standard_dropback,570,0.11489204,0.07535204,2.1178643703460693,1.1421427726745605,0.49824563,0.049330294
00-0034857,J.Allen,down,1_down,204,0.09596612,0.003821157,-2.122710704803467,-3.137521505355835,0.4509804,-0.029241681
00-0034857,J.Allen,down,2_down,213,0.3392277,0.259582,5.425174713134766,4.284484386444092,0.54460096,0.08024755
00-0034857,J.Allen,down,3rd_long,71,0.38988325,0.49223933,1.9991408586502075,1.2945449352264404,0.3943662,0.08809006
00-0034857,J.Allen,down,3rd_medium,53,0.39144915,0.3915512,5.815709114074707,4.110251426696777,0.4716981,0.043417335
00-0034857,J.Allen,down,4th_down,11,2.0291736,2.0232985,11.75473690032959,10.157588005065918,0.72727275,0.26415798
00-0034857,J.Allen,down,3rd_short,31,-0.38587213,-0.228168,-6.243359565734863,-4.665640354156494,0.4516129,-0.048892677
00-0034857,J.Allen,field,midfield,455,0.26100767,0.2207647,1.3617823123931885,0.4125421643257141,0.4857143,0.028889775
00-0034857,J.Allen,field,red_zone,45,0.23784141,0.1793909,3.7972655296325684,1.3713133335113525,0.4888889,0.084875524
00-0034857,J.Allen,field,inside_10,28,-0.34261554,-0.3369774,-17.72842788696289,-18.480941772460938,0.21428572,-0.15064318
00-0034857,J.Allen,field,own_territory,41,0.48731405,0.40958765,10.890779495239258,10.76016902923584,0.63414633,0.17804599
00-0034857,J.Allen,field,goal_line,17,0.7018237,0.77509916,26.905662536621094,26.096168518066406,0.5882353,0.16028771
00-0034857,J.Allen,script,close_game,400,0.17108059,0.12380727,1.152778148651123,-0.02653050422668457,0.48,0.028793037
00-0034857,J.Allen,script,trailing_small,52,0.35828832,0.33039305,2.8899409770965576,1.5194108486175537,0.5192308,0.064590156
00-0034857,J.Allen,script,leading_small,69,0.4595309,0.3134001,6.214878559112549,2.594578266143799,0.5507246,0.071924895
00-0034857,J.Allen,script,leading_big,37,0.65174764,0.50043106,9.116631507873535,10.579439163208008,0.5405405,0.07986635
00-0034857,J.Allen,script,trailing_big,28,0.31762388,0.41406858,-8.108454704284668,-6.405465126037598,0.2857143,-0.11915296
00-0034857,J.Allen,time,normal,384,0.26207402,0.21741934,3.940934419631958,2.356072425842285,0.49739584,0.04121697
00-0034857,J.Allen,time,two_minute,78,0.24811885,0.17840755,-0.7955352663993835,0.11208897829055786,0.46153846,0.028831512
00-0034857,J.Allen,time,4th_quarter,124,0.25636527,0.24523492,-2.0773355960845947,-2.1302223205566406,0.46774194,0.031535953
00-0034857,J.Allen,depth,short,432,0.2269282,0.09617105,2.3593225479125977,1.0201424360275269,0.5277778,0.029997945
00-0034857,J.Allen,depth,deep,132,0.62810147,0.2436561,0.867684006690979,1.4773435592651367,0.4090909,-0.0071854293
00-0034857,J.Allen,air_depth,medium,101,0.4698265,0.059496194,-3.542933940887451,-3.405937910079956,0.4950495,-0.05275616
00-0034857,J.Allen,air_depth,short,272,0.17824367,0.28339228,4.847347736358643,2.08691668510437,0.54044116,0.08247095
00-0034857,J.Allen,air_depth,behind_los,123,-0.005389109,0.11495483,-0.38280847668647766,1.3109543323516846,0.4390244,0.07072809
00-0034857,J.Allen,air_depth,deep,90,0.6278566,0.27678034,3.3197481632232666,3.8761467933654785,0.37777779,0.024119258
00-0034857,J.Allen,pressure,clean_pocket,426,0.38122216,0.13338013,3.4298646450042725,1.1690354347229004,0.556338,0.036369562
00-0034857,J.Allen,pressure,under_pressure,160,-0.066385254,0.37355793,-2.918109178543091,0.4820420742034912,0.3,0.014639378
00-0034857,J.Allen,play_action,standard_dropback,586,0.25900853,0.21946853,2.008676290512085,1.0329546928405762,0.48634812,0.03743279
00-0034796,L.Jackson,down,2_down,182,0.5111511,0.43150538,11.497138023376465,10.35644817352295,0.5989011,0.13454768
00-0034796,L.Jackson,down,3rd_long,77,0.15650275,0.25885883,1.326314091682434,0.621718168258667,0.35064936,0.044373214
00-0034796,L.Jackson,down,1_down,212,0.2780694,0.18592444,0.25625312328338623,-0.7585576772689819,0.5,0.019777924
00-0034796,L.Jackson,down,3rd_medium,52,0.45834512,0.45844716,8.439383506774902,6.733925819396973,0.5576923,0.12941152
00-0034796,L.Jackson,down,3rd_short,10,1.3772507,1.5349548,17.845197677612305,19.422916412353516,0.8,0.29949445
00-0034796,L.Jackson,field,midfield,410,0.2903855,0.25014254,2.6741433143615723,1.7249031066894531,0.51707315,0.060248643
00-0034796,L.Jackson,field,own_territory,52,0.39111933,0.31339294,6.006760120391846,5.876150131225586,0.5,0.043899655
00-0034796,L.Jackson,field,red_zone,42,0.8066009,0.7481504,26.590057373046875,24.164104461669922,0.54761904,0.14360568
00-0034796,L.Jackson,field,inside_10,24,0.37436423,0.38000238,2.291118621826172,1.538604497909546,0.45833334,0.09340444
00-0034796,L.Jackson,field,goal_line,16,0.3043455,0.37762094,21.06802749633789,20.258533477783203,0.5,0.07205239
00-0034796,L.Jackson,script,close_game,367,0.25445178,0.20717846,4.854121685028076,3.6748130321502686,0.5013624,0.05015543
00-0034796,L.Jackson,script,trailing_small,71,0.5776073,0.549712,10.056384086608887,8.685853958129883,0.5492958,0.094655156
00-0034796,L.Jackson,script,leading_small,71,0.54578334,0.39965254,4.312061309814453,0.6917610168457031,0.5633803,0.08458057
00-0034796,L.Jackson,script,leading_big,35,0.39952078,0.24820423,-1.3189096450805664,0.14389824867248535,0.4857143,0.02504012
00-0034796,L.Jackson,time,normal,333,0.26218888,0.2175342,4.699253082275391,3.114391326904297,0.4894895,0.033310622
00-0034796,L.Jackson,time,two_minute,75,0.53269804,0.46298674,3.0910520553588867,3.998676300048828,0.6,0.16729307
00-0034796,L.Jackson,time,4th_quarter,134,0.43625256,0.4251222,7.629967212677002,7.577080726623535,0.5298507,0.09364474
00-0034796,L.Jackson,depth,short,401,0.39384457,0.26308742,5.424370765686035,4.085190773010254,0.57107234,0.073292494
00-0034796,L.Jackson,depth,deep,113,0.7386016,0.35415626,3.8943748474121094,4.504034519195557,0.45132744,0.035051107
00-0034796,L.Jackson,air_depth,behind_los,94,-0.014758565,0.105585374,-3.101778745651245,-1.4080159664154053,0.43617022,0.067873925
00-0034796,L.Jackson,air_depth,short,249,0.092558734,0.19770736,5.364864826202393,2.60443377494812,0.51004016,0.052069962
00-0034796,L.Jackson,air_depth,medium,125,1.0247872,0.6144569,14.498127937316895,14.635124206542969,0.68,0.13219434
00-0034796,L.Jackson,air_depth,deep,76,0.4917045,0.14062822,-0.6189936399459839,-0.06259489059448242,0.35526314,0.0016046166
00-0034796,L.Jackson,pressure,under_pressure,164,-0.06495994,0.37498322,-5.621058464050293,-2.220907211303711,0.3597561,0.07439548
00-0034796,L.Jackson,pressure,clean_pocket,380,0.5204768,0.2726348,8.594391822814941,6.333562850952148,0.58157897,0.06161052
00-0034796,L.Jackson,play_action,standard_dropback,544,0.34398484,0.30444485,5.083346843719482,4.1076250076293945,0.5147059,0.065790564
00-0033873,P.Mahomes,down,1_down,260,0.084855124,-0.007289842,-0.6292988061904907,-1.6441096067428589,0.49615383,0.015931755
00-0033873,P.Mahomes,down,3rd_medium,63,0.9081318,0.9082338,19.76951789855957,18.06406021118164,0.6666667,0.23838592
00-0033873,P.Mahomes,down,2_down,259,0.06203717,-0.01760853,3.027787685394287,1.8870974779129028,0.48262548,0.018272072
00-0033873,P.Mahomes,down,3rd_long,78,-0.2603086,-0.15795252,1.9018086194992065,1.1972126960754395,0.30769232,0.0014161766
00-0033873,P.Mahomes,down,3rd_short,44,-0.07886796,0.07883617,-7.2549824714660645,-5.677263259887695,0.5,-0.0005055666
00-0033873,P.Mahomes,field,midfield,526,0.11061521,0.07037223,2.0465965270996094,1.0973563194274902,0.48859316,0.03176865
00-0033873,P.Mahomes,field,own_territory,55,0.1041342,0.0264078,3.886291980743408,3.7556819915771484,0.54545456,0.08935422
00-0033873,P.Mahomes,field,red_zone,73,0.10117385,0.042723335,3.1314032077789307,0.7054510116577148,0.46575344,0.06174007
00-0033873,P.Mahomes,field,inside_10,32,0.23773998,0.24337813,3.9790186882019043,3.2265045642852783,0.40625,0.0413211
00-0033873,P.Mahomes,field,goal_line,28,-0.24089062,-0.16761518,-1.044858694076538,-1.8543522357940674,0.42857143,0.0006238222
00-0033873,P.Mahomes,script,close_game,577,0.16107085,0.11379753,3.176379442214966,1.9970707893371582,0.49393415,0.042727202
00-0033873,P.Mahomes,script,leading_small,67,-0.22178374,-0.36791453,-6.894859790802002,-10.515159606933594,0.40298507,-0.075814664
00-0033873,P.Mahomes,script,trailing_small,33,-0.04613238,-0.07402766,7.199286937713623,5.828756809234619,0.5151515,0.060510874
00-0033873,P.Mahomes,script,trailing_big,28,-0.026804583,0.0696401,5.176248550415039,6.879238128662109,0.5,0.09513274
00-0033873,P.Mahomes,time,normal,483,0.04807615,0.0034214705,1.234018325805664,-0.35084354877471924,0.48861283,0.032433957
00-0033873,P.Mahomes,time,two_minute,71,0.1081319,0.03842061,2.3546531200408936,3.262277364730835,0.4084507,-0.02425626
00-0033873,P.Mahomes,time,4th_quarter,155,0.23945734,0.22832699,4.813088417053223,4.760201930999756,0.4903226,0.054116607
00-0033873,P.Mahomes,depth,short,577,0.22039467,0.08963752,3.304727077484131,1.96554696559906,0.5441941,0.046414256
00-0033873,P.Mahomes,depth,deep,85,0.21516657,-0.1692788,-4.385413646697998,-3.775753974914551,0.3529412,-0.06333515
00-0033873,P.Mahomes,air_depth,short,389,0.050182357,0.15533097,3.2157363891601562,0.4553053379058838,0.50899744,0.05102724
00-0033873,P.Mahomes,air_depth,behind_los,151,-0.115863495,0.004480444,-0.8884930610656738,0.805269718170166,0.397351,0.029054701
00-0033873,P.Mahomes,air_depth,medium,118,0.42855182,0.018221527,5.755274772644043,5.892271041870117,0.60169494,0.053889275
00-0033873,P.Mahomes,air_depth,deep,56,0.34937075,-0.0017055273,-2.0521161556243896,-1.4957174062728882,0.30357143,-0.050087094
00-0033873,P.Mahomes,pressure,clean_pocket,468,0.2759412,0.028099164,2.167699098587036,-0.09313011169433594,0.5555556,0.035587132
00-0033873,P.Mahomes,pressure,under_pressure,246,-0.23163028,0.20831288,2.6478981971740723,6.048049449920654,0.3495935,0.064232856
00-0033873,P.Mahomes,play_action,standard_dropback,714,0.10106361,0.06152361,2.297974109649658,1.3222525119781494,0.48459384,0.035678506
00-0031280,D.Carr,down,1_down,103,0.13524806,0.0431031,-1.4019421339035034,-2.416752815246582,0.4368932,-0.04332888
00-0031280,D.Carr,down,2_down,99,0.17410465,0.094458945,7.834695816040039,6.694005489349365,0.46464646,0.00029304624
00-0031280,D.Carr,down,3rd_medium,34,0.49085644,0.49095848,8.624361991882324,6.9189043045043945,0.47058824,0.042307466
00-0031280,D.Carr,down,3rd_long,32,-0.19450533,-0.09214925,-5.965362071990967,-6.669958114624023,0.3125,0.0062238574
00-0031280,D.Carr,down,3rd_short,14,1.035119,1.1928232,21.74761390686035,23.325332641601562,0.64285713,0.14235157
00-0031280,D.Carr,field,midfield,234,0.18409556,0.14385259,4.505614280700684,3.5563740730285645,0.45726496,0.00044044852
00-0031280,D.Carr,field,red_zone,26,0.17590038,0.11744987,6.277459144592285,3.8515069484710693,0.30769232,-0.09632105
00-0031280,D.Carr,field,own_territory,20,0.10128373,0.023557328,-15.841001510620117,-15.971611976623535,0.4,-0.05610034
00-0031280,D.Carr,script,close_game,225,0.11183312,0.06455979,1.2979154586791992,0.1186068058013916,0.41777778,-0.033429176
00-0031280,D.Carr,script,leading_small,20,0.39145854,0.24532776,-0.4667154848575592,-4.087015628814697,0.45,-0.028799742
00-0031280,D.Carr,script,leading_big,24,0.07578138,-0.07553517,7.843918323516846,9.306726455688477,0.5,0.039325833
00-0031280,D.Carr,script,trailing_small,21,0.6075714,0.57967615,23.859445571899414,22.488914489746094,0.61904764,0.16440701
00-0031280,D.Carr,time,normal,194,0.23251319,0.1878585,5.351186752319336,3.766324996948242,0.45360824,-0.0025706291
00-0031280,D.Carr,time,two_minute,29,0.12765011,0.05793882,-5.225846290588379,-4.3182220458984375,0.41379312,-0.018913835
00-0031280,D.Carr,time,4th_quarter,67,-0.018507946,-0.029638298,1.2271218299865723,1.1742351055145264,0.41791046,-0.018295527
00-0031280,D.Carr,depth,short,219,0.13159534,0.0008381903,4.316486358642578,2.977306365966797,0.4611872,-0.036592633
00-0031280,D.Carr,depth,deep,60,0.5002445,0.11579913,-0.3819517493247986,0.22770780324935913,0.43333334,0.017057002
00-0031280,D.Carr,air_depth,short,145,0.07311659,0.17826521,6.329549312591553,3.5691182613372803,0.4827586,0.02478841
00-0031280,D.Carr,air_depth,behind_los,60,-0.21138437,-0.09104043,-0.7065155506134033,0.9872472286224365,0.26666668,-0.101629615
00-0031280,D.Carr,air_depth,deep,40,0.31609225,-0.034984022,-8.017213821411133,-7.460814952850342,0.3,-0.053658515
00-0031280,D.Carr,air_depth,medium,45,0.8223741,0.4120438,9.825981140136719,9.962977409362793,0.6666667,0.11886102
00-0031280,D.Carr,pressure,clean_pocket,202,0.23965353,-0.008188501,5.241954803466797,2.981125593185425,0.4950495,-0.024918944
00-0031280,D.Carr,pressure,under_pressure,88,-0.009552717,0.43039045,-2.3313117027282715,1.0688395500183105,0.3181818,0.03282118
00-0031280,D.Carr,play_action,standard_dropback,290,0.16403233,0.124492325,3.276374340057373,2.3006527423858643,0.4413793,-0.007536024
00-0039150,B.Young,down,1_down,136,0.068720356,-0.02342461,1.8077623844146729,0.7929515838623047,0.43382353,-0.04639855
00-0039150,B.Young,down,3rd_medium,47,-0.3407928,-0.34069076,-1.2699313163757324,-2.975389003753662,0.31914893,-0.10913184
00-0039150,B.Young,down,2_down,137,-0.023134768,-0.10278047,1.226868987083435,0.08617877960205078,0.3941606,-0.070192814
00-0039150,B.Young,down,3rd_long,54,-0.02469479,0.07766129,3.333099365234375,2.6285033226013184,0.35185185,0.04557571
00-0039150,B.Young,down,3rd_short,21,-0.44637063,-0.2886665,-13.499323844909668,-11.92160415649414,0.33333334,-0.16717222
00-0039150,B.Young,down,4th_down,18,-0.24286345,-0.24873848,1.0454148054122925,-0.5517343282699585,0.44444445,-0.01867032
00-0039150,B.Young,field,midfield,307,-0.09043357,-0.13067654,0.27977681159973145,-0.6694633364677429,0.40065145,-0.056173056
00-0039150,B.Young,field,own_territory,43,0.07209905,-0.005627349,4.763594627380371,4.632984638214111,0.3488372,-0.10726315
00-0039150,B.Young,field,goal_line,13,0.054798283,0.12807372,-6.357423782348633,-7.166917324066162,0.3846154,-0.04333222
00-0039150,B.Young,field,red_zone,42,-0.09899114,-0.15744165,0.5187391042709351,-1.9072130918502808,0.3809524,-0.023060977
00-0039150,B.Young,script,close_game,235,0.046634804,-0.0006385222,3.111309289932251,1.9320006370544434,0.42978725,-0.021419704
00-0039150,B.Young,script,trailing_small,45,0.0036964708,-0.024198812,2.9103846549987793,1.5398545265197754,0.4,-0.05464062
00-0039150,B.Young,script,trailing_big,119,-0.27232367,-0.17587899,-3.2261078357696533,-1.523118495941162,0.33613446,-0.0687328
00-0039150,B.Young,script,leading_small,15,-0.30570683,-0.4518376,-17.54924774169922,-21.16954803466797,0.2,-0.2787997
00-0039150,B.Young,time,normal,222,-0.0666821,-0.11133678,0.9282962083816528,-0.6565656661987305,0.3918919,-0.06428698
00-0039150,B.Young,time,two_minute,47,0.16832668,0.098615386,2.453366756439209,3.3609910011291504,0.44680852,0.014101565
00-0039150,B.Young,time,4th_quarter,136,-0.17146142,-0.18259177,-2.1816458702087402,-2.234532594680786,0.3529412,-0.0832648
00-0039150,B.Young,depth,deep,83,0.19574279,-0.18870258,-5.048018455505371,-4.438358783721924,0.36144578,-0.05483055
00-0039150,B.Young,depth,short,301,0.049850523,-0.08090663,2.3036749362945557,0.9644948244094849,0.4385382,-0.059241652
00-0039150,B.Young,air_depth,deep,48,0.33799958,-0.013076693,-0.7959630489349365,-0.23956429958343506,0.35416666,0.0005081296
00-0039150,B.Young,air_depth,short,202,-0.20581335,-0.100664735,3.7125399112701416,0.9521088600158691,0.4009901,-0.056980103
00-0039150,B.Young,air_depth,medium,106,0.2454251,-0.16490519,-3.746826171875,-3.609830141067505,0.4716981,-0.07610756
00-0039150,B.Young,air_depth,behind_los,58,-0.4574369,-0.33709294,0.749478280544281,2.4432411193847656,0.2413793,-0.12691699
00-0039150,B.Young,pressure,clean_pocket,287,0.093542226,-0.1542998,2.0419819355010986,-0.21884727478027344,0.44599304,-0.073975414
00-0039150,B.Young,pressure,under_pressure,127,-0.41506466,0.024878502,-4.213559150695801,-0.8134078979492188,0.26771653,-0.017644107
00-0039150,B.Young,play_action,standard_dropback,414,-0.062479705,-0.102019705,0.6654145121574402,-0.3103070855140686,0.39130434,-0.05761099
00-0038998,J.Haener,down,2_down,14,-0.067401186,-0.1470469,-6.805327892303467,-7.946018218994141,0.2857143,-0.17863911
00-0038998,J.Haener,down,1_down,16,-0.39126468,-0.48340964,-21.95845603942871,-22.9732666015625,0.25,-0.23022208
00-0038998,J.Haener,field,midfield,38,-0.3171544,-0.35739738,-18.134281158447266,-19.083520889282227,0.28947368,-0.16735083
00-0038998,J.Haener,script,trailing_small,25,-0.36223862,-0.3901339,-23.074298858642578,-24.444828033447266,0.24,-0.21464063
00-0038998,J.Haener,script,trailing_big,13,0.14197932,0.238424,2.796424627304077,4.499413967132568,0.46153846,0.056671202
00-0038998,J.Haener,time,4th_quarter,30,-0.14133215,-0.1524625,-13.436529159545898,-13.489416122436523,0.33333334,-0.10287264
00-0038998,J.Haener,depth,short,33,-0.054643326,-0.18540049,-15.770620346069336,-17.109800338745117,0.36363637,-0.13414347
00-0038998,J.Haener,air_depth,short,28,-0.5534926,-0.448344,-25.929332733154297,-28.68976402282715,0.2857143,-0.1722559
00-0038998,J.Haener,pressure,under_pressure,18,-0.6927551,-0.25281194,-23.81777572631836,-20.417625427246094,0.16666667,-0.11869396
00-0038998,J.Haener,pressure,clean_pocket,27,-0.091810636,-0.33965266,-14.9112548828125,-17.17208480834961,0.37037036,-0.14959809
00-0038998,J.Haener,play_action,standard_dropback,45,-0.33218843,-0.37172842,-17.318424224853516,-18.294145584106445,0.2888889,-0.16002643
00-0027973,A.Dalton,down,3rd_medium,15,-0.06617801,-0.066075966,7.306972026824951,5.6015143394470215,0.4,-0.028280765
00-0027973,A.Dalton,down,1_down,61,-0.055659648,-0.14780462,-5.05486536026001,-6.069676399230957,0.39344263,-0.086779445
00-0027973,A.Dalton,down,2_down,58,0.066843905,-0.012801796,3.1034581661224365,1.9627679586410522,0.46551725,0.0011638403
00-0027973,A.Dalton,down,3rd_long,21,-0.5796002,-0.47724414,3.200611114501953,2.4960150718688965,0.33333334,0.0270572
00-0027973,A.Dalton,field,own_territory,17,-0.23473692,-0.3124633,-20.982500076293945,-21.113109588623047,0.29411766,-0.16198269
00-0027973,A.Dalton,field,midfield,127,-0.15296064,-0.19320363,1.232710599899292,0.2834704518318176,0.44094488,-0.015879631
00-0027973,A.Dalton,field,inside_10,11,0.52762973,0.5332679,12.09030818939209,11.337794303894043,0.45454547,0.08961657
00-0027973,A.Dalton,script,trailing_big,36,-0.24034664,-0.14390196,4.068988800048828,5.771978378295898,0.41666666,0.011799395
00-0027973,A.Dalton,script,close_game,80,-0.048789334,-0.09606266,0.08262166380882263,-1.0966869592666626,0.375,-0.07620695
00-0027973,A.Dalton,script,leading_big,12,0.05190128,-0.09941527,-3.447474718093872,-1.9846668243408203,0.5833333,0.12265915
00-0027973,A.Dalton,script,trailing_small,36,-0.21860385,-0.24649914,-7.366619110107422,-8.737149238586426,0.41666666,-0.03797397
00-0027973,A.Dalton,time,4th_quarter,34,-0.58569306,-0.5968234,-12.344344139099121,-12.397231101989746,0.2647059,-0.17150009
00-0027973,A.Dalton,time,normal,114,-0.10986592,-0.1545206,-0.29976269602775574,-1.8846246004104614,0.4122807,-0.043898165
00-0027973,A.Dalton,time,two_minute,20,0.6697694,0.60005814,11.799895286560059,12.70751953125,0.65,0.21729302
00-0027973,A.Dalton,depth,short,133,-0.12260853,-0.2533657,-1.416730523109436,-2.755910634994507,0.42105263,-0.07672721
00-0027973,A.Dalton,depth,deep,27,0.33526477,-0.049180597,0.17060470581054688,0.7802642583847046,0.4814815,0.06520516
00-0027973,A.Dalton,air_depth,short,96,-0.16411377,-0.05896516,-2.3280999660491943,-5.088531017303467,0.38541666,-0.072553545
00-0027973,A.Dalton,air_depth,medium,30,0.1757259,-0.23460439,-3.2833445072174072,-3.146348476409912,0.53333336,-0.014472306
00-0027973,A.Dalton,air_depth,behind_los,29,-0.5402035,-0.4198596,-0.3220215439796448,1.3717412948608398,0.3448276,-0.023468703
00-0027973,A.Dalton,air_depth,deep,13,0.54662746,0.19555119,9.56093692779541,10.117335319519043,0.46153846,0.10787994
00-0027973,A.Dalton,pressure,clean_pocket,139,-0.076784685,-0.3246267,-0.6073377728462219,-2.868166923522949,0.43165466,-0.08831379
00-0027973,A.Dalton,pressure,under_pressure,29,-0.28861454,0.15132862,-4.777698516845703,-1.377547264099121,0.31034482,0.02498418
00-0027973,A.Dalton,play_action,standard_dropback,168,-0.11335055,-0.15289055,-1.1419991254806519,-2.117720603942871,0.4107143,-0.038201034
00-0033077,D.Prescott,down,1_down,114,0.017098501,-0.075046465,-2.415869951248169,-3.430680751800537,0.40350878,-0.076713294
00-0033077,D.Prescott,down,2_down,104,0.1340344,0.054388694,0.5214354395866394,-0.6192547678947449,0.50961536,0.04526195
00-0033077,D.Prescott,down,3rd_medium,40,-0.22107804,-0.220976,-1.6688140630722046,-3.3742716312408447,0.35,-0.07828078
00-0033077,D.Prescott,down,3rd_long,31,-0.3570637,-0.25470763,5.569477081298828,4.8648810386657715,0.22580644,-0.0804697
00-0033077,D.Prescott,down,4th_down,10,-0.6771081,-0.68298316,-18.937503814697266,-20.534652709960938,0.3,-0.16311476
00-0033077,D.Prescott,field,midfield,242,0.06480032,0.024557345,-0.8851794004440308,-1.8344194889068604,0.446281,-0.010543525
00-0033077,D.Prescott,field,own_territory,26,-0.42265305,-0.50037944,-0.4700849652290344,-0.600695013999939,0.30769232,-0.14840803
00-0033077,D.Prescott,field,red_zone,29,-0.3473866,-0.40583712,-3.8334991931915283,-6.259451389312744,0.27586207,-0.1281513
00-0033077,D.Prescott,script,close_game,161,0.048680007,0.0014066808,4.400792598724365,3.2214839458465576,0.47204968,0.020842731
00-0033077,D.Prescott,script,leading_big,13,-0.5423516,-0.6936681,-23.02910041809082,-21.56629180908203,0.23076923,-0.22990493
00-0033077,D.Prescott,script,trailing_small,45,0.16939205,0.14149676,-5.2654337882995605,-6.6359639167785645,0.4,-0.05464062
00-0033077,D.Prescott,script,trailing_big,84,-0.18645759,-0.09001291,-5.62890625,-3.925916910171509,0.3452381,-0.059629172
00-0033077,D.Prescott,time,normal,195,0.018693551,-0.025961127,2.356485605239868,0.7716237306594849,0.41025642,-0.04592246
00-0033077,D.Prescott,time,two_minute,33,-0.30481118,-0.37452248,-3.1327764987945557,-2.2251522541046143,0.45454547,0.021838516
00-0033077,D.Prescott,time,4th_quarter,79,-0.03916127,-0.05029162,-7.710073947906494,-7.762960433959961,0.4050633,-0.031142682
00-0033077,D.Prescott,depth,short,233,0.0822755,-0.04848165,-0.4343441426753998,-1.773524284362793,0.4635193,-0.03426054
00-0033077,D.Prescott,depth,deep,51,0.13273926,-0.25170612,-2.7914540767669678,-2.1817946434020996,0.37254903,-0.04372731
00-0033077,D.Prescott,air_depth,short,172,-0.16982827,-0.06467965,-1.4586923122406006,-4.219123363494873,0.39534885,-0.062621355
00-0033077,D.Prescott,air_depth,behind_los,48,0.03136794,0.15171188,0.7645182609558105,2.4582810401916504,0.39583334,0.027537048
00-0033077,D.Prescott,air_depth,medium,56,0.13287735,-0.27745295,-4.420108318328857,-4.283112049102783,0.5,-0.047805667
00-0033077,D.Prescott,air_depth,deep,31,0.34698084,-0.004095435,5.997028827667236,6.553427696228027,0.38709676,0.033438236
00-0033077,D.Prescott,pressure,under_pressure,104,-0.41983935,0.020103812,0.7356678247451782,4.135818958282471,0.2596154,-0.025745243
00-0033077,D.Prescott,pressure,clean_pocket,203,0.1682563,-0.07958573,-1.440528154373169,-3.701357364654541,0.49261084,-0.027357608
00-0033077,D.Prescott,play_action,standard_dropback,307,-0.030968303,-0.0705083,-0.8513054847717285,-1.8270270824432373,0.4136808,-0.03523454
00-0033537,D.Watson,down,2_down,91,-0.28213972,-0.3617854,-3.1321892738342285,-4.272879600524902,0.36263737,-0.10171604
00-0033537,D.Watson,down,1_down,91,-0.090091705,-0.18223667,-2.0692150592803955,-3.0840258598327637,0.36263737,-0.117584705
00-0033537,D.Watson,down,3rd_long,42,-0.3094809,-0.20712483,4.1752424240112305,3.470646381378174,0.23809524,-0.068180904
00-0033537,D.Watson,down,3rd_medium,12,-0.82605076,-0.8259487,-20.49295997619629,-22.19841766357422,0.16666667,-0.26161408
00-0033537,D.Watson,field,midfield,195,-0.3039857,-0.34422866,-4.233405113220215,-5.182645320892334,0.33333334,-0.12349117
00-0033537,D.Watson,field,own_territory,33,-0.2183834,-0.2961098,-1.9910147190093994,-2.121624708175659,0.27272728,-0.18337306
00-0033537,D.Watson,field,red_zone,10,0.27130848,0.21285796,18.998720169067383,16.57276725769043,0.5,0.095986634
00-0033537,D.Watson,field,inside_10,10,0.040857602,0.046495754,13.324383735656738,12.571869850158691,0.3,-0.06492889
00-0033537,D.Watson,script,close_game,147,-0.15825494,-0.20552826,0.9672118425369263,-0.21209681034088135,0.37414965,-0.0770573
00-0033537,D.Watson,script,trailing_small,38,-0.42409354,-0.45198882,-13.151693344116211,-14.522223472595215,0.23684211,-0.21779852
00-0033537,D.Watson,script,trailing_big,55,-0.33144912,-0.23500444,-0.8212227821350098,0.8817665576934814,0.3090909,-0.09577635
00-0033537,D.Watson,script,leading_small,10,-0.3932542,-0.53938496,-19.49418067932129,-23.11448097229004,0.3,-0.17879972
00-0033537,D.Watson,time,normal,170,-0.2483893,-0.29304397,-1.5257748365402222,-3.1106367111206055,0.34117648,-0.11500239
00-0033537,D.Watson,time,two_minute,16,-0.6001134,-0.66982466,-14.663496017456055,-13.755871772766113,0.25,-0.18270695
00-0033537,D.Watson,time,4th_quarter,64,-0.15177001,-0.16290036,-0.8774981498718262,-0.9303848743438721,0.34375,-0.09245598
00-0033537,D.Watson,depth,short,180,0.04892092,-0.08183624,0.061224889010190964,-1.277955174446106,0.41111112,-0.08666873
00-0033537,D.Watson,depth,deep,36,-0.33608758,-0.72053295,-13.66009521484375,-13.050436019897461,0.25,-0.16627634
00-0033537,D.Watson,air_depth,short,149,-0.39998275,-0.29483414,-2.8276796340942383,-5.58811092376709,0.33557048,-0.12239972
00-0033537,D.Watson,air_depth,medium,42,0.07225856,-0.33807173,-7.909932613372803,-7.7729363441467285,0.4047619,-0.14304376
00-0033537,D.Watson,air_depth,deep,19,-0.15467013,-0.5057464,-9.909945487976074,-9.353547096252441,0.21052632,-0.14313221
00-0033537,D.Watson,air_depth,behind_los,40,-0.050999213,0.06934473,8.94654369354248,10.64030647277832,0.325,-0.043296307
00-0033537,D.Watson,pressure,clean_pocket,146,0.06470337,-0.18313867,-1.0564849376678467,-3.3173141479492188,0.41095892,-0.109009534
00-0033537,D.Watson,pressure,under_pressure,104,-0.68257654,-0.24263337,-4.833825588226318,-1.4336743354797363,0.23076923,-0.054591402
00-0033537,D.Watson,play_action,standard_dropback,250,-0.24616508,-0.2857051,-2.2256617546081543,-3.201383352279663,0.336,-0.11291534
00-0030565,G.Smith,down,1_down,255,0.012907318,-0.07923765,5.497270107269287,4.48245906829834,0.48235294,0.002130866
00-0030565,G.Smith,down,2_down,202,0.20338893,0.12374323,8.302443504333496,7.161753177642822,0.5049505,0.04059711
00-0030565,G.Smith,down,3rd_medium,63,0.16550383,0.16560587,8.465126037597656,6.759668350219727,0.46031746,0.032036692
00-0030565,G.Smith,down,3rd_long,65,-0.34949586,-0.24713978,-4.1186113357543945,-4.823207378387451,0.2769231,-0.029353052
00-0030565,G.Smith,down,3rd_short,32,-0.21035767,-0.052653536,-1.7607117891311646,-0.1829925775527954,0.5,-0.0005055666
00-0030565,G.Smith,field,midfield,479,0.06567198,0.025429003,6.911187171936035,5.961946964263916,0.45929018,0.0024656653
00-0030565,G.Smith,field,own_territory,84,0.08470839,0.006981991,5.457597732543945,5.3269877433776855,0.54761904,0.0915187
00-0030565,G.Smith,field,goal_line,22,-0.7765942,-0.7033188,-26.234956741333008,-27.044450759887695,0.22727273,-0.20067488
00-0030565,G.Smith,field,red_zone,36,0.32632446,0.26787394,14.429341316223145,12.003389358520508,0.5277778,0.123764426
00-0030565,G.Smith,script,close_game,406,0.016977517,-0.03029581,7.365053653717041,6.1857452392578125,0.4507389,-0.00046804547
00-0030565,G.Smith,script,leading_small,60,-0.17584041,-0.32197118,-2.6251564025878906,-6.245456695556641,0.43333334,-0.045466393
00-0030565,G.Smith,script,trailing_small,116,0.23086093,0.20296565,6.146646976470947,4.776116847991943,0.5344828,0.07984215
00-0030565,G.Smith,script,trailing_big,45,-0.011216153,0.085228525,1.1235322952270508,2.826521635055542,0.44444445,0.039577186
00-0030565,G.Smith,time,normal,378,0.024949204,-0.019705474,4.538646697998047,2.953784942626953,0.45502645,-0.001152426
00-0030565,G.Smith,time,two_minute,62,0.41683772,0.34712642,11.550110816955566,12.457735061645508,0.48387095,0.051164
00-0030565,G.Smith,time,4th_quarter,182,-0.09543806,-0.10656841,5.206740856170654,5.1538543701171875,0.46703297,0.030826986
00-0030565,G.Smith,depth,deep,105,0.5191292,0.13468385,6.509145259857178,7.118804931640625,0.47619048,0.059914142
00-0030565,G.Smith,depth,short,471,0.115271255,-0.015485898,5.443294048309326,4.104114055633545,0.51380044,0.016020596
00-0030565,G.Smith,air_depth,short,355,-0.07259338,0.03255523,7.381237030029297,4.620805740356445,0.48450705,0.026536852
00-0030565,G.Smith,air_depth,medium,97,0.36789024,-0.042440057,4.387671947479248,4.524668216705322,0.6082474,0.060441732
00-0030565,G.Smith,air_depth,behind_los,109,-0.29537836,-0.17503442,1.0157791376113892,2.7095417976379395,0.29357797,-0.07471833
00-0030565,G.Smith,air_depth,deep,68,0.6535897,0.30251345,6.476790428161621,7.033189296722412,0.42647058,0.07281205
00-0030565,G.Smith,pressure,under_pressure,188,-0.60784435,-0.16790119,-0.5829518437385559,2.817199468612671,0.29787233,0.0125117
00-0030565,G.Smith,pressure,clean_pocket,441,0.30938166,0.061539635,7.360036373138428,5.099206924438477,0.53514737,0.015178919
00-0030565,G.Smith,play_action,standard_dropback,629,0.0352346,-0.0043054,5.639533519744873,4.663811683654785,0.46422893,0.0153135955
00-0039732,B.Nix,down,3rd_short,40,-0.22184868,-0.06414455,-1.464654803276062,0.11306440830230713,0.525,0.02449441
00-0039732,B.Nix,down,1_down,217,0.12299266,0.030847691,3.450140953063965,2.4353301525115967,0.4654378,-0.0147842765
00-0039732,B.Nix,down,2_down,201,0.041828394,-0.037817307,-4.050607681274414,-5.191298007965088,0.4079602,-0.056393206
00-0039732,B.Nix,down,3rd_long,81,-0.1826019,-0.080245815,-0.8242648839950562,-1.5288608074188232,0.28395063,-0.022325516
00-0039732,B.Nix,down,3rd_medium,62,0.119764775,0.11986682,4.808916091918945,3.1034584045410156,0.41935483,-0.008925945
00-0039732,B.Nix,down,4th_down,13,0.70051634,0.6946413,11.064737319946289,9.467588424682617,0.53846157,0.0753468
00-0039732,B.Nix,field,red_zone,48,0.2505333,0.19208279,4.771312236785889,2.345360040664673,0.5208333,0.11681995
00-0039732,B.Nix,field,midfield,474,-0.0035367515,-0.04377973,-1.2424755096435547,-2.191715717315674,0.407173,-0.049651504
00-0039732,B.Nix,field,own_territory,59,0.18322276,0.105496354,2.776923656463623,2.6463136672973633,0.42372882,-0.03237152
00-0039732,B.Nix,field,inside_10,20,0.3739761,0.37961426,10.8350191116333,10.082505226135254,0.5,0.1350711
00-0039732,B.Nix,field,goal_line,14,-0.11582174,-0.042546295,17.722972869873047,16.91347885131836,0.5,0.07205239
00-0039732,B.Nix,script,close_game,368,0.013194882,-0.034078445,-0.47975388169288635,-1.6590625047683716,0.4021739,-0.049033046
00-0039732,B.Nix,script,trailing_small,75,0.042747397,0.014852114,-0.5764889121055603,-1.947019100189209,0.45333335,-0.0013072789
00-0039732,B.Nix,script,leading_small,83,0.103292465,-0.04283832,4.401675701141357,0.7813754081726074,0.4939759,0.015176177
00-0039732,B.Nix,script,leading_big,42,0.6070475,0.45573094,7.735401630401611,9.198209762573242,0.52380955,0.063135386
00-0039732,B.Nix,script,trailing_big,47,-0.321568,-0.22512333,-5.999425411224365,-4.296436309814453,0.31914893,-0.08571833
00-0039732,B.Nix,time,normal,396,0.021214783,-0.023439895,0.10279551148414612,-1.4820663928985596,0.42424244,-0.031936437
00-0039732,B.Nix,time,two_minute,67,0.031922556,-0.037788734,-3.438693046569824,-2.531068801879883,0.41791046,-0.014796495
00-0039732,B.Nix,time,4th_quarter,148,0.12712333,0.11599298,3.0472593307495117,2.994372606277466,0.43243244,-0.0037735403
00-0039732,B.Nix,depth,short,467,0.055138092,-0.07561906,0.6302593946456909,-0.7089207172393799,0.44539616,-0.05238369
00-0039732,B.Nix,depth,deep,121,0.3767983,-0.0076470673,-0.6375908851623535,-0.0279313325881958,0.4214876,0.005211264
00-0039732,B.Nix,air_depth,short,283,-0.101701744,0.0034468696,2.748295545578003,-0.012135505676269531,0.43816254,-0.019807667
00-0039732,B.Nix,air_depth,behind_los,148,-0.06738703,0.05295691,-0.7475197911262512,0.9462429881095886,0.35135135,-0.016944945
00-0039732,B.Nix,air_depth,deep,78,0.31428474,-0.036791533,-0.09889112412929535,0.4575076103210449,0.35897437,0.0053158402
00-0039732,B.Nix,air_depth,medium,106,0.3892265,-0.0211038,-3.482532501220703,-3.345536470413208,0.5283019,-0.019503772
00-0039732,B.Nix,pressure,under_pressure,171,-0.3396346,0.10030857,-5.399463653564453,-1.999312400817871,0.2748538,-0.010506839
00-0039732,B.Nix,pressure,clean_pocket,444,0.19165507,-0.05618696,2.0414650440216064,-0.21936416625976562,0.47972974,-0.04023871
00-0039732,B.Nix,play_action,standard_dropback,615,0.043930642,0.004390642,0.36463600397109985,-0.6110855937004089,0.42276424,-0.02615109
00-0036264,J.Love,down,2_down,171,0.29556042,0.21591473,4.968335151672363,3.8276448249816895,0.5146199,0.050266474
00-0036264,J.Love,down,3rd_medium,55,-0.10493942,-0.10483738,-2.72806453704834,-4.4335222244262695,0.36363637,-0.0646444
00-0036264,J.Love,down,1_down,170,0.13607873,0.043933764,-3.3683011531829834,-4.383111953735352,0.4882353,0.008013219
00-0036264,J.Love,down,3rd_long,45,-0.21977547,-0.117419384,0.7876788377761841,0.08308291435241699,0.2888889,-0.017387241
00-0036264,J.Love,down,3rd_short,26,-0.10076351,0.056940623,0.0901021957397461,1.6678214073181152,0.53846157,0.037956
00-0036264,J.Love,field,midfield,335,0.123448476,0.0832055,-2.2160258293151855,-3.1652660369873047,0.47164178,0.014817268
00-0036264,J.Love,field,red_zone,53,0.29250982,0.2340593,8.011052131652832,5.585100173950195,0.43396226,0.02994889
00-0036264,J.Love,field,goal_line,18,0.06089137,0.13416682,23.296525955200195,22.487031936645508,0.5,0.07205239
00-0036264,J.Love,field,own_territory,57,-0.050079416,-0.12780581,1.6780359745025635,1.5474259853363037,0.50877196,0.05267161
00-0036264,J.Love,field,inside_10,14,0.109262,0.11490015,-0.8207569122314453,-1.5732710361480713,0.35714287,-0.0077860355
00-0036264,J.Love,script,close_game,239,0.08473214,0.03745881,-0.04840074107050896,-1.227709412574768,0.45606694,0.004859984
00-0036264,J.Love,script,trailing_small,63,0.21456565,0.18667036,5.0605549812316895,3.6900248527526855,0.53968257,0.08504194
00-0036264,J.Love,script,trailing_big,75,-0.011469598,0.084975086,-3.410522937774658,-1.707533597946167,0.42666668,0.021799415
00-0036264,J.Love,script,leading_small,56,0.35107598,0.20494519,5.643048286437988,2.0227479934692383,0.51785713,0.039057404
00-0036264,J.Love,script,leading_big,44,0.09229085,-0.059025705,-5.947018623352051,-4.484210968017578,0.45454547,-0.0061286986
00-0036264,J.Love,time,normal,312,0.11951674,0.07486206,-1.766205906867981,-3.3510677814483643,0.47115386,0.014974982
00-0036264,J.Love,time,4th_quarter,122,0.25303668,0.24190633,4.774134159088135,4.721247673034668,0.47540984,0.039203852
00-0036264,J.Love,time,two_minute,43,-0.26814556,-0.33785686,2.302488088607788,3.2101123332977295,0.44186047,0.009153515
00-0036264,J.Love,depth,short,354,0.053197693,-0.077559456,-0.5241298079490662,-1.8633098602294922,0.49717513,-0.0006047189
00-0036264,J.Love,depth,deep,104,0.56228596,0.17784059,2.501465320587158,3.1111249923706055,0.42307693,0.006800592
00-0036264,J.Love,air_depth,short,236,0.038177792,0.1433264,2.5092508792877197,-0.25118017196655273,0.5169492,0.058978975
00-0036264,J.Love,air_depth,medium,83,0.43294057,0.022610277,-0.20848122239112854,-0.07148516178131104,0.5301205,-0.017685175
00-0036264,J.Love,air_depth,deep,73,0.37407866,0.023002386,0.37196412682533264,0.9283628463745117,0.3561644,0.0025058687
00-0036264,J.Love,air_depth,behind_los,85,-0.18379214,-0.063448206,-5.827088356018066,-4.133325576782227,0.3764706,0.0081743
00-0036264,J.Love,pressure,clean_pocket,347,0.29439357,0.04655154,1.6039668321609497,-0.6568623781204224,0.54178673,0.02181828
00-0036264,J.Love,pressure,under_pressure,130,-0.35019326,0.0897499,-4.758677005767822,-1.3585257530212402,0.2769231,-0.008437544
00-0036264,J.Love,play_action,standard_dropback,477,0.11872,0.07918,0.17093947529792786,-0.8047821521759033,0.4696017,0.020686358
00-0036389,J.Hurts,down,2_down,194,0.16086432,0.08121862,9.27637004852295,8.135680198669434,0.47938144,0.01502803
00-0036389,J.Hurts,down,3rd_long,53,-0.17419024,-0.071834154,7.501842975616455,6.797246932983398,0.3207547,0.014478564
00-0036389,J.Hurts,down,1_down,163,0.17572866,0.0835837,8.755537986755371,7.740727424621582,0.5153374,0.03511533
00-0036389,J.Hurts,down,3rd_short,20,-0.088399276,0.06930485,-7.710051536560059,-6.1323323249816895,0.45,-0.05050558
00-0036389,J.Hurts,down,3rd_medium,61,0.23390673,0.23400877,2.461524248123169,0.7560666799545288,0.45901638,0.030735612
00-0036389,J.Hurts,down,4th_down,11,0.32931894,0.32344392,26.76905059814453,25.17190170288086,0.54545456,0.08233979
00-0036389,J.Hurts,field,own_territory,35,0.25665134,0.17892495,4.562955856323242,4.432345867156982,0.4857143,0.029613942
00-0036389,J.Hurts,field,midfield,403,0.14339428,0.1031513,7.904903888702393,6.955663681030273,0.48138958,0.02456507
00-0036389,J.Hurts,field,red_zone,39,-0.15235275,-0.21080327,6.106494903564453,3.6805427074432373,0.41025642,0.00624305
00-0036389,J.Hurts,field,inside_10,13,-0.5418733,-0.5362351,-11.300148010253906,-12.052661895751953,0.15384616,-0.21108274
00-0036389,J.Hurts,field,goal_line,13,0.9238937,0.99716914,45.14779281616211,44.33829879760742,0.61538464,0.18743703
00-0036389,J.Hurts,script,close_game,385,0.14763717,0.10036385,8.355109214782715,7.175800323486328,0.46493506,0.013728112
00-0036389,J.Hurts,script,trailing_small,12,-0.28292778,-0.31082305,16.24703598022461,14.876505851745605,0.5833333,0.12869269
00-0036389,J.Hurts,script,trailing_big,28,-0.1472406,-0.050795913,-6.3409342765808105,-4.637945175170898,0.35714287,-0.047724396
00-0036389,J.Hurts,script,leading_small,60,0.09368946,-0.05244133,6.967152118682861,3.3468518257141113,0.5,0.02120027
00-0036389,J.Hurts,script,leading_big,18,0.60285527,0.4515387,13.040088653564453,14.502896308898926,0.6111111,0.15043694
00-0036389,J.Hurts,time,normal,345,0.053067133,0.008412454,6.46106481552124,4.8762030601501465,0.457971,0.0017921329
00-0036389,J.Hurts,time,two_minute,64,0.23566376,0.16595247,7.738430023193359,8.6460542678833,0.453125,0.020418048
00-0036389,J.Hurts,time,4th_quarter,94,0.34472936,0.333599,12.274867057800293,12.221980094909668,0.5319149,0.09570891
00-0036389,J.Hurts,depth,deep,76,0.5228442,0.13839883,3.966446876525879,4.576106548309326,0.42105263,0.004776299
00-0036389,J.Hurts,depth,short,375,0.32200575,0.1912486,8.53687572479248,7.197695732116699,0.5466667,0.048886836
00-0036389,J.Hurts,air_depth,medium,85,0.4582122,0.0478819,6.652131080627441,6.789127349853516,0.5882353,0.04042965
00-0036389,J.Hurts,air_depth,deep,49,0.8171686,0.46609232,8.851215362548828,9.407613754272461,0.42857143,0.074912906
00-0036389,J.Hurts,air_depth,behind_los,68,0.00881525,0.12915918,2.768981456756592,4.462744235992432,0.38235295,0.014056653
00-0036389,J.Hurts,air_depth,short,301,-0.04582567,0.059322942,9.262763977050781,6.50233268737793,0.4651163,0.0071460903
00-0036389,J.Hurts,pressure,clean_pocket,351,0.46478403,0.216942,9.218531608581543,6.95770263671875,0.5726496,0.052681148
00-0036389,J.Hurts,pressure,under_pressure,152,-0.6404209,-0.20047775,0.921198844909668,4.32135009765625,0.23684211,-0.048518524
00-0036389,J.Hurts,play_action,standard_dropback,503,0.13080557,0.09126557,7.749625205993652,6.773903846740723,0.47117296,0.022257626
00-0038128,M.Willis,down,2_down,22,0.14063145,0.06098575,-2.761403799057007,-3.9020938873291016,0.36363637,-0.10071704
00-0038128,M.Willis,down,3rd_medium,12,0.5895304,0.58963245,14.817472457885742,13.112014770507812,0.5,0.07171923
00-0038128,M.Willis,down,1_down,12,-0.3559594,-0.44810435,-2.24706768989563,-3.261878490447998,0.41666666,-0.06355542
00-0038128,M.Willis,down,3rd_long,12,0.84534055,0.9476966,34.186378479003906,33.481781005859375,0.41666666,0.110390514
00-0038128,M.Willis,field,midfield,53,0.2661118,0.22586882,6.28602933883667,5.336789131164551,0.3962264,-0.060598105
00-0038128,M.Willis,script,close_game,23,0.1340027,0.08672938,9.405776023864746,8.22646713256836,0.4347826,-0.016424358
00-0038128,M.Willis,script,leading_small,30,0.2139257,0.06779492,5.299336910247803,1.6790366172790527,0.36666667,-0.112133056
00-0038128,M.Willis,time,4th_quarter,27,0.22575581,0.21462546,-0.44164448976516724,-0.49453121423721313,0.37037036,-0.065835625
00-0038128,M.Willis,time,normal,33,0.2092039,0.16454922,10.04671859741211,8.461856842041016,0.42424244,-0.031936437
00-0038128,M.Willis,depth,short,39,0.09643744,-0.034319714,0.23596687614917755,-1.1032131910324097,0.3846154,-0.113164455
00-0038128,M.Willis,depth,deep,15,1.7598834,1.375438,23.777814865112305,24.387474060058594,0.6666667,0.25039035
00-0038128,M.Willis,air_depth,short,29,-0.25635928,-0.15121067,10.37797737121582,7.617546081542969,0.31034482,-0.14762539
00-0038128,M.Willis,air_depth,behind_los,15,-0.11027459,0.010069348,-5.811968803405762,-4.118206024169922,0.33333334,-0.034962952
00-0038128,M.Willis,air_depth,medium,11,0.45234692,0.042016625,-9.249860763549805,-9.11286449432373,0.45454547,-0.0932602
00-0038128,M.Willis,pressure,clean_pocket,48,0.35043398,0.10259195,3.3692755699157715,1.1084463596343994,0.41666666,-0.10330179
00-0038128,M.Willis,pressure,under_pressure,15,-0.10141287,0.3385303,34.54633712768555,37.94648742675781,0.33333334,0.04797271
00-0038128,M.Willis,play_action,standard_dropback,63,0.2428514,0.20331141,6.898754119873047,5.923032760620117,0.3968254,-0.05208993
00-0039164,A.Richardson,down,2_down,96,-0.13266408,-0.21230978,-15.21082592010498,-16.351516723632812,0.35416666,-0.110186756
00-0039164,A.Richardson,down,1_down,98,0.06555395,-0.026591018,-6.025845527648926,-7.040656089782715,0.40816328,-0.0720588
00-0039164,A.Richardson,down,3rd_medium,21,-0.42603984,-0.4259378,-25.715120315551758,-27.420578002929688,0.23809524,-0.19018553
00-0039164,A.Richardson,down,3rd_long,42,-0.07015709,0.032198995,-1.1609001159667969,-1.865496039390564,0.26190478,-0.044371367
00-0039164,A.Richardson,down,3rd_short,10,-1.2295767,-1.0718726,-25.569597244262695,-23.991878509521484,0.3,-0.20050555
00-0039164,A.Richardson,field,midfield,206,-0.02556757,-0.06581055,-7.362527847290039,-8.311767578125,0.37864077,-0.07818374
00-0039164,A.Richardson,field,red_zone,13,-1.0731207,-1.1315712,-29.072608947753906,-31.49856185913086,0.15384616,-0.2501672
00-0039164,A.Richardson,field,own_territory,47,-0.38327384,-0.46100023,-25.182266235351562,-25.312875747680664,0.25531915,-0.2007812
00-0039164,A.Richardson,script,close_game,178,-0.19214238,-0.2394157,-14.317388534545898,-15.496697425842285,0.32022473,-0.13098222
00-0039164,A.Richardson,script,trailing_small,67,0.072402574,0.04450729,-3.666969060897827,-5.03749942779541,0.43283582,-0.02180481
00-0039164,A.Richardson,script,trailing_big,21,-0.4801159,-0.38367122,-12.081303596496582,-10.378314018249512,0.2857143,-0.11915296
00-0039164,A.Richardson,time,normal,160,-0.25151837,-0.29617304,-13.353271484375,-14.938133239746094,0.325,-0.13117889
00-0039164,A.Richardson,time,4th_quarter,98,0.057633974,0.046503622,-3.660972833633423,-3.7138595581054688,0.40816328,-0.028042704
00-0039164,A.Richardson,time,two_minute,19,-0.23943904,-0.30915034,-28.17352294921875,-27.265899658203125,0.21052632,-0.22218063
00-0039164,A.Richardson,depth,short,179,-0.100019485,-0.23077664,-11.136282920837402,-12.475462913513184,0.40223464,-0.0955452
00-0039164,A.Richardson,depth,deep,83,0.0790672,-0.30537817,-10.241524696350098,-9.631865501403809,0.28915662,-0.12711972
00-0039164,A.Richardson,air_depth,medium,68,0.092231385,-0.3180989,-12.421627044677734,-12.28463077545166,0.45588234,-0.091923326
00-0039164,A.Richardson,air_depth,behind_los,30,0.12090587,0.2412498,0.5730614066123962,2.266824245452881,0.4,0.03170371
00-0039164,A.Richardson,air_depth,short,119,-0.3823814,-0.2772328,-12.100526809692383,-14.860958099365234,0.33613446,-0.12183574
00-0039164,A.Richardson,air_depth,deep,60,-0.058994617,-0.4100709,-12.539055824279785,-11.982657432556152,0.21666667,-0.13699186
00-0039164,A.Richardson,pressure,under_pressure,91,-0.61547494,-0.17553177,-14.28289794921875,-10.882746696472168,0.18681319,-0.098547444
00-0039164,A.Richardson,pressure,clean_pocket,186,0.090667024,-0.157175,-9.573487281799316,-11.83431625366211,0.4247312,-0.095237255
00-0039164,A.Richardson,play_action,standard_dropback,277,-0.14131463,-0.18085462,-10.859590530395508,-11.835311889648438,0.3465704,-0.10234493
00-0039163,C.Stroud,down,1_down,234,0.11525625,0.023111284,-0.7536104917526245,-1.7684212923049927,0.45299146,-0.02723062
00-0039163,C.Stroud,down,4th_down,10,0.11734712,0.111472085,17.91205596923828,16.31490707397461,0.5,0.03688523
00-0039163,C.Stroud,down,2_down,207,-0.14462672,-0.22427243,-5.0565643310546875,-6.197254657745361,0.39130434,-0.07304907
00-0039163,C.Stroud,down,3rd_long,97,-0.096733026,0.0056230575,0.2507602572441101,-0.453835666179657,0.29896906,-0.0073070824
00-0039163,C.Stroud,down,3rd_medium,66,-0.0042380528,-0.0041360124,0.8758823275566101,-0.82957524061203,0.42424244,-0.004038334
00-0039163,C.Stroud,down,3rd_short,41,0.011865712,0.16956984,4.606400489807129,6.184119701385498,0.58536583,0.084860265
00-0039163,C.Stroud,field,midfield,510,0.0064895856,-0.03375339,-0.7257437109947205,-1.6749838590621948,0.43529412,-0.02153039
00-0039163,C.Stroud,field,inside_10,21,0.46137118,0.46700934,19.435588836669922,18.683074951171875,0.47619048,0.11126158
00-0039163,C.Stroud,field,own_territory,64,-0.116879985,-0.1946064,-6.679134845733643,-6.809744834899902,0.40625,-0.049850345
00-0039163,C.Stroud,field,goal_line,16,-0.04818371,0.025091738,-2.6026856899261475,-3.4121792316436768,0.375,-0.05294761
00-0039163,C.Stroud,field,red_zone,44,-0.35722372,-0.41567424,-7.924018383026123,-10.349970817565918,0.20454545,-0.19946791
00-0039163,C.Stroud,script,close_game,459,0.081159845,0.03388652,0.4325214922428131,-0.7467871904373169,0.4509804,-0.00022655725
00-0039163,C.Stroud,script,leading_small,81,-0.1720361,-0.31816688,0.583216667175293,-3.037083625793457,0.37037036,-0.10842937
00-0039163,C.Stroud,script,trailing_small,72,-0.12385082,-0.15174611,-5.8302836418151855,-7.2008137702941895,0.3472222,-0.10741842
00-0039163,C.Stroud,script,trailing_big,35,-0.4531299,-0.35668522,-6.49805212020874,-4.795063018798828,0.2857143,-0.11915296
00-0039163,C.Stroud,time,normal,437,0.023340568,-0.02131411,0.7109299898147583,-0.873931884765625,0.4416476,-0.014531285
00-0039163,C.Stroud,time,two_minute,69,0.05015318,-0.01955811,-7.97477912902832,-7.067154884338379,0.42028984,-0.012417108
00-0039163,C.Stroud,time,4th_quarter,149,-0.16530888,-0.17643923,-4.301168441772461,-4.354054927825928,0.34228188,-0.093924105
00-0039163,C.Stroud,depth,short,473,0.14556037,0.014803216,-0.8903025984764099,-2.229482650756836,0.47145876,-0.026321083
00-0039163,C.Stroud,depth,deep,119,0.2853823,-0.09906307,-2.494123697280884,-1.884464144706726,0.42016807,0.0038917363
00-0039163,C.Stroud,air_depth,short,327,-0.2255767,-0.120428085,-2.4230222702026367,-5.183453559875488,0.3975535,-0.0604167
00-0039163,C.Stroud,air_depth,behind_los,106,-0.26181182,-0.14146788,-1.8573517799377441,-0.1635890007019043,0.31132075,-0.056975543
00-0039163,C.Stroud,air_depth,medium,148,0.5818049,0.17147458,3.9282004833221436,4.065196514129639,0.5810811,0.033275425
00-0039163,C.Stroud,air_depth,deep,74,0.05997159,-0.29110467,-6.038618087768555,-5.482219219207764,0.3243243,-0.029334217
00-0039163,C.Stroud,pressure,clean_pocket,406,0.22449164,-0.023350388,0.7621369361877441,-1.498692274093628,0.50985223,-0.0101162195
00-0039163,C.Stroud,pressure,under_pressure,249,-0.4100973,0.029845864,-6.013027191162109,-2.6128759384155273,0.26506025,-0.020300388
00-0039163,C.Stroud,play_action,standard_dropback,655,-0.01674904,-0.05628904,-1.2144490480422974,-2.1901707649230957,0.41679388,-0.03212145
00-0036212,T.Tagovailoa,down,3rd_long,48,0.09785706,0.20021313,2.514662981033325,1.810067057609558,0.39583334,0.0895572
00-0036212,T.Tagovailoa,down,1_down,142,0.25272018,0.16057521,4.214334487915039,3.199523687362671,0.57042253,0.090200454
00-0036212,T.Tagovailoa,down,2_down,153,0.22569527,0.14604956,3.3518121242523193,2.2111220359802246,0.5294118,0.06505838
00-0036212,T.Tagovailoa,down,4th_down,14,0.8197009,0.81382585,13.25822925567627,11.661080360412598,0.64285713,0.17974237
00-0036212,T.Tagovailoa,down,3rd_short,26,0.36515757,0.5228617,-3.3413496017456055,-1.7636303901672363,0.61538464,0.11487907
00-0036212,T.Tagovailoa,down,3rd_medium,35,-0.3320192,-0.33191717,8.08791732788086,6.38245964050293,0.42857143,0.00029066205
00-0036212,T.Tagovailoa,field,own_territory,34,0.59679246,0.51906604,2.525639533996582,2.3950295448303223,0.61764705,0.1615467
00-0036212,T.Tagovailoa,field,midfield,322,0.13006875,0.08982577,3.8727636337280273,2.923523426055908,0.5217391,0.064914614
00-0036212,T.Tagovailoa,field,red_zone,32,0.2819842,0.22353369,4.835755348205566,2.4098031520843506,0.53125,0.12723663
00-0036212,T.Tagovailoa,field,goal_line,18,0.01204839,0.08532384,-6.02131986618042,-6.830813407897949,0.44444445,0.016496837
00-0036212,T.Tagovailoa,field,inside_10,15,0.9473048,0.95294297,11.08397388458252,10.331459999084473,0.6,0.23507112
00-0036212,T.Tagovailoa,script,close_game,264,0.24812433,0.20085101,4.2240424156188965,3.044733762741089,0.5568182,0.105611235
00-0036212,T.Tagovailoa,script,trailing_small,70,0.120434254,0.09253897,4.063990116119385,2.693459987640381,0.42857143,-0.026069194
00-0036212,T.Tagovailoa,script,trailing_big,43,0.28365025,0.38009495,6.492031097412109,8.19502067565918,0.60465115,0.19978389
00-0036212,T.Tagovailoa,script,leading_small,23,0.104362085,-0.0417687,1.3419196605682373,-2.2783806324005127,0.47826087,-0.0005388558
00-0036212,T.Tagovailoa,script,leading_big,21,-0.13854727,-0.28986382,-5.797862529754639,-4.335054397583008,0.42857143,-0.032102734
00-0036212,T.Tagovailoa,time,normal,270,0.18850188,0.1438472,4.357657432556152,2.7727956771850586,0.537037,0.08085814
00-0036212,T.Tagovailoa,time,two_minute,41,-0.00040353072,-0.07011482,1.735170841217041,2.6427950859069824,0.4878049,0.055097938
00-0036212,T.Tagovailoa,time,4th_quarter,103,0.2795679,0.26843753,1.6348366737365723,1.5819499492645264,0.5145631,0.0783571
00-0036212,T.Tagovailoa,depth,short,343,0.28803113,0.15727398,4.545149803161621,3.20596981048584,0.5714286,0.07364875
00-0036212,T.Tagovailoa,depth,deep,54,0.4964954,0.11205003,-0.9459983110427856,-0.33633875846862793,0.46296296,0.04668662
00-0036212,T.Tagovailoa,air_depth,behind_los,107,0.1862849,0.30662882,3.1204042434692383,4.814167022705078,0.5140187,0.14572242
00-0036212,T.Tagovailoa,air_depth,short,206,0.1209222,0.22607082,5.75791072845459,2.9974796772003174,0.5339806,0.076010406
00-0036212,T.Tagovailoa,air_depth,deep,28,0.3222986,-0.028777689,-3.310889720916748,-2.754490852355957,0.35714287,0.0034843385
00-0036212,T.Tagovailoa,air_depth,medium,80,0.39695245,-0.013377845,2.7679295539855957,2.904925584793091,0.6,0.052194357
00-0036212,T.Tagovailoa,pressure,clean_pocket,326,0.33697885,0.089136824,4.121367931365967,1.8605387210845947,0.5736196,0.053651154
00-0036212,T.Tagovailoa,pressure,under_pressure,95,-0.25507456,0.1848686,2.206955909729004,5.607107162475586,0.37894738,0.09358674
00-0036212,T.Tagovailoa,play_action,standard_dropback,421,0.2033801,0.16384009,3.7809178829193115,2.8051962852478027,0.5296912,0.08077589
00-0036971,T.Lawrence,down,1_down,110,0.13417841,0.04203345,3.8846206665039062,2.869809865951538,0.48181817,0.0015960932
00-0036971,T.Lawrence,down,3rd_long,33,-0.2959038,-0.19354773,-8.787771224975586,-9.492366790771484,0.18181819,-0.124457955
00-0036971,T.Lawrence,down,2_down,104,0.18611956,0.106473856,-0.018104312941432,-1.1587945222854614,0.47115386,0.006800443
00-0036971,T.Lawrence,down,3rd_medium,33,-0.1757095,-0.17560746,-1.709703803062439,-3.415161371231079,0.42424244,-0.004038334
00-0036971,T.Lawrence,down,3rd_short,14,-0.67010534,-0.5124012,-23.368183135986328,-21.790464401245117,0.2857143,-0.21479127
00-0036971,T.Lawrence,field,midfield,234,-0.028089622,-0.0683326,-1.728657603263855,-2.6778976917266846,0.41880342,-0.038021088
00-0036971,T.Lawrence,field,own_territory,29,0.3088405,0.23111412,4.067265510559082,3.9366555213928223,0.55172414,0.09562379
00-0036971,T.Lawrence,field,red_zone,18,-0.09407706,-0.15252757,8.78466510772705,6.358713150024414,0.3888889,-0.01512447
00-0036971,T.Lawrence,field,goal_line,15,0.07548857,0.14876401,-16.119342803955078,-16.928836822509766,0.4,-0.027947605
00-0036971,T.Lawrence,script,close_game,175,0.026119368,-0.021153959,-0.0715247169137001,-1.2508333921432495,0.42857143,-0.02263552
00-0036971,T.Lawrence,script,leading_small,14,-0.10108167,-0.24721245,-20.09136962890625,-23.711669921875,0.42857143,-0.050228298
00-0036971,T.Lawrence,script,trailing_small,48,0.14995535,0.12206006,-1.1053297519683838,-2.4758598804473877,0.4375,-0.017140627
00-0036971,T.Lawrence,script,trailing_big,64,-0.09829286,-0.0018481761,-0.5982122421264648,1.1047770977020264,0.40625,0.0013827384
00-0036971,T.Lawrence,time,normal,184,0.11516516,0.07051048,1.1894488334655762,-0.39541304111480713,0.46195653,0.005777657
00-0036971,T.Lawrence,time,two_minute,28,0.02808542,-0.041625872,-8.402295112609863,-7.494670867919922,0.39285713,-0.039849818
00-0036971,T.Lawrence,time,4th_quarter,93,-0.16967817,-0.18080851,-3.451564073562622,-3.504450798034668,0.37634408,-0.0598619
00-0036971,T.Lawrence,depth,deep,65,0.42328414,0.038838774,3.5122463703155518,4.12190580368042,0.43076923,0.014492899
00-0036971,T.Lawrence,depth,short,218,0.051559165,-0.07919799,-2.31905198097229,-3.6582322120666504,0.4587156,-0.03906426
00-0036971,T.Lawrence,air_depth,short,152,-0.16869622,-0.06354761,-3.308185577392578,-6.06861686706543,0.4473684,-0.010601789
00-0036971,T.Lawrence,air_depth,medium,68,0.26140794,-0.14892235,0.048643264919519424,0.18563932180404663,0.5,-0.047805667
00-0036971,T.Lawrence,air_depth,deep,43,0.48903236,0.13795608,4.266854286193848,4.823253154754639,0.39534885,0.04169032
00-0036971,T.Lawrence,air_depth,behind_los,42,-0.16584747,-0.045503527,-0.7036924362182617,0.9900703430175781,0.2857143,-0.082582
00-0036971,T.Lawrence,pressure,under_pressure,79,-0.5273683,-0.08742514,-8.375080108642578,-4.974928855895996,0.2658228,-0.019537836
00-0036971,T.Lawrence,pressure,clean_pocket,226,0.21176465,-0.03607738,0.8662567734718323,-1.3945724964141846,0.48672566,-0.033242792
00-0036971,T.Lawrence,play_action,standard_dropback,305,0.020317102,-0.019222898,-0.968420684337616,-1.9441423416137695,0.4295082,-0.019407123
00-0026498,M.Stafford,down,1_down,250,0.16273983,0.07059486,0.30164653062820435,-0.7131642699241638,0.52,0.039777905
00-0026498,M.Stafford,down,2_down,207,0.2663963,0.18675062,1.2179200649261475,0.07722985744476318,0.531401,0.067047566
00-0026498,M.Stafford,down,3rd_long,58,-0.22923078,-0.12687469,2.213252544403076,1.508656620979309,0.3448276,0.03855145
00-0026498,M.Stafford,down,3rd_medium,63,-0.23209895,-0.23199691,-5.864855766296387,-7.570313453674316,0.3968254,-0.031455368
00-0026498,M.Stafford,down,4th_down,12,-0.24662787,-0.2525029,-3.0994622707366943,-4.696611404418945,0.41666666,-0.04644811
00-0026498,M.Stafford,down,3rd_short,32,-0.6741592,-0.5164551,-18.682153701782227,-17.104434967041016,0.28125,-0.21925557
00-0026498,M.Stafford,field,midfield,477,0.087347984,0.047105007,-0.0035964546259492636,-0.9528365731239319,0.49056605,0.033741534
00-0026498,M.Stafford,field,own_territory,50,0.19691534,0.11918894,-0.30427002906799316,-0.4348800480365753,0.6,0.14389968
00-0026498,M.Stafford,field,red_zone,49,0.1441906,0.08574008,-3.8617515563964844,-6.287703514099121,0.42857143,0.024558067
00-0026498,M.Stafford,field,inside_10,24,-0.40105167,-0.39541352,-6.589883327484131,-7.342397212982178,0.20833333,-0.15659557
00-0026498,M.Stafford,field,goal_line,24,-0.31108794,-0.23781249,-7.607123851776123,-8.416617393493652,0.375,-0.05294761
00-0026498,M.Stafford,script,close_game,428,0.009459211,-0.037814118,-3.1011710166931152,-4.280479431152344,0.45560747,0.0044005215
00-0026498,M.Stafford,script,trailing_small,108,0.23630552,0.20841023,7.712508678436279,6.341978549957275,0.5740741,0.11943346
00-0026498,M.Stafford,script,trailing_big,43,0.026903508,0.12334819,2.2910397052764893,3.9940290451049805,0.4651163,0.06024903
00-0026498,M.Stafford,script,leading_small,36,0.26988015,0.12374936,-4.246879577636719,-7.867179870605469,0.5,0.02120027
00-0026498,M.Stafford,time,normal,385,0.03848804,-0.006166637,-1.367840051651001,-2.952702045440674,0.47012988,0.013951004
00-0026498,M.Stafford,time,two_minute,59,-0.044174373,-0.11388566,-8.645556449890137,-7.737932205200195,0.40677965,-0.025927305
00-0026498,M.Stafford,time,4th_quarter,177,0.12846509,0.11733474,1.9765762090682983,1.9236894845962524,0.5141243,0.07791829
00-0026498,M.Stafford,depth,short,477,0.084282726,-0.046474427,-2.7820353507995605,-4.121215343475342,0.5031447,0.0053648353
00-0026498,M.Stafford,depth,deep,110,0.6289986,0.24455321,7.397134304046631,8.006793975830078,0.53636366,0.120087326
00-0026498,M.Stafford,air_depth,behind_los,87,-0.15172915,-0.031385213,-4.395723342895508,-2.701960563659668,0.35632184,-0.011974454
00-0026498,M.Stafford,air_depth,deep,60,0.5677982,0.21672192,4.031245231628418,4.587644100189209,0.43333334,0.07967481
00-0026498,M.Stafford,air_depth,short,359,-0.091047816,0.0141007975,-1.7265269756317139,-4.486958026885986,0.48189417,0.023923963
00-0026498,M.Stafford,air_depth,medium,118,0.45172423,0.041393936,1.6884288787841797,1.8254249095916748,0.58474576,0.036940098
00-0026498,M.Stafford,pressure,clean_pocket,422,0.30900928,0.061167255,3.265613555908203,1.004784345626831,0.57345974,0.053491294
00-0026498,M.Stafford,pressure,under_pressure,202,-0.44018403,-0.00024086237,-11.91380500793457,-8.513653755187988,0.28217822,-0.0031824112
00-0026498,M.Stafford,play_action,standard_dropback,624,0.066481955,0.026941955,-0.8354926109313965,-1.8112142086029053,0.47916666,0.030251324
00-0033106,J.Goff,down,2_down,202,0.1653806,0.0857349,3.231926202774048,2.091236114501953,0.5346535,0.07030007
00-0033106,J.Goff,down,3rd_medium,52,0.24242887,0.24253091,7.52878999710083,5.8233323097229,0.48076922,0.052488446
00-0033106,J.Goff,down,3rd_short,38,0.09658644,0.25429058,5.98732852935791,7.565047740936279,0.57894737,0.0784418
00-0033106,J.Goff,down,1_down,237,0.2791571,0.18701214,6.050597190856934,5.0357866287231445,0.5864979,0.10627583
00-0033106,J.Goff,down,3rd_long,60,0.3516687,0.45402476,-0.1484353393316269,-0.8530312776565552,0.36666667,0.060390532
00-0033106,J.Goff,down,4th_down,17,1.6366789,1.630804,17.748647689819336,16.151498794555664,0.7058824,0.2427676
00-0033106,J.Goff,field,midfield,449,0.2865795,0.24633652,4.997457504272461,4.048217296600342,0.5634744,0.106649905
00-0033106,J.Goff,field,inside_10,26,0.47659808,0.48223624,11.582500457763672,10.829986572265625,0.46153846,0.09660956
00-0033106,J.Goff,field,goal_line,23,0.9668535,1.040129,19.56821632385254,18.75872230529785,0.6956522,0.26770458
00-0033106,J.Goff,field,own_territory,47,0.27314883,0.19542244,7.271978378295898,7.141368389129639,0.5319149,0.075814545
00-0033106,J.Goff,field,red_zone,62,-0.16646801,-0.22491851,-3.7862813472747803,-6.212233543395996,0.37096775,-0.03304562
00-0033106,J.Goff,script,close_game,327,0.13543844,0.08816512,4.85129451751709,3.6719858646392822,0.5229358,0.071728855
00-0033106,J.Goff,script,leading_small,95,0.3255211,0.17939033,5.131980895996094,1.5116806030273438,0.57894737,0.100147635
00-0033106,J.Goff,script,leading_big,67,0.46246624,0.3111497,9.162793159484863,10.625600814819336,0.53731346,0.076639295
00-0033106,J.Goff,script,trailing_small,87,0.47046822,0.44257295,2.005462169647217,0.6349320411682129,0.54022986,0.08558923
00-0033106,J.Goff,script,trailing_big,31,0.6029523,0.69939697,5.2919769287109375,6.994966506958008,0.6451613,0.24029401
00-0033106,J.Goff,time,normal,401,0.34499556,0.3003409,8.020743370056152,6.435881614685059,0.5511222,0.094943315
00-0033106,J.Goff,time,two_minute,50,0.23085171,0.16114041,-3.7073495388031006,-2.799725294113159,0.52,0.08729303
00-0033106,J.Goff,time,4th_quarter,155,0.09958343,0.088453084,-0.12506823241710663,-0.17795494198799133,0.5225806,0.08637464
00-0033106,J.Goff,depth,short,478,0.3311744,0.20041725,5.006736755371094,3.6675567626953125,0.57949793,0.08171809
00-0033106,J.Goff,depth,deep,95,0.70607924,0.32163388,4.827675819396973,5.43733549118042,0.5368421,0.12056577
00-0033106,J.Goff,air_depth,short,331,0.17112693,0.27627555,7.516193389892578,4.755762100219727,0.5558912,0.097921014
00-0033106,J.Goff,air_depth,behind_los,116,0.11603007,0.236374,3.8080053329467773,5.501768112182617,0.4827586,0.114462316
00-0033106,J.Goff,air_depth,medium,112,0.5383554,0.12802511,1.1271828413009644,1.2641788721084595,0.6160714,0.068265736
00-0033106,J.Goff,air_depth,deep,48,0.7379593,0.38688305,1.3569926023483276,1.913391351699829,0.41666666,0.06300813
00-0033106,J.Goff,pressure,clean_pocket,440,0.5450822,0.2972402,7.702009677886963,5.441180229187012,0.62954545,0.109577
00-0033106,J.Goff,pressure,under_pressure,167,-0.44320843,-0.0032652617,-5.2410407066345215,-1.8408894538879395,0.31137726,0.026016623
00-0033106,J.Goff,play_action,standard_dropback,607,0.27318016,0.23364016,4.97590970993042,4.000187873840332,0.5420099,0.09309456
00-0036355,J.Herbert,down,1_down,198,0.052560575,-0.03958439,3.1054136753082275,2.0906028747558594,0.5050505,0.024828404
00-0036355,J.Herbert,down,3rd_medium,62,-0.11755864,-0.1174566,-4.999270915985107,-6.704728603363037,0.4032258,-0.025054961
00-0036355,J.Herbert,down,2_down,221,0.16250962,0.08286392,-0.827877938747406,-1.9685680866241455,0.42986426,-0.034489155
00-0036355,J.Herbert,down,3rd_long,76,0.04383487,0.14619096,0.6217407584190369,-0.08285516500473022,0.27631578,-0.029960364
00-0036355,J.Herbert,down,4th_down,10,-0.059304856,-0.065179884,1.984262228012085,0.387113094329834,0.5,0.03688523
00-0036355,J.Herbert,down,3rd_short,11,0.43699315,0.5946973,9.887618064880371,11.465337753295898,0.6363636,0.13585806
00-0036355,J.Herbert,field,midfield,433,0.10334311,0.06310013,0.9666337370872498,0.01739358901977539,0.4595843,0.0027597845
00-0036355,J.Herbert,field,own_territory,78,0.21509244,0.13736603,-0.6353391408920288,-0.7659491300582886,0.43589744,-0.020202905
00-0036355,J.Herbert,field,red_zone,39,-0.45726374,-0.5157142,-2.2566115856170654,-4.682563781738281,0.25641027,-0.1476031
00-0036355,J.Herbert,field,inside_10,18,0.31226712,0.31790528,5.715427875518799,4.962913990020752,0.3888889,0.023959994
00-0036355,J.Herbert,field,goal_line,13,0.03269336,0.1059688,-9.825071334838867,-10.634564399719238,0.46153846,0.033590853
00-0036355,J.Herbert,script,close_game,407,0.12777224,0.08049892,0.9740138649940491,-0.20529478788375854,0.45454547,0.0033385158
00-0036355,J.Herbert,script,leading_small,64,0.36917907,0.22304828,7.132275104522705,3.511974811553955,0.5,0.02120027
00-0036355,J.Herbert,script,leading_big,55,-0.20770559,-0.35902214,-6.958542823791504,-5.495735168457031,0.3090909,-0.15158325
00-0036355,J.Herbert,script,trailing_small,44,-0.256069,-0.28396428,-1.977118730545044,-3.347648859024048,0.4318182,-0.02282244
00-0036355,J.Herbert,script,trailing_big,11,-0.29114562,-0.19470094,-8.898538589477539,-7.195549011230469,0.27272728,-0.13213998
00-0036355,J.Herbert,time,normal,397,0.13539705,0.090742365,3.4008328914642334,1.81597101688385,0.47103274,0.014853865
00-0036355,J.Herbert,time,two_minute,64,0.039632663,-0.030078627,0.8323652744293213,1.7399895191192627,0.40625,-0.026456952
00-0036355,J.Herbert,time,4th_quarter,120,-0.05459837,-0.06572872,-9.195261001586914,-9.248147964477539,0.35833332,-0.077872664
00-0036355,J.Herbert,depth,short,409,0.12547438,-0.0052827746,1.3084763288497925,-0.03070378303527832,0.48899755,-0.008782297
00-0036355,J.Herbert,depth,deep,124,0.51535153,0.13090616,-1.9535341262817383,-1.3438745737075806,0.42741936,0.011143029
00-0036355,J.Herbert,air_depth,short,295,-0.13764922,-0.03250061,2.522463083267212,-0.23796796798706055,0.43728814,-0.020682067
00-0036355,J.Herbert,air_depth,deep,71,0.6097467,0.25867042,5.55973482131958,6.116133689880371,0.4225352,0.06887668
00-0036355,J.Herbert,air_depth,behind_los,82,-0.23179469,-0.11145075,-2.8571646213531494,-1.1634018421173096,0.29268292,-0.07561338
00-0036355,J.Herbert,air_depth,medium,133,0.496684,0.08635372,-3.5729458332061768,-3.4359498023986816,0.5488722,0.0010665059
00-0036355,J.Herbert,pressure,under_pressure,189,-0.43273026,0.007212907,-3.8359978199005127,-0.43584656715393066,0.26455027,-0.020810366
00-0036355,J.Herbert,pressure,clean_pocket,392,0.3355187,0.08767666,2.0318517684936523,-0.22897744178771973,0.5255102,0.005541742
00-0036355,J.Herbert,play_action,standard_dropback,581,0.08560638,0.04606638,0.5450271368026733,-0.43069446086883545,0.44061962,-0.008295715
00-0035289,G.Minshew,down,1_down,126,-0.0861044,-0.17824936,2.153899908065796,1.1390891075134277,0.46031746,-0.019904613
00-0035289,G.Minshew,down,2_down,115,-0.11477036,-0.19441606,3.09611439704895,1.955424189567566,0.4695652,0.0052118003
00-0035289,G.Minshew,down,3rd_long,39,-0.06572395,0.036632136,-1.863778829574585,-2.5683746337890625,0.35897437,0.052698225
00-0035289,G.Minshew,down,3rd_medium,34,-0.20037222,-0.20027018,-4.094301223754883,-5.7997589111328125,0.4117647,-0.01651606
00-0035289,G.Minshew,down,3rd_short,13,-0.66526484,-0.50756073,-15.390401840209961,-13.81268310546875,0.46153846,-0.038967103
00-0035289,G.Minshew,field,midfield,264,-0.06004665,-0.10028963,2.2897346019744873,1.3404943943023682,0.49242425,0.03559974
00-0035289,G.Minshew,field,own_territory,23,-0.32617366,-0.40390006,-7.0302605628967285,-7.160870552062988,0.17391305,-0.28218728
00-0035289,G.Minshew,field,red_zone,19,0.21812077,0.15967026,-1.115050196647644,-3.5410022735595703,0.47368422,0.069670856
00-0035289,G.Minshew,field,inside_10,17,-0.39932498,-0.39368683,-6.204699516296387,-6.957213401794434,0.23529412,-0.12963478
00-0035289,G.Minshew,field,goal_line,10,-1.967679,-1.8944036,-28.43132972717285,-29.24082374572754,0.2,-0.22794761
00-0035289,G.Minshew,script,close_game,211,-0.26411942,-0.31139275,-0.07721514999866486,-1.256523847579956,0.39810428,-0.053102672
00-0035289,G.Minshew,script,trailing_small,97,0.15344712,0.12555183,1.9063332080841064,0.5358030796051025,0.5463917,0.0917511
00-0035289,G.Minshew,script,trailing_big,25,-0.1932205,-0.096775815,-0.030581599101424217,1.6724077463150024,0.48,0.07513273
00-0035289,G.Minshew,time,normal,189,-0.13363677,-0.17829145,0.4564231336116791,-1.1284387111663818,0.41269842,-0.043480456
00-0035289,G.Minshew,time,two_minute,35,-0.52559435,-0.5953056,-0.1880238801240921,0.7196003794670105,0.37142858,-0.061278373
00-0035289,G.Minshew,time,4th_quarter,109,-0.018552098,-0.02968245,0.8096663951873779,0.756779670715332,0.5321101,0.09590411
00-0035289,G.Minshew,depth,short,262,0.025176438,-0.10558072,1.195427417755127,-0.14375269412994385,0.49618322,-0.0015966296
00-0035289,G.Minshew,depth,deep,41,0.13418637,-0.25025898,-3.4368174076080322,-2.827157974243164,0.4390244,0.022748053
00-0035289,G.Minshew,air_depth,short,196,-0.24377061,-0.138622,3.0458455085754395,0.285414457321167,0.49489796,0.03692776
00-0035289,G.Minshew,air_depth,deep,24,-0.009267832,-0.3603441,-2.284714937210083,-1.7283161878585815,0.375,0.021341473
00-0035289,G.Minshew,air_depth,behind_los,66,-0.1836498,-0.063305855,-2.809189796447754,-1.115427017211914,0.27272728,-0.095569015
00-0035289,G.Minshew,air_depth,medium,47,0.30738354,-0.10294676,-2.0458688735961914,-1.9088728427886963,0.5319149,-0.015890777
00-0035289,G.Minshew,pressure,clean_pocket,223,0.20031583,-0.047526196,2.5049898624420166,0.24416065216064453,0.5605381,0.040569663
00-0035289,G.Minshew,pressure,under_pressure,110,-0.8213251,-0.38138196,-6.793493747711182,-3.3933424949645996,0.21818182,-0.067178816
00-0035289,G.Minshew,play_action,standard_dropback,333,-0.13716316,-0.17670316,0.5195481777191162,-0.4561734199523926,0.44744745,-0.0014678836
00-0035710,D.Jones,down,2_down,102,-0.108422026,-0.18806773,1.0122684240341187,-0.12842178344726562,0.38235295,-0.082000464
00-0035710,D.Jones,down,3rd_long,52,-0.049342792,0.05301329,2.338510036468506,1.6339141130447388,0.32692307,0.02064693
00-0035710,D.Jones,down,3rd_medium,35,-0.21500109,-0.21489905,9.132425308227539,7.426967620849609,0.42857143,0.00029066205
00-0035710,D.Jones,down,3rd_short,18,-0.15428993,0.0034141988,-4.140536308288574,-2.562817096710205,0.5,-0.0005055666
00-0035710,D.Jones,down,1_down,149,-0.0042804233,-0.09642539,2.5281381607055664,1.5133273601531982,0.4899329,0.0097108185
00-0035710,D.Jones,down,4th_down,10,-0.70291317,-0.7087882,-22.486154556274414,-24.083303451538086,0.4,-0.06311476
00-0035710,D.Jones,field,midfield,303,-0.035452664,-0.07569564,2.021146297454834,1.0719060897827148,0.4389439,-0.017880619
00-0035710,D.Jones,field,red_zone,18,-1.0025308,-1.0609813,3.260781764984131,0.834829568862915,0.22222222,-0.18179114
00-0035710,D.Jones,field,goal_line,12,0.047923207,0.121198654,19.18231773376465,18.37282371520996,0.33333334,-0.09461427
00-0035710,D.Jones,field,own_territory,27,0.027774338,-0.049952064,-0.1944027692079544,-0.32501280307769775,0.5185185,0.062418163
00-0035710,D.Jones,field,inside_10,11,-0.8060286,-0.8003904,-25.16817283630371,-25.920686721801758,0.18181819,-0.18311071
00-0035710,D.Jones,script,close_game,236,-0.06137792,-0.10865125,1.8901915550231934,0.7108829021453857,0.43220338,-0.01900357
00-0035710,D.Jones,script,trailing_small,89,0.03467226,0.0067769773,4.4516282081604,3.0810980796813965,0.43820226,-0.016438365
00-0035710,D.Jones,script,trailing_big,32,-0.6584358,-0.56199116,-5.347343444824219,-3.6443541049957275,0.34375,-0.06111726
00-0035710,D.Jones,script,leading_small,14,-0.2756954,-0.42182618,-12.263360977172852,-15.883661270141602,0.35714287,-0.121656865
00-0035710,D.Jones,time,normal,213,-0.13146956,-0.17612424,2.921485185623169,1.3366233110427856,0.42723006,-0.028948814
00-0035710,D.Jones,time,two_minute,34,0.1619425,0.09223121,7.073180675506592,7.980804920196533,0.5,0.06729305
00-0035710,D.Jones,time,4th_quarter,124,-0.111548945,-0.12267929,-2.365652322769165,-2.418539047241211,0.3951613,-0.041044682
00-0035710,D.Jones,depth,short,291,0.01274067,-0.11801648,2.2566819190979004,0.9175018072128296,0.48109967,-0.016680181
00-0035710,D.Jones,depth,deep,46,0.41017595,0.02573058,-3.253308057785034,-2.643648624420166,0.36956522,-0.046711117
00-0035710,D.Jones,air_depth,behind_los,57,-0.24947488,-0.12913094,-5.967583656311035,-4.273820877075195,0.45614034,0.087844044
00-0035710,D.Jones,air_depth,short,214,-0.18719518,-0.08204657,6.036283016204834,3.2758519649505615,0.40654206,-0.05142814
00-0035710,D.Jones,air_depth,medium,67,0.12654418,-0.28378612,-0.6577106714248657,-0.5207146406173706,0.52238804,-0.025417626
00-0035710,D.Jones,air_depth,deep,33,0.28704044,-0.06403583,-6.137800216674805,-5.581401348114014,0.27272728,-0.08093125
00-0035710,D.Jones,pressure,under_pressure,123,-0.59624934,-0.15630618,-1.8409031629562378,1.5592480897903442,0.22764228,-0.05771835
00-0035710,D.Jones,pressure,clean_pocket,248,0.14923237,-0.098609656,2.479240894317627,0.21841168403625488,0.5201613,0.00019282103
00-0035710,D.Jones,play_action,standard_dropback,371,-0.09792196,-0.13746196,1.4571248292922974,0.4814032316207886,0.42318058,-0.025734752
00-0034869,S.Darnold,down,2_down,238,0.097245306,0.017599605,4.37557315826416,3.2348828315734863,0.5,0.035646588
00-0034869,S.Darnold,down,3rd_long,79,-0.032101367,0.07025471,1.20901358127594,0.5044176578521729,0.35443038,0.048154235
00-0034869,S.Darnold,down,1_down,211,0.15882957,0.0666846,5.7538275718688965,4.739016532897949,0.52606636,0.045844287
00-0034869,S.Darnold,down,4th_down,12,-1.4385749,-1.4444499,-22.194446563720703,-23.791595458984375,0.25,-0.21311477
00-0034869,S.Darnold,down,3rd_medium,63,-0.19008419,-0.18998215,-3.3781204223632812,-5.083578109741211,0.3968254,-0.031455368
00-0034869,S.Darnold,down,3rd_short,38,-0.07406948,0.08363465,4.529462814331055,6.107182025909424,0.5263158,0.025810242
00-0034869,S.Darnold,field,own_territory,62,0.22167413,0.14394772,3.562304735183716,3.431694746017456,0.46774194,0.011641592
00-0034869,S.Darnold,field,midfield,477,0.006514319,-0.03372866,2.1796247959136963,1.2303845882415771,0.4821803,0.025355786
00-0034869,S.Darnold,field,red_zone,53,-0.039019015,-0.09746952,2.929832696914673,0.503880500793457,0.41509435,0.01108098
00-0034869,S.Darnold,field,inside_10,25,0.30579346,0.31143162,11.677143096923828,10.924629211425781,0.52,0.15507108
00-0034869,S.Darnold,field,goal_line,26,-0.08666862,-0.013393171,13.6522216796875,12.842728614807129,0.46153846,0.033590853
00-0034869,S.Darnold,script,close_game,400,0.12119116,0.073917836,6.76154088973999,5.582232475280762,0.505,0.053793043
00-0034869,S.Darnold,script,leading_small,134,0.021804798,-0.12432599,-1.3802697658538818,-5.000570297241211,0.48507464,0.006274909
00-0034869,S.Darnold,script,leading_big,29,-0.62471884,-0.7760354,-11.496251106262207,-10.033443450927734,0.31034482,-0.15032935
00-0034869,S.Darnold,script,trailing_small,42,0.11467625,0.086780965,14.704363822937012,13.333833694458008,0.45238096,-0.0022596717
00-0034869,S.Darnold,script,trailing_big,38,-0.47166547,-0.37522078,-19.04607391357422,-17.34308433532715,0.28947368,-0.11539358
00-0034869,S.Darnold,time,normal,435,0.09136064,0.046705965,5.283114910125732,3.6982531547546387,0.5103448,0.05416593
00-0034869,S.Darnold,time,two_minute,55,-0.1440149,-0.2137262,-6.58623743057251,-5.678613185882568,0.38181818,-0.050888777
00-0034869,S.Darnold,time,4th_quarter,146,-0.119058,-0.13018835,-1.8280034065246582,-1.880890130996704,0.39041096,-0.045795023
00-0034869,S.Darnold,depth,short,458,0.14307614,0.012318984,2.441422939300537,1.1022428274154663,0.52838427,0.030604422
00-0034869,S.Darnold,depth,deep,126,0.53906155,0.15461618,5.931763172149658,6.5414228439331055,0.5,0.083723664
00-0034869,S.Darnold,air_depth,short,339,-0.18043506,-0.07528645,5.739917755126953,2.9794867038726807,0.47492626,0.016956061
00-0034869,S.Darnold,air_depth,deep,76,0.7534066,0.4023303,8.559033393859863,9.115431785583496,0.46052632,0.10686779
00-0034869,S.Darnold,air_depth,medium,131,0.30900386,-0.101326436,-0.31940531730651855,-0.18240925669670105,0.5648855,0.01707983
00-0034869,S.Darnold,air_depth,behind_los,97,-0.16903453,-0.048690587,-3.561580181121826,-1.8678174018859863,0.371134,0.0028377175
00-0034869,S.Darnold,pressure,under_pressure,213,-0.5356455,-0.09570232,-4.717195987701416,-1.317044734954834,0.29107982,0.005719185
00-0034869,S.Darnold,pressure,clean_pocket,430,0.31224898,0.06440695,5.722677707672119,3.461848497390747,0.5674419,0.04747343
00-0034869,S.Darnold,play_action,standard_dropback,643,0.031375688,-0.008164313,3.2163543701171875,2.2406327724456787,0.47589424,0.02697891
00-0036442,J.Burrow,down,2_down,253,0.1203699,0.040724196,4.987369537353516,3.846679210662842,0.513834,0.049480587
00-0036442,J.Burrow,down,3rd_long,56,-0.018707335,0.08364875,14.945611953735352,14.241016387939453,0.30357143,-0.0027047098
00-0036442,J.Burrow,down,3rd_medium,63,0.5114792,0.51158124,14.37889575958252,12.67343807220459,0.5555556,0.12727481
00-0036442,J.Burrow,down,1_down,255,0.25037888,0.15823391,6.861961841583252,5.847150802612305,0.5568628,0.076640695
00-0036442,J.Burrow,down,3rd_short,55,-0.2927743,-0.13507016,-4.510365009307861,-2.932645797729492,0.47272727,-0.027778298
00-0036442,J.Burrow,down,4th_down,17,0.4960243,0.4901493,13.917052268981934,12.319903373718262,0.5294118,0.066297024
00-0036442,J.Burrow,field,midfield,523,0.16747794,0.12723497,7.762381076812744,6.813140869140625,0.5277247,0.07090017
00-0036442,J.Burrow,field,own_territory,41,0.11436537,0.036638968,3.540944814682007,3.410334825515747,0.4878049,0.031704545
00-0036442,J.Burrow,field,red_zone,60,0.4603281,0.40187758,10.652750015258789,8.226798057556152,0.53333336,0.12932
00-0036442,J.Burrow,field,goal_line,51,0.1217849,0.19506034,-1.3601757287979126,-2.1696691513061523,0.43137255,0.0034249425
00-0036442,J.Burrow,field,inside_10,26,-0.39227122,-0.38663307,-2.0962913036346436,-2.8488054275512695,0.34615386,-0.018775046
00-0036442,J.Burrow,script,close_game,556,0.21253963,0.1652663,7.966821670532227,6.78751277923584,0.52517986,0.07397291
00-0036442,J.Burrow,script,trailing_small,50,0.016097484,-0.011797799,5.144519329071045,3.773989200592041,0.56,0.105359375
00-0036442,J.Burrow,script,trailing_big,28,0.21513002,0.3115747,1.2497717142105103,2.952761173248291,0.42857143,0.023704171
00-0036442,J.Burrow,script,leading_small,48,0.10525224,-0.04087854,7.58774995803833,3.96744966506958,0.39583334,-0.08296639
00-0036442,J.Burrow,script,leading_big,19,-0.7442662,-0.8955828,-16.985279083251953,-15.52247142791748,0.42105263,-0.039621532
00-0036442,J.Burrow,time,normal,453,0.18280089,0.1381462,7.831791877746582,6.246930122375488,0.5320088,0.07582995
00-0036442,J.Burrow,time,4th_quarter,177,0.05099707,0.03986672,3.7953009605407715,3.7424142360687256,0.46327683,0.02707085
00-0036442,J.Burrow,time,two_minute,61,0.30038822,0.23067692,4.998571395874023,5.906195640563965,0.47540984,0.042702883
00-0036442,J.Burrow,time,overtime,10,0.5752643,0.09124577,24.493553161621094,8.965615272521973,0.7,0.08372092
00-0036442,J.Burrow,depth,short,562,0.26925868,0.13850152,6.566635608673096,5.2274556159973145,0.56227756,0.06449771
00-0036442,J.Burrow,depth,deep,89,0.7054215,0.32097614,8.174264907836914,8.783924102783203,0.48314607,0.066869736
00-0036442,J.Burrow,air_depth,short,427,0.03708773,0.14223635,8.706814765930176,5.946383476257324,0.53395784,0.07598764
00-0036442,J.Burrow,air_depth,behind_los,93,-0.23034641,-0.11000247,-0.10828743875026703,1.5854753255844116,0.3548387,-0.013457596
00-0036442,J.Burrow,air_depth,medium,129,0.74232894,0.33199865,6.294454097747803,6.431450366973877,0.60465115,0.056845486
00-0036442,J.Burrow,air_depth,deep,52,0.49494076,0.14386448,5.752599716186523,6.3089985847473145,0.3846154,0.030956864
00-0036442,J.Burrow,pressure,under_pressure,220,-0.24176396,0.1981792,8.425622940063477,11.825774192810059,0.37727273,0.09191209
00-0036442,J.Burrow,pressure,clean_pocket,481,0.35155857,0.10371654,6.272510051727295,4.011680603027344,0.57380456,0.053836107
00-0036442,J.Burrow,play_action,standard_dropback,701,0.16535178,0.12581179,6.7867889404296875,5.811067581176758,0.51212555,0.06321022
00-0033119,J.Brissett,down,1_down,49,-0.022723578,-0.114868544,-7.629176139831543,-8.643986701965332,0.40816328,-0.0720588
00-0033119,J.Brissett,down,3rd_long,30,-0.25754222,-0.15518615,-13.233428955078125,-13.938024520874023,0.3,-0.0062761307
00-0033119,J.Brissett,down,2_down,61,-0.04676228,-0.12640798,2.1213583946228027,0.9806681871414185,0.44262296,-0.021730453
00-0033119,J.Brissett,down,3rd_short,13,-0.35033548,-0.19263135,3.1697583198547363,4.7474775314331055,0.46153846,-0.038967103
00-0033119,J.Brissett,down,3rd_medium,22,-0.89202935,-0.8919273,4.691587924957275,2.9861302375793457,0.27272728,-0.15555349
00-0033119,J.Brissett,field,own_territory,10,-0.43076044,-0.50848687,-31.98665428161621,-32.11726379394531,0.2,-0.25610036
00-0033119,J.Brissett,field,midfield,138,-0.17333645,-0.21357942,-0.9904758334159851,-1.9397159814834595,0.42028984,-0.036534667
00-0033119,J.Brissett,field,red_zone,22,-0.5425201,-0.6009706,-7.552459716796875,-9.978411674499512,0.27272728,-0.13128608
00-0033119,J.Brissett,script,close_game,126,-0.12453868,-0.17181201,-2.51407527923584,-3.6933839321136475,0.42857143,-0.02263552
00-0033119,J.Brissett,script,trailing_small,19,-0.4935894,-0.5214847,3.3806703090667725,2.0101401805877686,0.36842105,-0.08621958
00-0033119,J.Brissett,script,trailing_big,30,-0.2421806,-0.14573592,-6.501962661743164,-4.798973083496094,0.3,-0.10486725
00-0033119,J.Brissett,time,normal,107,-0.21890943,-0.2635641,0.3969387114048004,-1.1879231929779053,0.42056075,-0.035618126
00-0033119,J.Brissett,time,two_minute,15,-0.3794247,-0.449136,-28.79525375366211,-27.887630462646484,0.26666668,-0.16604027
00-0033119,J.Brissett,time,4th_quarter,56,-0.15349428,-0.16462463,-4.88284969329834,-4.935736179351807,0.35714287,-0.07906312
00-0033119,J.Brissett,depth,short,140,0.013544665,-0.11721249,-2.317673683166504,-3.656853675842285,0.45714286,-0.040636986
00-0033119,J.Brissett,depth,deep,20,-0.48570567,-0.87015104,-7.584549903869629,-6.974890232086182,0.2,-0.21627633
00-0033119,J.Brissett,air_depth,short,111,-0.17097133,-0.06582272,-1.9737530946731567,-4.734184265136719,0.45045045,-0.007519752
00-0033119,J.Brissett,air_depth,medium,28,-0.2825056,-0.6928359,-13.848238945007324,-13.71124267578125,0.32142857,-0.2263771
00-0033119,J.Brissett,air_depth,behind_los,27,-0.13258106,-0.012237117,7.09344482421875,8.78720760345459,0.33333334,-0.034962952
00-0033119,J.Brissett,air_depth,deep,13,-0.5104342,-0.8615105,-9.630789756774902,-9.07439136505127,0.15384616,-0.19981237
00-0033119,J.Brissett,pressure,clean_pocket,104,0.0577579,-0.19008413,-1.2462259531021118,-3.5070552825927734,0.47115386,-0.048814595
00-0033119,J.Brissett,pressure,under_pressure,75,-0.5748017,-0.13485852,-6.4598517417907715,-3.0597004890441895,0.28,-0.005360633
00-0033119,J.Brissett,play_action,standard_dropback,179,-0.20728104,-0.24682105,-2.914586067199707,-3.890307664871216,0.39106146,-0.057853878
00-0023459,A.Rodgers,down,3rd_short,36,-0.21958846,-0.06188433,-6.315823554992676,-4.738104343414307,0.44444445,-0.05606112
00-0023459,A.Rodgers,down,1_down,217,0.12301623,0.030871265,-1.487829327583313,-2.5026402473449707,0.47004607,-0.010176003
00-0023459,A.Rodgers,down,3rd_long,76,0.039854318,0.1422104,4.908365726470947,4.203769683837891,0.36842105,0.062144905
00-0023459,A.Rodgers,down,3rd_medium,61,-0.36905286,-0.3689508,-5.472163200378418,-7.177620887756348,0.37704918,-0.051231593
00-0023459,A.Rodgers,down,2_down,216,0.070126064,-0.009519637,-4.684609413146973,-5.8252997398376465,0.43055555,-0.03379786
00-0023459,A.Rodgers,down,4th_down,18,-0.24012692,-0.24600196,-4.50782585144043,-6.104974746704102,0.44444445,-0.01867032
00-0023459,A.Rodgers,field,midfield,484,0.09703306,0.056790084,-0.6283044219017029,-1.5775445699691772,0.44834712,-0.00847739
00-0023459,A.Rodgers,field,red_zone,50,-0.092230365,-0.15068087,-7.088376998901367,-9.514328956604004,0.42,0.015986621
00-0023459,A.Rodgers,field,own_territory,49,-0.32425717,-0.40198356,-12.918123245239258,-13.048733711242676,0.2857143,-0.17038605
00-0023459,A.Rodgers,field,inside_10,17,-0.77428335,-0.76864517,-15.514928817749023,-16.26744270324707,0.3529412,-0.011987716
00-0023459,A.Rodgers,field,goal_line,27,-0.07448407,-0.0012086257,-3.3195316791534424,-4.129024982452393,0.5185185,0.0905709
00-0023459,A.Rodgers,script,close_game,456,0.077631764,0.030358437,-2.7902543544769287,-3.9695630073547363,0.44298247,-0.008224487
00-0023459,A.Rodgers,script,trailing_big,60,-0.24970064,-0.15325595,-6.710042476654053,-5.007053375244141,0.36666667,-0.038200587
00-0023459,A.Rodgers,script,leading_small,29,-0.58951926,-0.73565006,-0.8829740881919861,-4.503274440765381,0.37931034,-0.09948939
00-0023459,A.Rodgers,script,leading_big,10,0.09806773,-0.053248823,4.77075719833374,6.233565330505371,0.5,0.039325833
00-0023459,A.Rodgers,script,trailing_small,72,0.09704625,0.06915097,0.2859477400779724,-1.0845823287963867,0.44444445,-0.010196179
00-0023459,A.Rodgers,time,normal,398,-0.064750046,-0.10940473,-3.0180201530456543,-4.602881908416748,0.42713568,-0.029043198
00-0023459,A.Rodgers,time,4th_quarter,183,0.09902217,0.087891825,-1.2134002447128296,-1.2662869691848755,0.44262296,0.0064169765
00-0023459,A.Rodgers,time,two_minute,46,0.41172734,0.34201604,-4.251317024230957,-3.3436927795410156,0.45652175,0.023814797
00-0023459,A.Rodgers,depth,short,482,0.087815836,-0.042941317,-2.3971800804138184,-3.7363600730895996,0.47717842,-0.020601422
00-0023459,A.Rodgers,depth,deep,102,0.34982565,-0.03461972,-3.4689159393310547,-2.8592562675476074,0.38235295,-0.033923388
00-0023459,A.Rodgers,air_depth,short,347,-0.08616671,0.018981904,-0.272962749004364,-3.0333938598632812,0.4610951,0.0031248927
00-0023459,A.Rodgers,air_depth,medium,101,0.2130783,-0.19725199,-9.264058113098145,-9.12706184387207,0.44554454,-0.102261126
00-0023459,A.Rodgers,air_depth,behind_los,114,-0.12038939,-4.544854e-05,-3.765472412109375,-2.071709632873535,0.3859649,0.017668605
00-0023459,A.Rodgers,air_depth,deep,65,0.51374346,0.16266719,-0.8917200565338135,-0.335321307182312,0.35384616,0.00018763542
00-0023459,A.Rodgers,pressure,clean_pocket,455,0.12770914,-0.12013289,-2.191821336746216,-4.452650547027588,0.48131868,-0.038649768
00-0023459,A.Rodgers,pressure,under_pressure,172,-0.27219573,0.16774744,-4.112041473388672,-0.7118902206420898,0.30813953,0.022778898
00-0023459,A.Rodgers,play_action,standard_dropback,627,0.018006377,-0.021533623,-2.5839791297912598,-3.5597007274627686,0.4338118,-0.015103519
00-0037834,B.Purdy,down,2_down,157,0.14733127,0.06768557,0.8131087422370911,-0.3275814652442932,0.49044585,0.02609244
00-0037834,B.Purdy,down,3rd_short,23,-0.16952053,-0.011816397,-2.073807716369629,-0.49608850479125977,0.47826087,-0.022244692
00-0037834,B.Purdy,down,3rd_medium,51,0.25545654,0.25555858,8.13351821899414,6.428060531616211,0.50980395,0.08152318
00-0037834,B.Purdy,down,1_down,190,0.23769356,0.1455486,3.319117546081543,2.304306745529175,0.54210526,0.06188318
00-0037834,B.Purdy,down,3rd_long,54,0.072331995,0.17468807,0.6470754146575928,-0.057520508766174316,0.37037036,0.064094216
00-0037834,B.Purdy,field,own_territory,42,0.4145254,0.336799,3.382474184036255,3.251864194869995,0.5952381,0.13913774
00-0037834,B.Purdy,field,midfield,355,0.15385586,0.11361288,0.6356700658798218,-0.3135700821876526,0.5042254,0.047400862
00-0037834,B.Purdy,field,red_zone,44,0.33498922,0.2765387,11.295114517211914,8.869162559509277,0.45454547,0.050532103
00-0037834,B.Purdy,field,goal_line,21,-0.44247782,-0.36920238,7.919882774353027,7.110389232635498,0.33333334,-0.09461427
00-0037834,B.Purdy,field,inside_10,20,0.037492216,0.043130368,-1.0957186222076416,-1.8482327461242676,0.4,0.035071105
00-0037834,B.Purdy,script,close_game,311,0.13476126,0.087487936,0.10855889320373535,-1.0707497596740723,0.4790997,0.027892739
00-0037834,B.Purdy,script,leading_small,69,0.40690786,0.26077706,15.530834197998047,11.910533905029297,0.5942029,0.115403146
00-0037834,B.Purdy,script,leading_big,23,-0.123100236,-0.2744168,-20.50904083251953,-19.046232223510742,0.3043478,-0.15632635
00-0037834,B.Purdy,script,trailing_small,61,0.18827465,0.16037937,7.053508281707764,5.68297815322876,0.55737704,0.10273641
00-0037834,B.Purdy,script,trailing_big,18,-0.02303379,0.07341089,0.3742653429508209,2.0772547721862793,0.44444445,0.039577186
00-0037834,B.Purdy,time,normal,302,0.21891908,0.1742644,1.7502223253250122,0.1653604507446289,0.5033113,0.047132403
00-0037834,B.Purdy,time,two_minute,56,0.03456853,-0.03514276,-4.019845008850098,-3.1122207641601562,0.375,-0.057706952
00-0037834,B.Purdy,time,4th_quarter,124,0.082071275,0.07094093,5.435944080352783,5.383057594299316,0.5322581,0.09605211
00-0037834,B.Purdy,depth,short,361,0.19714412,0.06638697,1.7712242603302002,0.4320441484451294,0.53739613,0.039616287
00-0037834,B.Purdy,depth,deep,89,0.62826854,0.24382317,3.2280211448669434,3.8376808166503906,0.505618,0.08934164
00-0037834,B.Purdy,air_depth,short,265,-0.08563411,0.019514501,-0.34432274103164673,-3.1047537326812744,0.46415094,0.0061807334
00-0037834,B.Purdy,air_depth,deep,49,0.5148114,0.16373512,2.7673377990722656,3.3237366676330566,0.40816328,0.054504752
00-0037834,B.Purdy,air_depth,medium,122,0.6185615,0.20823121,6.553523540496826,6.6905198097229,0.6393443,0.09153861
00-0037834,B.Purdy,air_depth,behind_los,46,0.0049783536,0.1253223,1.43692946434021,3.13069224357605,0.39130434,0.023008049
00-0037834,B.Purdy,pressure,clean_pocket,334,0.35290816,0.105066136,1.1842559576034546,-1.0765732526779175,0.5449102,0.024941742
00-0037834,B.Purdy,pressure,under_pressure,148,-0.2678722,0.17207095,4.729799270629883,8.129950523376465,0.38513514,0.09977451
00-0037834,B.Purdy,play_action,standard_dropback,482,0.16229507,0.12275507,2.0625836849212646,1.0868620872497559,0.49585062,0.04693529
00-0028118,T.Taylor,field,midfield,15,0.36315283,0.32290986,10.333113670349121,9.38387393951416,0.6,0.14317551
00-0028118,T.Taylor,script,trailing_big,24,0.5004203,0.59686494,13.330580711364746,15.033570289611816,0.5833333,0.17846605
00-0028118,T.Taylor,time,4th_quarter,25,0.44252342,0.43139306,13.330580711364746,13.277693748474121,0.56,0.12379402
00-0028118,T.Taylor,depth,short,20,0.46260634,0.3318492,14.385251998901367,13.046072006225586,0.6,0.10222018
00-0028118,T.Taylor,air_depth,short,16,0.3590652,0.46421382,12.391377449035645,9.630946159362793,0.5625,0.1045298
00-0028118,T.Taylor,pressure,under_pressure,10,0.09802252,0.53796566,4.112199783325195,7.512351036071777,0.5,0.21463937
00-0028118,T.Taylor,pressure,clean_pocket,15,0.6721907,0.4243487,17.93977165222168,15.678942680358887,0.6,0.080031574
00-0028118,T.Taylor,play_action,standard_dropback,25,0.44252342,0.40298343,13.330580711364746,12.354859352111816,0.56,0.11108467
00-0029604,K.Cousins,down,2_down,180,0.119398326,0.039752625,-2.014131546020508,-3.1548218727111816,0.48333332,0.018979907
00-0029604,K.Cousins,down,3rd_medium,52,0.09042692,0.090528965,-2.435873508453369,-4.141331195831299,0.44230768,0.01402691
00-0029604,K.Cousins,down,3rd_long,57,-0.3189496,-0.21659353,5.4420857429504395,4.737489700317383,0.31578946,0.009513319
00-0029604,K.Cousins,down,1_down,150,-0.055807862,-0.14795282,2.984506845474243,1.969696044921875,0.53333336,0.053111285
00-0029604,K.Cousins,down,3rd_short,19,0.04060174,0.19830588,1.174041748046875,2.751760959625244,0.5263158,0.025810242
00-0029604,K.Cousins,down,4th_down,19,1.1639299,1.158055,7.196376800537109,5.5992279052734375,0.6315789,0.16846415
00-0029604,K.Cousins,field,midfield,392,0.04430905,0.0040660724,1.2916043996810913,0.34236425161361694,0.502551,0.045726508
00-0029604,K.Cousins,field,red_zone,33,0.035079647,-0.023370866,3.676112413406372,1.2501602172851562,0.3939394,-0.01007396
00-0029604,K.Cousins,field,own_territory,35,0.20173284,0.12400644,3.7534260749816895,3.6228160858154297,0.42857143,-0.027528912
00-0029604,K.Cousins,field,inside_10,10,-0.35215625,-0.3465181,-13.845545768737793,-14.59805965423584,0.3,-0.06492889
00-0029604,K.Cousins,script,close_game,380,0.0735424,0.026269075,0.2991814911365509,-0.8801271915435791,0.47105262,0.019845665
00-0029604,K.Cousins,script,trailing_small,52,0.24967092,0.22177564,11.10606861114502,9.735538482666016,0.59615386,0.14151323
00-0029604,K.Cousins,script,leading_small,15,-0.025319176,-0.17144996,0.47464078664779663,-3.1456594467163086,0.46666667,-0.012133062
00-0029604,K.Cousins,script,trailing_big,31,-0.61185545,-0.5154108,-6.982676982879639,-5.279687881469727,0.41935483,0.014487565
00-0029604,K.Cousins,time,normal,299,0.17236124,0.12770656,2.8471767902374268,1.2623149156570435,0.48494983,0.028770953
00-0029604,K.Cousins,time,two_minute,51,0.024713561,-0.04499773,-1.728122591972351,-0.8204983472824097,0.49019608,0.057489127
00-0029604,K.Cousins,time,4th_quarter,125,-0.29701248,-0.30814284,-3.132211923599243,-3.185098648071289,0.456,0.019794017
00-0029604,K.Cousins,depth,short,370,0.12541251,-0.005344644,0.9923112988471985,-0.3468688130378723,0.5135135,0.01573366
00-0029604,K.Cousins,depth,deep,79,0.39072254,0.0062771738,0.806563675403595,1.4162232875823975,0.5063291,0.09005278
00-0029604,K.Cousins,air_depth,short,234,-0.060058113,0.0450905,2.273568630218506,-0.4868624210357666,0.4957265,0.037756294
00-0029604,K.Cousins,air_depth,medium,115,0.26589403,-0.14443627,-3.892773151397705,-3.75577712059021,0.5565217,0.008716047
00-0029604,K.Cousins,air_depth,behind_los,85,-0.16773628,-0.04739234,4.3726582527160645,6.066421031951904,0.3647059,-0.003590405
00-0029604,K.Cousins,air_depth,deep,44,0.43897867,0.0879024,1.2346135377883911,1.7910122871398926,0.4318182,0.07815966
00-0029604,K.Cousins,pressure,clean_pocket,360,0.24664082,-0.0012012124,1.840626835823059,-0.420202374458313,0.54444444,0.024475992
00-0029604,K.Cousins,pressure,under_pressure,118,-0.5695678,-0.12962463,-3.037698984146118,0.36245226860046387,0.2881356,0.0027749538
00-0029604,K.Cousins,play_action,standard_dropback,478,0.045149993,0.005609993,0.9587326049804688,-0.01698899269104004,0.48117155,0.032256216
00-0036945,J.Fields,down,2_down,60,0.15894537,0.079299666,14.643481254577637,13.502791404724121,0.45,-0.014353424
00-0036945,J.Fields,down,1_down,61,-0.060530443,-0.1526754,-5.9126973152160645,-6.927508354187012,0.37704918,-0.1031729
00-0036945,J.Fields,down,3rd_long,28,-0.10897044,-0.0066143572,-5.389039993286133,-6.0936360359191895,0.2857143,-0.020561844
00-0036945,J.Fields,down,3rd_short,11,0.59642935,0.75413346,7.138796806335449,8.716516494750977,0.6363636,0.13585806
00-0036945,J.Fields,down,3rd_medium,16,0.056187317,0.056289356,-6.117182731628418,-7.822640419006348,0.5,0.07171923
00-0036945,J.Fields,field,midfield,140,0.008040837,-0.03220214,0.17790953814983368,-0.7713305950164795,0.41428572,-0.042538792
00-0036945,J.Fields,field,red_zone,11,0.37195483,0.3135043,19.55368423461914,17.127731323242188,0.54545456,0.1414412
00-0036945,J.Fields,field,own_territory,15,0.13599373,0.058267333,7.276820659637451,7.146210670471191,0.4,-0.05610034
00-0036945,J.Fields,script,close_game,130,0.025941258,-0.021332068,3.655836582183838,2.4765279293060303,0.41538462,-0.035822332
00-0036945,J.Fields,script,leading_small,12,-0.39971444,-0.5458452,-12.00967025756836,-15.62997055053711,0.16666667,-0.31213307
00-0036945,J.Fields,script,trailing_small,21,0.18167357,0.15377828,-3.8685951232910156,-5.2391252517700195,0.47619048,0.02154985
00-0036945,J.Fields,time,normal,118,-0.038090106,-0.082744785,2.2048118114471436,0.6199499368667603,0.38135594,-0.07482293
00-0036945,J.Fields,time,two_minute,18,0.0995721,0.02986081,16.11432456970215,17.021949768066406,0.6111111,0.17840415
00-0036945,J.Fields,time,4th_quarter,42,0.23177351,0.22064316,-3.254551887512207,-3.307438611984253,0.4047619,-0.031444073
00-0036945,J.Fields,depth,short,131,0.22843829,0.097681135,3.6326920986175537,2.2935118675231934,0.48091602,-0.016863823
00-0036945,J.Fields,depth,deep,30,0.22638519,-0.15806018,-4.818958759307861,-4.209299087524414,0.33333334,-0.08294299
00-0036945,J.Fields,air_depth,short,112,-0.09673891,0.008409701,6.672811985015869,3.9123809337615967,0.42857143,-0.02939877
00-0036945,J.Fields,air_depth,behind_los,22,-0.21776141,-0.097417474,-9.126312255859375,-7.432549476623535,0.27272728,-0.095569015
00-0036945,J.Fields,air_depth,medium,21,1.044856,0.63452566,3.277350902557373,3.414346933364868,0.61904764,0.071241975
00-0036945,J.Fields,air_depth,deep,23,0.031116739,-0.31995952,-7.288551330566406,-6.732152462005615,0.26086956,-0.092788965
00-0036945,J.Fields,pressure,clean_pocket,115,0.28944448,0.041602448,3.702988386154175,1.4421591758728027,0.4869565,-0.033011943
00-0036945,J.Fields,pressure,under_pressure,63,-0.41672963,0.023213536,-2.6933417320251465,0.7068095207214355,0.26984128,-0.015519351
00-0036945,J.Fields,play_action,standard_dropback,178,0.039506488,-3.351271e-05,2.0307457447052,1.0550241470336914,0.41011235,-0.03880298
00-0039152,W.Levis,down,2_down,119,-0.120787695,-0.2004334,-2.304352045059204,-3.445042133331299,0.34453782,-0.11981559
00-0039152,W.Levis,down,3rd_long,49,0.19767654,0.30003262,4.458545207977295,3.7539491653442383,0.3265306,0.020254463
00-0039152,W.Levis,down,1_down,116,-0.11113596,-0.20328093,1.1849981546401978,0.1701873540878296,0.39655173,-0.08367035
00-0039152,W.Levis,down,4th_down,12,-1.5360451,-1.5419201,-21.828079223632812,-23.425228118896484,0.25,-0.21311477
00-0039152,W.Levis,down,3rd_short,11,-0.32486725,-0.16716312,7.780022621154785,9.357742309570312,0.36363637,-0.13686919
00-0039152,W.Levis,down,3rd_medium,35,-0.74398565,-0.7438836,-0.6305400729179382,-2.3359975814819336,0.34285715,-0.08542362
00-0039152,W.Levis,field,midfield,277,-0.2231666,-0.26340958,-1.3230208158493042,-2.272260904312134,0.3465704,-0.11025411
00-0039152,W.Levis,field,own_territory,37,0.17944297,0.10171657,9.004510879516602,8.873900413513184,0.45945945,0.0033591092
00-0039152,W.Levis,field,red_zone,14,0.3135459,0.2550954,11.202654838562012,8.776702880859375,0.42857143,0.024558067
00-0039152,W.Levis,script,close_game,206,-0.28242615,-0.3296995,-1.1159781217575073,-2.2952866554260254,0.34951457,-0.10169238
00-0039152,W.Levis,script,leading_small,11,0.29182902,0.14569823,11.65083122253418,8.03053092956543,0.36363637,-0.115163356
00-0039152,W.Levis,script,trailing_small,59,-0.41325176,-0.44114703,2.137129783630371,0.7665996551513672,0.33898306,-0.11565757
00-0039152,W.Levis,script,trailing_big,68,0.20342043,0.29986513,-1.9667460918426514,-0.26375675201416016,0.3970588,-0.007808447
00-0039152,W.Levis,time,normal,205,-0.099154204,-0.14380889,4.59138298034668,3.006521224975586,0.42439026,-0.031788617
00-0039152,W.Levis,time,4th_quarter,111,-0.38864508,-0.39977545,-8.327714920043945,-8.38060188293457,0.26126125,-0.17494473
00-0039152,W.Levis,time,two_minute,28,-0.07331128,-0.14302257,-8.71973991394043,-7.812115669250488,0.25,-0.18270695
00-0039152,W.Levis,depth,short,234,-0.15429994,-0.2850571,-1.6485339403152466,-2.9877140522003174,0.3931624,-0.10461745
00-0039152,W.Levis,depth,deep,67,0.539423,0.15497762,3.7323927879333496,4.342052459716797,0.4477612,0.031484872
00-0039152,W.Levis,air_depth,behind_los,63,-0.44579172,-0.3254478,-1.1487205028533936,0.5450422763824463,0.22222222,-0.14607407
00-0039152,W.Levis,air_depth,short,175,-0.52654403,-0.42139542,-0.6795325875282288,-3.4399635791778564,0.33142856,-0.12654164
00-0039152,W.Levis,air_depth,deep,42,0.6858668,0.3347905,3.9842748641967773,4.540673732757568,0.3809524,0.02729386
00-0039152,W.Levis,air_depth,medium,64,0.40476173,-0.005568564,-2.121401309967041,-1.984405279159546,0.546875,-0.0009306669
00-0039152,W.Levis,pressure,under_pressure,117,-0.60474724,-0.16480407,-2.1188459396362305,1.2813053131103516,0.22222222,-0.06313841
00-0039152,W.Levis,pressure,clean_pocket,227,0.023068264,-0.22477376,0.0796913430094719,-2.181137800216675,0.42731276,-0.09265569
00-0039152,W.Levis,play_action,standard_dropback,344,-0.19046201,-0.23000202,-0.4322971701622009,-1.4080188274383545,0.35755813,-0.0913572
00-0039918,C.Williams,down,2_down,213,-0.015546745,-0.09519245,-4.706964015960693,-5.847654342651367,0.38497654,-0.07937688
00-0039918,C.Williams,down,3rd_short,28,-0.05292099,0.10478314,8.36874771118164,9.946466445922852,0.53571427,0.035208702
00-0039918,C.Williams,down,4th_down,28,0.69736385,0.6914888,18.682899475097656,17.085750579833984,0.53571427,0.0725995
00-0039918,C.Williams,down,1_down,209,0.025355566,-0.0667894,2.752875328063965,1.7380645275115967,0.4258373,-0.054384768
00-0039918,C.Williams,down,3rd_long,85,-0.5617392,-0.45938313,-0.9987237453460693,-1.7033196687698364,0.22352941,-0.08274673
00-0039918,C.Williams,down,3rd_medium,63,-0.2657436,-0.26564157,-6.246270179748535,-7.951727867126465,0.3809524,-0.047328383
00-0039918,C.Williams,down,0_down,10,-0.34700003,-0.15229356,,,0.3,-0.07614678
00-0039918,C.Williams,field,midfield,497,-0.0877429,-0.12798588,1.553615689277649,0.6043755412101746,0.39235413,-0.06447038
00-0039918,C.Williams,field,inside_10,15,0.7274952,0.7331334,11.449615478515625,10.697101593017578,0.6,0.23507112
00-0039918,C.Williams,field,goal_line,20,0.12004821,0.19332366,11.631893157958984,10.822400093078613,0.45,0.022052377
00-0039918,C.Williams,field,own_territory,55,-0.21887623,-0.29660264,-7.286413669586182,-7.417023658752441,0.36363637,-0.09246397
00-0039918,C.Williams,field,red_zone,49,-0.11417141,-0.17262192,-14.283217430114746,-16.709169387817383,0.2857143,-0.11829907
00-0039918,C.Williams,script,close_game,342,-0.154435,-0.20170832,-1.0781168937683105,-2.257425546646118,0.374269,-0.07693794
00-0039918,C.Williams,script,trailing_small,138,-0.13677466,-0.16466995,-3.0091891288757324,-4.379719257354736,0.39130434,-0.06333628
00-0039918,C.Williams,script,trailing_big,119,0.08903261,0.18547729,3.7881484031677246,5.491137504577637,0.40336135,-0.0015059114
00-0039918,C.Williams,script,leading_small,18,0.4507878,0.30465704,18.01436996459961,14.39406967163086,0.44444445,-0.034355283
00-0039918,C.Williams,script,leading_big,19,0.26606247,0.114745915,-2.336771249771118,-0.8739633560180664,0.47368422,0.013010055
00-0039918,C.Williams,time,normal,356,-0.14085588,-0.18551056,-2.7122092247009277,-4.2970709800720215,0.36797753,-0.088201344
00-0039918,C.Williams,time,two_minute,67,0.10727321,0.037561923,1.4468023777008057,2.354426622390747,0.40298507,-0.029721886
00-0039918,C.Williams,time,4th_quarter,211,-0.016664343,-0.027794693,3.9031829833984375,3.8502962589263916,0.4170616,-0.019144386
00-0039918,C.Williams,depth,short,441,0.16425298,0.03349583,2.4728546142578125,1.1336745023727417,0.47845805,-0.0193218
00-0039918,C.Williams,depth,deep,117,0.005173827,-0.37927154,-10.207901954650879,-9.59824275970459,0.2820513,-0.13422504
00-0039918,C.Williams,air_depth,behind_los,108,0.013797937,0.13414188,4.813268661499023,6.507031440734863,0.37037036,0.0020740628
00-0039918,C.Williams,air_depth,deep,80,-0.06143439,-0.41251066,-5.883085250854492,-5.326686382293701,0.2625,-0.09115854
00-0039918,C.Williams,air_depth,short,341,-0.18552303,-0.08037442,3.6204068660736084,0.8599758148193359,0.41935483,-0.038615376
00-0039918,C.Williams,air_depth,medium,107,0.17533179,-0.23499851,-10.351836204528809,-10.214839935302734,0.40186915,-0.14593652
00-0039918,C.Williams,pressure,clean_pocket,434,0.2066367,-0.04120533,1.6437803506851196,-0.6170488595962524,0.47004607,-0.049922377
00-0039918,C.Williams,pressure,under_pressure,202,-0.68122643,-0.24128327,-7.562114238739014,-4.161962985992432,0.21287128,-0.07248935
00-0039918,C.Williams,play_action,standard_dropback,636,-0.07535758,-0.11489758,-0.10216513276100159,-1.077886700630188,0.3883648,-0.06055054
00-0034855,B.Mayfield,down,2_down,207,0.055953655,-0.023692045,-0.03406887874007225,-1.174759030342102,0.4589372,-0.0054162145
00-0034855,B.Mayfield,down,1_down,253,0.3135246,0.22137964,7.449662685394287,6.43485164642334,0.5889328,0.108710736
00-0034855,B.Mayfield,down,3rd_short,36,0.067401916,0.22510605,5.67899751663208,7.256716728210449,0.6111111,0.11060554
00-0034855,B.Mayfield,down,3rd_medium,57,0.3716799,0.37178195,3.2714269161224365,1.5659693479537964,0.5263158,0.09803504
00-0034855,B.Mayfield,down,3rd_long,70,0.2513664,0.35372248,4.03816032409668,3.333564281463623,0.41428572,0.10800958
00-0034855,B.Mayfield,field,midfield,484,0.19587792,0.15563494,2.4552900791168213,1.5060498714447021,0.5123967,0.055572182
00-0034855,B.Mayfield,field,red_zone,36,0.6504417,0.5919912,16.079442977905273,13.653491020202637,0.5833333,0.17931995
00-0034855,B.Mayfield,field,inside_10,26,-0.035624918,-0.029986765,5.998658657073975,5.246144771575928,0.42307693,0.058148026
00-0034855,B.Mayfield,field,goal_line,32,0.11596903,0.18924448,12.334797859191895,11.525304794311523,0.5625,0.13455239
00-0034855,B.Mayfield,field,own_territory,53,0.15552592,0.07779952,5.121297359466553,4.990687370300293,0.5660377,0.10993737
00-0034855,B.Mayfield,script,close_game,384,0.1954091,0.14813578,4.912163734436035,3.7328550815582275,0.5234375,0.07223055
00-0034855,B.Mayfield,script,leading_small,63,0.38230613,0.23617534,3.9661307334899902,0.34583044052124023,0.50793654,0.029136807
00-0034855,B.Mayfield,script,leading_big,45,0.294293,0.14297643,-6.332113742828369,-4.869305610656738,0.51111114,0.050436974
00-0034855,B.Mayfield,script,trailing_small,90,0.095677726,0.06778245,2.2796120643615723,0.9090819358825684,0.47777778,0.023137152
00-0034855,B.Mayfield,script,trailing_big,49,0.16881433,0.26525903,11.977519035339355,13.680508613586426,0.59183675,0.18696949
00-0034855,B.Mayfield,time,normal,404,0.17656597,0.1319113,4.431740760803223,2.846879005432129,0.52970296,0.07352409
00-0034855,B.Mayfield,time,two_minute,66,-0.056248765,-0.12596005,-7.199587345123291,-6.29196310043335,0.36363637,-0.06907058
00-0034855,B.Mayfield,time,4th_quarter,157,0.3866867,0.37555635,7.655003547668457,7.60211706161499,0.56050956,0.12430358
00-0034855,B.Mayfield,depth,short,495,0.31962717,0.18887001,4.479991436004639,3.1408114433288574,0.57575756,0.07797772
00-0034855,B.Mayfield,depth,deep,92,0.43535367,0.050908297,1.9735445976257324,2.5832042694091797,0.45652175,0.040245414
00-0034855,B.Mayfield,air_depth,behind_los,127,0.17553025,0.29587418,0.9507149457931519,2.6444778442382812,0.503937,0.13564071
00-0034855,B.Mayfield,air_depth,short,313,0.090657696,0.19580631,6.9442901611328125,4.183858871459961,0.514377,0.056406796
00-0034855,B.Mayfield,air_depth,medium,134,0.39768973,-0.012640566,2.6224730014801025,2.7594690322875977,0.6044776,0.056671917
00-0034855,B.Mayfield,air_depth,deep,57,0.44368133,0.092605054,1.1125613451004028,1.6689600944519043,0.3859649,0.032306373
00-0034855,B.Mayfield,pressure,clean_pocket,473,0.3120288,0.06418677,4.491507053375244,2.230677843093872,0.56448203,0.044513583
00-0034855,B.Mayfield,pressure,under_pressure,158,-0.116083264,0.3238599,2.4178693294525146,5.818020820617676,0.38607594,0.10071531
00-0034855,B.Mayfield,play_action,standard_dropback,631,0.20483115,0.16529116,4.090388298034668,3.114666700363159,0.51980984,0.07089451
00-0039910,J.Daniels,down,2_down,229,0.20041287,0.12076717,4.468286037445068,3.3275957107543945,0.47598255,0.011629134
00-0039910,J.Daniels,down,1_down,222,0.09205363,-9.133667e-05,1.3879351615905762,0.373124361038208,0.481982,0.0017599165
00-0039910,J.Daniels,down,3rd_medium,61,-0.063806444,-0.0637044,-0.762370228767395,-2.467827796936035,0.40983605,-0.018444717
00-0039910,J.Daniels,down,3rd_short,40,-0.17694812,-0.019243985,5.221631050109863,6.799350261688232,0.5,-0.0005055666
00-0039910,J.Daniels,down,3rd_long,74,0.051580317,0.1539364,2.3781931400299072,1.6735972166061401,0.2972973,-0.008978844
00-0039910,J.Daniels,down,4th_down,17,1.8930911,1.8872161,26.248231887817383,24.65108299255371,0.7647059,0.30159113
00-0039910,J.Daniels,field,own_territory,43,0.22326173,0.14553532,3.5431089401245117,3.412498950958252,0.4883721,0.032271743
00-0039910,J.Daniels,field,midfield,504,0.120111726,0.07986875,2.6568949222564697,1.7076547145843506,0.46825397,0.011429459
00-0039910,J.Daniels,field,red_zone,48,0.061987985,0.0035374723,0.5199530720710754,-1.9059991836547852,0.35416666,-0.04984671
00-0039910,J.Daniels,field,goal_line,30,0.02880216,0.1020776,4.166255950927734,3.356762409210205,0.46666667,0.038719058
00-0039910,J.Daniels,field,inside_10,23,0.8108166,0.81645477,21.483768463134766,20.73125457763672,0.47826087,0.11333197
00-0039910,J.Daniels,script,close_game,415,0.11722741,0.06995408,1.6760714054107666,0.496762752532959,0.44578314,-0.005423814
00-0039910,J.Daniels,script,trailing_small,81,0.17850874,0.15061346,1.5090750455856323,0.13854491710662842,0.41975307,-0.034887552
00-0039910,J.Daniels,script,trailing_big,47,0.1355909,0.23203558,3.090123414993286,4.793112754821777,0.5531915,0.14832422
00-0039910,J.Daniels,script,leading_small,63,0.20824629,0.062115505,16.165388107299805,12.545087814331055,0.5555556,0.07675585
00-0039910,J.Daniels,script,leading_big,42,0.23866555,0.087349,5.078141689300537,6.540949821472168,0.45238096,-0.008293211
00-0039910,J.Daniels,time,normal,427,0.05411282,0.009458143,0.7642403841018677,-0.8206214904785156,0.4449649,-0.011213988
00-0039910,J.Daniels,time,4th_quarter,174,0.31468213,0.30355176,7.283671855926514,7.230785369873047,0.4827586,0.04655263
00-0039910,J.Daniels,time,two_minute,42,0.25186062,0.18214932,9.103264808654785,10.010889053344727,0.52380955,0.0911026
00-0039910,J.Daniels,depth,short,505,0.22131704,0.090559885,3.8796706199645996,2.5404906272888184,0.5148515,0.017071664
00-0039910,J.Daniels,depth,deep,87,0.5913909,0.20694554,-0.08146099746227264,0.5281985402107239,0.40229884,-0.013977498
00-0039910,J.Daniels,air_depth,behind_los,134,-0.13604468,-0.015700743,-3.982550859451294,-2.288788080215454,0.35074627,-0.017550021
00-0039910,J.Daniels,air_depth,short,334,0.014664159,0.11981277,6.312965393066406,3.552534341812134,0.4730539,0.0150837
00-0039910,J.Daniels,air_depth,deep,59,0.4475715,0.09649521,-3.3979387283325195,-2.8415398597717285,0.30508474,-0.048573792
00-0039910,J.Daniels,air_depth,medium,121,0.6574403,0.24711001,7.549872398376465,7.686868667602539,0.6280992,0.080293536
00-0039910,J.Daniels,pressure,clean_pocket,461,0.31674674,0.06890471,4.88328742980957,2.6224582195281982,0.5292842,0.009315729
00-0039910,J.Daniels,pressure,under_pressure,187,-0.28553703,0.15440613,-3.141054630279541,0.259096622467041,0.29411766,0.008757025
00-0039910,J.Daniels,play_action,standard_dropback,648,0.14293955,0.10339955,3.286895751953125,2.311174154281616,0.46141976,0.012504429
00-0037327,S.Thompson,down,1_down,16,0.1054557,0.01331073,16.412675857543945,15.397865295410156,0.4375,-0.042722076
00-0037327,S.Thompson,down,2_down,11,0.12045023,0.040804528,11.344317436218262,10.203627586364746,0.36363637,-0.10071704
00-0037327,S.Thompson,field,midfield,28,-0.17874596,-0.21898893,3.8495967388153076,2.9003565311431885,0.35714287,-0.099681646
00-0037327,S.Thompson,script,trailing_big,15,-0.38244057,-0.2859959,-4.188991069793701,-2.48600172996521,0.33333334,-0.07153392
00-0037327,S.Thompson,script,trailing_small,22,-0.48109663,-0.5089919,9.68149185180664,8.310961723327637,0.27272728,-0.18191335
00-0037327,S.Thompson,time,normal,22,-0.6384342,-0.68308884,0.7273654937744141,-0.8574963808059692,0.27272728,-0.1834516
00-0037327,S.Thompson,time,4th_quarter,13,-0.07809281,-0.08922316,-1.7598463296890259,-1.8127330541610718,0.3846154,-0.05159059
00-0037327,S.Thompson,depth,short,26,-0.08231163,-0.21306878,5.401163101196289,4.061983108520508,0.34615386,-0.15162599
00-0037327,S.Thompson,air_depth,short,20,-0.72145057,-0.61630195,17.60249900817871,14.84206771850586,0.15,-0.3079702
00-0037327,S.Thompson,air_depth,medium,11,-0.076319,-0.4866493,-0.8597370386123657,-0.7227410078048706,0.54545456,-0.0023511052
00-0037327,S.Thompson,pressure,under_pressure,18,-0.99151504,-0.55157185,4.476869583129883,7.877020835876465,0.22222222,-0.06313841
00-0037327,S.Thompson,pressure,clean_pocket,21,0.111249864,-0.13659216,1.0472006797790527,-1.2136285305023193,0.3809524,-0.13901606
00-0037327,S.Thompson,play_action,standard_dropback,39,-0.39771858,-0.43725857,2.226149797439575,1.2504281997680664,0.30769232,-0.14122301
00-0033662,C.Rush,down,1_down,119,0.09703378,0.00488881,-9.45089340209961,-10.465703964233398,0.4369748,-0.043247283
00-0033662,C.Rush,down,2_down,108,-0.04375265,-0.12339835,-3.420802116394043,-4.561492443084717,0.4351852,-0.029168218
00-0033662,C.Rush,down,3rd_long,44,-0.46709192,-0.36473584,-23.946413040161133,-24.65100860595703,0.22727273,-0.07900341
00-0033662,C.Rush,down,3rd_medium,27,0.061931532,0.06203357,-0.729140043258667,-2.4345974922180176,0.4074074,-0.020873368
00-0033662,C.Rush,down,3rd_short,14,-0.2486964,-0.09099227,4.12487268447876,5.702591896057129,0.64285713,0.14235157
00-0033662,C.Rush,field,midfield,262,-0.08371216,-0.12395514,-8.644131660461426,-9.593371391296387,0.40458015,-0.052244365
00-0033662,C.Rush,field,goal_line,10,-0.15884721,-0.085571766,-4.056962966918945,-4.866456508636475,0.5,0.07205239
00-0033662,C.Rush,field,own_territory,25,0.008386987,-0.06933942,-10.204304695129395,-10.334915161132812,0.44,-0.016100347
00-0033662,C.Rush,field,red_zone,16,0.15336058,0.09491006,2.012831926345825,-0.4131202697753906,0.5,0.095986634
00-0033662,C.Rush,script,trailing_big,47,-0.45663258,-0.3601879,-8.370575904846191,-6.667586326599121,0.31914893,-0.08571833
00-0033662,C.Rush,script,trailing_small,58,-0.10558705,-0.13348234,-15.581379890441895,-16.9519100189209,0.37931034,-0.07533029
00-0033662,C.Rush,script,close_game,184,0.0064372863,-0.04083604,-6.179453372955322,-7.358761787414551,0.4402174,-0.010989547
00-0033662,C.Rush,script,leading_small,28,0.0782824,-0.067848384,-2.728848695755005,-6.349148750305176,0.42857143,-0.050228298
00-0033662,C.Rush,time,4th_quarter,101,-0.32253617,-0.33366653,-12.272782325744629,-12.325669288635254,0.32673267,-0.10947332
00-0033662,C.Rush,time,normal,177,0.039429072,-0.0052256063,-2.207083225250244,-3.791944980621338,0.48022598,0.024047107
00-0033662,C.Rush,time,two_minute,43,0.057707086,-0.012004204,-23.172931671142578,-22.265308380126953,0.3255814,-0.10712555
00-0033662,C.Rush,depth,short,261,0.013849494,-0.116907656,-7.63191032409668,-8.971090316772461,0.44444445,-0.0533354
00-0033662,C.Rush,depth,deep,46,0.15213457,-0.2323108,-10.609675407409668,-10.000016212463379,0.32608697,-0.09018937
00-0033662,C.Rush,air_depth,short,175,-0.23439512,-0.1292465,-6.494023323059082,-9.254454612731934,0.42285714,-0.035113066
00-0033662,C.Rush,air_depth,medium,56,0.4382572,0.027926892,-2.7244625091552734,-2.5874664783477783,0.5535714,0.005765736
00-0033662,C.Rush,air_depth,behind_los,58,-0.12749712,-0.007153183,-16.190448760986328,-14.496685981750488,0.31034482,-0.05795148
00-0033662,C.Rush,air_depth,deep,32,0.023618206,-0.32745808,-11.290589332580566,-10.734190940856934,0.28125,-0.07240853
00-0033662,C.Rush,pressure,clean_pocket,237,0.10454811,-0.14329392,-8.126789093017578,-10.387618064880371,0.45147678,-0.06849167
00-0033662,C.Rush,pressure,under_pressure,84,-0.5701631,-0.1302199,-7.84430456161499,-4.444153308868408,0.29761904,0.01225841
00-0033662,C.Rush,play_action,standard_dropback,321,-0.07201184,-0.11155184,-8.064325332641602,-9.040046691894531,0.41121495,-0.037700385
00-0038579,A.O'Connell,down,1_down,107,0.156456,0.06431103,-1.7710251808166504,-2.7858359813690186,0.5046729,0.024450809
00-0038579,A.O'Connell,down,2_down,74,-0.0062420713,-0.085887775,-6.994064807891846,-8.13475513458252,0.45945945,-0.0048939586
00-0038579,A.O'Connell,down,3rd_long,25,-0.4775072,-0.37515113,2.387758255004883,1.6831623315811157,0.16,-0.14627615
00-0038579,A.O'Connell,down,3rd_medium,27,-0.11194602,-0.11184397,-11.192015647888184,-12.897473335266113,0.4074074,-0.020873368
00-0038579,A.O'Connell,down,3rd_short,12,0.17977297,0.3374771,8.549907684326172,10.127626419067383,0.5,-0.0005055666
00-0038579,A.O'Connell,field,midfield,195,0.072997615,0.032754637,-4.082600116729736,-5.0318403244018555,0.44615385,-0.010670662
00-0038579,A.O'Connell,field,red_zone,17,0.364362,0.30591148,4.847817897796631,2.421865701675415,0.5882353,0.18422195
00-0038579,A.O'Connell,field,own_territory,27,-0.3390393,-0.4167657,-1.3292981386184692,-1.459908127784729,0.4074074,-0.04869294
00-0038579,A.O'Connell,script,trailing_big,65,0.08651841,0.18296309,1.2496219873428345,2.9526114463806152,0.4923077,0.08744043
00-0038579,A.O'Connell,script,trailing_small,25,-0.033954974,-0.061850257,-4.161417484283447,-5.531947612762451,0.36,-0.09464061
00-0038579,A.O'Connell,script,close_game,158,-0.03924826,-0.08652159,-5.422954082489014,-6.602262496948242,0.43037975,-0.020827204
00-0038579,A.O'Connell,time,4th_quarter,97,0.106344774,0.09521443,0.7276349663734436,0.6747482419013977,0.4742268,0.03802082
00-0038579,A.O'Connell,time,normal,145,-0.040125348,-0.08478002,-6.256908893585205,-7.841770648956299,0.4275862,-0.028592676
00-0038579,A.O'Connell,time,two_minute,12,-0.16710572,-0.236817,-7.008453369140625,-6.100829124450684,0.33333334,-0.09937361
00-0038579,A.O'Connell,depth,short,196,0.066378534,-0.06437862,-3.2522406578063965,-4.591420650482178,0.48469388,-0.013085961
00-0038579,A.O'Connell,depth,deep,46,0.19802423,-0.18642114,-5.019439220428467,-4.4097795486450195,0.36956522,-0.046711117
00-0038579,A.O'Connell,air_depth,behind_los,36,-0.106111795,0.014232144,-0.9248480796813965,0.7689146995544434,0.3888889,0.0205926
00-0038579,A.O'Connell,air_depth,short,145,-0.13336837,-0.02821976,-3.4762399196624756,-6.236670970916748,0.45517242,-0.0027977824
00-0038579,A.O'Connell,air_depth,medium,41,0.27450407,-0.13582623,-8.576927185058594,-8.43993091583252,0.4878049,-0.060000777
00-0038579,A.O'Connell,air_depth,deep,32,0.449868,0.09879172,-0.6226922273635864,-0.06629347801208496,0.375,0.021341473
00-0038579,A.O'Connell,pressure,under_pressure,72,-0.2896216,0.15032157,-14.066134452819824,-10.665983200073242,0.30555555,0.020194918
00-0038579,A.O'Connell,pressure,clean_pocket,182,0.12826788,-0.119574144,-0.32131028175354004,-2.582139492034912,0.4945055,-0.025462955
00-0038579,A.O'Connell,play_action,standard_dropback,254,0.009811031,-0.02972897,-3.5797812938690186,-4.555502891540527,0.44094488,-0.007970452
00-0036898,D.Mills,down,1_down,12,0.222184,0.13003904,-6.146549701690674,-7.161360740661621,0.41666666,-0.06355542
00-0036898,D.Mills,down,2_down,11,-0.5887114,-0.6683571,-22.71786880493164,-23.858558654785156,0.09090909,-0.37344432
00-0036898,D.Mills,field,midfield,23,0.1900074,0.14976442,1.5971356630325317,0.6478955149650574,0.4347826,-0.022041917
00-0036898,D.Mills,script,trailing_big,14,-0.04867742,0.047767263,-3.6682751178741455,-1.9652857780456543,0.35714287,-0.047724396
00-0036898,D.Mills,script,leading_small,16,-0.15918726,-0.30531806,-12.719988822937012,-16.340290069580078,0.375,-0.10379973
00-0036898,D.Mills,time,4th_quarter,17,-0.20209633,-0.21322668,-16.20094108581543,-16.253828048706055,0.29411766,-0.14208832
00-0036898,D.Mills,time,normal,17,-0.04797178,-0.09262646,-9.51198673248291,-11.096848487854004,0.3529412,-0.10323769
00-0036898,D.Mills,depth,short,30,-0.24413438,-0.37489152,-16.877954483032227,-18.217134475708008,0.33333334,-0.1644465
00-0036898,D.Mills,air_depth,short,25,-0.5212694,-0.41612077,-16.063154220581055,-18.823585510253906,0.28,-0.1779702
00-0036898,D.Mills,pressure,under_pressure,12,-0.825778,-0.38583484,-24.65970802307129,-21.25955581665039,0.25,-0.035360634
00-0036898,D.Mills,pressure,clean_pocket,26,0.18064213,-0.0671999,-6.749148368835449,-9.009977340698242,0.3846154,-0.13535306
00-0036898,D.Mills,play_action,standard_dropback,38,-0.13717473,-0.17671472,-11.724303245544434,-12.700024604797363,0.34210527,-0.10681006
00-0033869,M.Trubisky,down,2_down,11,0.08039869,0.0007529929,9.277630805969238,8.136940956115723,0.45454547,-0.009807944
00-0033869,M.Trubisky,field,midfield,20,0.41958523,0.37934226,9.022207260131836,8.072967529296875,0.4,-0.056824505
00-0033869,M.Trubisky,script,close_game,21,0.21620677,0.16893345,6.082875728607178,4.903567314147949,0.42857143,-0.02263552
00-0033869,M.Trubisky,time,normal,15,0.35790476,0.3132501,9.956947326660156,8.372085571289062,0.46666667,0.010487795
00-0033869,M.Trubisky,depth,short,21,0.4680045,0.33724734,11.8464994430542,10.507319450378418,0.42857143,-0.06920841
00-0033869,M.Trubisky,air_depth,behind_los,10,0.35757583,0.47791976,15.199687957763672,16.893451690673828,0.3,-0.06829628
00-0033869,M.Trubisky,pressure,clean_pocket,23,0.3540185,0.10617648,4.083417892456055,1.8225886821746826,0.39130434,-0.1286641
00-0033869,M.Trubisky,play_action,standard_dropback,26,0.3737119,0.33417192,5.772750377655029,4.797028541564941,0.3846154,-0.06429994
00-0036972,M.Jones,down,2_down,111,0.011015807,-0.06862989,-4.216370582580566,-5.35706090927124,0.44144145,-0.022911966
00-0036972,M.Jones,down,1_down,88,0.015434558,-0.07671041,1.9009445905685425,0.8861337900161743,0.4090909,-0.07113117
00-0036972,M.Jones,down,3rd_long,38,-0.161785,-0.059428923,-2.0639240741729736,-2.768519878387451,0.2631579,-0.04311824
00-0036972,M.Jones,down,3rd_medium,24,0.0066247783,0.0067268186,2.252110004425049,0.5466524362564087,0.41666666,-0.011614114
00-0036972,M.Jones,field,midfield,215,-0.091834515,-0.13207749,-3.2228214740753174,-4.172061443328857,0.40465117,-0.052173346
00-0036972,M.Jones,field,red_zone,19,0.39603645,0.33758593,0.10903845727443695,-2.3169138431549072,0.42105263,0.01703927
00-0036972,M.Jones,field,own_territory,29,0.46976733,0.39204094,23.138347625732422,23.00773811340332,0.51724136,0.061141014
00-0036972,M.Jones,script,trailing_big,42,-0.3983572,-0.30191255,-6.5432024002075195,-4.840212821960449,0.2857143,-0.11915296
00-0036972,M.Jones,script,close_game,214,0.03957815,-0.0076951757,0.569492518901825,-0.6098161339759827,0.42990655,-0.021300405
00-0036972,M.Jones,script,trailing_small,16,0.1335617,0.105666414,2.8780086040496826,1.5074784755706787,0.4375,-0.017140627
00-0036972,M.Jones,time,4th_quarter,95,0.06366248,0.052532125,6.1686625480651855,6.115776062011719,0.44210526,0.0058992803
00-0036972,M.Jones,time,normal,141,-0.09007376,-0.13472843,-7.300143241882324,-8.885004997253418,0.36879432,-0.08738455
00-0036972,M.Jones,time,two_minute,40,0.104681894,0.034970604,6.638570308685303,7.546194553375244,0.5,0.06729305
00-0036972,M.Jones,depth,short,218,0.12551701,-0.0052401423,2.821617364883423,1.482437252998352,0.4678899,-0.029889941
00-0036972,M.Jones,depth,deep,44,-0.08885115,-0.47329652,-16.003997802734375,-15.394338607788086,0.27272728,-0.14354905
00-0036972,M.Jones,air_depth,short,150,0.00937952,0.114528134,8.356916427612305,5.596485137939453,0.45333335,-0.004636854
00-0036972,M.Jones,air_depth,behind_los,49,-0.08687206,0.033471875,-1.7342798709869385,-0.04051709175109863,0.3877551,0.0194588
00-0036972,M.Jones,air_depth,medium,52,0.17709255,-0.23323774,-14.37489128112793,-14.237895011901855,0.42307693,-0.12472874
00-0036972,M.Jones,air_depth,deep,28,-0.34491006,-0.69598633,-14.558794975280762,-14.002396583557129,0.21428572,-0.13937281
00-0036972,M.Jones,pressure,under_pressure,59,-0.6740298,-0.23408666,-5.576279163360596,-2.1761279106140137,0.18644068,-0.09891996
00-0036972,M.Jones,pressure,clean_pocket,220,0.16576953,-0.0820725,0.3360329568386078,-1.924796223640442,0.47272727,-0.04724118
00-0036972,M.Jones,play_action,standard_dropback,279,-0.011822465,-0.051362466,-0.49169060587882996,-1.4674122333526611,0.41218638,-0.03672895
00-0034177,T.Boyle,down,1_down,19,-0.022687912,-0.11483288,-1.4479798078536987,-2.4627904891967773,0.42105263,-0.05916944
00-0034177,T.Boyle,down,2_down,15,-0.061791897,-0.14143759,4.300539970397949,3.1598496437072754,0.4,-0.06435341
00-0034177,T.Boyle,field,midfield,38,0.015130169,-0.025112808,-0.22972062230110168,-1.1789608001708984,0.42105263,-0.035771877
00-0034177,T.Boyle,script,trailing_small,12,-0.51447195,-0.5423672,-5.157224178314209,-6.527754306793213,0.25,-0.20464063
00-0034177,T.Boyle,script,trailing_big,27,-0.32459444,-0.22814976,-12.250761985778809,-10.547772407531738,0.2962963,-0.10857096
00-0034177,T.Boyle,script,close_game,12,0.054978233,0.007704906,-4.2155961990356445,-5.394905090332031,0.5833333,0.13212636
00-0034177,T.Boyle,time,normal,18,-0.21684252,-0.2614972,-10.55144214630127,-12.136303901672363,0.22222222,-0.23395665
00-0034177,T.Boyle,time,4th_quarter,33,-0.3143881,-0.32551846,-7.373423099517822,-7.426309585571289,0.42424244,-0.011963546
00-0034177,T.Boyle,depth,short,41,-0.18259695,-0.3133541,-7.851205825805664,-9.190385818481445,0.3902439,-0.10753596
00-0034177,T.Boyle,air_depth,short,27,-0.5059867,-0.40083808,-20.02244758605957,-22.782878875732422,0.37037036,-0.087599844
00-0034177,T.Boyle,air_depth,behind_los,11,-0.17855728,-0.05821334,3.411095380783081,5.1048583984375,0.18181819,-0.18647811
00-0034177,T.Boyle,pressure,clean_pocket,36,-0.035469882,-0.2833119,-5.325955867767334,-7.586785316467285,0.44444445,-0.075524
00-0034177,T.Boyle,pressure,under_pressure,15,-0.86673725,-0.42679408,-18.510662078857422,-15.11051082611084,0.13333334,-0.1520273
00-0034177,T.Boyle,play_action,standard_dropback,51,-0.27996024,-0.31950024,-8.478821754455566,-9.454543113708496,0.3529412,-0.09597415
00-0039851,D.Maye,down,1_down,131,-0.04182783,-0.1339728,1.2411160469055176,0.22630524635314941,0.46564886,-0.014573216
00-0039851,D.Maye,down,3rd_short,20,-0.5520132,-0.3943091,20.633813858032227,22.211532592773438,0.55,0.049494445
00-0039851,D.Maye,down,3rd_long,49,-0.23277925,-0.13042316,-4.106685638427734,-4.811281681060791,0.30612245,-0.00015369058
00-0039851,D.Maye,down,2_down,132,0.028166713,-0.05147899,5.3991570472717285,4.258466720581055,0.50757575,0.043222338
00-0039851,D.Maye,down,4th_down,10,-0.34544104,-0.35131606,20.618383407592773,19.0212345123291,0.4,-0.06311476
00-0039851,D.Maye,down,3rd_medium,29,0.013527044,0.013629084,-5.699366092681885,-7.4048237800598145,0.37931034,-0.04897043
00-0039851,D.Maye,field,midfield,297,-0.088059016,-0.128302,1.9424331188201904,0.9931929707527161,0.44781145,-0.009013057
00-0039851,D.Maye,field,inside_10,10,-0.7455928,-0.7399546,14.194436073303223,13.441922187805176,0.3,-0.06492889
00-0039851,D.Maye,field,own_territory,28,0.30329493,0.22556853,5.721798419952393,5.591188430786133,0.64285713,0.18675679
00-0039851,D.Maye,field,red_zone,23,-0.059232485,-0.11768299,8.527327537536621,6.101375579833984,0.47826087,0.07424751
00-0039851,D.Maye,field,goal_line,16,0.023033291,0.09630874,-0.5494643449783325,-1.3589577674865723,0.375,-0.05294761
00-0039851,D.Maye,script,trailing_big,107,0.009491544,0.10593623,0.9493752121925354,2.652364492416382,0.43925235,0.034385085
00-0039851,D.Maye,script,close_game,189,-0.06500947,-0.1122828,4.597341537475586,3.4180328845977783,0.46031746,0.00911051
00-0039851,D.Maye,script,trailing_small,68,-0.20517719,-0.23307247,-0.5356664657592773,-1.9061965942382812,0.4852941,0.030653477
00-0039851,D.Maye,script,leading_small,10,-0.08877731,-0.2349081,12.680926322937012,9.060626029968262,0.4,-0.078799725
00-0039851,D.Maye,time,4th_quarter,125,-0.011359457,-0.022489808,1.7290750741958618,1.676188349723816,0.464,0.027794003
00-0039851,D.Maye,time,normal,219,-0.15834798,-0.20300266,2.3196253776550293,0.734763503074646,0.44748858,-0.008690298
00-0039851,D.Maye,time,two_minute,28,0.4518598,0.3821485,14.935084342956543,15.842708587646484,0.53571427,0.10300732
00-0039851,D.Maye,depth,short,288,0.160296,0.02953884,5.507622241973877,4.168442249298096,0.5381944,0.04041457
00-0039851,D.Maye,depth,deep,49,-0.0019127787,-0.38635814,-12.049595832824707,-11.439936637878418,0.2857143,-0.13056204
00-0039851,D.Maye,air_depth,short,215,-0.2271626,-0.122013986,5.579755783081055,2.8193247318267822,0.48372093,0.025750726
00-0039851,D.Maye,air_depth,behind_los,63,0.08578487,0.2061288,10.55564022064209,12.24940299987793,0.44444445,0.07614815
00-0039851,D.Maye,air_depth,medium,63,0.052408487,-0.3579218,-8.437515258789062,-8.300518989562988,0.46031746,-0.087488204
00-0039851,D.Maye,air_depth,deep,33,0.42493236,0.073856086,-4.302659511566162,-3.746260643005371,0.3030303,-0.050628215
00-0039851,D.Maye,pressure,clean_pocket,250,0.13981476,-0.108027264,1.6739819049835205,-0.5868473052978516,0.528,0.008031547
00-0039851,D.Maye,pressure,under_pressure,124,-0.4924573,-0.052514136,6.596726894378662,9.996877670288086,0.31451613,0.029155493
00-0039851,D.Maye,play_action,standard_dropback,374,-0.06981554,-0.10935554,2.8358724117279053,1.8601508140563965,0.45721924,0.0083039105
00-0026158,J.Flacco,down,1_down,102,-0.055602312,-0.14774728,0.05578744411468506,-0.9590233564376831,0.47058824,-0.009633839
00-0026158,J.Flacco,down,3rd_medium,31,0.14821404,0.14831609,-1.2655088901519775,-2.970966339111328,0.41935483,-0.008925945
00-0026158,J.Flacco,down,2_down,88,-0.106346875,-0.18599257,-0.3619670271873474,-1.502657175064087,0.45454547,-0.009807944
00-0026158,J.Flacco,down,3rd_long,24,0.31268564,0.41504171,2.1056392192840576,1.4010432958602905,0.375,0.06872386
00-0026158,J.Flacco,down,3rd_short,13,0.49039397,0.6480981,11.998779296875,13.576498031616211,0.61538464,0.11487907
00-0026158,J.Flacco,field,midfield,205,-0.00326947,-0.04351245,2.0447607040405273,1.0955204963684082,0.4878049,0.030980378
00-0026158,J.Flacco,field,red_zone,32,-0.17421135,-0.23266187,-11.041407585144043,-13.46735954284668,0.25,-0.15401337
00-0026158,J.Flacco,field,own_territory,15,-0.315569,-0.3932954,5.3139262199401855,5.183316230773926,0.53333336,0.07723302
00-0026158,J.Flacco,field,inside_10,11,0.6571661,0.6628043,2.5022761821746826,1.7497620582580566,0.36363637,-0.0012925267
00-0026158,J.Flacco,script,close_game,186,-0.065609545,-0.11288287,-2.74479079246521,-3.9240994453430176,0.43548387,-0.01572308
00-0026158,J.Flacco,script,trailing_small,49,0.033833314,0.005938031,5.889439582824707,4.518909454345703,0.4489796,-0.0056610405
00-0026158,J.Flacco,script,trailing_big,18,0.7281158,0.82456046,28.207218170166016,29.910207748413086,0.7777778,0.37291053
00-0026158,J.Flacco,time,normal,165,0.0036266732,-0.041028004,1.7348829507827759,0.15002107620239258,0.47272727,0.016548395
00-0026158,J.Flacco,time,two_minute,22,-0.28514832,-0.35485962,-13.39747142791748,-12.489847183227539,0.36363637,-0.06907058
00-0026158,J.Flacco,time,4th_quarter,76,0.105032764,0.09390242,5.557943820953369,5.505057334899902,0.47368422,0.03747824
00-0026158,J.Flacco,depth,short,198,0.14200966,0.011252508,2.1916275024414062,0.8524473905563354,0.5252525,0.027472675
00-0026158,J.Flacco,depth,deep,50,0.21789314,-0.16655223,-3.3521816730499268,-2.7425222396850586,0.38,-0.03627634
00-0026158,J.Flacco,air_depth,short,140,-0.06370031,0.041448303,3.118752956390381,0.3583219051361084,0.49285713,0.034886926
00-0026158,J.Flacco,air_depth,deep,31,0.06124695,-0.2898293,-1.8753938674926758,-1.3189951181411743,0.3548387,0.001180172
00-0026158,J.Flacco,air_depth,medium,65,0.38386363,-0.026466668,3.0578958988189697,3.194891929626465,0.53846157,-0.009344101
00-0026158,J.Flacco,air_depth,behind_los,31,-0.51223737,-0.39189345,-7.767705917358398,-6.073943138122559,0.2580645,-0.11023179
00-0026158,J.Flacco,pressure,clean_pocket,194,0.31604457,0.06820254,4.146667003631592,1.8858377933502197,0.53608245,0.016113997
00-0026158,J.Flacco,pressure,under_pressure,73,-0.8117844,-0.37184122,-10.456591606140137,-7.056440353393555,0.26027396,-0.025086671
00-0026158,J.Flacco,play_action,standard_dropback,267,0.007686858,-0.031853143,1.0691208839416504,0.0933992862701416,0.46067417,0.011758834
00-0035993,T.Huntley,down,1_down,53,0.025134206,-0.06701076,2.3205792903900146,1.3057684898376465,0.41509435,-0.06512773
00-0035993,T.Huntley,down,2_down,53,-0.21906704,-0.29871273,-1.6587203741073608,-2.799410581588745,0.3773585,-0.086994916
00-0035993,T.Huntley,down,3rd_long,23,-0.43655366,-0.33419758,8.207038879394531,7.502442836761475,0.26086956,-0.04540658
00-0035993,T.Huntley,field,midfield,114,-0.10862678,-0.14886975,5.125518321990967,4.176278114318848,0.40350878,-0.05331573
00-0035993,T.Huntley,field,own_territory,12,-0.20443463,-0.28216103,8.550899505615234,8.420289039611816,0.33333334,-0.122767
00-0035993,T.Huntley,field,red_zone,12,-0.6789209,-0.73737144,-22.057321548461914,-24.483274459838867,0.16666667,-0.2373467
00-0035993,T.Huntley,script,close_game,99,-0.2079859,-0.25525922,-1.0826042890548706,-2.2619128227233887,0.35353535,-0.0976716
00-0035993,T.Huntley,script,trailing_small,35,-0.03620835,-0.06410363,12.07521915435791,10.704689025878906,0.45714286,0.0025022328
00-0035993,T.Huntley,time,normal,92,-0.21593496,-0.26058963,2.301102876663208,0.7162410020828247,0.38043478,-0.07574409
00-0035993,T.Huntley,time,two_minute,19,-0.49887964,-0.56859094,-12.053130149841309,-11.145505905151367,0.2631579,-0.16954905
00-0035993,T.Huntley,time,4th_quarter,38,0.23396043,0.22283009,15.08879280090332,15.035905838012695,0.42105263,-0.015153348
00-0035993,T.Huntley,depth,short,108,0.06881683,-0.06194032,3.7177371978759766,2.3785572052001953,0.42592594,-0.071853906
00-0035993,T.Huntley,depth,deep,24,-0.026258746,-0.4107041,0.26393941044807434,0.8735989332199097,0.41666666,0.00039032102
00-0035993,T.Huntley,air_depth,medium,40,0.51412195,0.103791654,13.160834312438965,13.297830581665039,0.65,0.10219431
00-0035993,T.Huntley,air_depth,short,71,-0.36090556,-0.25575694,5.271056652069092,2.5106256008148193,0.30985916,-0.14811105
00-0035993,T.Huntley,air_depth,behind_los,26,-0.2011703,-0.08082636,-2.860459327697754,-1.166696548461914,0.26923078,-0.09906551
00-0035993,T.Huntley,air_depth,deep,12,-0.84703285,-1.1981091,-27.943540573120117,-27.387142181396484,0.083333336,-0.27032518
00-0035993,T.Huntley,pressure,clean_pocket,94,0.17375728,-0.074084744,3.4510622024536133,1.1902329921722412,0.4787234,-0.041245043
00-0035993,T.Huntley,pressure,under_pressure,55,-0.66886216,-0.228919,2.066680908203125,5.466832160949707,0.2,-0.08536063
00-0035993,T.Huntley,play_action,standard_dropback,149,-0.13727674,-0.17681673,3.104966878890991,2.1292452812194824,0.37583894,-0.0730764
00-0034771,M.Rudolph,down,3rd_medium,21,-0.45441628,-0.45431423,-9.420015335083008,-11.125473022460938,0.33333334,-0.09494743
00-0034771,M.Rudolph,down,2_down,89,0.06808171,-0.011563994,1.0951142311096191,-0.04557597637176514,0.46067417,-0.0036792457
00-0034771,M.Rudolph,down,1_down,83,0.15147193,0.05932696,2.9900193214416504,1.9752085208892822,0.57831323,0.098091155
00-0034771,M.Rudolph,down,3rd_long,23,-0.16696902,-0.06461293,-3.0337510108947754,-3.738347053527832,0.26086956,-0.04540658
00-0034771,M.Rudolph,down,3rd_short,16,-0.20676792,-0.049063787,1.5973721742630005,3.17509126663208,0.5,-0.0005055666
00-0034771,M.Rudolph,field,midfield,191,-0.0060895253,-0.0463325,-0.15476998686790466,-1.1040101051330566,0.4764398,0.019615293
00-0034771,M.Rudolph,field,own_territory,13,0.2708611,0.1931347,6.130088806152344,5.999478816986084,0.6923077,0.23620737
00-0034771,M.Rudolph,field,red_zone,20,-0.21854539,-0.2769959,0.23497867584228516,-2.1909735202789307,0.25,-0.15401337
00-0034771,M.Rudolph,script,close_game,119,0.0023279972,-0.04494533,2.2774224281311035,1.098113775253296,0.47058824,0.019381285
00-0034771,M.Rudolph,script,trailing_small,40,0.015912693,-0.01198259,-2.486642837524414,-3.857172966003418,0.475,0.020359367
00-0034771,M.Rudolph,script,trailing_big,76,-0.012872599,0.08357208,-1.1039984226226807,0.5989909172058105,0.4868421,0.081974834
00-0034771,M.Rudolph,time,normal,136,-0.04612586,-0.09078054,-0.5080996751785278,-2.092961549758911,0.4779412,0.021762311
00-0034771,M.Rudolph,time,two_minute,29,-0.33354917,-0.40326047,-9.680680274963379,-8.773056030273438,0.2413793,-0.19132765
00-0034771,M.Rudolph,time,4th_quarter,69,0.18522398,0.17409363,5.160220146179199,5.107333660125732,0.5507246,0.11451864
00-0034771,M.Rudolph,depth,short,191,3.9714792e-05,-0.13071744,1.1005327701568604,-0.23864734172821045,0.5026178,0.00483793
00-0034771,M.Rudolph,depth,deep,34,0.4317723,0.047326922,-4.491930961608887,-3.8822712898254395,0.44117647,0.024900138
00-0034771,M.Rudolph,air_depth,short,131,-0.075294755,0.029853858,5.248774528503418,2.4883434772491455,0.48854962,0.030579418
00-0034771,M.Rudolph,air_depth,medium,49,0.28177232,-0.12855798,-1.9890227317810059,-1.8520267009735107,0.53061223,-0.017193437
00-0034771,M.Rudolph,air_depth,behind_los,37,-0.3335742,-0.21323027,-11.77895736694336,-10.08519458770752,0.3783784,0.010082096
00-0034771,M.Rudolph,air_depth,deep,20,0.3576452,0.0065689385,-3.260390520095825,-2.7039918899536133,0.4,0.04634148
00-0034771,M.Rudolph,pressure,under_pressure,70,-0.36919415,0.070749015,-10.72531509399414,-7.325163841247559,0.25714287,-0.028217763
00-0034771,M.Rudolph,pressure,clean_pocket,167,0.14729026,-0.10055177,3.5806617736816406,1.3198325634002686,0.56287426,0.042905807
00-0034771,M.Rudolph,play_action,standard_dropback,237,-0.00525786,-0.04479786,0.23814348876476288,-0.7375780940055847,0.47257385,0.023658514
00-0032268,M.Mariota,down,2_down,15,0.56796014,0.48831445,17.175870895385742,16.035181045532227,0.6,0.13564661
00-0032268,M.Mariota,down,1_down,18,0.29743388,0.20528892,17.59095001220703,16.576139450073242,0.5,0.019777924
00-0032268,M.Mariota,field,midfield,35,0.34147954,0.30123657,13.583646774291992,12.634407043457031,0.54285717,0.08603266
00-0032268,M.Mariota,script,leading_big,25,0.43898964,0.2876731,13.372295379638672,14.835103034973145,0.52,0.059325814
00-0032268,M.Mariota,script,close_game,20,0.53765786,0.49038452,23.517168045043945,22.337860107421875,0.6,0.14879307
00-0032268,M.Mariota,time,4th_quarter,22,0.16482489,0.15369454,13.803380966186523,13.750494003295898,0.4090909,-0.027115077
00-0032268,M.Mariota,time,normal,19,0.49245197,0.4477973,17.33739471435547,15.752532958984375,0.57894737,0.12276849
00-0032268,M.Mariota,depth,short,35,0.4961448,0.36538765,16.550519943237305,15.211339950561523,0.5714286,0.07364875
00-0032268,M.Mariota,air_depth,short,20,0.21236196,0.31751058,22.228370666503906,19.467939376831055,0.5,0.042029798
00-0032268,M.Mariota,air_depth,medium,16,0.8273592,0.4170289,16.265277862548828,16.402273178100586,0.6875,0.13969433
00-0032268,M.Mariota,pressure,clean_pocket,38,0.6790223,0.4311803,19.8518009185791,17.590970993041992,0.6315789,0.11161047
00-0032268,M.Mariota,play_action,standard_dropback,47,0.4103011,0.3707611,16.58890724182129,15.61318588256836,0.5319149,0.08299956
00-0031503,J.Winston,down,3rd_medium,39,-0.018731004,-0.018628964,6.723537445068359,5.01807975769043,0.46153846,0.033257693
00-0031503,J.Winston,down,1_down,129,-0.18124035,-0.27338532,-4.645927906036377,-5.660738945007324,0.42635658,-0.053865492
00-0031503,J.Winston,down,2_down,92,-0.0072626234,-0.086908326,-4.119770050048828,-5.260460376739502,0.4021739,-0.062179506
00-0031503,J.Winston,down,3rd_long,42,-0.12081968,-0.018463597,5.66276216506958,4.958166122436523,0.30952382,0.0032476783
00-0031503,J.Winston,field,midfield,262,-0.1454099,-0.18565288,-1.7781906127929688,-2.727430820465088,0.40458015,-0.052244365
00-0031503,J.Winston,field,red_zone,17,0.19340049,0.13494998,-2.2274668216705322,-4.653419017791748,0.29411766,-0.109895706
00-0031503,J.Winston,field,goal_line,14,-0.72830206,-0.6550266,-25.266586303710938,-26.076080322265625,0.42857143,0.0006238222
00-0031503,J.Winston,field,own_territory,25,0.7674632,0.6897368,8.205255508422852,8.074645042419434,0.68,0.22389966
00-0031503,J.Winston,script,trailing_big,73,-0.05109211,0.04535257,0.627963662147522,2.3309531211853027,0.42465752,0.019790262
00-0031503,J.Winston,script,trailing_small,70,-0.07708936,-0.10498464,0.5110621452331543,-0.8594679832458496,0.45714286,0.0025022328
00-0031503,J.Winston,script,close_game,182,-0.093404874,-0.1406782,-3.704681873321533,-4.883990287780762,0.3956044,-0.05560255
00-0031503,J.Winston,time,4th_quarter,115,-0.07916172,-0.09029207,-1.2212703227996826,-1.2741570472717285,0.42608696,-0.010119021
00-0031503,J.Winston,time,normal,177,-0.052071147,-0.09672582,-2.808185577392578,-4.393047332763672,0.4124294,-0.04374948
00-0031503,J.Winston,time,two_minute,34,-0.19860232,-0.26831362,1.4822170734405518,2.389841318130493,0.4117647,-0.020942241
00-0031503,J.Winston,depth,short,239,-0.010846685,-0.14160384,-2.247502565383911,-3.5866827964782715,0.45606694,-0.04171291
00-0031503,J.Winston,depth,deep,56,0.28381535,-0.100630015,0.18275806307792664,0.7924176454544067,0.4107143,-0.005562037
00-0031503,J.Winston,air_depth,behind_los,28,-0.6100918,-0.48974788,-23.62908935546875,-21.935325622558594,0.2857143,-0.082582
00-0031503,J.Winston,air_depth,short,181,-0.25047567,-0.14532706,1.9887927770614624,-0.7716382741928101,0.39779004,-0.060180157
00-0031503,J.Winston,air_depth,medium,83,0.41904736,0.00871706,-1.7573031187057495,-1.6203070878982544,0.5301205,-0.017685175
00-0031503,J.Winston,air_depth,deep,34,0.07544325,-0.27563304,-2.1311378479003906,-1.5747390985488892,0.3529412,-0.0007173419
00-0031503,J.Winston,pressure,clean_pocket,236,0.08270586,-0.16513616,-0.9509626626968384,-3.2117919921875,0.47033897,-0.04962948
00-0031503,J.Winston,pressure,under_pressure,90,-0.4954584,-0.05551523,-5.11427640914917,-1.714125156402588,0.2777778,-0.0075828433
00-0031503,J.Winston,play_action,standard_dropback,326,-0.076910034,-0.116450034,-1.774951457977295,-2.7506730556488037,0.41717792,-0.031737417
00-0038550,H.Hooker,script,leading_big,10,-0.20768876,-0.35900533,-8.277236938476562,-6.81442928314209,0.4,-0.06067416
00-0038550,H.Hooker,time,4th_quarter,10,-0.20768876,-0.21881911,-8.277236938476562,-8.330123901367188,0.4,-0.036205977
00-0038550,H.Hooker,play_action,standard_dropback,10,-0.20768876,-0.24722877,-8.277236938476562,-9.252958297729492,0.4,-0.048915327
00-0039376,S.Rattler,down,1_down,85,-0.21323569,-0.30538064,-7.719335079193115,-8.734146118164062,0.3764706,-0.10375148
00-0039376,S.Rattler,down,2_down,94,-0.19646157,-0.27610728,-6.4072394371032715,-7.547929763793945,0.42553192,-0.03882149
00-0039376,S.Rattler,down,3rd_medium,21,-0.7539076,-0.7538056,-16.05732536315918,-17.76278305053711,0.1904762,-0.23780458
00-0039376,S.Rattler,down,3rd_long,31,-0.5203423,-0.4179862,-14.551003456115723,-15.255599021911621,0.19354838,-0.11272776
00-0039376,S.Rattler,field,midfield,218,-0.34487244,-0.3851154,-10.472065925598145,-11.421305656433105,0.3440367,-0.11278781
00-0039376,S.Rattler,field,own_territory,18,-0.031140916,-0.10886732,-4.8883771896362305,-5.01898717880249,0.3888889,-0.06721145
00-0039376,S.Rattler,script,close_game,122,-0.13827704,-0.18555036,-4.017428874969482,-5.196737289428711,0.3852459,-0.06596106
00-0039376,S.Rattler,script,trailing_small,39,-0.40159553,-0.4294908,-24.52423667907715,-25.89476776123047,0.2820513,-0.17258933
00-0039376,S.Rattler,script,trailing_big,89,-0.485327,-0.38888234,-8.774557113647461,-7.071567535400391,0.3483146,-0.05655265
00-0039376,S.Rattler,time,normal,123,-0.1914027,-0.23605739,-8.396315574645996,-9.98117733001709,0.36585367,-0.09032521
00-0039376,S.Rattler,time,two_minute,34,0.05876452,-0.010946769,14.368097305297852,15.275721549987793,0.47058824,0.037881285
00-0039376,S.Rattler,time,4th_quarter,93,-0.5825977,-0.593728,-17.282941818237305,-17.33582878112793,0.30107528,-0.1351307
00-0039376,S.Rattler,depth,short,181,-0.1166498,-0.24740696,-8.553292274475098,-9.892472267150879,0.4088398,-0.088940054
00-0039376,S.Rattler,depth,deep,46,-0.11266997,-0.49711534,-11.196799278259277,-10.587140083312988,0.32608697,-0.09018937
00-0039376,S.Rattler,air_depth,medium,43,0.5518868,0.1415565,0.15005283057689667,0.287048876285553,0.5813953,0.03358966
00-0039376,S.Rattler,air_depth,short,139,-0.50840914,-0.40326053,-7.943143367767334,-10.703574180603027,0.36690646,-0.09106374
00-0039376,S.Rattler,air_depth,behind_los,37,-0.303119,-0.18277507,-14.39511489868164,-12.7013521194458,0.21621622,-0.15208007
00-0039376,S.Rattler,air_depth,deep,31,-0.5668706,-0.91794693,-19.319591522216797,-18.763193130493164,0.16129032,-0.19236821
00-0039376,S.Rattler,pressure,clean_pocket,166,-0.059568416,-0.30741045,-9.458761215209961,-11.719590187072754,0.41566265,-0.104305804
00-0039376,S.Rattler,pressure,under_pressure,84,-0.78378296,-0.3438398,-7.864782810211182,-4.4646315574646,0.23809524,-0.047265396
00-0039376,S.Rattler,play_action,standard_dropback,250,-0.30290455,-0.34244454,-9.06213665008545,-10.037858009338379,0.356,-0.09291533
00-0038583,D.Thompson-Robinson,down,2_down,43,-0.4786725,-0.5583182,2.566770553588867,1.426080346107483,0.30232558,-0.16202784
00-0038583,D.Thompson-Robinson,down,1_down,45,-0.24580437,-0.33794934,-23.106754302978516,-24.121564865112305,0.2888889,-0.19133317
00-0038583,D.Thompson-Robinson,down,3rd_long,15,-0.90698475,-0.8046287,-11.280149459838867,-11.984745025634766,0.06666667,-0.23960948
00-0038583,D.Thompson-Robinson,down,3rd_medium,13,-0.79249185,-0.7923898,-11.969460487365723,-13.674918174743652,0.3846154,-0.04366538
00-0038583,D.Thompson-Robinson,field,own_territory,25,-0.28624743,-0.36397383,-8.984800338745117,-9.115410804748535,0.36,-0.09610033
00-0038583,D.Thompson-Robinson,field,midfield,90,-0.5577571,-0.59800005,-8.959182739257812,-9.908422470092773,0.2777778,-0.17904672
00-0038583,D.Thompson-Robinson,script,close_game,36,-0.5297263,-0.57699966,-24.244037628173828,-25.4233455657959,0.16666667,-0.2845403
00-0038583,D.Thompson-Robinson,script,trailing_small,54,-0.76541984,-0.7933151,-5.272679805755615,-6.643209934234619,0.2777778,-0.17686284
00-0038583,D.Thompson-Robinson,script,trailing_big,36,-0.2982868,-0.20184211,-6.946110248565674,-5.243121147155762,0.3888889,-0.015978366
00-0038583,D.Thompson-Robinson,time,normal,59,-0.5002502,-0.5449049,-17.95140266418457,-19.536264419555664,0.2542373,-0.20194158
00-0038583,D.Thompson-Robinson,time,4th_quarter,63,-0.6362853,-0.64741564,-4.147160530090332,-4.200047016143799,0.31746033,-0.118745655
00-0038583,D.Thompson-Robinson,depth,short,99,-0.3050214,-0.43577856,-6.802133560180664,-8.141313552856445,0.33333334,-0.1644465
00-0038583,D.Thompson-Robinson,depth,deep,19,-1.4131842,-1.7976296,-37.14384841918945,-36.53418731689453,0.10526316,-0.31101316
00-0038583,D.Thompson-Robinson,air_depth,short,76,-0.5545312,-0.4493826,-8.730308532714844,-11.490739822387695,0.3026316,-0.15533862
00-0038583,D.Thompson-Robinson,air_depth,medium,18,-0.023265414,-0.43359572,-12.569696426391602,-12.432700157165527,0.3888889,-0.15891677
00-0038583,D.Thompson-Robinson,air_depth,behind_los,22,-0.36967814,-0.2493342,-7.869171142578125,-6.175408363342285,0.22727273,-0.14102356
00-0038583,D.Thompson-Robinson,air_depth,deep,10,-2.0445077,-2.395584,-42.0245361328125,-41.468135833740234,0.0,-0.35365853
00-0038583,D.Thompson-Robinson,pressure,under_pressure,43,-0.88071245,-0.44076928,-9.662449836730957,-6.262298583984375,0.18604651,-0.09931412
00-0038583,D.Thompson-Robinson,pressure,clean_pocket,83,-0.40084955,-0.6486916,-12.224082946777344,-14.484911918640137,0.3253012,-0.19466725
00-0038583,D.Thompson-Robinson,play_action,standard_dropback,126,-0.56461227,-0.60415226,-11.668256759643555,-12.643978118896484,0.2777778,-0.17113754
00-0029263,R.Wilson,down,2_down,143,0.040122543,-0.03952316,7.053137302398682,5.912446975708008,0.45454547,-0.009807944
00-0029263,R.Wilson,down,3rd_medium,38,0.23644437,0.23654641,22.76648712158203,21.0610294342041,0.47368422,0.04540345
00-0029263,R.Wilson,down,1_down,129,0.056347232,-0.035797734,-2.0733442306518555,-3.0881550312042236,0.42635658,-0.053865492
00-0029263,R.Wilson,down,3rd_short,25,-1.0914513,-0.9337472,-9.626348495483398,-8.048629760742188,0.32,-0.18050557
00-0029263,R.Wilson,down,3rd_long,60,0.27866107,0.38101715,12.997051239013672,12.292455673217773,0.31666666,0.01039052
00-0029263,R.Wilson,field,midfield,317,0.039436273,-0.00080670416,6.77427339553833,5.825033187866211,0.43533123,-0.021493286
00-0029263,R.Wilson,field,red_zone,32,0.118533894,0.06008338,9.992704391479492,7.5667524337768555,0.375,-0.029013366
00-0029263,R.Wilson,field,goal_line,12,-0.76275474,-0.6894793,-9.193302154541016,-10.002795219421387,0.25,-0.17794761
00-0029263,R.Wilson,field,own_territory,31,0.005480974,-0.07224543,-6.733050346374512,-6.8636603355407715,0.3548387,-0.101261646
00-0029263,R.Wilson,script,close_game,275,-0.06704379,-0.11431712,2.6846840381622314,1.5053753852844238,0.39636365,-0.054843307
00-0029263,R.Wilson,script,trailing_small,76,0.11307713,0.08518185,10.927841186523438,9.557311058044434,0.4473684,-0.0072722137
00-0029263,R.Wilson,script,leading_small,21,0.3829618,0.23683102,26.84172821044922,23.22142791748047,0.52380955,0.04500982
00-0029263,R.Wilson,script,trailing_big,27,0.2364589,0.33290356,-0.6884171366691589,1.0145721435546875,0.4074074,0.0025401413
00-0029263,R.Wilson,time,normal,257,0.057007074,0.012352396,5.9631242752075195,4.378262519836426,0.4163424,-0.039836466
00-0029263,R.Wilson,time,two_minute,40,0.05447663,-0.01523466,5.591592311859131,6.499216556549072,0.45,0.017293036
00-0029263,R.Wilson,time,4th_quarter,104,-0.104762666,-0.115893014,2.723790168762207,2.670903444290161,0.39423078,-0.0419752
00-0029263,R.Wilson,depth,short,297,0.017958544,-0.11279861,2.0531232357025146,0.7139431238174438,0.44781145,-0.04996839
00-0029263,R.Wilson,depth,deep,66,0.93826556,0.5538202,18.607973098754883,19.217632293701172,0.5,0.083723664
00-0029263,R.Wilson,air_depth,short,233,-0.31847662,-0.213328,2.875340700149536,0.11490964889526367,0.38626608,-0.07170412
00-0029263,R.Wilson,air_depth,behind_los,64,-0.14906038,-0.028716445,-8.443049430847168,-6.749286651611328,0.34375,-0.024546295
00-0029263,R.Wilson,air_depth,deep,52,1.0863827,0.7353065,21.84574317932129,22.402141571044922,0.5,0.14634147
00-0029263,R.Wilson,air_depth,medium,52,0.63822263,0.22789234,15.467063903808594,15.604060173034668,0.53846157,-0.009344101
00-0029263,R.Wilson,pressure,clean_pocket,262,0.28846896,0.04062693,6.219684600830078,3.958855390548706,0.52290076,0.00293231
00-0029263,R.Wilson,pressure,under_pressure,139,-0.50103813,-0.06109497,1.6036075353622437,5.003758907318115,0.2086331,-0.07672754
00-0029263,R.Wilson,play_action,standard_dropback,401,0.014799423,-0.024740577,5.104016304016113,4.128294944763184,0.41396508,-0.034950256
00-0035704,D.Lock,down,1_down,72,-0.061114985,-0.15325995,1.7917475700378418,0.7769367694854736,0.4722222,-0.007999867
00-0035704,D.Lock,down,2_down,61,-0.18988502,-0.2695307,-11.82358169555664,-12.964271545410156,0.44262296,-0.021730453
00-0035704,D.Lock,down,3rd_long,27,0.03245029,0.13480636,-6.816654205322266,-7.521250247955322,0.2962963,-0.009979844
00-0035704,D.Lock,down,3rd_short,12,-0.6007238,-0.4430197,1.7000652551651,3.2777843475341797,0.5,-0.0005055666
00-0035704,D.Lock,down,3rd_medium,14,-0.76682174,-0.7667197,-23.870874404907227,-25.576332092285156,0.21428572,-0.21399505
00-0035704,D.Lock,field,midfield,153,-0.27274498,-0.31298795,-6.777553558349609,-7.7267937660217285,0.4248366,-0.031987906
00-0035704,D.Lock,field,own_territory,23,-0.015482372,-0.093208775,-2.8680572509765625,-2.9986672401428223,0.39130434,-0.064796
00-0035704,D.Lock,field,red_zone,10,-0.17271997,-0.23117048,-2.9551572799682617,-5.381109237670898,0.3,-0.10401335
00-0035704,D.Lock,script,trailing_big,36,-0.24396917,-0.14752449,-6.131796836853027,-4.428807258605957,0.3611111,-0.043756157
00-0035704,D.Lock,script,close_game,106,-0.35938188,-0.40665522,-12.013256072998047,-13.192564964294434,0.3962264,-0.054980546
00-0035704,D.Lock,script,trailing_small,42,-0.05826817,-0.086163454,3.269899845123291,1.899369716644287,0.45238096,-0.0022596717
00-0035704,D.Lock,time,4th_quarter,84,0.11431731,0.103186965,-4.627566814422607,-4.680453300476074,0.42857143,-0.0076345503
00-0035704,D.Lock,time,normal,91,-0.46866307,-0.51331776,-6.516353607177734,-8.101215362548828,0.41758242,-0.03859645
00-0035704,D.Lock,time,two_minute,18,-0.46674082,-0.5364521,-10.946694374084473,-10.039070129394531,0.33333334,-0.09937361
00-0035704,D.Lock,depth,short,149,-0.13816997,-0.26892713,-5.6934709548950195,-7.032650947570801,0.45637584,-0.04140401
00-0035704,D.Lock,depth,deep,31,0.19582434,-0.18862103,-7.941741943359375,-7.332082271575928,0.3548387,-0.061437637
00-0035704,D.Lock,air_depth,behind_los,45,-0.65233034,-0.5319864,-17.49645233154297,-15.802689552307129,0.26666668,-0.101629615
00-0035704,D.Lock,air_depth,deep,19,-0.22263975,-0.57371604,-16.498306274414062,-15.94190788269043,0.21052632,-0.14313221
00-0035704,D.Lock,air_depth,short,100,-0.18433352,-0.079184905,3.94331955909729,1.1828885078430176,0.51,0.05202979
00-0035704,D.Lock,air_depth,medium,29,0.36452958,-0.045800716,-13.722856521606445,-13.585860252380371,0.44827586,-0.0995298
00-0035704,D.Lock,pressure,clean_pocket,120,0.14280878,-0.10503325,-5.888110637664795,-8.148940086364746,0.45,-0.06996846
00-0035704,D.Lock,pressure,under_pressure,73,-0.80252147,-0.3625783,-6.555213451385498,-3.155062198638916,0.3561644,0.07080376
00-0035704,D.Lock,play_action,standard_dropback,193,-0.2147514,-0.2542914,-6.096339702606201,-7.072061538696289,0.41450778,-0.034407556
00-0038102,K.Pickett,down,2_down,16,-0.53167313,-0.6113188,8.567051887512207,7.426361560821533,0.3125,-0.15185341
00-0038102,K.Pickett,down,1_down,10,0.26038402,0.16823906,-15.711710929870605,-16.72652244567871,0.3,-0.18022206
00-0038102,K.Pickett,field,midfield,36,0.07396382,0.033720843,-1.358855962753296,-2.308096170425415,0.3888889,-0.067935616
00-0038102,K.Pickett,script,close_game,31,0.15728813,0.11001481,-3.5126779079437256,-4.691986560821533,0.3548387,-0.09636825
00-0038102,K.Pickett,script,leading_small,10,0.027769636,-0.118361145,20.67119026184082,17.05088996887207,0.4,-0.078799725
00-0038102,K.Pickett,time,4th_quarter,16,-0.46913037,-0.48026073,-28.380836486816406,-28.43372344970703,0.25,-0.18620598
00-0038102,K.Pickett,time,normal,28,0.1291326,0.08447792,8.13867473602295,6.5538129806518555,0.35714287,-0.09903601
00-0038102,K.Pickett,depth,short,37,-0.19403249,-0.32478964,-6.775998115539551,-8.115178108215332,0.35135135,-0.1464285
00-0038102,K.Pickett,air_depth,short,31,-0.30001545,-0.19486684,-2.6499733924865723,-5.410404205322266,0.3548387,-0.1031315
00-0038102,K.Pickett,pressure,under_pressure,18,-0.20766361,0.23227955,-1.6044069528579712,1.7957442998886108,0.22222222,-0.06313841
00-0038102,K.Pickett,pressure,clean_pocket,29,0.15362006,-0.094221964,-1.064589262008667,-3.325418472290039,0.44827586,-0.071692586
00-0038102,K.Pickett,play_action,standard_dropback,47,0.01525609,-0.02428391,-1.2265361547470093,-2.2022576332092285,0.3617021,-0.08721322
00-0039917,M.Penix,down,1_down,42,-0.0822399,-0.17438486,-10.557604789733887,-11.572415351867676,0.42857143,-0.051650643
00-0039917,M.Penix,down,3rd_long,15,-0.27000827,-0.16765219,6.767884731292725,6.063288688659668,0.4,0.09372386
00-0039917,M.Penix,down,3rd_medium,10,0.3671257,0.36722773,-3.8107266426086426,-5.516184329986572,0.5,0.07171923
00-0039917,M.Penix,down,2_down,34,0.37793308,0.2982874,-3.499224901199341,-4.6399149894714355,0.5588235,0.09447011
00-0039917,M.Penix,field,midfield,89,0.07489443,0.03465145,-6.04707670211792,-6.996316909790039,0.46067417,0.0038496554
00-0039917,M.Penix,field,red_zone,13,0.7743645,0.71591395,5.095945835113525,2.6699936389923096,0.61538464,0.21137127
00-0039917,M.Penix,script,close_game,89,0.07787509,0.030601766,-6.444271087646484,-7.623579978942871,0.4494382,-0.001768738
00-0039917,M.Penix,script,leading_big,11,0.5548913,0.40357473,2.2447686195373535,3.7075765132904053,0.72727275,0.26659858
00-0039917,M.Penix,time,4th_quarter,36,0.4493214,0.43819103,1.019903302192688,0.9670165777206421,0.5277778,0.09157181
00-0039917,M.Penix,time,normal,59,-0.12286006,-0.16751474,-9.4217529296875,-11.006614685058594,0.44067797,-0.015500903
00-0039917,M.Penix,time,two_minute,14,0.40187788,0.33216658,2.272777557373047,3.1804018020629883,0.5714286,0.13872164
00-0039917,M.Penix,depth,short,77,0.09803886,-0.032718293,-7.036113739013672,-8.375293731689453,0.5194805,0.02170068
00-0039917,M.Penix,depth,deep,28,0.4515663,0.06712094,2.4268460273742676,3.036505699157715,0.4642857,0.048009366
00-0039917,M.Penix,air_depth,short,46,0.042579986,0.14772859,-3.633664131164551,-6.394095420837402,0.54347825,0.08550805
00-0039917,M.Penix,air_depth,medium,30,0.3079829,-0.102347404,-7.95250129699707,-7.815505027770996,0.5,-0.047805667
00-0039917,M.Penix,air_depth,deep,19,0.20123681,-0.14983946,-1.1043953895568848,-0.5479966402053833,0.36842105,0.014762521
00-0039917,M.Penix,air_depth,behind_los,14,-0.03346775,0.086876184,-3.6818268299102783,-1.9880640506744385,0.42857143,0.060275137
00-0039917,M.Penix,pressure,clean_pocket,83,0.33545163,0.087609604,-0.5101744532585144,-2.7710037231445312,0.56626505,0.046296597
00-0039917,M.Penix,pressure,under_pressure,26,-0.5111295,-0.071186334,-21.5987491607666,-18.198596954345703,0.23076923,-0.054591402
00-0039917,M.Penix,play_action,standard_dropback,109,0.13351484,0.093974836,-4.438437461853027,-5.414158821105957,0.48623854,0.037323207
00-0038122,D.Ridder,down,1_down,37,-0.22062662,-0.3127716,-6.383848190307617,-7.398658752441406,0.3783784,-0.101843685
00-0038122,D.Ridder,down,2_down,30,-0.34922054,-0.42886624,-6.651525020599365,-7.792215347290039,0.3,-0.1643534
00-0038122,D.Ridder,down,3rd_long,10,-1.4367218,-1.3343657,-10.471343994140625,-11.175939559936523,0.2,-0.10627614
00-0038122,D.Ridder,field,midfield,75,-0.13177294,-0.1720159,-3.8535728454589844,-4.8028130531311035,0.41333333,-0.043491185
00-0038122,D.Ridder,field,own_territory,10,-0.8333459,-0.9110723,5.317257404327393,5.186647415161133,0.2,-0.25610036
00-0038122,D.Ridder,script,trailing_big,20,-0.4058207,-0.309376,-10.262639045715332,-8.559649467468262,0.25,-0.15486726
00-0038122,D.Ridder,script,trailing_small,50,-0.12928694,-0.15718223,-2.7667622566223145,-4.137292385101318,0.42,-0.03464064
00-0038122,D.Ridder,script,close_game,24,-0.30944157,-0.3567149,2.633775472640991,1.4544668197631836,0.41666666,-0.034540296
00-0038122,D.Ridder,time,normal,17,-0.5847896,-0.62944424,-15.730443000793457,-17.315305709838867,0.1764706,-0.27970827
00-0038122,D.Ridder,time,4th_quarter,73,-0.15855749,-0.16968784,-0.03424154967069626,-0.08712825924158096,0.43835616,0.002150178
00-0038122,D.Ridder,depth,short,69,0.17058463,0.03982748,0.25819113850593567,-1.0809890031814575,0.49275362,-0.0050262213
00-0038122,D.Ridder,depth,deep,15,-0.583646,-0.96809137,-24.129253387451172,-23.519594192504883,0.13333334,-0.282943
00-0038122,D.Ridder,air_depth,medium,16,0.015843585,-0.39448673,-14.388439178466797,-14.251442909240723,0.375,-0.17280567
00-0038122,D.Ridder,air_depth,short,58,-0.24486847,-0.13971986,5.485013961791992,2.7245829105377197,0.44827586,-0.009694338
00-0038122,D.Ridder,air_depth,deep,11,-0.3902072,-0.7412835,-18.6747989654541,-18.11840057373047,0.18181819,-0.17184034
00-0038122,D.Ridder,pressure,clean_pocket,60,-0.0011808097,-0.24902284,-3.570312023162842,-5.831141471862793,0.43333334,-0.08663511
00-0038122,D.Ridder,pressure,under_pressure,34,-0.6451915,-0.20524833,-1.9723495244979858,1.4278017282485962,0.29411766,0.008757025
00-0038122,D.Ridder,play_action,standard_dropback,94,-0.23412083,-0.27366084,-3.1810638904571533,-4.156785488128662,0.38297874,-0.065936595
00-0037012,T.Lance,down,1_down,21,0.06390878,-0.028236188,6.641779899597168,5.626969337463379,0.47619048,-0.0040315986
00-0037012,T.Lance,down,2_down,10,-0.54856783,-0.6282135,-33.47077560424805,-34.61146545410156,0.2,-0.2643534
00-0037012,T.Lance,field,midfield,31,0.12187112,0.081628144,1.1986452341079712,0.24940508604049683,0.48387095,0.027046442
00-0037012,T.Lance,script,close_game,36,-0.07107369,-0.11834702,-8.694462776184082,-9.873771667480469,0.41666666,-0.034540296
00-0037012,T.Lance,time,4th_quarter,14,-0.46316746,-0.47429782,-7.441213130950928,-7.4940996170043945,0.21428572,-0.22192027
00-0037012,T.Lance,time,normal,25,0.12028786,0.07563318,0.1719771772623062,-1.4128847122192383,0.48,0.023821115
00-0037012,T.Lance,depth,short,34,-0.069318116,-0.20007527,-6.551520347595215,-7.890700340270996,0.38235295,-0.1154269
00-0037012,T.Lance,air_depth,short,27,-0.40526065,-0.30011204,-9.964948654174805,-12.725379943847656,0.2962963,-0.1616739
00-0037012,T.Lance,pressure,under_pressure,14,-0.5748344,-0.13489124,2.1689727306365967,5.569124221801758,0.2857143,0.00035366416
00-0037012,T.Lance,pressure,clean_pocket,31,-0.010214616,-0.25805664,-9.86745834350586,-12.128287315368652,0.38709676,-0.13287169
00-0037012,T.Lance,play_action,standard_dropback,45,-0.18587418,-0.22541419,-6.858351707458496,-7.834073066711426,0.35555556,-0.09335977
00-0032434,B.Allen,down,1_down,13,0.14656608,0.054421112,4.6270222663879395,3.6122114658355713,0.46153846,-0.018683612
00-0032434,B.Allen,field,midfield,25,-0.40092227,-0.44116524,-11.266845703125,-12.216085433959961,0.32,-0.13682452
00-0032434,B.Allen,script,trailing_small,11,-1.4769405,-1.5048358,-22.552276611328125,-23.922805786132812,0.09090909,-0.36373153
00-0032434,B.Allen,script,trailing_big,18,0.3569614,0.4534061,5.194998264312744,6.897987365722656,0.5,0.09513274
00-0032434,B.Allen,time,normal,21,-0.2344095,-0.27906418,-5.57275915145874,-7.157620906829834,0.42857143,-0.027607441
00-0032434,B.Allen,depth,short,24,-0.0069884756,-0.13774563,-1.1915963888168335,-2.5307765007019043,0.375,-0.122779846
00-0032434,B.Allen,air_depth,short,21,-0.4819094,-0.37676078,1.7484140396118164,-1.012017011642456,0.33333334,-0.12463686
00-0032434,B.Allen,pressure,clean_pocket,21,-0.08513861,-0.33298063,1.470318078994751,-0.7905111312866211,0.47619048,-0.043777972
00-0032434,B.Allen,pressure,under_pressure,11,-0.9605696,-0.5206264,-27.475418090820312,-24.075267791748047,0.09090909,-0.19445154
00-0032434,B.Allen,play_action,standard_dropback,32,-0.38606805,-0.42560804,-4.962067604064941,-5.937788963317871,0.34375,-0.10516533
00-0038476,T.DeVito,down,1_down,22,-0.09255262,-0.18469758,4.500947952270508,3.4861371517181396,0.36363637,-0.1165857
00-0038476,T.DeVito,down,2_down,14,-0.26273766,-0.34238335,5.416823863983154,4.2761335372924805,0.42857143,-0.03578198
00-0038476,T.DeVito,field,midfield,41,0.026000671,-0.014242306,11.061924934387207,10.112685203552246,0.46341464,0.006590128
00-0038476,T.DeVito,script,close_game,11,-0.5913691,-0.63864243,-10.91885757446289,-12.098166465759277,0.09090909,-0.36029786
00-0038476,T.DeVito,script,trailing_big,30,-0.044534516,0.051910166,4.166793346405029,5.869782447814941,0.46666667,0.061799407
00-0038476,T.DeVito,time,normal,34,-0.100548364,-0.14520304,8.79850959777832,7.213647842407227,0.3529412,-0.10323769
00-0038476,T.DeVito,time,4th_quarter,16,-0.28689298,-0.29802334,-3.132591962814331,-3.185478687286377,0.4375,0.0012940168
00-0038476,T.DeVito,depth,short,40,0.04327046,-0.08748669,5.7556939125061035,4.416513919830322,0.45,-0.047779858
00-0038476,T.DeVito,air_depth,short,31,-0.1462211,-0.041072488,9.372739791870117,6.612308502197266,0.41935483,-0.038615376
00-0038476,T.DeVito,air_depth,medium,12,0.0003037552,-0.41002655,-2.6327669620513916,-2.4957709312438965,0.5,-0.047805667
00-0038476,T.DeVito,pressure,under_pressure,20,-0.6284281,-0.18848494,4.953306198120117,8.3534574508667,0.25,-0.035360634
00-0038476,T.DeVito,pressure,clean_pocket,30,0.15198764,-0.09585439,4.640568256378174,2.3797390460968018,0.46666667,-0.05330178
00-0038476,T.DeVito,play_action,standard_dropback,50,-0.16017865,-0.19971865,4.724472999572754,3.748751401901245,0.38,-0.06891534
00-0037077,S.Howell,field,midfield,15,-0.8752578,-0.91550076,-22.338651657104492,-23.287891387939453,0.13333334,-0.32349116
00-0037077,S.Howell,script,trailing_big,13,-0.6118546,-0.51540995,-30.22829246520996,-28.52530288696289,0.15384616,-0.2510211
00-0037077,S.Howell,time,4th_quarter,14,-0.7515644,-0.7626947,-35.276973724365234,-35.32986068725586,0.14285715,-0.29334885
00-0037077,S.Howell,depth,short,12,-0.4623948,-0.5931519,-30.72972297668457,-32.068904876708984,0.16666667,-0.33111316
00-0037077,S.Howell,air_depth,short,14,-0.56549495,-0.46034634,-32.729061126708984,-35.4894905090332,0.14285715,-0.31511307
00-0037077,S.Howell,play_action,standard_dropback,18,-0.8651621,-0.90470207,-33.19926834106445,-34.174991607666016,0.11111111,-0.33780423
00-0032950,C.Wentz,field,midfield,21,-0.41832656,-0.45856953,-5.398769378662109,-6.3480095863342285,0.1904762,-0.2663483
00-0032950,C.Wentz,script,trailing_big,18,-0.3605574,-0.2641127,-1.4574064016342163,0.2455829381942749,0.22222222,-0.18264504
00-0032950,C.Wentz,time,normal,19,-0.37900808,-0.42366275,-5.398769378662109,-6.983631134033203,0.21052632,-0.24565256
00-0032950,C.Wentz,depth,short,17,-0.11595148,-0.24670863,-3.5140514373779297,-4.853231430053711,0.29411766,-0.20366219
00-0032950,C.Wentz,air_depth,short,16,-0.43085194,-0.32570332,-0.9232499003410339,-3.683681011199951,0.25,-0.2079702
00-0032950,C.Wentz,pressure,clean_pocket,12,-0.24105828,-0.4889003,-14.547611236572266,-16.808441162109375,0.25,-0.26996845
00-0032950,C.Wentz,pressure,under_pressure,11,-0.35118628,0.08875689,21.695695877075195,25.095848083496094,0.27272728,-0.0126333535
00-0032950,C.Wentz,play_action,standard_dropback,23,-0.29372817,-0.33326817,-1.1948140859603882,-2.1705355644226074,0.26086956,-0.18804577
00-0038400,T.McKee,down,2_down,19,0.64840317,0.5687575,7.8860344886779785,6.745344161987305,0.7368421,0.27248868
00-0038400,T.McKee,down,1_down,16,0.11921629,0.027071327,-17.571502685546875,-18.586313247680664,0.4375,-0.042722076
00-0038400,T.McKee,field,midfield,40,0.2143716,0.17412862,-4.633238315582275,-5.5824785232543945,0.525,0.068175465
00-0038400,T.McKee,script,close_game,36,0.3097375,0.26246417,1.8472521305084229,0.6679434776306152,0.5277778,0.07657084
00-0038400,T.McKee,time,normal,28,0.43727115,0.39261648,5.835236072540283,4.2503743171691895,0.60714287,0.15096399
00-0038400,T.McKee,time,4th_quarter,11,0.3354262,0.32429585,-8.006263732910156,-8.059150695800781,0.45454547,0.018339485
00-0038400,T.McKee,depth,short,38,0.4007844,0.27002725,3.258363723754883,1.919183611869812,0.6052632,0.10748333
00-0038400,T.McKee,air_depth,short,29,0.20160754,0.30675614,-1.7120095491409302,-4.472440719604492,0.4827586,0.02478841
00-0038400,T.McKee,air_depth,medium,12,0.37027922,-0.040051073,2.216256856918335,2.35325288772583,0.5833333,0.035527647
00-0038400,T.McKee,pressure,clean_pocket,30,0.46206897,0.21422695,1.7083523273468018,-0.5524768829345703,0.6,0.080031574
00-0038400,T.McKee,pressure,under_pressure,17,0.047979083,0.48792225,-3.5458481311798096,-0.14569687843322754,0.4117647,0.12640408
00-0038400,T.McKee,play_action,standard_dropback,47,0.31229174,0.27275175,-0.04304737597703934,-1.0187690258026123,0.5319149,0.08299956
00-0033949,J.Dobbs,down,2_down,13,0.18298817,0.103342466,-7.3811163902282715,-8.521806716918945,0.46153846,-0.0028149486
00-0033949,J.Dobbs,down,1_down,23,0.32231653,0.23017156,12.663025856018066,11.648215293884277,0.6086956,0.12847355
00-0033949,J.Dobbs,field,midfield,39,0.046299666,0.0060566887,-0.8928219676017761,-1.8420621156692505,0.51282054,0.05599603
00-0033949,J.Dobbs,script,trailing_small,13,0.5137425,0.48584723,10.740789413452148,9.370259284973145,0.6923077,0.23766708
00-0033949,J.Dobbs,script,close_game,27,0.114872925,0.067599595,3.698291540145874,2.5189828872680664,0.5185185,0.067311555
00-0033949,J.Dobbs,time,4th_quarter,18,-0.11244901,-0.12357936,-6.94328498840332,-6.996171474456787,0.44444445,0.008238465
00-0033949,J.Dobbs,time,normal,22,0.11992578,0.0752711,5.836152076721191,4.251290321350098,0.54545456,0.08927569
00-0033949,J.Dobbs,depth,short,39,0.05971532,-0.07104184,-2.7496562004089355,-4.088836193084717,0.51282054,0.015040696
00-0033949,J.Dobbs,air_depth,medium,12,0.49671924,0.086388946,10.997745513916016,11.13474178314209,0.6666667,0.11886102
00-0033949,J.Dobbs,air_depth,short,28,-0.078943424,0.02620519,-3.5958211421966553,-6.356252193450928,0.5,0.042029798
00-0033949,J.Dobbs,pressure,clean_pocket,41,0.25366235,0.005820319,1.2893083095550537,-0.9715209007263184,0.5365854,0.01661694
00-0033949,J.Dobbs,play_action,standard_dropback,48,0.12677646,0.08723646,1.6368017196655273,0.6610801219940186,0.5208333,0.07191798
00-0039398,J.Milton,down,2_down,13,0.50576365,0.42611796,26.2991943359375,25.158504486083984,0.53846157,0.07410815
00-0039398,J.Milton,field,midfield,26,0.44078395,0.40054098,16.542993545532227,15.593753814697266,0.53846157,0.081637055
00-0039398,J.Milton,script,close_game,29,0.40657642,0.3593031,17.12494468688965,15.945635795593262,0.51724136,0.06603441
00-0039398,J.Milton,time,normal,21,0.57549495,0.5308403,22.809127807617188,21.224266052246094,0.52380955,0.06763068
00-0039398,J.Milton,depth,short,23,0.3910369,0.26027974,23.243789672851562,21.90460968017578,0.5652174,0.06743753
00-0039398,J.Milton,air_depth,short,13,0.32396066,0.42910928,17.926979064941406,15.166547775268555,0.46153846,0.0035682619
00-0039398,J.Milton,pressure,under_pressure,10,0.23217563,0.6721188,14.330395698547363,17.730546951293945,0.4,0.11463937
00-0039398,J.Milton,pressure,clean_pocket,19,0.49836636,0.25052434,18.301597595214844,16.040767669677734,0.57894737,0.058978915
00-0039398,J.Milton,play_action,standard_dropback,29,0.40657642,0.36703643,17.12494468688965,16.14922332763672,0.51724136,0.068326026
00-0034401,M.White,script,close_game,11,-0.65026057,-0.6975339,-36.90081024169922,-38.08012008666992,0.18181819,-0.26938877
00-0034401,M.White,time,4th_quarter,11,-0.65026057,-0.6613909,-36.90081024169922,-36.953697204589844,0.18181819,-0.2543878
00-0034401,M.White,pressure,clean_pocket,10,-0.5012225,-0.7490645,-36.78126525878906,-39.04209518432617,0.2,-0.31996846
00-0034401,M.White,play_action,standard_dropback,11,-0.65026057,-0.68980056,-36.90081024169922,-37.87653350830078,0.18181819,-0.26709715
00-0038108,B.Zappe,down,1_down,13,0.28919384,0.19704887,-7.736017227172852,-8.75082778930664,0.46153846,-0.018683612
00-0038108,B.Zappe,field,midfield,24,-0.4745802,-0.5148232,-10.283318519592285,-11.232558250427246,0.375,-0.08182451
00-0038108,B.Zappe,script,trailing_big,21,-0.2536401,-0.1571954,-9.880023002624512,-8.177033424377441,0.3809524,-0.023914874
00-0038108,B.Zappe,time,normal,19,-0.78512144,-0.8297761,-20.9288330078125,-22.513694763183594,0.2631579,-0.19302097
00-0038108,B.Zappe,time,4th_quarter,13,-0.14857677,-0.15970711,-3.9101510047912598,-3.9630377292633057,0.3846154,-0.05159059
00-0038108,B.Zappe,depth,short,25,-0.30183238,-0.43258953,-5.211767196655273,-6.550947189331055,0.4,-0.09777984
00-0038108,B.Zappe,air_depth,short,16,-0.97229326,-0.86714464,-12.124436378479004,-14.884867668151855,0.25,-0.2079702
00-0038108,B.Zappe,pressure,clean_pocket,25,-0.64454675,-0.89238876,-20.328414916992188,-22.589244842529297,0.28,-0.23996845
00-0038108,B.Zappe,play_action,standard_dropback,32,-0.52652514,-0.56606513,-13.554070472717285,-14.529791831970215,0.3125,-0.13641533
00-0031345,J.Garoppolo,down,1_down,18,0.27986807,0.1877231,-9.107364654541016,-10.122175216674805,0.6111111,0.13088903
00-0031345,J.Garoppolo,down,2_down,11,0.13148747,0.051841773,9.229635238647461,8.088945388793945,0.45454547,-0.009807944
00-0031345,J.Garoppolo,field,midfield,32,0.2921252,0.25188223,8.177386283874512,7.228146076202393,0.625,0.16817549
00-0031345,J.Garoppolo,script,close_game,34,-0.22767171,-0.27494505,-10.34636402130127,-11.525672912597656,0.38235295,-0.068854004
00-0031345,J.Garoppolo,script,trailing_small,11,0.89258826,0.864693,16.107749938964844,14.73721981048584,0.8181818,0.3635412
00-0031345,J.Garoppolo,time,normal,24,-0.046179265,-0.09083395,-4.426784038543701,-6.011645793914795,0.5416667,0.08548781
00-0031345,J.Garoppolo,time,4th_quarter,18,0.11805875,0.1069284,0.31626319885253906,0.26337647438049316,0.3888889,-0.047317088
00-0031345,J.Garoppolo,depth,short,34,0.051361695,-0.07939546,-5.506063938140869,-6.84524393081665,0.5,0.0022201538
00-0031345,J.Garoppolo,air_depth,behind_los,11,0.23560058,0.3559445,-1.463658094406128,0.23010468482971191,0.6363636,0.26806733
00-0031345,J.Garoppolo,air_depth,short,23,-0.07152913,0.033619486,3.5949273109436035,0.834496259689331,0.4347826,-0.023187608
00-0031345,J.Garoppolo,pressure,clean_pocket,31,-0.021590626,-0.26943266,-5.061582565307617,-7.32241153717041,0.48387095,-0.036097497
00-0031345,J.Garoppolo,pressure,under_pressure,14,0.19621016,0.63615334,2.175149440765381,5.575300693511963,0.5,0.21463937
00-0031345,J.Garoppolo,play_action,standard_dropback,45,0.046169616,0.006629616,-3.071481227874756,-4.047203063964844,0.4888889,0.039973557
