play_id,play_type,down,distance,yards_to_goal,yard_line,ppa,scoring,home,away,offense_score,defense_score,period,clock_minutes,clock_seconds,week,opponent,season,team,player_name,draft_year
400547762101876901,Pass Incompletion,1,10,37,37,-0.7519361608312708,False,Oklahoma State,Florida State,0,0,1,12,30,1,Oklahoma State,2014,Florida State,Jameis Winston,2015
400547762101907201,Pass Reception,3,3,19,19,-0.4279679751703595,False,Oklahoma State,Florida State,0,0,1,9,27,1,Oklahoma State,2014,Florida State,Jameis Winston,2015
400547762101895901,Pass Reception,3,7,34,34,1.4104372568040748,False,Oklahoma State,Florida State,0,0,1,10,40,1,Oklahoma State,2014,Florida State,Jameis Winston,2015
400547762101874902,Pass Reception,1,10,47,47,0.097373878655615,False,Oklahoma State,Florida State,0,0,1,12,50,1,Oklahoma State,2014,Florida State,Jameis Winston,2015
400547762101874401,Pass Reception,1,10,58,58,0.9485009707728855,False,Oklahoma State,Florida State,0,0,1,12,55,1,Oklahoma State,2014,Florida State,Jameis Winston,2015
400547762101896901,Pass Reception,2,12,28,28,0.5182892146516825,False,Oklahoma State,Florida State,0,0,1,10,30,1,Oklahoma State,2014,Florida State,Jameis Winston,2015
400547762101935301,Pass Reception,1,10,90,90,0.8283073066348914,False,Oklahoma State,Florida State,10,0,1,6,46,1,Oklahoma State,2014,Florida State,Jameis Winston,2015
400547762101959101,Pass Reception,2,10,67,67,0.908597199169141,False,Oklahoma State,Florida State,10,0,1,4,8,1,Oklahoma State,2014,Florida State,Jameis Winston,2015
400547762101936501,Pass Reception,2,1,81,81,-0.3064478558388091,False,Oklahoma State,Florida State,10,0,1,6,34,1,Oklahoma State,2014,Florida State,Jameis Winston,2015
400547762102855001,Pass Incompletion,2,10,13,13,-0.3252599830349858,False,Oklahoma State,Florida State,10,0,2,14,49,1,Oklahoma State,2014,Florida State,Jameis Winston,2015
400547762101999901,Pass Reception,1,10,75,75,3.5388259046754746,False,Oklahoma State,Florida State,10,0,1,0,0,1,Oklahoma State,2014,Florida State,Jameis Winston,2015
400547762102854401,Pass Incompletion,1,10,13,13,-0.3048472994988835,False,Oklahoma State,Florida State,10,0,2,14,55,1,Oklahoma State,2014,Florida State,Jameis Winston,2015
400547762102855701,Pass Interception Return,3,10,13,13,-3.8309635024202837,False,Oklahoma State,Florida State,10,0,2,14,42,1,Oklahoma State,2014,Florida State,Jameis Winston,2015
400547762102906801,Pass Reception,2,10,81,81,1.1957971997992534,False,Oklahoma State,Florida State,10,0,2,9,31,1,Oklahoma State,2014,Florida State,Jameis Winston,2015
400547762102889001,Pass Incompletion,1,10,94,94,-0.2935937291294204,False,Oklahoma State,Florida State,10,0,2,11,9,1,Oklahoma State,2014,Florida State,Jameis Winston,2015
400547762102909301,Pass Reception,1,10,71,71,3.1576891437232657,False,Oklahoma State,Florida State,10,0,2,9,6,1,Oklahoma State,2014,Florida State,Jameis Winston,2015
400547762102915601,Pass Reception,1,10,20,20,0.624840338247342,False,Oklahoma State,Florida State,10,0,2,8,43,1,Oklahoma State,2014,Florida State,Jameis Winston,2015
400547762102905201,Pass Incompletion,1,10,81,81,-0.5327945515514214,False,Oklahoma State,Florida State,10,0,2,9,47,1,Oklahoma State,2014,Florida State,Jameis Winston,2015
400547762102897801,Pass Reception,3,7,91,91,0.8041853436322546,False,Oklahoma State,Florida State,10,0,2,10,21,1,Oklahoma State,2014,Florida State,Jameis Winston,2015
400547762102965001,Pass Reception,1,10,75,75,0.9104368550610653,False,Oklahoma State,Florida State,17,7,2,3,49,1,Oklahoma State,2014,Florida State,Jameis Winston,2015
400547762102976601,Pass Incompletion,3,9,74,74,-0.18876768235831598,False,Oklahoma State,Florida State,17,7,2,2,33,1,Oklahoma State,2014,Florida State,Jameis Winston,2015
400547762102997001,Pass Interception Return,1,10,71,71,-1.2243831272450354,False,Oklahoma State,Florida State,17,7,2,0,29,1,Oklahoma State,2014,Florida State,Jameis Winston,2015
400547762103876601,Pass Incompletion,2,0,16,16,,False,Oklahoma State,Florida State,17,10,3,12,33,1,Oklahoma State,2014,Florida State,Jameis Winston,2015
400547762103858401,Pass Reception,2,8,73,73,1.5773551583638685,False,Oklahoma State,Florida State,17,10,3,14,15,1,Oklahoma State,2014,Florida State,Jameis Winston,2015
400547762103865201,Pass Reception,1,10,47,47,1.099375399016988,False,Oklahoma State,Florida State,17,10,3,13,47,1,Oklahoma State,2014,Florida State,Jameis Winston,2015
400547762103897501,Pass Reception,2,10,77,77,0.28760399331917963,False,Oklahoma State,Florida State,20,17,3,10,24,1,Oklahoma State,2014,Florida State,Jameis Winston,2015
400547762103896401,Pass Incompletion,1,10,77,77,-0.6425305871127751,False,Oklahoma State,Florida State,20,17,3,10,35,1,Oklahoma State,2014,Florida State,Jameis Winston,2015
400547762103905601,Pass Incompletion,3,3,70,70,-0.4649201051918652,False,Oklahoma State,Florida State,20,17,3,9,43,1,Oklahoma State,2014,Florida State,Jameis Winston,2015
400547762103924502,Pass Incompletion,1,10,56,56,-1.1612466882658818,False,Oklahoma State,Florida State,20,17,3,7,54,1,Oklahoma State,2014,Florida State,Jameis Winston,2015
400547762103935801,Pass Reception,2,11,43,43,-1.052222351415418,False,Oklahoma State,Florida State,20,17,3,6,41,1,Oklahoma State,2014,Florida State,Jameis Winston,2015
400547762103988901,Pass Incompletion,1,10,71,71,-0.8305196050291288,False,Oklahoma State,Florida State,27,17,3,1,10,1,Oklahoma State,2014,Florida State,Jameis Winston,2015
400547762103997001,Pass Reception,3,5,66,66,-0.08230800512180993,False,Oklahoma State,Florida State,27,17,3,0,29,1,Oklahoma State,2014,Florida State,Jameis Winston,2015
400547762103989401,Pass Reception,2,10,71,71,0.0494777229908996,False,Oklahoma State,Florida State,27,17,3,1,5,1,Oklahoma State,2014,Florida State,Jameis Winston,2015
400547762104897501,Pass Reception,3,5,66,66,2.280045517476829,False,Oklahoma State,Florida State,27,24,4,10,24,1,Oklahoma State,2014,Florida State,Jameis Winston,2015
400547762104886101,Pass Reception,1,10,71,71,0.366045681425021,False,Oklahoma State,Florida State,27,24,4,11,38,1,Oklahoma State,2014,Florida State,Jameis Winston,2015
400547762104945401,Pass Reception,3,19,33,33,1.6292038110801599,False,Oklahoma State,Florida State,27,24,4,5,45,1,Oklahoma State,2014,Florida State,Jameis Winston,2015
400547762104934401,Pass Reception,1,10,45,45,0.795076136460093,False,Oklahoma State,Florida State,27,24,4,6,55,1,Oklahoma State,2014,Florida State,Jameis Winston,2015
400547762104937101,Pass Incompletion,1,20,34,34,-0.8671658574622878,False,Oklahoma State,Florida State,27,24,4,6,28,1,Oklahoma State,2014,Florida State,Jameis Winston,2015
400547762104964101,Passing Touchdown,2,8,50,50,4.663363790440567,True,Oklahoma State,Florida State,37,24,4,3,58,1,Oklahoma State,2014,Florida State,Jameis Winston,2015
400547762104999901,Pass Incompletion,4,9,35,35,-1.5105190174105836,False,Oklahoma State,Florida State,37,31,4,0,0,1,Oklahoma State,2014,Florida State,Jameis Winston,2015
400547763101887401,Pass Reception,1,10,28,72,0.342802009978914,False,Florida State,The Citadel,0,0,1,11,25,2,The Citadel,2014,Florida State,Jameis Winston,2015
400547763101965601,Passing Touchdown,2,1,12,88,2.004024816101417,True,Florida State,The Citadel,14,0,1,3,43,2,The Citadel,2014,Florida State,Jameis Winston,2015
400547763101947401,Pass Reception,1,10,80,20,1.2388651878297718,False,Florida State,The Citadel,7,0,1,5,25,2,The Citadel,2014,Florida State,Jameis Winston,2015
400547763101949401,Pass Reception,1,10,64,36,1.670678522708263,False,Florida State,The Citadel,7,0,1,5,5,2,The Citadel,2014,Florida State,Jameis Winston,2015
400547763101955401,Pass Reception,1,10,45,55,0.539787924153398,False,Florida State,The Citadel,7,0,1,4,45,2,The Citadel,2014,Florida State,Jameis Winston,2015
400547763101959901,Pass Reception,1,10,21,79,0.628271997694076,False,Florida State,The Citadel,7,0,1,4,0,2,The Citadel,2014,Florida State,Jameis Winston,2015
400547763102884801,Pass Reception,2,10,46,54,0.3086426436449319,False,Florida State,The Citadel,14,0,2,11,51,2,The Citadel,2014,Florida State,Jameis Winston,2015
400547763102879501,Pass Incompletion,1,10,46,54,-1.0250974847844603,False,Florida State,The Citadel,14,0,2,12,4,2,The Citadel,2014,Florida State,Jameis Winston,2015
400547763102894601,Pass Reception,1,10,35,65,0.393521863681004,False,Florida State,The Citadel,14,0,2,10,53,2,The Citadel,2014,Florida State,Jameis Winston,2015
400547763102888201,Pass Reception,3,4,40,60,1.2871534654970367,False,Florida State,The Citadel,14,0,2,11,17,2,The Citadel,2014,Florida State,Jameis Winston,2015
400547763102997001,Passing Touchdown,2,1,1,99,1.900352237473006,True,Florida State,The Citadel,28,0,2,0,29,2,The Citadel,2014,Florida State,Jameis Winston,2015
400547763102985401,Pass Reception,2,6,70,30,1.756181152187275,False,Florida State,The Citadel,21,0,2,1,45,2,The Citadel,2014,Florida State,Jameis Winston,2015
400547763102986101,Pass Reception,1,10,56,44,1.257116610962765,False,Florida State,The Citadel,21,0,2,1,38,2,The Citadel,2014,Florida State,Jameis Winston,2015
400547763102989601,Pass Reception,2,5,22,78,0.12624125740231,False,Florida State,The Citadel,21,0,2,1,3,2,The Citadel,2014,Florida State,Jameis Winston,2015
400547763102988401,Pass Reception,1,10,45,55,0.735233243675582,False,Florida State,The Citadel,21,0,2,1,15,2,The Citadel,2014,Florida State,Jameis Winston,2015
400547763102966901,Pass Reception,1,10,89,11,-0.23728395737570995,False,Florida State,The Citadel,21,0,2,3,30,2,The Citadel,2014,Florida State,Jameis Winston,2015
400547763102988901,Pass Reception,1,10,27,73,0.076110368943329,False,Florida State,The Citadel,21,0,2,1,10,2,The Citadel,2014,Florida State,Jameis Winston,2015
400547763103887802,Pass Incompletion,3,5,5,95,-0.290992528642002,False,Florida State,The Citadel,28,0,3,11,21,2,The Citadel,2014,Florida State,Jameis Winston,2015
400547763103859501,Pass Reception,1,10,44,56,0.7314444089030463,False,Florida State,The Citadel,28,0,3,14,4,2,The Citadel,2014,Florida State,Jameis Winston,2015
400547763103865901,Pass Reception,1,10,24,76,0.641938297485138,False,Florida State,The Citadel,28,0,3,13,40,2,The Citadel,2014,Florida State,Jameis Winston,2015
400547763103878401,Pass Reception,1,10,10,90,0.1799366018014815,False,Florida State,The Citadel,28,0,3,12,15,2,The Citadel,2014,Florida State,Jameis Winston,2015
400547763103855501,Pass Reception,1,10,63,37,0.7113806413121412,False,Florida State,The Citadel,28,0,3,14,44,2,The Citadel,2014,Florida State,Jameis Winston,2015
400547763103934601,Pass Incompletion,1,10,16,84,-0.3301132067544156,False,Florida State,The Citadel,31,0,3,6,53,2,The Citadel,2014,Florida State,Jameis Winston,2015
400547763103926401,Pass Incompletion,1,10,34,66,-0.6630222646782312,False,Florida State,The Citadel,31,0,3,7,35,2,The Citadel,2014,Florida State,Jameis Winston,2015
400547763103924401,Pass Reception,1,10,80,20,3.4493316346914327,False,Florida State,The Citadel,31,0,3,7,55,2,The Citadel,2014,Florida State,Jameis Winston,2015
400547763103939001,Pass Incompletion,3,3,9,91,-0.3631109940856656,False,Florida State,The Citadel,31,0,3,6,9,2,The Citadel,2014,Florida State,Jameis Winston,2015
400547763103927401,Pass Reception,2,10,34,66,1.0310257042995268,False,Florida State,The Citadel,31,0,3,7,25,2,The Citadel,2014,Florida State,Jameis Winston,2015
400547763103999901,Pass Reception,3,10,73,27,0.362577407316091,False,Florida State,The Citadel,34,0,3,0,0,2,The Citadel,2014,Florida State,Jameis Winston,2015
400547763104936701,Pass Incompletion,2,7,16,84,-0.3835955463237236,False,Florida State,The Citadel,34,6,4,6,32,2,The Citadel,2014,Florida State,Jameis Winston,2015
400547763104947301,Pass Incompletion,2,10,10,90,-0.2792458253567104,False,Florida State,The Citadel,34,6,4,5,26,2,The Citadel,2014,Florida State,Jameis Winston,2015
400547763104937401,Pass Reception,3,7,16,84,0.9059798210279626,False,Florida State,The Citadel,34,6,4,6,25,2,The Citadel,2014,Florida State,Jameis Winston,2015
400547763104909901,Pass Reception,1,10,55,45,0.800099152249297,False,Florida State,The Citadel,34,6,4,9,0,2,The Citadel,2014,Florida State,Jameis Winston,2015
400547742101869101,Pass Incompletion,2,14,78,22,-0.1888926945915781,False,Florida State,Clemson,0,0,1,13,8,4,Clemson,2014,Florida State,Jameis Winston,2015
400547742101869701,Pass Incompletion,3,14,78,22,-0.08412385347567587,False,Florida State,Clemson,0,0,1,13,2,4,Clemson,2014,Florida State,Jameis Winston,2015
400547742101924901,Pass Incompletion,2,7,32,68,-0.7793420910928395,False,Florida State,Clemson,0,0,1,7,50,4,Clemson,2014,Florida State,Jameis Winston,2015
400547742101914401,Pass Reception,2,10,62,38,3.0684099340698623,False,Florida State,Clemson,0,0,1,8,55,4,Clemson,2014,Florida State,Jameis Winston,2015
400547742101905301,Pass Reception,3,6,76,24,2.0363386522895315,False,Florida State,Clemson,0,0,1,9,46,4,Clemson,2014,Florida State,Jameis Winston,2015
400547742101925301,Pass Incompletion,3,7,32,68,-0.9919047692460377,False,Florida State,Clemson,0,0,1,7,46,4,Clemson,2014,Florida State,Jameis Winston,2015
400547742101909301,Pass Incompletion,1,10,62,38,-1.087995077167328,False,Florida State,Clemson,0,0,1,9,6,4,Clemson,2014,Florida State,Jameis Winston,2015
400547742101897901,Pass Reception,2,12,82,18,0.0946611590503954,False,Florida State,Clemson,0,0,1,10,20,4,Clemson,2014,Florida State,Jameis Winston,2015
400547742101955701,Pass Incompletion,3,15,43,57,-0.7226323711165908,False,Florida State,Clemson,3,0,1,4,42,4,Clemson,2014,Florida State,Jameis Winston,2015
400547742101947401,Pass Reception,1,10,74,26,2.912183663875778,False,Florida State,Clemson,3,0,1,5,25,4,Clemson,2014,Florida State,Jameis Winston,2015
400547742101954901,Pass Incompletion,1,15,43,57,-0.9845486966154499,False,Florida State,Clemson,3,0,1,4,50,4,Clemson,2014,Florida State,Jameis Winston,2015
400547742101955301,Pass Incompletion,2,15,43,57,-0.992431837977211,False,Florida State,Clemson,3,0,1,4,46,4,Clemson,2014,Florida State,Jameis Winston,2015
400547742102909401,Pass Incompletion,2,11,92,8,-0.12021192936008075,False,Florida State,Clemson,3,3,2,9,5,4,Clemson,2014,Florida State,Jameis Winston,2015
400547742102945701,Pass Reception,1,10,71,29,1.7675625840445337,False,Florida State,Clemson,3,10,2,5,42,4,Clemson,2014,Florida State,Jameis Winston,2015
400547742102955901,Pass Incompletion,2,10,52,48,-0.9850636246407553,False,Florida State,Clemson,3,10,2,4,40,4,Clemson,2014,Florida State,Jameis Winston,2015
400547742102994501,Pass Incompletion,3,17,45,55,-0.58317735793299,False,Florida State,Clemson,3,10,2,0,54,4,Clemson,2014,Florida State,Jameis Winston,2015
400547742102986401,Pass Reception,2,16,44,56,-0.1649381539797972,False,Florida State,Clemson,3,10,2,1,35,4,Clemson,2014,Florida State,Jameis Winston,2015
400547742103887001,Pass Incompletion,2,9,21,79,-0.484501047579638,False,Florida State,Clemson,3,10,3,11,29,4,Clemson,2014,Florida State,Jameis Winston,2015
400547742103854901,Pass Reception,1,10,68,32,0.957607503602544,False,Florida State,Clemson,3,10,3,14,50,4,Clemson,2014,Florida State,Jameis Winston,2015
400547742103867101,Pass Reception,2,7,45,55,1.3871538627653681,False,Florida State,Clemson,3,10,3,13,28,4,Clemson,2014,Florida State,Jameis Winston,2015
400547742103879901,Pass Reception,1,10,22,78,-0.310131189369969,False,Florida State,Clemson,3,10,3,12,0,4,Clemson,2014,Florida State,Jameis Winston,2015
400547742103877501,Pass Reception,2,11,34,66,1.0518574025552074,False,Florida State,Clemson,3,10,3,12,24,4,Clemson,2014,Florida State,Jameis Winston,2015
400547742103887601,Pass Reception,3,4,16,84,1.970869179182712,False,Florida State,Clemson,3,10,3,11,23,4,Clemson,2014,Florida State,Jameis Winston,2015
400547742103857401,Pass Reception,1,10,58,42,0.9916447666850381,False,Florida State,Clemson,3,10,3,14,25,4,Clemson,2014,Florida State,Jameis Winston,2015
400547742103937101,Pass Incompletion,3,16,68,32,-0.13955094376801913,False,Florida State,Clemson,10,10,3,6,28,4,Clemson,2014,Florida State,Jameis Winston,2015
400547742103915901,Pass Reception,1,10,75,25,0.3333748010525683,False,Florida State,Clemson,10,10,3,8,40,4,Clemson,2014,Florida State,Jameis Winston,2015
400547742104858401,Pass Incompletion,2,6,73,27,-0.5934187553470212,False,Florida State,Clemson,10,10,4,14,15,4,Clemson,2014,Florida State,Jameis Winston,2015
400547742104868301,Pass Interception Return,2,5,47,53,-3.0964830273711463,False,Florida State,Clemson,10,10,4,13,16,4,Clemson,2014,Florida State,Jameis Winston,2015
400547742104865202,Pass Interception Return,2,5,47,53,-3.0964830273711463,False,Florida State,Clemson,10,10,4,13,47,4,Clemson,2014,Florida State,Jameis Winston,2015
400547742104865201,Pass Reception,1,10,52,48,0.1045373160815773,False,Florida State,Clemson,10,10,4,13,47,4,Clemson,2014,Florida State,Jameis Winston,2015
400547742104858901,Pass Reception,3,6,73,27,2.89944299132124,False,Florida State,Clemson,10,10,4,14,10,4,Clemson,2014,Florida State,Jameis Winston,2015
400547742104909702,Pass Incompletion,3,12,53,47,-0.5296830240435471,False,Florida State,Clemson,10,17,4,9,2,4,Clemson,2014,Florida State,Jameis Winston,2015
400547742104909701,Pass Incompletion,3,11,52,48,-0.5997337243516201,False,Florida State,Clemson,10,17,4,9,2,4,Clemson,2014,Florida State,Jameis Winston,2015
400547742104906401,Pass Reception,2,10,51,49,-0.1656124976871656,False,Florida State,Clemson,10,17,4,9,35,4,Clemson,2014,Florida State,Jameis Winston,2015
400547742104886901,Pass Reception,1,10,75,25,-0.2957674139440157,False,Florida State,Clemson,10,17,4,11,30,4,Clemson,2014,Florida State,Jameis Winston,2015
400547742104905901,Pass Incompletion,1,10,51,49,-1.1301991718133413,False,Florida State,Clemson,10,17,4,9,40,4,Clemson,2014,Florida State,Jameis Winston,2015
400547742104894201,Pass Reception,2,7,72,28,1.2263299258900062,False,Florida State,Clemson,10,17,4,10,57,4,Clemson,2014,Florida State,Jameis Winston,2015
400547742104897201,Pass Reception,1,10,64,36,1.3816838899351875,False,Florida State,Clemson,10,17,4,10,27,4,Clemson,2014,Florida State,Jameis Winston,2015
400547742104939501,Passing Touchdown,2,24,74,26,7.243596642182647,True,Florida State,Clemson,17,17,4,6,4,4,Clemson,2014,Florida State,Jameis Winston,2015
400547742104928001,Pass Reception,1,10,76,24,1.3887177392721153,False,Florida State,Clemson,10,17,4,7,19,4,Clemson,2014,Florida State,Jameis Winston,2015
400547742104978501,Pass Interception Return,3,10,75,25,0.12783001888671208,False,Florida State,Clemson,17,17,4,2,14,4,Clemson,2014,Florida State,Jameis Winston,2015
400547764101878101,Pass Incompletion,2,20,32,32,-0.9967707671181252,False,NC State,Florida State,0,7,1,12,18,5,NC State,2014,Florida State,Jameis Winston,2015
400547764101868401,Pass Reception,1,10,22,22,0.074636067054974,False,NC State,Florida State,0,7,1,13,15,5,NC State,2014,Florida State,Jameis Winston,2015
400547764101858401,Pass Incompletion,1,10,36,36,-0.7215426143188567,False,NC State,Florida State,0,7,1,14,15,5,NC State,2014,Florida State,Jameis Winston,2015
400547764101855704,Pass Reception,1,10,55,55,1.265835142302569,False,NC State,Florida State,0,7,1,14,42,5,NC State,2014,Florida State,Jameis Winston,2015
400547764101864401,Pass Reception,3,5,31,31,1.0236060078215954,False,NC State,Florida State,0,7,1,13,55,5,NC State,2014,Florida State,Jameis Winston,2015
400547764101879601,Passing Touchdown,3,20,32,32,5.454027060885091,True,NC State,Florida State,7,7,1,12,3,5,NC State,2014,Florida State,Jameis Winston,2015
400547764101956401,Pass Incompletion,3,11,82,82,-0.0909960794031095,False,NC State,Florida State,7,17,1,4,35,5,NC State,2014,Florida State,Jameis Winston,2015
400547764101955901,Pass Incompletion,2,11,82,82,-0.20667287608417073,False,NC State,Florida State,7,17,1,4,40,5,NC State,2014,Florida State,Jameis Winston,2015
400547764102849901,Pass Reception,3,4,12,12,0.49829372175903,False,NC State,Florida State,7,24,2,15,0,5,NC State,2014,Florida State,Jameis Winston,2015
400547764101987901,Pass Reception,1,10,41,41,0.0885892770886229,False,NC State,Florida State,7,24,1,1,20,5,NC State,2014,Florida State,Jameis Winston,2015
400547764101979901,Pass Reception,1,10,82,82,-0.3300044670451081,False,NC State,Florida State,7,24,1,2,0,5,NC State,2014,Florida State,Jameis Winston,2015
400547764101997401,Pass Reception,1,10,18,18,0.1838527971014785,False,NC State,Florida State,7,24,1,0,25,5,NC State,2014,Florida State,Jameis Winston,2015
400547764101994401,Pass Incompletion,2,5,36,36,-0.8978390125055055,False,NC State,Florida State,7,24,1,0,55,5,NC State,2014,Florida State,Jameis Winston,2015
400547764101985401,Pass Reception,2,8,80,80,3.5777830904414394,False,NC State,Florida State,7,24,1,1,45,5,NC State,2014,Florida State,Jameis Winston,2015
400547764101995901,Pass Reception,3,5,36,36,1.457976652242811,False,NC State,Florida State,7,24,1,0,40,5,NC State,2014,Florida State,Jameis Winston,2015
400547764102884101,Passing Touchdown,1,10,22,22,2.64762276664846,True,NC State,Florida State,21,24,2,11,58,5,NC State,2014,Florida State,Jameis Winston,2015
400547764102919401,Pass Reception,1,10,72,72,2.1693988759860954,False,NC State,Florida State,21,24,2,8,5,5,NC State,2014,Florida State,Jameis Winston,2015
400547764102924401,Pass Reception,1,10,48,48,-0.1319374071745773,False,NC State,Florida State,21,24,2,7,55,5,NC State,2014,Florida State,Jameis Winston,2015
400547764102935401,Pass Incompletion,3,8,46,46,-0.9106683441043435,False,NC State,Florida State,21,24,2,6,45,5,NC State,2014,Florida State,Jameis Winston,2015
400547764102997201,Pass Incompletion,1,10,71,71,-0.8305196050291288,False,NC State,Florida State,21,24,2,0,27,5,NC State,2014,Florida State,Jameis Winston,2015
400547764102996602,Pass Reception,3,7,92,92,1.4744662920080893,False,NC State,Florida State,21,24,2,0,33,5,NC State,2014,Florida State,Jameis Winston,2015
400547764103855401,Pass Interception Return,1,10,60,60,-2.2430993958563246,False,NC State,Florida State,21,24,3,14,45,5,NC State,2014,Florida State,Jameis Winston,2015
400547764103889901,Pass Reception,2,5,66,66,1.0152237490731402,False,NC State,Florida State,21,31,3,11,0,5,NC State,2014,Florida State,Jameis Winston,2015
400547764103885401,Pass Reception,2,12,83,83,1.327845454238978,False,NC State,Florida State,21,31,3,11,45,5,NC State,2014,Florida State,Jameis Winston,2015
400547764103887401,Pass Reception,1,10,71,71,0.1013807738833972,False,NC State,Florida State,21,31,3,11,25,5,NC State,2014,Florida State,Jameis Winston,2015
400547764103905401,Pass Reception,2,6,55,55,1.7317199626477515,False,NC State,Florida State,21,31,3,9,45,5,NC State,2014,Florida State,Jameis Winston,2015
400547764103936501,Pass Reception,1,15,76,76,0.04391644520887007,False,NC State,Florida State,28,38,3,6,34,5,NC State,2014,Florida State,Jameis Winston,2015
400547764103946401,Pass Reception,1,10,55,55,1.718414147751282,False,NC State,Florida State,28,38,3,5,35,5,NC State,2014,Florida State,Jameis Winston,2015
400547764103939901,Pass Reception,2,10,71,71,2.3295232404677284,False,NC State,Florida State,28,38,3,6,0,5,NC State,2014,Florida State,Jameis Winston,2015
400547764103948401,Pass Incompletion,1,10,15,15,-0.320977659489319,False,NC State,Florida State,28,38,3,5,15,5,NC State,2014,Florida State,Jameis Winston,2015
400547764103949301,Passing Touchdown,2,10,15,15,2.879176749054402,True,NC State,Florida State,35,38,3,5,6,5,NC State,2014,Florida State,Jameis Winston,2015
400547764103967501,Passing Touchdown,2,4,4,4,2.3338902404479605,True,NC State,Florida State,42,38,3,3,24,5,NC State,2014,Florida State,Jameis Winston,2015
400547764104849901,Pass Reception,2,7,35,35,0.660557815510252,False,NC State,Florida State,42,38,4,15,0,5,NC State,2014,Florida State,Jameis Winston,2015
400547764104868401,Pass Reception,3,2,16,16,1.287736289097037,False,NC State,Florida State,42,38,4,13,15,5,NC State,2014,Florida State,Jameis Winston,2015
400547764103996401,Pass Incompletion,1,10,53,53,-1.1527089917962545,False,NC State,Florida State,42,38,3,0,35,5,NC State,2014,Florida State,Jameis Winston,2015
400547764104928401,Pass Interception Return,2,14,77,77,0.048944652954843626,False,NC State,Florida State,49,38,4,7,15,5,NC State,2014,Florida State,Jameis Winston,2015
400547764104945901,Pass Incompletion,2,7,72,72,-0.5594317282120231,False,NC State,Florida State,49,41,4,5,40,5,NC State,2014,Florida State,Jameis Winston,2015
400547764104946501,Pass Reception,3,7,72,72,1.9799506211978697,False,NC State,Florida State,49,41,4,5,34,5,NC State,2014,Florida State,Jameis Winston,2015
400547765101914101,Pass Interception Return,3,10,56,44,-0.587280404620893,False,Florida State,Wake Forest,0,0,1,8,58,6,Wake Forest,2014,Florida State,Jameis Winston,2015
400547765101908701,Pass Incompletion,1,10,56,44,-1.1612466882658818,False,Florida State,Wake Forest,0,0,1,9,12,6,Wake Forest,2014,Florida State,Jameis Winston,2015
400547765101909101,Pass Incompletion,2,10,56,44,-0.8812901257339192,False,Florida State,Wake Forest,0,0,1,9,8,6,Wake Forest,2014,Florida State,Jameis Winston,2015
400547765101904901,Pass Reception,1,10,69,31,0.6816920045798367,False,Florida State,Wake Forest,0,0,1,9,50,6,Wake Forest,2014,Florida State,Jameis Winston,2015
400547765101994101,Pass Reception,2,10,75,25,-0.4311967026252628,False,Florida State,Wake Forest,0,3,1,0,58,6,Wake Forest,2014,Florida State,Jameis Winston,2015
400547765102884801,Pass Incompletion,3,8,26,74,-0.8610926804415193,False,Florida State,Wake Forest,0,3,2,11,51,6,Wake Forest,2014,Florida State,Jameis Winston,2015
400547765102854901,Pass Reception,1,15,58,42,1.588971703080462,False,Florida State,Wake Forest,0,3,2,14,50,6,Wake Forest,2014,Florida State,Jameis Winston,2015
400547765101988901,Pass Incompletion,1,10,75,25,-0.7029700220436519,False,Florida State,Wake Forest,0,3,1,1,10,6,Wake Forest,2014,Florida State,Jameis Winston,2015
400547765101997601,Pass Reception,3,12,77,23,3.1166224108169285,False,Florida State,Wake Forest,0,3,1,0,23,6,Wake Forest,2014,Florida State,Jameis Winston,2015
400547765102919901,Pass Incompletion,2,13,41,59,-1.0318343414699758,False,Florida State,Wake Forest,3,3,2,8,0,6,Wake Forest,2014,Florida State,Jameis Winston,2015
400547765102908501,Pass Reception,1,10,57,43,1.2806291789588773,False,Florida State,Wake Forest,3,3,2,9,14,6,Wake Forest,2014,Florida State,Jameis Winston,2015
400547765102914901,Pass Reception,2,1,48,52,0.0900948699672612,False,Florida State,Wake Forest,3,3,2,8,50,6,Wake Forest,2014,Florida State,Jameis Winston,2015
400547765102969901,Pass Reception,1,10,39,61,0.508141741136058,False,Florida State,Wake Forest,3,3,2,3,0,6,Wake Forest,2014,Florida State,Jameis Winston,2015
400547765102966801,Pass Reception,1,10,50,50,0.700973377189822,False,Florida State,Wake Forest,3,3,2,3,31,6,Wake Forest,2014,Florida State,Jameis Winston,2015
400547765102997401,Pass Incompletion,2,1,31,69,-0.840747377696751,False,Florida State,Wake Forest,10,3,2,0,25,6,Wake Forest,2014,Florida State,Jameis Winston,2015
400547765102998601,Pass Incompletion,2,10,23,77,-0.550474767221999,False,Florida State,Wake Forest,10,3,2,0,13,6,Wake Forest,2014,Florida State,Jameis Winston,2015
400547765102999201,Pass Incompletion,3,10,23,77,-0.8238981172019636,False,Florida State,Wake Forest,10,3,2,0,7,6,Wake Forest,2014,Florida State,Jameis Winston,2015
400547765102998101,Pass Incompletion,1,10,23,77,-0.4181180581276075,False,Florida State,Wake Forest,10,3,2,0,18,6,Wake Forest,2014,Florida State,Jameis Winston,2015
400547765102997801,Pass Reception,3,1,31,69,0.5258570939782565,False,Florida State,Wake Forest,10,3,2,0,21,6,Wake Forest,2014,Florida State,Jameis Winston,2015
400547765102997001,Pass Reception,1,10,40,60,0.839961749584607,False,Florida State,Wake Forest,10,3,2,0,29,6,Wake Forest,2014,Florida State,Jameis Winston,2015
400547765103875801,Pass Reception,3,10,38,62,-0.3865004431122294,False,Florida State,Wake Forest,13,3,3,12,41,6,Wake Forest,2014,Florida State,Jameis Winston,2015
400547765103874701,Pass Incompletion,2,10,38,62,-0.9886314711142071,False,Florida State,Wake Forest,13,3,3,12,52,6,Wake Forest,2014,Florida State,Jameis Winston,2015
400547765103858301,Pass Reception,1,10,50,50,-0.141734208558013,False,Florida State,Wake Forest,13,3,3,14,16,6,Wake Forest,2014,Florida State,Jameis Winston,2015
400547765103855901,Pass Reception,1,10,68,32,1.6778987835204866,False,Florida State,Wake Forest,13,3,3,14,40,6,Wake Forest,2014,Florida State,Jameis Winston,2015
400547765103868501,Pass Reception,3,4,44,56,1.540143289578349,False,Florida State,Wake Forest,13,3,3,13,14,6,Wake Forest,2014,Florida State,Jameis Winston,2015
400547765103874001,Pass Incompletion,1,10,38,62,-0.7828922522763084,False,Florida State,Wake Forest,13,3,3,12,59,6,Wake Forest,2014,Florida State,Jameis Winston,2015
400547765103925901,Pass Incompletion,3,12,49,51,-0.6525566386023023,False,Florida State,Wake Forest,16,3,3,7,40,6,Wake Forest,2014,Florida State,Jameis Winston,2015
400547765103897701,Pass Reception,3,10,71,29,2.4799878500230124,False,Florida State,Wake Forest,16,3,3,10,22,6,Wake Forest,2014,Florida State,Jameis Winston,2015
400547765103904801,Pass Reception,1,10,58,42,-1.5454956072472221,False,Florida State,Wake Forest,16,3,3,9,51,6,Wake Forest,2014,Florida State,Jameis Winston,2015
400547765103889101,Pass Incompletion,1,10,71,29,-0.8305196050291288,False,Florida State,Wake Forest,16,3,3,11,8,6,Wake Forest,2014,Florida State,Jameis Winston,2015
400547765103999901,Pass Reception,1,10,71,29,-0.8305196050291288,False,Florida State,Wake Forest,30,3,3,0,0,6,Wake Forest,2014,Florida State,Jameis Winston,2015
400547765104865701,Pass Incompletion,2,26,28,72,-0.988417795457206,False,Florida State,Wake Forest,30,3,4,13,42,6,Wake Forest,2014,Florida State,Jameis Winston,2015
400547765104854301,Pass Incompletion,2,10,71,29,-0.43555458427823446,False,Florida State,Wake Forest,30,3,4,14,56,6,Wake Forest,2014,Florida State,Jameis Winston,2015
400547765104866701,Pass Reception,3,26,28,72,-0.3286100029109899,False,Florida State,Wake Forest,30,3,4,13,32,6,Wake Forest,2014,Florida State,Jameis Winston,2015
400547765104855501,Pass Reception,3,10,71,29,4.511596520026402,False,Florida State,Wake Forest,30,3,4,14,44,6,Wake Forest,2014,Florida State,Jameis Winston,2015
400547765103998501,Pass Reception,1,10,82,18,0.7126813765378861,False,Florida State,Wake Forest,30,3,3,0,14,6,Wake Forest,2014,Florida State,Jameis Winston,2015
400547765104899901,Pass Reception,3,4,85,15,2.6973706453919437,False,Florida State,Wake Forest,33,3,4,10,0,6,Wake Forest,2014,Florida State,Jameis Winston,2015
400547765104896901,Pass Reception,2,8,89,11,-0.028793934635411137,False,Florida State,Wake Forest,33,3,4,10,30,6,Wake Forest,2014,Florida State,Jameis Winston,2015
400547765104908901,Passing Touchdown,2,13,59,41,6.134443266373224,True,Florida State,Wake Forest,40,3,4,9,10,6,Wake Forest,2014,Florida State,Jameis Winston,2015
400547765104947501,Pass Reception,2,14,22,78,0.22059771833926,False,Florida State,Wake Forest,40,3,4,5,24,6,Wake Forest,2014,Florida State,Jameis Winston,2015
400547765104954201,Pass Incompletion,3,7,15,85,-0.5045274456235145,False,Florida State,Wake Forest,40,3,4,4,57,6,Wake Forest,2014,Florida State,Jameis Winston,2015
400547766101855101,Pass Reception,1,10,70,70,1.352349268401042,False,Syracuse,Florida State,0,0,1,14,48,7,Syracuse,2014,Florida State,Jameis Winston,2015
400547766101864901,Pass Reception,1,10,55,55,1.2321065178353567,False,Syracuse,Florida State,0,0,1,13,50,7,Syracuse,2014,Florida State,Jameis Winston,2015
400547766101874201,Pass Reception,2,1,46,46,-1.2838054719013667,False,Syracuse,Florida State,0,0,1,12,57,7,Syracuse,2014,Florida State,Jameis Winston,2015
400547766101884901,Pass Reception,1,10,43,43,0.5640689033327422,False,Syracuse,Florida State,0,0,1,11,50,7,Syracuse,2014,Florida State,Jameis Winston,2015
400547766101855901,Pass Reception,2,1,61,61,0.0638240131869363,False,Syracuse,Florida State,0,0,1,14,40,7,Syracuse,2014,Florida State,Jameis Winston,2015
400547766101955301,Pass Reception,1,10,51,51,0.8604842386778613,False,Syracuse,Florida State,7,0,1,4,46,7,Syracuse,2014,Florida State,Jameis Winston,2015
400547766101986901,Pass Incompletion,3,6,12,12,-0.4165499578659445,False,Syracuse,Florida State,7,0,1,1,30,7,Syracuse,2014,Florida State,Jameis Winston,2015
400547766101928901,Pass Reception,1,10,61,61,-0.673782181215797,False,Syracuse,Florida State,7,0,1,7,10,7,Syracuse,2014,Florida State,Jameis Winston,2015
400547766101967501,Pass Incompletion,2,6,35,35,-0.8671588535058826,False,Syracuse,Florida State,7,0,1,3,24,7,Syracuse,2014,Florida State,Jameis Winston,2015
400547766101948301,Pass Reception,3,11,62,62,2.871154817468489,False,Syracuse,Florida State,7,0,1,5,16,7,Syracuse,2014,Florida State,Jameis Winston,2015
400547766102875401,Pass Incompletion,1,10,65,65,-1.0146424556055624,False,Syracuse,Florida State,10,3,2,12,45,7,Syracuse,2014,Florida State,Jameis Winston,2015
400547766102885801,Pass Reception,2,9,49,49,2.831516077695614,False,Syracuse,Florida State,10,3,2,11,41,7,Syracuse,2014,Florida State,Jameis Winston,2015
400547766102876901,Pass Reception,2,10,65,65,2.4159475341755243,False,Syracuse,Florida State,10,3,2,12,30,7,Syracuse,2014,Florida State,Jameis Winston,2015
400547766102896201,Passing Touchdown,2,4,4,4,2.3338902404479605,True,Syracuse,Florida State,17,3,2,10,37,7,Syracuse,2014,Florida State,Jameis Winston,2015
400547766102949601,Pass Reception,2,2,29,29,-0.171901959052158,False,Syracuse,Florida State,17,6,2,5,3,7,Syracuse,2014,Florida State,Jameis Winston,2015
400547766102956101,Passing Touchdown,1,10,21,21,2.632296813795493,True,Syracuse,Florida State,24,6,2,4,38,7,Syracuse,2014,Florida State,Jameis Winston,2015
400547766102946601,Pass Reception,1,10,37,37,0.5910137767334082,False,Syracuse,Florida State,17,6,2,5,33,7,Syracuse,2014,Florida State,Jameis Winston,2015
400547766102935101,Pass Reception,1,10,75,75,1.252308359788624,False,Syracuse,Florida State,17,6,2,6,48,7,Syracuse,2014,Florida State,Jameis Winston,2015
400547766102939101,Pass Reception,1,10,65,65,1.2346627219809039,False,Syracuse,Florida State,17,6,2,6,8,7,Syracuse,2014,Florida State,Jameis Winston,2015
400547766103877501,Pass Reception,2,10,66,66,-0.1050095822748167,False,Syracuse,Florida State,24,6,3,12,24,7,Syracuse,2014,Florida State,Jameis Winston,2015
400547766103906402,Pass Incompletion,2,7,17,17,-0.400139041793347,False,Syracuse,Florida State,24,6,3,9,35,7,Syracuse,2014,Florida State,Jameis Winston,2015
400547766103889401,Pass Reception,1,10,44,44,0.4761561965963513,False,Syracuse,Florida State,24,6,3,11,5,7,Syracuse,2014,Florida State,Jameis Winston,2015
400547766103916101,Passing Touchdown,2,7,7,7,2.607148468017737,True,Syracuse,Florida State,31,6,3,8,38,7,Syracuse,2014,Florida State,Jameis Winston,2015
400547766103885901,Pass Reception,3,6,62,62,3.015352241661817,False,Syracuse,Florida State,24,6,3,11,40,7,Syracuse,2014,Florida State,Jameis Winston,2015
400547766103907101,Pass Reception,3,7,17,17,0.816726788153529,False,Syracuse,Florida State,24,6,3,9,28,7,Syracuse,2014,Florida State,Jameis Winston,2015
400547766103867801,Pass Reception,1,10,79,79,0.9937654000875416,False,Syracuse,Florida State,24,6,3,13,21,7,Syracuse,2014,Florida State,Jameis Winston,2015
400547766103949401,Pass Incompletion,3,3,75,75,-0.36181918300734495,False,Syracuse,Florida State,31,13,3,5,5,7,Syracuse,2014,Florida State,Jameis Winston,2015
400547766103946501,Pass Reception,2,5,77,77,-0.35878037057714707,False,Syracuse,Florida State,31,13,3,5,34,7,Syracuse,2014,Florida State,Jameis Winston,2015
400547766103995401,Pass Reception,1,10,61,61,2.11373519507338,False,Syracuse,Florida State,31,13,3,0,45,7,Syracuse,2014,Florida State,Jameis Winston,2015
400547766103968102,Pass Reception,1,10,92,92,-0.39644426365700003,False,Syracuse,Florida State,31,13,3,3,18,7,Syracuse,2014,Florida State,Jameis Winston,2015
400547766103998601,Pass Reception,1,10,27,27,-0.8866443890527425,False,Syracuse,Florida State,31,13,3,0,13,7,Syracuse,2014,Florida State,Jameis Winston,2015
400547766103989201,Pass Reception,2,9,70,70,1.6109747099389933,False,Syracuse,Florida State,31,13,3,1,7,7,Syracuse,2014,Florida State,Jameis Winston,2015
400547766104859201,Pass Reception,3,10,27,27,1.7048746485709165,False,Syracuse,Florida State,31,13,4,14,7,7,Syracuse,2014,Florida State,Jameis Winston,2015
400547766104926601,Pass Reception,3,21,63,63,-0.05895246574610536,False,Syracuse,Florida State,38,20,4,7,33,7,Syracuse,2014,Florida State,Jameis Winston,2015
400547766104896701,Pass Incompletion,1,10,75,75,-0.7029700220436519,False,Syracuse,Florida State,38,20,4,10,32,7,Syracuse,2014,Florida State,Jameis Winston,2015
400547766104978301,Pass Reception,3,6,32,32,1.1351448459065079,False,Syracuse,Florida State,38,20,4,2,16,7,Syracuse,2014,Florida State,Jameis Winston,2015
400547767101869901,Pass Reception,2,10,63,37,-0.7567902447750141,False,Florida State,Notre Dame,0,0,1,13,0,8,Notre Dame,2014,Florida State,Jameis Winston,2015
400547767101876601,Pass Incompletion,3,11,64,36,-0.293855693504403,False,Florida State,Notre Dame,0,0,1,12,33,8,Notre Dame,2014,Florida State,Jameis Winston,2015
400547767101867702,Pass Incompletion,1,10,63,37,-1.065701080215459,False,Florida State,Notre Dame,0,0,1,13,22,8,Notre Dame,2014,Florida State,Jameis Winston,2015
400547767101909701,Pass Incompletion,3,11,62,38,-0.33413244609037296,False,Florida State,Notre Dame,0,0,1,9,2,8,Notre Dame,2014,Florida State,Jameis Winston,2015
400547767101979901,Pass Reception,1,10,65,35,1.9477815391192108,False,Florida State,Notre Dame,0,7,1,2,0,8,Notre Dame,2014,Florida State,Jameis Winston,2015
400547767101985401,Pass Reception,1,10,42,58,0.870697647925656,False,Florida State,Notre Dame,0,7,1,1,45,8,Notre Dame,2014,Florida State,Jameis Winston,2015
400547767101998001,Passing Touchdown,2,11,11,89,2.8564060508254165,True,Florida State,Notre Dame,7,7,1,0,19,8,Notre Dame,2014,Florida State,Jameis Winston,2015
400547767102875901,Pass Interception Return,1,10,81,19,-0.5613804789972034,False,Florida State,Notre Dame,7,7,2,12,40,8,Notre Dame,2014,Florida State,Jameis Winston,2015
400547767102889401,Pass Reception,2,12,83,17,-0.11444719232554945,False,Florida State,Notre Dame,7,14,2,11,5,8,Notre Dame,2014,Florida State,Jameis Winston,2015
400547767102897001,Pass Incompletion,3,10,81,19,-0.10907493765085707,False,Florida State,Notre Dame,7,14,2,10,29,8,Notre Dame,2014,Florida State,Jameis Winston,2015
400547767102954901,Pass Incompletion,3,9,11,89,-0.439164857065867,False,Florida State,Notre Dame,7,14,2,4,50,8,Notre Dame,2014,Florida State,Jameis Winston,2015
400547767102927401,Pass Reception,1,10,39,61,0.435345095661706,False,Florida State,Notre Dame,7,14,2,7,25,8,Notre Dame,2014,Florida State,Jameis Winston,2015
400547767102936801,Pass Reception,1,10,28,72,0.669445675164459,False,Florida State,Notre Dame,7,14,2,6,31,8,Notre Dame,2014,Florida State,Jameis Winston,2015
400547767102917901,Pass Reception,1,10,50,50,0.838762649996877,False,Florida State,Notre Dame,7,14,2,8,20,8,Notre Dame,2014,Florida State,Jameis Winston,2015
400547767102954501,Pass Incompletion,2,9,11,89,-0.2954261778871175,False,Florida State,Notre Dame,7,14,2,4,54,8,Notre Dame,2014,Florida State,Jameis Winston,2015
400547767103855401,Pass Reception,1,10,70,30,-0.716015480823808,False,Florida State,Notre Dame,10,17,3,14,45,8,Notre Dame,2014,Florida State,Jameis Winston,2015
400547767103874901,Pass Reception,1,10,35,65,0.081604517220205,False,Florida State,Notre Dame,10,17,3,12,50,8,Notre Dame,2014,Florida State,Jameis Winston,2015
400547767103876901,Pass Reception,2,5,30,70,0.209546317949776,False,Florida State,Notre Dame,10,17,3,12,30,8,Notre Dame,2014,Florida State,Jameis Winston,2015
400547767103885901,Pass Reception,1,15,29,71,0.6431900357275687,False,Florida State,Notre Dame,10,17,3,11,40,8,Notre Dame,2014,Florida State,Jameis Winston,2015
400547767103896201,Passing Touchdown,2,10,10,90,2.7992199015013846,True,Florida State,Notre Dame,17,17,3,10,37,8,Notre Dame,2014,Florida State,Jameis Winston,2015
400547767103858601,Pass Reception,2,9,69,31,2.3135025661548436,False,Florida State,Notre Dame,10,17,3,14,13,8,Notre Dame,2014,Florida State,Jameis Winston,2015
400547767103868401,Pass Reception,2,5,48,52,1.016939460099046,False,Florida State,Notre Dame,10,17,3,13,15,8,Notre Dame,2014,Florida State,Jameis Winston,2015
400547767103937601,Pass Reception,1,10,64,36,1.7948225198444767,False,Florida State,Notre Dame,17,24,3,6,23,8,Notre Dame,2014,Florida State,Jameis Winston,2015
400547767103928401,Pass Reception,1,10,75,25,0.3333748010525683,False,Florida State,Notre Dame,17,24,3,7,15,8,Notre Dame,2014,Florida State,Jameis Winston,2015
400547767103944001,Pass Reception,1,10,43,57,0.6883924098596257,False,Florida State,Notre Dame,17,24,3,5,59,8,Notre Dame,2014,Florida State,Jameis Winston,2015
400547767104887401,Pass Reception,1,10,75,25,1.320854515577646,False,Florida State,Notre Dame,24,27,4,11,25,8,Notre Dame,2014,Florida State,Jameis Winston,2015
400547767104888901,Pass Reception,1,10,60,40,0.994570052506427,False,Florida State,Notre Dame,24,27,4,11,10,8,Notre Dame,2014,Florida State,Jameis Winston,2015
400547767104895401,Pass Reception,1,10,49,51,0.575042778164864,False,Florida State,Notre Dame,24,27,4,10,45,8,Notre Dame,2014,Florida State,Jameis Winston,2015
400547767104898401,Pass Incompletion,2,3,42,58,-1.104454710292913,False,Florida State,Notre Dame,24,27,4,10,15,8,Notre Dame,2014,Florida State,Jameis Winston,2015
400547767104916401,Pass Reception,3,2,18,82,1.335980735867191,False,Florida State,Notre Dame,24,27,4,8,35,8,Notre Dame,2014,Florida State,Jameis Winston,2015
400547767104899901,Pass Reception,3,3,42,58,1.5717403613571168,False,Florida State,Notre Dame,24,27,4,10,0,8,Notre Dame,2014,Florida State,Jameis Winston,2015
400547768101909901,Pass Incompletion,2,10,58,58,-0.8208195606150266,False,Louisville,Florida State,0,0,1,9,0,10,Louisville,2014,Florida State,Jameis Winston,2015
400547768101897101,Pass Reception,1,10,71,71,0.1013807738833972,False,Louisville,Florida State,0,0,1,10,28,10,Louisville,2014,Florida State,Jameis Winston,2015
400547768101914401,Pass Incompletion,3,15,63,63,-0.21842222275803636,False,Louisville,Florida State,0,0,1,8,55,10,Louisville,2014,Florida State,Jameis Winston,2015
400547768101894501,Pass Reception,2,4,79,79,0.5983855085849541,False,Louisville,Florida State,0,0,1,10,54,10,Louisville,2014,Florida State,Jameis Winston,2015
400547768101879701,Pass Incompletion,2,7,95,95,-0.19259392906801498,False,Louisville,Florida State,0,0,1,12,2,10,Louisville,2014,Florida State,Jameis Winston,2015
400547768101884601,Pass Reception,3,7,95,95,0.6480296249431898,False,Louisville,Florida State,0,0,1,11,53,10,Louisville,2014,Florida State,Jameis Winston,2015
400547768101944301,Pass Incompletion,2,21,80,80,-0.08009731143698318,False,Louisville,Florida State,0,0,1,5,56,10,Louisville,2014,Florida State,Jameis Winston,2015
400547768101984101,Pass Incompletion,1,10,44,44,-0.9690270974076257,False,Louisville,Florida State,0,0,1,1,58,10,Louisville,2014,Florida State,Jameis Winston,2015
400547768101989201,Pass Incompletion,3,8,42,42,-0.997636645534481,False,Louisville,Florida State,0,0,1,1,7,10,Louisville,2014,Florida State,Jameis Winston,2015
400547768102905001,Pass Reception,3,4,71,71,1.7454908391547654,False,Louisville,Florida State,0,7,2,9,49,10,Louisville,2014,Florida State,Jameis Winston,2015
400547768102925401,Pass Incompletion,2,3,44,44,-1.1605871644971673,False,Louisville,Florida State,0,7,2,7,45,10,Louisville,2014,Florida State,Jameis Winston,2015
400547768102914901,Pass Incompletion,1,6,58,58,-1.3535699532045982,False,Louisville,Florida State,0,7,2,8,50,10,Louisville,2014,Florida State,Jameis Winston,2015
400547768102887401,Pass Reception,2,6,84,84,0.07004184578596107,False,Louisville,Florida State,0,7,2,11,25,10,Louisville,2014,Florida State,Jameis Winston,2015
400547768102926301,Pass Interception Return,3,8,49,49,-1.332898143770958,False,Louisville,Florida State,0,7,2,7,36,10,Louisville,2014,Florida State,Jameis Winston,2015
400547768102895701,Pass Incompletion,1,10,77,77,-0.6425305871127751,False,Louisville,Florida State,0,7,2,10,42,10,Louisville,2014,Florida State,Jameis Winston,2015
400547768102896901,Pass Reception,2,15,82,82,0.47962555143444163,False,Louisville,Florida State,0,7,2,10,30,10,Louisville,2014,Florida State,Jameis Winston,2015
400547768102918701,Pass Reception,1,10,51,51,0.6049387793407243,False,Louisville,Florida State,0,7,2,8,12,10,Louisville,2014,Florida State,Jameis Winston,2015
400547768102949901,Pass Interception Return,1,10,80,80,-0.6139422043948972,False,Louisville,Florida State,0,14,2,5,0,10,Louisville,2014,Florida State,Jameis Winston,2015
400547768102984301,Pass Reception,1,10,78,78,1.4169687658762562,False,Louisville,Florida State,0,21,2,1,56,10,Louisville,2014,Florida State,Jameis Winston,2015
400547768102989201,Pass Incompletion,1,10,10,10,-0.2853930592519426,False,Louisville,Florida State,0,21,2,1,7,10,Louisville,2014,Florida State,Jameis Winston,2015
400547768102986401,Pass Reception,1,10,61,61,1.665966892527525,False,Louisville,Florida State,0,21,2,1,35,10,Louisville,2014,Florida State,Jameis Winston,2015
400547768102988801,Pass Reception,1,10,40,40,0.675222301687899,False,Louisville,Florida State,0,21,2,1,11,10,Louisville,2014,Florida State,Jameis Winston,2015
400547768103855601,Pass Interception Return,1,10,75,75,-0.9222448802786785,False,Louisville,Florida State,7,21,3,14,43,10,Louisville,2014,Florida State,Jameis Winston,2015
400547768103889601,Pass Reception,1,10,74,74,0.0963261532824955,False,Louisville,Florida State,7,24,3,11,3,10,Louisville,2014,Florida State,Jameis Winston,2015
400547768103904801,Passing Touchdown,3,4,68,68,6.56544159723757,True,Louisville,Florida State,14,24,3,9,51,10,Louisville,2014,Florida State,Jameis Winston,2015
400547768103917301,Pass Reception,1,10,80,80,0.8667470799632433,False,Louisville,Florida State,14,24,3,8,26,10,Louisville,2014,Florida State,Jameis Winston,2015
400547768103935201,Pass Reception,1,10,46,46,0.3120620714803497,False,Louisville,Florida State,14,24,3,6,47,10,Louisville,2014,Florida State,Jameis Winston,2015
400547768103919901,Pass Reception,1,10,68,68,1.1491279342625536,False,Louisville,Florida State,14,24,3,8,0,10,Louisville,2014,Florida State,Jameis Winston,2015
400547768103928801,Pass Reception,1,10,56,56,0.8268953732448417,False,Louisville,Florida State,14,24,3,7,11,10,Louisville,2014,Florida State,Jameis Winston,2015
400547768103957601,Pass Incompletion,1,10,63,63,-1.065701080215459,False,Louisville,Florida State,21,24,3,4,23,10,Louisville,2014,Florida State,Jameis Winston,2015
400547768103968801,Pass Incompletion,1,10,51,51,-1.1301991718133413,False,Louisville,Florida State,21,24,3,3,11,10,Louisville,2014,Florida State,Jameis Winston,2015
400547768103966601,Pass Reception,3,4,57,57,1.926156235402386,False,Louisville,Florida State,21,24,3,3,33,10,Louisville,2014,Florida State,Jameis Winston,2015
400547768103987501,Pass Incompletion,2,9,14,14,-0.340643437197285,False,Louisville,Florida State,21,24,3,1,24,10,Louisville,2014,Florida State,Jameis Winston,2015
400547768103958901,Pass Reception,2,10,63,63,0.2666884344978842,False,Louisville,Florida State,21,24,3,4,10,10,Louisville,2014,Florida State,Jameis Winston,2015
400547768103989001,Pass Incompletion,3,19,24,24,-0.9951194987715973,False,Louisville,Florida State,21,24,3,1,9,10,Louisville,2014,Florida State,Jameis Winston,2015
400547768103969701,Pass Reception,2,10,51,51,2.182046950117318,False,Louisville,Florida State,21,24,3,3,2,10,Louisville,2014,Florida State,Jameis Winston,2015
400547768104867501,Pass Reception,1,10,65,65,1.6295147694249048,False,Louisville,Florida State,21,24,4,13,24,10,Louisville,2014,Florida State,Jameis Winston,2015
400547768104874101,Pass Incompletion,2,10,47,47,-1.0598235743711744,False,Louisville,Florida State,21,24,4,12,58,10,Louisville,2014,Florida State,Jameis Winston,2015
400547768104869601,Pass Incompletion,1,10,47,47,-1.0507069190375147,False,Louisville,Florida State,21,24,4,13,3,10,Louisville,2014,Florida State,Jameis Winston,2015
400547768104875101,Passing Touchdown,3,10,47,47,5.723732734675119,True,Louisville,Florida State,28,24,4,12,48,10,Louisville,2014,Florida State,Jameis Winston,2015
400547768104909201,Pass Reception,1,10,70,70,0.935885914760668,False,Louisville,Florida State,28,31,4,9,7,10,Louisville,2014,Florida State,Jameis Winston,2015
400547768104919901,Pass Incompletion,1,10,47,47,-1.0507069190375147,False,Louisville,Florida State,28,31,4,8,0,10,Louisville,2014,Florida State,Jameis Winston,2015
400547768104935101,Pass Incompletion,2,6,32,32,-0.7728792342011417,False,Louisville,Florida State,28,31,4,6,48,10,Louisville,2014,Florida State,Jameis Winston,2015
400547768104915901,Pass Incompletion,1,10,60,60,-1.1247712359915258,False,Louisville,Florida State,28,31,4,8,40,10,Louisville,2014,Florida State,Jameis Winston,2015
400547768104916501,Pass Incompletion,2,10,60,60,-0.7576599502448165,False,Louisville,Florida State,28,31,4,8,34,10,Louisville,2014,Florida State,Jameis Winston,2015
400547768104918401,Pass Reception,3,10,60,60,3.0261295491135876,False,Louisville,Florida State,28,31,4,8,15,10,Louisville,2014,Florida State,Jameis Winston,2015
400547768104924701,Pass Reception,2,10,47,47,1.6531310652901485,False,Louisville,Florida State,28,31,4,7,52,10,Louisville,2014,Florida State,Jameis Winston,2015
400547768104978801,Passing Touchdown,3,6,35,35,4.092807616626917,True,Louisville,Florida State,42,31,4,2,11,10,Louisville,2014,Florida State,Jameis Winston,2015
400547769101868001,Pass Incompletion,3,8,67,33,-0.32374585344816076,False,Florida State,Virginia,0,0,1,13,19,11,Virginia,2014,Florida State,Jameis Winston,2015
400547769101867501,Pass Incompletion,2,8,67,33,-0.6469157130199852,False,Florida State,Virginia,0,0,1,13,24,11,Virginia,2014,Florida State,Jameis Winston,2015
400547769101864301,Pass Reception,3,3,73,27,1.0852463190052344,False,Florida State,Virginia,0,0,1,13,56,11,Virginia,2014,Florida State,Jameis Winston,2015
400547769101854701,Pass Incompletion,1,10,80,20,-0.5586693796725282,False,Florida State,Virginia,0,0,1,14,52,11,Virginia,2014,Florida State,Jameis Winston,2015
400547769101918301,Pass Interception Return,3,5,53,47,-1.3579725624670473,False,Florida State,Virginia,7,0,1,8,16,11,Virginia,2014,Florida State,Jameis Winston,2015
400547769101908101,Pass Reception,3,3,76,24,2.2362647199661625,False,Florida State,Virginia,7,0,1,9,18,11,Virginia,2014,Florida State,Jameis Winston,2015
400547769101914301,Pass Incompletion,1,10,58,42,-1.1496266880203319,False,Florida State,Virginia,7,0,1,8,56,11,Virginia,2014,Florida State,Jameis Winston,2015
400547769101898401,Pass Reception,1,10,83,17,0.0803248403226124,False,Florida State,Virginia,7,0,1,10,15,11,Virginia,2014,Florida State,Jameis Winston,2015
400547769101915901,Pass Reception,2,10,58,42,0.0693024625266947,False,Florida State,Virginia,7,0,1,8,40,11,Virginia,2014,Florida State,Jameis Winston,2015
400547769101965601,Pass Reception,2,7,72,28,2.1886249959801294,False,Florida State,Virginia,7,7,1,3,43,11,Virginia,2014,Florida State,Jameis Winston,2015
400547769101975401,Pass Interception Return,2,8,52,48,-2.1415859146172256,False,Florida State,Virginia,7,7,1,2,45,11,Virginia,2014,Florida State,Jameis Winston,2015
400547769102854401,Pass Incompletion,2,9,74,26,-0.40831395320271024,False,Florida State,Virginia,7,13,2,14,55,11,Virginia,2014,Florida State,Jameis Winston,2015
400547769102854901,Pass Incompletion,3,9,74,26,-0.18876768235831598,False,Florida State,Virginia,7,13,2,14,50,11,Virginia,2014,Florida State,Jameis Winston,2015
400547769102858501,Passing Touchdown,1,10,22,78,2.64762276664846,True,Florida State,Virginia,21,13,2,14,14,11,Virginia,2014,Florida State,Jameis Winston,2015
400547769102905401,Pass Reception,1,10,53,47,0.9027604054456208,False,Florida State,Virginia,21,13,2,9,45,11,Virginia,2014,Florida State,Jameis Winston,2015
400547769102918501,Pass Reception,3,3,30,70,0.6821601626701135,False,Florida State,Virginia,21,13,2,8,14,11,Virginia,2014,Florida State,Jameis Winston,2015
400547769102929301,Pass Reception,2,16,31,69,0.7470661668892564,False,Florida State,Virginia,21,13,2,7,6,11,Virginia,2014,Florida State,Jameis Winston,2015
400547769102897901,Pass Reception,2,10,68,32,2.3502490691659332,False,Florida State,Virginia,21,13,2,10,20,11,Virginia,2014,Florida State,Jameis Winston,2015
400547769102916701,Pass Reception,2,10,37,63,0.421100267371843,False,Florida State,Virginia,21,13,2,8,32,11,Virginia,2014,Florida State,Jameis Winston,2015
400547769103885401,Pass Incompletion,3,5,64,36,-0.5147129574042966,False,Florida State,Virginia,28,13,3,11,45,11,Virginia,2014,Florida State,Jameis Winston,2015
400547769103885001,Pass Incompletion,2,5,64,36,-0.946565887314053,False,Florida State,Virginia,28,13,3,11,49,11,Virginia,2014,Florida State,Jameis Winston,2015
400547769103878101,Pass Reception,1,10,69,31,0.1043573190685727,False,Florida State,Virginia,28,13,3,12,18,11,Virginia,2014,Florida State,Jameis Winston,2015
400547769103955301,Pass Incompletion,3,5,25,75,-0.765830676335364,False,Florida State,Virginia,28,20,3,4,46,11,Virginia,2014,Florida State,Jameis Winston,2015
400547769103938301,Pass Reception,1,10,40,60,0.37480601101457,False,Florida State,Virginia,28,20,3,6,16,11,Virginia,2014,Florida State,Jameis Winston,2015
400547769103919801,Pass Reception,1,10,85,15,0.8453446771202451,False,Florida State,Virginia,28,20,3,8,1,11,Virginia,2014,Florida State,Jameis Winston,2015
400547769103925901,Pass Reception,1,10,71,29,0.6599378983160946,False,Florida State,Virginia,28,20,3,7,40,11,Virginia,2014,Florida State,Jameis Winston,2015
400547769103946601,Pass Reception,1,15,35,65,0.683511188922745,False,Florida State,Virginia,28,20,3,5,33,11,Virginia,2014,Florida State,Jameis Winston,2015
400547769103928901,Pass Reception,2,3,64,36,1.192311770545931,False,Florida State,Virginia,28,20,3,7,10,11,Virginia,2014,Florida State,Jameis Winston,2015
400547769103997801,Pass Incompletion,3,7,23,77,-0.7450790543892561,False,Florida State,Virginia,31,20,3,0,21,11,Virginia,2014,Florida State,Jameis Winston,2015
400547769103978401,Pass Reception,1,10,39,61,0.086001265551813,False,Florida State,Virginia,31,20,3,2,15,11,Virginia,2014,Florida State,Jameis Winston,2015
400547769103997301,Pass Incompletion,2,7,23,77,-0.5232475025666248,False,Florida State,Virginia,31,20,3,0,26,11,Virginia,2014,Florida State,Jameis Winston,2015
400547769103985901,Pass Reception,2,5,34,66,0.3344351669715575,False,Florida State,Virginia,31,20,3,1,40,11,Virginia,2014,Florida State,Jameis Winston,2015
400547769103976901,Pass Reception,2,9,60,40,2.6148748993977193,False,Florida State,Virginia,31,20,3,2,30,11,Virginia,2014,Florida State,Jameis Winston,2015
400547769104949601,Pass Reception,2,7,83,17,3.4846266083595747,False,Florida State,Virginia,34,20,4,5,3,11,Virginia,2014,Florida State,Jameis Winston,2015
400547769104975901,Pass Reception,3,6,26,74,0.904946392160141,False,Florida State,Virginia,34,20,4,2,40,11,Virginia,2014,Florida State,Jameis Winston,2015
400547770101858501,Pass Reception,2,11,76,76,0.14230199528328402,False,Miami,Florida State,0,0,1,14,14,12,Miami,2014,Florida State,Jameis Winston,2015
400547770101865301,Pass Incompletion,3,5,70,70,-0.3716239049161505,False,Miami,Florida State,0,0,1,13,46,12,Miami,2014,Florida State,Jameis Winston,2015
400547770101856301,Pass Reception,1,10,75,75,-0.8014893508157099,False,Miami,Florida State,0,0,1,14,36,12,Miami,2014,Florida State,Jameis Winston,2015
400547770101884001,Pass Incompletion,3,3,42,42,-1.12928413262099,False,Miami,Florida State,0,0,1,11,59,12,Miami,2014,Florida State,Jameis Winston,2015
400547770101876901,Pass Reception,2,8,47,47,0.0865022621549461,False,Miami,Florida State,0,0,1,12,30,12,Miami,2014,Florida State,Jameis Winston,2015
400547770101939601,Pass Reception,2,8,77,77,-0.3879520036841484,False,Miami,Florida State,0,7,1,6,3,12,Miami,2014,Florida State,Jameis Winston,2015
400547770101947601,Pass Incompletion,3,8,77,77,-0.17609131219023322,False,Miami,Florida State,0,7,1,5,23,12,Miami,2014,Florida State,Jameis Winston,2015
400547770102856101,Pass Incompletion,1,10,69,69,-0.8947814664467213,False,Miami,Florida State,0,16,2,14,38,12,Miami,2014,Florida State,Jameis Winston,2015
400547770102856601,Pass Incompletion,2,10,69,69,-0.48647765014911126,False,Miami,Florida State,0,16,2,14,33,12,Miami,2014,Florida State,Jameis Winston,2015
400547770102859901,Pass Reception,1,10,48,48,-0.1319374071745773,False,Miami,Florida State,0,16,2,14,0,12,Miami,2014,Florida State,Jameis Winston,2015
400547770102857801,Pass Reception,3,10,69,69,3.3023162854309254,False,Miami,Florida State,0,16,2,14,21,12,Miami,2014,Florida State,Jameis Winston,2015
400547770102899701,Pass Reception,1,10,52,52,1.19381115578766,False,Miami,Florida State,7,23,2,10,2,12,Miami,2014,Florida State,Jameis Winston,2015
400547770102914601,Pass Reception,2,10,30,30,0.0526462996348637,False,Miami,Florida State,7,23,2,8,53,12,Miami,2014,Florida State,Jameis Winston,2015
400547770102918401,Pass Incompletion,3,5,25,25,-0.765830676335364,False,Miami,Florida State,7,23,2,8,15,12,Miami,2014,Florida State,Jameis Winston,2015
400547770102887801,Pass Reception,2,10,75,75,1.7302143481872232,False,Miami,Florida State,7,23,2,11,21,12,Miami,2014,Florida State,Jameis Winston,2015
400547770102886801,Pass Incompletion,1,10,75,75,-0.7029700220436519,False,Miami,Florida State,7,23,2,11,31,12,Miami,2014,Florida State,Jameis Winston,2015
400547770102986701,Pass Reception,1,10,80,80,2.290758362031795,False,Miami,Florida State,10,23,2,1,32,12,Miami,2014,Florida State,Jameis Winston,2015
400547770102996801,Pass Interception Return,1,10,39,39,-3.859561445068449,False,Miami,Florida State,10,23,2,0,31,12,Miami,2014,Florida State,Jameis Winston,2015
400547770102995401,Pass Reception,3,15,58,58,3.702883748022294,False,Miami,Florida State,10,23,2,0,45,12,Miami,2014,Florida State,Jameis Winston,2015
400547770102987401,Pass Incompletion,1,10,53,53,-1.1527089917962545,False,Miami,Florida State,10,23,2,1,25,12,Miami,2014,Florida State,Jameis Winston,2015
400547770103875502,Pass Reception,1,10,38,38,0.490145019947665,False,Miami,Florida State,10,23,3,12,44,12,Miami,2014,Florida State,Jameis Winston,2015
400547770103945801,Pass Reception,2,9,37,37,1.371817470239101,False,Miami,Florida State,10,23,3,5,41,12,Miami,2014,Florida State,Jameis Winston,2015
400547770103924401,Pass Reception,2,2,77,77,0.692625621488272,False,Miami,Florida State,10,23,3,7,55,12,Miami,2014,Florida State,Jameis Winston,2015
400547770103934501,Pass Incompletion,1,10,54,54,-1.1590089706435955,False,Miami,Florida State,10,23,3,6,54,12,Miami,2014,Florida State,Jameis Winston,2015
400547770103957301,Pass Incompletion,2,11,11,11,-0.2964634983560065,False,Miami,Florida State,10,23,3,4,26,12,Miami,2014,Florida State,Jameis Winston,2015
400547770103935301,Pass Reception,2,10,54,54,2.2493138597436153,False,Miami,Florida State,10,23,3,6,46,12,Miami,2014,Florida State,Jameis Winston,2015
400547770103958001,Passing Touchdown,3,11,11,11,3.152869549181423,True,Miami,Florida State,17,23,3,4,19,12,Miami,2014,Florida State,Jameis Winston,2015
400547770103926201,Pass Reception,1,10,65,65,0.7081222799232592,False,Miami,Florida State,10,23,3,7,37,12,Miami,2014,Florida State,Jameis Winston,2015
400547770103917601,Pass Reception,1,10,85,85,0.6856189176956029,False,Miami,Florida State,10,23,3,8,23,12,Miami,2014,Florida State,Jameis Winston,2015
400547770104854401,Pass Incompletion,2,9,15,15,-0.357795042815253,False,Miami,Florida State,17,23,4,14,55,12,Miami,2014,Florida State,Jameis Winston,2015
400547770104854901,Pass Incompletion,3,14,20,20,-0.8511458403443316,False,Miami,Florida State,17,23,4,14,50,12,Miami,2014,Florida State,Jameis Winston,2015
400547770103998401,Pass Reception,1,10,16,16,-0.2578378787201336,False,Miami,Florida State,17,23,3,0,15,12,Miami,2014,Florida State,Jameis Winston,2015
400547770103984901,Pass Reception,1,10,67,67,2.240007525203808,False,Miami,Florida State,17,23,3,1,50,12,Miami,2014,Florida State,Jameis Winston,2015
400547770103995101,Pass Reception,3,3,33,33,1.0003130518948549,False,Miami,Florida State,17,23,3,0,48,12,Miami,2014,Florida State,Jameis Winston,2015
400547770103985802,Pass Incompletion,1,10,40,40,-0.8457687366186873,False,Miami,Florida State,17,23,3,1,41,12,Miami,2014,Florida State,Jameis Winston,2015
400547770104928201,Pass Incompletion,3,5,36,36,-1.0514080750440902,False,Miami,Florida State,20,26,4,7,17,12,Miami,2014,Florida State,Jameis Winston,2015
400547770104898901,Pass Reception,2,7,69,69,2.092957961342904,False,Miami,Florida State,20,26,4,10,10,12,Miami,2014,Florida State,Jameis Winston,2015
400547770104919501,Pass Incompletion,1,10,41,41,-0.8772679222659558,False,Miami,Florida State,20,26,4,8,4,12,Miami,2014,Florida State,Jameis Winston,2015
400547770104925501,Pass Reception,2,10,41,41,0.0680181868490733,False,Miami,Florida State,20,26,4,7,44,12,Miami,2014,Florida State,Jameis Winston,2015
400547770104954301,Pass Reception,2,10,62,62,2.5644846327797506,False,Miami,Florida State,23,26,4,4,56,12,Miami,2014,Florida State,Jameis Winston,2015
400547770104949501,Pass Incompletion,1,10,62,62,-1.087995077167328,False,Miami,Florida State,23,26,4,5,4,12,Miami,2014,Florida State,Jameis Winston,2015
400547770104964801,Pass Reception,1,20,55,55,2.0522813993743227,False,Miami,Florida State,23,26,4,3,51,12,Miami,2014,Florida State,Jameis Winston,2015
400547738101857101,Pass Incompletion,2,4,69,31,-0.8681070846083454,False,Florida State,Boston College,0,0,1,14,28,13,Boston College,2014,Florida State,Jameis Winston,2015
400547738101859101,Pass Reception,3,4,69,31,1.659483762597608,False,Florida State,Boston College,0,0,1,14,8,13,Boston College,2014,Florida State,Jameis Winston,2015
400547738101899901,Pass Reception,3,3,7,93,1.457946814253095,False,Florida State,Boston College,0,0,1,10,0,13,Boston College,2014,Florida State,Jameis Winston,2015
400547738101867501,Pass Incompletion,1,10,50,50,-1.1143038065675126,False,Florida State,Boston College,0,0,1,13,24,13,Boston College,2014,Florida State,Jameis Winston,2015
400547738101898301,Pass Reception,2,6,9,91,-0.177871782476252,False,Florida State,Boston College,0,0,1,10,16,13,Boston College,2014,Florida State,Jameis Winston,2015
400547738101866101,Pass Reception,1,10,62,38,1.1115917085581175,False,Florida State,Boston College,0,0,1,13,38,13,Boston College,2014,Florida State,Jameis Winston,2015
400547738101998901,Pass Incompletion,1,10,75,25,-0.7029700220436519,False,Florida State,Boston College,7,3,1,0,10,13,Boston College,2014,Florida State,Jameis Winston,2015
400547738102878601,Pass Incompletion,1,10,19,81,-0.362321296557512,False,Florida State,Boston College,7,3,2,12,13,13,Boston College,2014,Florida State,Jameis Winston,2015
400547738102877601,Pass Reception,2,9,38,62,1.1574971105809908,False,Florida State,Boston College,7,3,2,12,23,13,Boston College,2014,Florida State,Jameis Winston,2015
400547738102858701,Pass Reception,2,10,50,50,0.5711788490243421,False,Florida State,Boston College,7,3,2,14,12,13,Boston College,2014,Florida State,Jameis Winston,2015
400547738101999901,Pass Reception,2,10,75,25,2.9393132096436005,False,Florida State,Boston College,7,3,1,0,0,13,Boston College,2014,Florida State,Jameis Winston,2015
400547738102866101,Pass Reception,3,3,43,57,1.2440983347329926,False,Florida State,Boston College,7,3,2,13,38,13,Boston College,2014,Florida State,Jameis Winston,2015
400547738102889901,Pass Reception,3,25,34,66,2.0225332278246224,False,Florida State,Boston College,7,3,2,11,0,13,Boston College,2014,Florida State,Jameis Winston,2015
400547738102918301,Pass Interception Return,2,9,43,57,-2.8402624335047584,False,Florida State,Boston College,10,3,2,8,16,13,Boston College,2014,Florida State,Jameis Winston,2015
400547738102914901,Pass Reception,1,10,69,31,2.1944086476050284,False,Florida State,Boston College,10,3,2,8,50,13,Boston College,2014,Florida State,Jameis Winston,2015
400547738102948701,Pass Reception,1,10,75,25,0.9305625119459905,False,Florida State,Boston College,10,10,2,5,12,13,Boston College,2014,Florida State,Jameis Winston,2015
400547738102957001,Pass Incompletion,2,1,55,45,-1.435971808205819,False,Florida State,Boston College,10,10,2,4,29,13,Boston College,2014,Florida State,Jameis Winston,2015
400547738102964801,Pass Reception,1,10,53,47,1.2533532635003597,False,Florida State,Boston College,10,10,2,3,51,13,Boston College,2014,Florida State,Jameis Winston,2015
400547738102969701,Passing Touchdown,2,9,30,70,3.2850271895851524,True,Florida State,Boston College,17,10,2,3,2,13,Boston College,2014,Florida State,Jameis Winston,2015
400547738102956101,Pass Reception,1,10,64,36,1.3816838899351875,False,Florida State,Boston College,10,10,2,4,38,13,Boston College,2014,Florida State,Jameis Winston,2015
400547738103965901,Pass Incompletion,3,7,23,77,-0.7450790543892561,False,Florida State,Boston College,17,17,3,3,40,13,Boston College,2014,Florida State,Jameis Winston,2015
400547738103949901,Pass Reception,2,4,47,53,0.538099074772653,False,Florida State,Boston College,17,17,3,5,0,13,Boston College,2014,Florida State,Jameis Winston,2015
400547738103965002,Pass Incompletion,2,7,23,77,-0.5232475025666248,False,Florida State,Boston College,17,17,3,3,49,13,Boston College,2014,Florida State,Jameis Winston,2015
400547738103945201,Pass Reception,1,10,75,25,1.9824556861480138,False,Florida State,Boston College,17,17,3,5,47,13,Boston College,2014,Florida State,Jameis Winston,2015
400547738103957001,Pass Reception,1,10,40,60,0.4690470215291605,False,Florida State,Boston College,17,17,3,4,29,13,Boston College,2014,Florida State,Jameis Winston,2015
400547738103948301,Pass Reception,1,10,53,47,0.3681512148633137,False,Florida State,Boston College,17,17,3,5,16,13,Boston College,2014,Florida State,Jameis Winston,2015
400547738104866101,Pass Incompletion,3,20,52,48,-0.30504559707160794,False,Florida State,Boston College,17,17,4,13,38,13,Boston College,2014,Florida State,Jameis Winston,2015
400547738103996701,Pass Reception,1,10,68,32,0.3855228600463665,False,Florida State,Boston College,17,17,3,0,32,13,Boston College,2014,Florida State,Jameis Winston,2015
400547738104865501,Pass Incompletion,2,20,52,48,-0.5803663806070141,False,Florida State,Boston College,17,17,4,13,44,13,Boston College,2014,Florida State,Jameis Winston,2015
400547738104986001,Pass Reception,1,15,45,55,1.2826089755051873,False,Florida State,Boston College,17,17,4,1,39,13,Boston College,2014,Florida State,Jameis Winston,2015
400547738104965702,Pass Reception,1,10,64,36,0.7106238902527534,False,Florida State,Boston College,17,17,4,3,42,13,Boston College,2014,Florida State,Jameis Winston,2015
400547738104978501,Pass Reception,1,10,51,49,0.734318059955598,False,Florida State,Boston College,17,17,4,2,14,13,Boston College,2014,Florida State,Jameis Winston,2015
400547771101857401,Pass Reception,2,10,87,13,-0.02731367438021782,False,Florida State,Florida,0,0,1,14,25,14,Florida,2014,Florida State,Jameis Winston,2015
400547771101864901,Pass Incompletion,3,6,83,17,-0.1626740501517903,False,Florida State,Florida,0,0,1,13,50,14,Florida,2014,Florida State,Jameis Winston,2015
400547771101866301,Pass Interception Return,1,10,68,32,-1.4806892843581405,False,Florida State,Florida,0,0,1,13,36,14,Florida,2014,Florida State,Jameis Winston,2015
400547771101885001,Pass Interception Return,3,8,75,25,0.05671502208542378,False,Florida State,Florida,0,3,1,11,49,14,Florida,2014,Florida State,Jameis Winston,2015
400547771101884401,Pass Incompletion,2,8,75,25,-0.4311353787193166,False,Florida State,Florida,0,3,1,11,55,14,Florida,2014,Florida State,Jameis Winston,2015
400547771101954401,Pass Incompletion,3,11,73,27,-0.16232032751406675,False,Florida State,Florida,0,6,1,4,55,14,Florida,2014,Florida State,Jameis Winston,2015
400547771101945601,Pass Reception,2,17,79,21,-0.10965609355400295,False,Florida State,Florida,0,6,1,5,43,14,Florida,2014,Florida State,Jameis Winston,2015
400547771101987001,Pass Interception Return,2,12,98,2,0.274021630643567,False,Florida State,Florida,0,9,1,1,29,14,Florida,2014,Florida State,Jameis Winston,2015
400547771102888201,Pass Reception,2,1,43,57,-1.7177199928591416,False,Florida State,Florida,7,9,2,11,17,14,Florida,2014,Florida State,Jameis Winston,2015
400547771102899902,Pass Incompletion,2,9,39,61,-1.0021401723725314,False,Florida State,Florida,7,9,2,10,0,14,Florida,2014,Florida State,Jameis Winston,2015
400547771102905402,Pass Reception,3,9,39,61,2.323907217946269,False,Florida State,Florida,7,9,2,9,45,14,Florida,2014,Florida State,Jameis Winston,2015
400547771102918701,Passing Touchdown,3,10,10,90,3.078465726858095,True,Florida State,Florida,14,9,2,8,12,14,Florida,2014,Florida State,Jameis Winston,2015
400547771102889901,Pass Reception,3,3,45,55,1.3858253062449677,False,Florida State,Florida,7,9,2,11,0,14,Florida,2014,Florida State,Jameis Winston,2015
400547771102958401,Pass Reception,1,10,39,61,0.522510825899852,False,Florida State,Florida,14,9,2,4,15,14,Florida,2014,Florida State,Jameis Winston,2015
400547771102978501,Passing Touchdown,2,6,6,94,2.528666992781938,True,Florida State,Florida,21,9,2,2,14,14,Florida,2014,Florida State,Jameis Winston,2015
400547771102989201,Pass Incompletion,2,10,65,35,-0.6004605992346148,False,Florida State,Florida,21,9,2,1,7,14,Florida,2014,Florida State,Jameis Winston,2015
400547771102988901,Pass Incompletion,1,10,65,35,-1.0146424556055624,False,Florida State,Florida,21,9,2,1,10,14,Florida,2014,Florida State,Jameis Winston,2015
400547771103907101,Pass Incompletion,2,8,75,25,-0.4311353787193166,False,Florida State,Florida,21,19,3,9,28,14,Florida,2014,Florida State,Jameis Winston,2015
400547771103949401,Pass Incompletion,1,10,80,20,-0.5586693796725282,False,Florida State,Florida,21,19,3,5,5,14,Florida,2014,Florida State,Jameis Winston,2015
400547771103976301,Pass Interception Return,3,11,46,54,-1.2519640603416775,False,Florida State,Florida,21,19,3,2,36,14,Florida,2014,Florida State,Jameis Winston,2015
400547771103959901,Pass Reception,2,20,90,10,3.8562042613795917,False,Florida State,Florida,21,19,3,4,0,14,Florida,2014,Florida State,Jameis Winston,2015
400547771104858701,Pass Reception,2,8,46,54,1.1918732656928783,False,Florida State,Florida,21,19,4,14,12,14,Florida,2014,Florida State,Jameis Winston,2015
400547771104938601,Pass Reception,2,7,44,56,1.2254997156325516,False,Florida State,Florida,21,19,4,6,13,14,Florida,2014,Florida State,Jameis Winston,2015
400547771104956201,Pass Reception,2,16,33,67,-1.392057003000021,False,Florida State,Florida,21,19,4,4,37,14,Florida,2014,Florida State,Jameis Winston,2015
400608167101865001,Pass Incompletion,3,4,69,69,-0.43770162015070735,False,Georgia Tech,Florida State,0,0,1,13,49,15,Georgia Tech,2014,Florida State,Jameis Winston,2015
400608167101919301,Pass Reception,3,15,68,68,3.591466104818779,False,Georgia Tech,Florida State,0,7,1,8,6,15,Georgia Tech,2014,Florida State,Jameis Winston,2015
400608167101925701,Passing Touchdown,1,10,46,46,3.5432874081344643,True,Georgia Tech,Florida State,7,7,1,7,42,15,Georgia Tech,2014,Florida State,Jameis Winston,2015
400608167101908201,Pass Incompletion,1,10,63,63,-1.065701080215459,False,Georgia Tech,Florida State,0,7,1,9,17,15,Georgia Tech,2014,Florida State,Jameis Winston,2015
400608167101986501,Pass Reception,1,10,75,75,0.604642460086338,False,Georgia Tech,Florida State,7,14,1,1,34,15,Georgia Tech,2014,Florida State,Jameis Winston,2015
400608167102936001,Pass Incompletion,1,10,43,43,-0.9391692565688832,False,Georgia Tech,Florida State,14,21,2,6,39,15,Georgia Tech,2014,Florida State,Jameis Winston,2015
400608167102934101,Pass Reception,1,10,59,59,1.306642261867573,False,Georgia Tech,Florida State,14,21,2,6,58,15,Georgia Tech,2014,Florida State,Jameis Winston,2015
400608167102945901,Passing Touchdown,3,11,44,44,5.566606491205139,True,Georgia Tech,Florida State,21,21,2,5,40,15,Georgia Tech,2014,Florida State,Jameis Winston,2015
400608167102939401,Pass Reception,2,25,58,58,1.3367761525540018,False,Georgia Tech,Florida State,14,21,2,6,5,15,Georgia Tech,2014,Florida State,Jameis Winston,2015
400608167102926501,Pass Reception,1,10,71,71,0.98359054098046,False,Georgia Tech,Florida State,14,21,2,7,34,15,Georgia Tech,2014,Florida State,Jameis Winston,2015
400608167102978601,Pass Reception,1,10,75,75,2.5344677115868572,False,Georgia Tech,Florida State,21,21,2,2,13,15,Georgia Tech,2014,Florida State,Jameis Winston,2015
400608167102979101,Pass Incompletion,1,10,46,46,-1.0250974847844603,False,Georgia Tech,Florida State,21,21,2,2,8,15,Georgia Tech,2014,Florida State,Jameis Winston,2015
400608167102979901,Pass Reception,2,10,46,46,1.5957961091419686,False,Georgia Tech,Florida State,21,21,2,2,0,15,Georgia Tech,2014,Florida State,Jameis Winston,2015
400608167102996901,Passing Touchdown,1,9,9,9,2.424237823646468,True,Georgia Tech,Florida State,28,21,2,0,30,15,Georgia Tech,2014,Florida State,Jameis Winston,2015
400608167102985402,Pass Reception,1,10,35,35,0.393521863681004,False,Georgia Tech,Florida State,21,21,2,1,45,15,Georgia Tech,2014,Florida State,Jameis Winston,2015
400608167102985901,Pass Incompletion,2,3,28,28,-0.69402604004247,False,Georgia Tech,Florida State,21,21,2,1,40,15,Georgia Tech,2014,Florida State,Jameis Winston,2015
400608167102988601,Pass Reception,1,10,24,24,0.641938297485138,False,Georgia Tech,Florida State,21,21,2,1,13,15,Georgia Tech,2014,Florida State,Jameis Winston,2015
400608167103937801,Pass Reception,2,6,45,45,0.9266808058718505,False,Georgia Tech,Florida State,28,28,3,6,21,15,Georgia Tech,2014,Florida State,Jameis Winston,2015
400608167103939901,Pass Reception,1,10,35,35,0.393521863681004,False,Georgia Tech,Florida State,28,28,3,6,0,15,Georgia Tech,2014,Florida State,Jameis Winston,2015
400608167103949101,Pass Reception,1,10,24,24,0.075070788233958,False,Georgia Tech,Florida State,28,28,3,5,8,15,Georgia Tech,2014,Florida State,Jameis Winston,2015
400608167103934301,Pass Reception,1,10,49,49,-0.1369390380115582,False,Georgia Tech,Florida State,28,28,3,6,56,15,Georgia Tech,2014,Florida State,Jameis Winston,2015
400608167103928001,Pass Reception,1,10,63,63,1.288180241940502,False,Georgia Tech,Florida State,28,28,3,7,19,15,Georgia Tech,2014,Florida State,Jameis Winston,2015
400608167104896901,Pass Incompletion,3,10,15,15,-0.5749405759083858,False,Georgia Tech,Florida State,31,28,4,10,30,15,Georgia Tech,2014,Florida State,Jameis Winston,2015
400608167104859601,Pass Reception,3,3,83,83,1.1202271273856406,False,Georgia Tech,Florida State,31,28,4,14,3,15,Georgia Tech,2014,Florida State,Jameis Winston,2015
400608167104865601,Pass Reception,1,10,72,72,1.7603332786927446,False,Georgia Tech,Florida State,31,28,4,13,43,15,Georgia Tech,2014,Florida State,Jameis Winston,2015
400608167104885201,Pass Reception,3,6,26,26,0.904946392160141,False,Georgia Tech,Florida State,31,28,4,11,47,15,Georgia Tech,2014,Florida State,Jameis Winston,2015
400608167104884501,Pass Incompletion,2,6,26,26,-0.599740220609048,False,Georgia Tech,Florida State,31,28,4,11,54,15,Georgia Tech,2014,Florida State,Jameis Winston,2015
400608167104896401,Pass Incompletion,2,10,15,15,-0.361206789772767,False,Georgia Tech,Florida State,31,28,4,10,35,15,Georgia Tech,2014,Florida State,Jameis Winston,2015
400608167104946501,Pass Reception,2,8,18,18,0.150336485423885,False,Georgia Tech,Florida State,34,28,4,5,34,15,Georgia Tech,2014,Florida State,Jameis Winston,2015
400608167104969202,Pass Incompletion,3,14,46,46,-0.6670324289259524,False,Georgia Tech,Florida State,37,28,4,3,7,15,Georgia Tech,2014,Florida State,Jameis Winston,2015
400548257101855901,Pass Reception,1,10,74,26,-1.1194793475551865,False,Oregon,South Dakota,0,0,1,14,40,1,South Dakota,2014,Oregon,Marcus Mariota,2015
400548257101867301,Passing Touchdown,2,11,62,38,6.150917103889251,True,Oregon,South Dakota,8,0,1,13,26,1,South Dakota,2014,Oregon,Marcus Mariota,2015
400548257101858201,Pass Reception,2,15,79,21,2.2712396235512866,False,Oregon,South Dakota,0,0,1,14,17,1,South Dakota,2014,Oregon,Marcus Mariota,2015
400548257101924101,Passing Touchdown,1,10,41,59,3.2405196258965194,True,Oregon,South Dakota,14,3,1,7,58,1,South Dakota,2014,Oregon,Marcus Mariota,2015
400548257101968101,Pass Reception,1,10,35,65,2.034567508656513,False,Oregon,South Dakota,14,3,1,3,18,1,South Dakota,2014,Oregon,Marcus Mariota,2015
400548257101959401,Pass Reception,1,10,67,33,1.6667261175039005,False,Oregon,South Dakota,14,3,1,4,5,1,South Dakota,2014,Oregon,Marcus Mariota,2015
400548257101964801,Pass Reception,1,10,49,51,0.1003706527461523,False,Oregon,South Dakota,14,3,1,3,51,1,South Dakota,2014,Oregon,Marcus Mariota,2015
400548257101954201,Pass Incompletion,1,10,82,18,-0.5080208698531008,False,Oregon,South Dakota,14,3,1,4,57,1,South Dakota,2014,Oregon,Marcus Mariota,2015
400548257102867201,Pass Incompletion,3,11,72,28,-0.17342070072335858,False,Oregon,South Dakota,21,3,2,13,27,1,South Dakota,2014,Oregon,Marcus Mariota,2015
400548257102866601,Pass Incompletion,2,11,72,28,-0.3728000259818014,False,Oregon,South Dakota,21,3,2,13,33,1,South Dakota,2014,Oregon,Marcus Mariota,2015
400548257102915201,Pass Reception,2,4,52,48,0.8136125787743558,False,Oregon,South Dakota,21,6,2,8,47,1,South Dakota,2014,Oregon,Marcus Mariota,2015
400548257102949001,Pass Incompletion,1,10,40,60,-0.8457687366186873,False,Oregon,South Dakota,28,6,2,5,9,1,South Dakota,2014,Oregon,Marcus Mariota,2015
400548257102964201,Passing Touchdown,1,10,11,89,2.521739413367925,True,Oregon,South Dakota,35,6,2,3,57,1,South Dakota,2014,Oregon,Marcus Mariota,2015
400548257102959101,Pass Reception,1,10,28,72,0.242275060770506,False,Oregon,South Dakota,28,6,2,4,8,1,South Dakota,2014,Oregon,Marcus Mariota,2015
400548257102997801,Pass Reception,1,10,26,74,1.7819808472877374,False,Oregon,South Dakota,35,13,2,0,21,1,South Dakota,2014,Oregon,Marcus Mariota,2015
400548257102987701,Pass Reception,1,10,76,24,0.9029013327244559,False,Oregon,South Dakota,35,13,2,1,22,1,South Dakota,2014,Oregon,Marcus Mariota,2015
400548257102994001,Pass Incompletion,1,10,49,51,-1.0955888671820908,False,Oregon,South Dakota,35,13,2,0,59,1,South Dakota,2014,Oregon,Marcus Mariota,2015
400548257102995601,Pass Reception,3,6,45,55,1.9297820230494087,False,Oregon,South Dakota,35,13,2,0,43,1,South Dakota,2014,Oregon,Marcus Mariota,2015
400548257102989701,Pass Reception,2,8,63,37,2.1111832924133065,False,Oregon,South Dakota,35,13,2,1,2,1,South Dakota,2014,Oregon,Marcus Mariota,2015
400548257102996401,Pass Incompletion,1,10,38,62,-0.7828922522763084,False,Oregon,South Dakota,35,13,2,0,35,1,South Dakota,2014,Oregon,Marcus Mariota,2015
400548257103894001,Pass Reception,3,9,53,47,0.2431375100842281,False,Oregon,South Dakota,41,13,3,10,59,1,South Dakota,2014,Oregon,Marcus Mariota,2015
400548257103875801,Pass Reception,2,9,69,31,0.6761468436377563,False,Oregon,South Dakota,41,13,3,12,41,1,South Dakota,2014,Oregon,Marcus Mariota,2015
400548257103989101,Pass Reception,1,20,58,42,-0.6044461223155474,False,Oregon,South Dakota,48,13,3,1,8,1,South Dakota,2014,Oregon,Marcus Mariota,2015
400548257104856101,Pass Incompletion,1,4,4,96,-0.6456997217339855,False,Oregon,South Dakota,48,13,4,14,38,1,South Dakota,2014,Oregon,Marcus Mariota,2015
400548257103969701,Pass Reception,2,13,74,26,1.1084270481391858,False,Oregon,South Dakota,48,13,3,3,2,1,South Dakota,2014,Oregon,Marcus Mariota,2015
400548257104854701,Pass Reception,3,8,13,87,1.3787822404530723,False,Oregon,South Dakota,48,13,4,14,52,1,South Dakota,2014,Oregon,Marcus Mariota,2015
400548257103999401,Pass Reception,2,8,13,87,0.052834609361236,False,Oregon,South Dakota,48,13,3,0,5,1,South Dakota,2014,Oregon,Marcus Mariota,2015
400548257103995301,Pass Reception,2,19,57,43,3.7246614581570063,False,Oregon,South Dakota,48,13,3,0,46,1,South Dakota,2014,Oregon,Marcus Mariota,2015
400548257104856801,Passing Touchdown,2,4,4,96,2.3338902404479605,True,Oregon,South Dakota,55,13,4,14,31,1,South Dakota,2014,Oregon,Marcus Mariota,2015
400548257104906401,Pass Reception,1,10,14,86,0.0745432474784075,False,Oregon,South Dakota,55,13,4,9,35,1,South Dakota,2014,Oregon,Marcus Mariota,2015
400548257104886301,Pass Reception,2,6,62,38,1.5698387470836488,False,Oregon,South Dakota,55,13,4,11,36,1,South Dakota,2014,Oregon,Marcus Mariota,2015
400548257104888001,Pass Reception,1,10,51,49,1.182086362501453,False,Oregon,South Dakota,55,13,4,11,19,1,South Dakota,2014,Oregon,Marcus Mariota,2015
400547953101865601,Pass Incompletion,3,10,53,47,-0.6105978704287018,False,Oregon,Michigan State,0,0,1,13,43,2,Michigan State,2014,Oregon,Marcus Mariota,2015
400547953101864601,Pass Incompletion,2,10,53,47,-0.9619971707978011,False,Oregon,Michigan State,0,0,1,13,53,2,Michigan State,2014,Oregon,Marcus Mariota,2015
400547953101859802,Pass Incompletion,1,10,53,47,-1.1527089917962545,False,Oregon,Michigan State,0,0,1,14,1,2,Michigan State,2014,Oregon,Marcus Mariota,2015
400547953101909801,Pass Reception,3,11,67,33,0.023103336573873534,False,Oregon,Michigan State,0,0,1,9,1,2,Michigan State,2014,Oregon,Marcus Mariota,2015
400547953101894002,Pass Reception,1,10,80,20,0.7987441096809142,False,Oregon,Michigan State,0,0,1,10,59,2,Michigan State,2014,Oregon,Marcus Mariota,2015
400547953101897901,Pass Reception,3,5,75,25,1.5701574482320977,False,Oregon,Michigan State,0,0,1,10,20,2,Michigan State,2014,Oregon,Marcus Mariota,2015
400547953101964901,Pass Incompletion,3,1,1,99,-0.331755745676551,False,Oregon,Michigan State,0,0,1,3,50,2,Michigan State,2014,Oregon,Marcus Mariota,2015
400547953101945802,Pass Reception,1,10,39,61,0.560535452147137,False,Oregon,Michigan State,0,0,1,5,41,2,Michigan State,2014,Oregon,Marcus Mariota,2015
400547953102849901,Pass Reception,2,5,82,18,4.030976228294921,False,Oregon,Michigan State,8,0,2,15,0,2,Michigan State,2014,Oregon,Marcus Mariota,2015
400547953102864901,Pass Incompletion,3,2,10,90,-0.392567127013068,False,Oregon,Michigan State,8,0,2,13,50,2,Michigan State,2014,Oregon,Marcus Mariota,2015
400547953102854902,Pass Reception,1,10,18,82,0.1838527971014785,False,Oregon,Michigan State,8,0,2,14,50,2,Michigan State,2014,Oregon,Marcus Mariota,2015
400547953102859801,Pass Reception,2,4,12,88,-0.2324629202164455,False,Oregon,Michigan State,8,0,2,14,1,2,Michigan State,2014,Oregon,Marcus Mariota,2015
400547953102898701,Passing Touchdown,2,5,70,30,5.983210003187837,True,Oregon,Michigan State,18,7,2,10,12,2,Michigan State,2014,Oregon,Marcus Mariota,2015
400547953102935903,Pass Reception,1,10,79,21,-0.09341756947157,False,Oregon,Michigan State,18,10,2,6,40,2,Michigan State,2014,Oregon,Marcus Mariota,2015
400547953102984402,Pass Reception,3,6,71,29,-0.3146897268978579,False,Oregon,Michigan State,18,17,2,1,55,2,Michigan State,2014,Oregon,Marcus Mariota,2015
400547953102977304,Pass Incompletion,1,10,75,25,-0.7029700220436519,False,Oregon,Michigan State,18,17,2,2,26,2,Michigan State,2014,Oregon,Marcus Mariota,2015
400547953103857401,Pass Reception,3,8,76,24,0.17944853402819572,False,Oregon,Michigan State,18,24,3,14,25,2,Michigan State,2014,Oregon,Marcus Mariota,2015
400547953103855301,Pass Incompletion,1,10,78,22,-0.6135902757979226,False,Oregon,Michigan State,18,24,3,14,46,2,Michigan State,2014,Oregon,Marcus Mariota,2015
400547953103898901,Pass Incompletion,3,8,62,38,-0.4362142328462131,False,Oregon,Michigan State,18,27,3,10,10,2,Michigan State,2014,Oregon,Marcus Mariota,2015
400547953103897901,Pass Incompletion,2,8,62,38,-0.8054878366661029,False,Oregon,Michigan State,18,27,3,10,20,2,Michigan State,2014,Oregon,Marcus Mariota,2015
400547953103945901,Pass Incompletion,1,10,42,58,-0.908489395271188,False,Oregon,Michigan State,18,27,3,5,40,2,Michigan State,2014,Oregon,Marcus Mariota,2015
400547953103956601,Passing Touchdown,2,9,24,76,3.0464552794566853,True,Oregon,Michigan State,25,27,3,4,33,2,Michigan State,2014,Oregon,Marcus Mariota,2015
400547953103947901,Pass Reception,3,5,37,63,1.4341106097784717,False,Oregon,Michigan State,18,27,3,5,20,2,Michigan State,2014,Oregon,Marcus Mariota,2015
400547953103939801,Pass Reception,3,10,59,41,3.2923057070221455,False,Oregon,Michigan State,18,27,3,6,1,2,Michigan State,2014,Oregon,Marcus Mariota,2015
400547953103969801,Pass Incompletion,2,9,58,42,-0.873448258672486,False,Oregon,Michigan State,25,27,3,3,1,2,Michigan State,2014,Oregon,Marcus Mariota,2015
400547953103986501,Passing Touchdown,1,10,37,63,3.0514086314767432,True,Oregon,Michigan State,32,27,3,1,34,2,Michigan State,2014,Oregon,Marcus Mariota,2015
400547953104855002,Pass Reception,1,10,54,46,1.09030488910002,False,Oregon,Michigan State,32,27,4,14,49,2,Michigan State,2014,Oregon,Marcus Mariota,2015
400547953104934201,Pass Reception,3,5,91,9,1.0373755062955992,False,Oregon,Michigan State,39,27,4,6,57,2,Michigan State,2014,Oregon,Marcus Mariota,2015
400548193101906401,Pass Reception,1,10,80,20,-0.2366097161141063,False,Oregon,Wyoming,0,0,1,9,35,3,Wyoming,2014,Oregon,Marcus Mariota,2015
400548193101908001,Pass Incompletion,2,7,77,23,-0.43583975606982506,False,Oregon,Wyoming,0,0,1,9,19,3,Wyoming,2014,Oregon,Marcus Mariota,2015
400548193101919301,Pass Incompletion,1,10,28,72,-0.512081873784803,False,Oregon,Wyoming,0,0,1,8,6,3,Wyoming,2014,Oregon,Marcus Mariota,2015
400548193101908801,Pass Reception,3,7,77,23,2.007996474211284,False,Oregon,Wyoming,0,0,1,9,11,3,Wyoming,2014,Oregon,Marcus Mariota,2015
400548193101918601,Pass Reception,1,10,48,52,0.922219362141526,False,Oregon,Wyoming,0,0,1,8,13,3,Wyoming,2014,Oregon,Marcus Mariota,2015
400548193101924601,Pass Reception,2,10,28,72,0.1757400617114476,False,Oregon,Wyoming,0,0,1,7,53,3,Wyoming,2014,Oregon,Marcus Mariota,2015
400548193101997801,Pass Reception,1,10,20,80,0.07438453789675,False,Oregon,Wyoming,0,7,1,0,21,3,Wyoming,2014,Oregon,Marcus Mariota,2015
400548193101996401,Pass Reception,1,10,38,62,0.476664919553489,False,Oregon,Wyoming,0,7,1,0,35,3,Wyoming,2014,Oregon,Marcus Mariota,2015
400548193102887401,Pass Reception,2,4,64,36,1.6333982375846627,False,Oregon,Wyoming,7,7,2,11,25,3,Wyoming,2014,Oregon,Marcus Mariota,2015
400548193102876902,Pass Incompletion,2,7,83,17,-0.3236427660430987,False,Oregon,Wyoming,7,7,2,12,30,3,Wyoming,2014,Oregon,Marcus Mariota,2015
400548193102875401,Pass Reception,1,10,86,14,-0.17692987996152973,False,Oregon,Wyoming,7,7,2,12,45,3,Wyoming,2014,Oregon,Marcus Mariota,2015
400548193102877601,Pass Reception,3,7,83,17,1.4678529434291843,False,Oregon,Wyoming,7,7,2,12,23,3,Wyoming,2014,Oregon,Marcus Mariota,2015
400548193102924601,Pass Incompletion,1,10,14,86,-0.3125697195395781,False,Oregon,Wyoming,13,7,2,7,53,3,Wyoming,2014,Oregon,Marcus Mariota,2015
400548193102975401,Pass Reception,2,4,79,21,1.3234915877621685,False,Oregon,Wyoming,20,7,2,2,45,3,Wyoming,2014,Oregon,Marcus Mariota,2015
400548193102977401,Pass Reception,2,6,59,41,1.1196362213214004,False,Oregon,Wyoming,20,7,2,2,25,3,Wyoming,2014,Oregon,Marcus Mariota,2015
400548193102978401,Pass Reception,1,10,53,47,0.9062502896359667,False,Oregon,Wyoming,20,7,2,2,15,3,Wyoming,2014,Oregon,Marcus Mariota,2015
400548193102986501,Passing Touchdown,1,10,16,84,2.5687227212923744,True,Oregon,Wyoming,27,7,2,1,34,3,Wyoming,2014,Oregon,Marcus Mariota,2015
400548193103866401,Pass Reception,1,10,30,70,0.2841485908868455,False,Oregon,Wyoming,27,7,3,13,35,3,Wyoming,2014,Oregon,Marcus Mariota,2015
400548193103864401,Pass Reception,1,10,49,51,0.9480874187144773,False,Oregon,Wyoming,27,7,3,13,55,3,Wyoming,2014,Oregon,Marcus Mariota,2015
400548193103856001,Pass Reception,1,10,72,28,1.0987321081223769,False,Oregon,Wyoming,27,7,3,14,39,3,Wyoming,2014,Oregon,Marcus Mariota,2015
400548193103904004,Passing Touchdown,1,5,5,95,1.883780840558874,True,Oregon,Wyoming,41,7,3,9,59,3,Wyoming,2014,Oregon,Marcus Mariota,2015
400548193103886601,Pass Reception,1,10,29,71,0.2073705301771515,False,Oregon,Wyoming,34,7,3,11,33,3,Wyoming,2014,Oregon,Marcus Mariota,2015
400548193103896402,Pass Reception,1,15,23,77,0.695645204586079,False,Oregon,Wyoming,34,7,3,10,35,3,Wyoming,2014,Oregon,Marcus Mariota,2015
400548193103945301,Pass Incompletion,3,2,74,26,-0.4311845610562042,False,Oregon,Wyoming,41,7,3,5,46,3,Wyoming,2014,Oregon,Marcus Mariota,2015
400548193103944101,Pass Reception,2,8,80,20,0.1798000512357225,False,Oregon,Wyoming,41,7,3,5,58,3,Wyoming,2014,Oregon,Marcus Mariota,2015
400548193103928401,Pass Reception,2,8,93,7,0.20945464407858427,False,Oregon,Wyoming,41,7,3,7,15,3,Wyoming,2014,Oregon,Marcus Mariota,2015
400548193104885402,Pass Reception,1,10,38,62,0.800789073122285,False,Oregon,Wyoming,41,14,4,11,45,3,Wyoming,2014,Oregon,Marcus Mariota,2015
400548193104898501,Pass Incompletion,1,10,14,86,-0.3125697195395781,False,Oregon,Wyoming,41,14,4,10,14,3,Wyoming,2014,Oregon,Marcus Mariota,2015
400548193104874501,Pass Reception,3,10,79,21,2.0450201794069045,False,Oregon,Wyoming,41,14,4,12,54,3,Wyoming,2014,Oregon,Marcus Mariota,2015
400548193104905301,Pass Reception,3,8,12,88,1.351120450293918,False,Oregon,Wyoming,41,14,4,9,46,3,Wyoming,2014,Oregon,Marcus Mariota,2015
400548193104879301,Pass Reception,2,11,65,35,3.261442029653857,False,Oregon,Wyoming,41,14,4,12,6,3,Wyoming,2014,Oregon,Marcus Mariota,2015
400548267101878301,Pass Reception,2,2,61,61,0.320405551926365,False,Washington State,Oregon,0,0,1,12,16,4,Washington State,2014,Oregon,Marcus Mariota,2015
400548267101887101,Pass Incompletion,2,16,61,61,-0.46432969585073725,False,Washington State,Oregon,0,0,1,11,28,4,Washington State,2014,Oregon,Marcus Mariota,2015
400548267101918101,Pass Reception,1,10,64,64,-0.4136553890915255,False,Washington State,Oregon,0,7,1,8,18,4,Washington State,2014,Oregon,Marcus Mariota,2015
400548267101966101,Passing Touchdown,1,10,80,80,6.386057795605103,True,Washington State,Oregon,7,7,1,3,38,4,Washington State,2014,Oregon,Marcus Mariota,2015
400548267101996901,Pass Reception,1,10,86,86,0.07552653853059345,False,Washington State,Oregon,7,14,1,0,30,4,Washington State,2014,Oregon,Marcus Mariota,2015
400548267102868101,Pass Reception,1,10,58,58,-0.9258054961347764,False,Washington State,Oregon,7,14,2,13,18,4,Washington State,2014,Oregon,Marcus Mariota,2015
400548267102874201,Passing Touchdown,2,9,57,57,5.487508708174092,True,Washington State,Oregon,14,14,2,12,57,4,Washington State,2014,Oregon,Marcus Mariota,2015
400548267102918901,Pass Incompletion,1,10,13,13,-0.3048472994988835,False,Washington State,Oregon,14,14,2,8,10,4,Washington State,2014,Oregon,Marcus Mariota,2015
400548267102919401,Passing Touchdown,2,10,13,13,2.8437765145447305,True,Washington State,Oregon,21,14,2,8,5,4,Washington State,2014,Oregon,Marcus Mariota,2015
400548267102994001,Pass Incompletion,3,29,94,94,-0.00540158159313986,False,Washington State,Oregon,21,21,2,0,59,4,Washington State,2014,Oregon,Marcus Mariota,2015
400548267103886401,Pass Reception,1,10,12,12,-0.0966670992271315,False,Washington State,Oregon,21,21,3,11,35,4,Washington State,2014,Oregon,Marcus Mariota,2015
400548267103866701,Pass Reception,1,10,57,57,0.391648506498802,False,Washington State,Oregon,21,21,3,13,32,4,Washington State,2014,Oregon,Marcus Mariota,2015
400548267103877601,Pass Reception,2,4,39,39,-0.9980153624383518,False,Washington State,Oregon,21,21,3,12,23,4,Washington State,2014,Oregon,Marcus Mariota,2015
400548267103865401,Pass Reception,3,6,71,71,2.3776319340599885,False,Washington State,Oregon,21,21,3,13,45,4,Washington State,2014,Oregon,Marcus Mariota,2015
400548267103875001,Pass Reception,1,10,45,45,0.3037840163725374,False,Washington State,Oregon,21,21,3,12,49,4,Washington State,2014,Oregon,Marcus Mariota,2015
400548267103879901,Pass Reception,3,4,39,39,1.6406508890969569,False,Washington State,Oregon,21,21,3,12,0,4,Washington State,2014,Oregon,Marcus Mariota,2015
400548267103954001,Pass Incompletion,3,10,36,36,-1.0207912800570647,False,Washington State,Oregon,21,21,3,4,59,4,Washington State,2014,Oregon,Marcus Mariota,2015
400548267103938401,Pass Reception,1,10,65,65,2.2319389156775387,False,Washington State,Oregon,21,21,3,6,15,4,Washington State,2014,Oregon,Marcus Mariota,2015
400548267103956701,Passing Touchdown,1,8,8,8,2.319599568699692,True,Washington State,Oregon,28,21,3,4,32,4,Washington State,2014,Oregon,Marcus Mariota,2015
400548267104877901,Pass Reception,1,10,23,23,0.0748292871583285,False,Washington State,Oregon,28,24,4,12,20,4,Washington State,2014,Oregon,Marcus Mariota,2015
400548267104946601,Passing Touchdown,2,6,6,6,2.528666992781938,True,Washington State,Oregon,38,31,4,5,33,4,Washington State,2014,Oregon,Marcus Mariota,2015
400548267104936201,Pass Reception,2,3,24,24,-0.8897633865245923,False,Washington State,Oregon,31,31,4,6,37,4,Washington State,2014,Oregon,Marcus Mariota,2015
400548267104938201,Pass Reception,3,5,26,26,0.9462160796044153,False,Washington State,Oregon,31,31,4,6,17,4,Washington State,2014,Oregon,Marcus Mariota,2015
400548267104927001,Pass Reception,2,16,36,36,2.9155873039726434,False,Washington State,Oregon,31,31,4,7,29,4,Washington State,2014,Oregon,Marcus Mariota,2015
400548267104984201,Pass Reception,3,1,47,47,1.80582304913716,False,Washington State,Oregon,38,31,4,1,57,4,Washington State,2014,Oregon,Marcus Mariota,2015
400548274101856501,Pass Reception,2,2,67,33,1.4810844283802993,False,Oregon,Arizona,0,0,1,14,34,6,Arizona,2014,Oregon,Marcus Mariota,2015
400548274101874101,Pass Reception,4,4,42,58,2.4540321376907186,False,Oregon,Arizona,0,0,1,12,58,6,Arizona,2014,Oregon,Marcus Mariota,2015
400548274101886701,Pass Incompletion,4,3,31,69,-2.633648091066183,False,Oregon,Arizona,0,0,1,11,32,6,Arizona,2014,Oregon,Marcus Mariota,2015
400548274101876301,Pass Incompletion,1,10,38,62,-0.7828922522763084,False,Oregon,Arizona,0,0,1,12,36,6,Arizona,2014,Oregon,Marcus Mariota,2015
400548274101924701,Pass Incompletion,2,8,68,32,-0.6166151306782144,False,Oregon,Arizona,0,3,1,7,52,6,Arizona,2014,Oregon,Marcus Mariota,2015
400548274101925401,Pass Incompletion,3,8,68,32,-0.3045902576432189,False,Oregon,Arizona,0,3,1,7,45,6,Arizona,2014,Oregon,Marcus Mariota,2015
400548274101945803,Pass Incompletion,2,8,67,33,-0.6469157130199852,False,Oregon,Arizona,0,3,1,5,41,6,Arizona,2014,Oregon,Marcus Mariota,2015
400548274101946501,Pass Reception,3,8,67,33,2.81223136426604,False,Oregon,Arizona,0,3,1,5,34,6,Arizona,2014,Oregon,Marcus Mariota,2015
400548274101948301,Pass Reception,1,10,52,48,-0.1504912861657514,False,Oregon,Arizona,0,3,1,5,16,6,Arizona,2014,Oregon,Marcus Mariota,2015
400548274102856201,Passing Touchdown,1,10,26,74,2.7200021224081805,True,Oregon,Arizona,7,3,2,14,37,6,Arizona,2014,Oregon,Marcus Mariota,2015
400548274101997501,Pass Reception,3,2,51,49,1.3073123974280954,False,Oregon,Arizona,0,3,1,0,24,6,Arizona,2014,Oregon,Marcus Mariota,2015
400548274101999801,Pass Reception,1,10,48,52,0.675455741266161,False,Oregon,Arizona,0,3,1,0,1,6,Arizona,2014,Oregon,Marcus Mariota,2015
400548274101985101,Pass Reception,2,9,74,26,2.0062223130245798,False,Oregon,Arizona,0,3,1,1,48,6,Arizona,2014,Oregon,Marcus Mariota,2015
400548274102897901,Pass Incompletion,3,4,77,23,-0.28798753920273157,False,Oregon,Arizona,7,3,2,10,20,6,Arizona,2014,Oregon,Marcus Mariota,2015
400548274102934701,Pass Reception,1,10,55,45,0.8637308798063437,False,Oregon,Arizona,7,3,2,6,52,6,Arizona,2014,Oregon,Marcus Mariota,2015
400548274102927401,Pass Reception,3,4,74,26,2.5322825260617154,False,Oregon,Arizona,7,3,2,7,25,6,Arizona,2014,Oregon,Marcus Mariota,2015
400548274102946901,Pass Incompletion,2,8,42,58,-1.058802879769507,False,Oregon,Arizona,7,3,2,5,30,6,Arizona,2014,Oregon,Marcus Mariota,2015
400548274103894701,Pass Incompletion,1,10,28,72,-0.512081873784803,False,Oregon,Arizona,7,10,3,10,52,6,Arizona,2014,Oregon,Marcus Mariota,2015
400548274103904101,Passing Touchdown,2,4,6,94,2.349887522944282,True,Oregon,Arizona,14,10,3,9,58,6,Arizona,2014,Oregon,Marcus Mariota,2015
400548274103888501,Pass Reception,3,4,51,49,2.5511159549515714,False,Oregon,Arizona,7,10,3,11,14,6,Arizona,2014,Oregon,Marcus Mariota,2015
400548274103897401,Pass Incompletion,3,5,23,77,0.69586878998504,False,Oregon,Arizona,7,10,3,10,25,6,Arizona,2014,Oregon,Marcus Mariota,2015
400548274103988101,Pass Reception,1,10,76,24,1.3887177392721153,False,Oregon,Arizona,14,24,3,1,18,6,Arizona,2014,Oregon,Marcus Mariota,2015
400548274103996901,Pass Reception,2,8,36,64,2.3001628740207702,False,Oregon,Arizona,14,24,3,0,30,6,Arizona,2014,Oregon,Marcus Mariota,2015
400548274104917201,Pass Incompletion,1,9,9,91,-0.315798379566314,False,Oregon,Arizona,17,24,4,8,27,6,Arizona,2014,Oregon,Marcus Mariota,2015
400548274104899501,Pass Reception,1,10,36,64,-0.3845678420514834,False,Oregon,Arizona,17,24,4,10,4,6,Arizona,2014,Oregon,Marcus Mariota,2015
400548274104916001,Pass Reception,4,11,37,63,3.4639034516922766,False,Oregon,Arizona,17,24,4,8,39,6,Arizona,2014,Oregon,Marcus Mariota,2015
400548274104895001,Pass Reception,1,10,66,34,1.4953574576082411,False,Oregon,Arizona,17,24,4,10,49,6,Arizona,2014,Oregon,Marcus Mariota,2015
400548274104897701,Pass Reception,2,10,50,50,1.9449376436750896,False,Oregon,Arizona,17,24,4,10,22,6,Arizona,2014,Oregon,Marcus Mariota,2015
400548274104917801,Passing Touchdown,2,9,9,91,2.740036203212782,True,Oregon,Arizona,24,24,4,8,21,6,Arizona,2014,Oregon,Marcus Mariota,2015
400548274104897001,Pass Incompletion,1,10,50,50,-1.1143038065675126,False,Oregon,Arizona,17,24,4,10,29,6,Arizona,2014,Oregon,Marcus Mariota,2015
400548274104977601,Pass Reception,1,10,77,23,0.9676400834980621,False,Oregon,Arizona,24,31,4,2,23,6,Arizona,2014,Oregon,Marcus Mariota,2015
400548274104975701,Pass Incompletion,1,10,91,9,-0.334056406101074,False,Oregon,Arizona,24,31,4,2,42,6,Arizona,2014,Oregon,Marcus Mariota,2015
400548274104976601,Pass Reception,2,10,91,9,0.9458852679365553,False,Oregon,Arizona,24,31,4,2,33,6,Arizona,2014,Oregon,Marcus Mariota,2015
400548282101878801,Pass Incompletion,3,21,42,42,-0.5298826896653281,False,UCLA,Oregon,0,0,1,12,11,7,UCLA,2014,Oregon,Marcus Mariota,2015
400548282101864401,Pass Incompletion,2,1,62,62,-1.3737127893864507,False,UCLA,Oregon,0,0,1,13,55,7,UCLA,2014,Oregon,Marcus Mariota,2015
400548282101869101,Pass Reception,1,10,31,31,-0.7303141396785955,False,UCLA,Oregon,0,0,1,13,8,7,UCLA,2014,Oregon,Marcus Mariota,2015
400548282101866601,Pass Reception,1,10,42,42,0.452989301499176,False,UCLA,Oregon,0,0,1,13,33,7,UCLA,2014,Oregon,Marcus Mariota,2015
400548282101875201,Pass Reception,2,11,32,32,0.0516308367734162,False,UCLA,Oregon,0,0,1,12,47,7,UCLA,2014,Oregon,Marcus Mariota,2015
400548282101926901,Pass Incompletion,2,11,57,57,-0.8019431292409882,False,UCLA,Oregon,0,0,1,7,30,7,UCLA,2014,Oregon,Marcus Mariota,2015
400548282101927701,Pass Reception,3,11,57,57,-0.382304347056138,False,UCLA,Oregon,0,0,1,7,22,7,UCLA,2014,Oregon,Marcus Mariota,2015
400548282101917901,Pass Incompletion,1,10,68,68,-0.9262377870973815,False,UCLA,Oregon,0,0,1,8,20,7,UCLA,2014,Oregon,Marcus Mariota,2015
400548282101918601,Pass Reception,2,10,68,68,2.075365721359935,False,UCLA,Oregon,0,0,1,8,13,7,UCLA,2014,Oregon,Marcus Mariota,2015
400548282102906801,Pass Incompletion,2,10,21,21,-0.4964187188337484,False,UCLA,Oregon,8,3,2,9,31,7,UCLA,2014,Oregon,Marcus Mariota,2015
400548282102906301,Pass Incompletion,1,10,21,21,-0.3882383440694163,False,UCLA,Oregon,8,3,2,9,36,7,UCLA,2014,Oregon,Marcus Mariota,2015
400548282102907501,Passing Touchdown,3,10,21,21,3.5169538766986577,True,UCLA,Oregon,15,3,2,9,24,7,UCLA,2014,Oregon,Marcus Mariota,2015
400548282102956701,Pass Reception,3,3,45,45,1.3343548242857892,False,UCLA,Oregon,15,3,2,4,32,7,UCLA,2014,Oregon,Marcus Mariota,2015
400548282102969801,Passing Touchdown,1,10,31,31,2.841946170072948,True,UCLA,Oregon,21,3,2,3,1,7,UCLA,2014,Oregon,Marcus Mariota,2015
400548282102947301,Pass Reception,1,10,52,52,0.1045373160815773,False,UCLA,Oregon,15,3,2,5,26,7,UCLA,2014,Oregon,Marcus Mariota,2015
400548282103886201,Pass Reception,1,10,80,80,1.1127415828278746,False,UCLA,Oregon,21,10,3,11,37,7,UCLA,2014,Oregon,Marcus Mariota,2015
400548282103908601,Pass Incompletion,1,10,23,23,-0.4181180581276075,False,UCLA,Oregon,21,10,3,9,13,7,UCLA,2014,Oregon,Marcus Mariota,2015
400548282103897101,Pass Reception,1,10,47,47,1.010286769016353,False,UCLA,Oregon,21,10,3,10,28,7,UCLA,2014,Oregon,Marcus Mariota,2015
400548282103906601,Pass Reception,2,4,30,30,0.1072827554417245,False,UCLA,Oregon,21,10,3,9,33,7,UCLA,2014,Oregon,Marcus Mariota,2015
400548282103904601,Pass Reception,1,10,36,36,0.239517661500843,False,UCLA,Oregon,21,10,3,9,53,7,UCLA,2014,Oregon,Marcus Mariota,2015
400548282103966901,Pass Incompletion,1,7,7,7,-0.410393837690526,False,UCLA,Oregon,35,10,3,3,30,7,UCLA,2014,Oregon,Marcus Mariota,2015
400548282103967501,Pass Incompletion,2,7,7,7,-0.277446160702615,False,UCLA,Oregon,35,10,3,3,24,7,UCLA,2014,Oregon,Marcus Mariota,2015
400548282103956301,Pass Reception,1,10,64,64,1.3848620561380827,False,UCLA,Oregon,35,10,3,4,36,7,UCLA,2014,Oregon,Marcus Mariota,2015
400548282103958101,Pass Reception,1,10,49,49,1.1578829229997254,False,UCLA,Oregon,35,10,3,4,18,7,UCLA,2014,Oregon,Marcus Mariota,2015
400548282104854801,Pass Reception,2,8,38,38,1.4472240836452548,False,UCLA,Oregon,35,10,4,14,51,7,UCLA,2014,Oregon,Marcus Mariota,2015
400548282103995701,Pass Reception,1,10,69,69,2.418241861177709,False,UCLA,Oregon,35,10,3,0,42,7,UCLA,2014,Oregon,Marcus Mariota,2015
400548288101857201,Pass Incompletion,2,9,84,16,-0.23701839420468573,False,Oregon,Washington,0,0,1,14,27,8,Washington,2014,Oregon,Marcus Mariota,2015
400548288101916401,Pass Incompletion,2,8,37,63,-0.9430517195492936,False,Oregon,Washington,0,3,1,8,35,8,Washington,2014,Oregon,Marcus Mariota,2015
400548288101905001,Pass Incompletion,1,10,53,47,-1.1527089917962545,False,Oregon,Washington,0,3,1,9,49,8,Washington,2014,Oregon,Marcus Mariota,2015
400548288101908101,Pass Reception,3,5,48,52,2.0338911720130017,False,Oregon,Washington,0,3,1,9,18,8,Washington,2014,Oregon,Marcus Mariota,2015
400548288101899401,Pass Reception,1,10,81,19,2.343320087429489,False,Oregon,Washington,0,3,1,10,5,8,Washington,2014,Oregon,Marcus Mariota,2015
400548288101955801,Pass Reception,2,7,60,40,0.3643782988809061,False,Oregon,Washington,7,6,1,4,41,8,Washington,2014,Oregon,Marcus Mariota,2015
400548288101948301,Pass Reception,3,1,72,28,1.3910727313703424,False,Oregon,Washington,7,6,1,5,16,8,Washington,2014,Oregon,Marcus Mariota,2015
400548288101965001,Pass Reception,1,10,53,47,0.8003639620011836,False,Oregon,Washington,7,6,1,3,49,8,Washington,2014,Oregon,Marcus Mariota,2015
400548288101978301,Pass Reception,2,21,39,61,1.594805608004961,False,Oregon,Washington,7,6,1,2,16,8,Washington,2014,Oregon,Marcus Mariota,2015
400548288101959101,Pass Incompletion,1,10,65,35,-1.0146424556055624,False,Oregon,Washington,7,6,1,4,8,8,Washington,2014,Oregon,Marcus Mariota,2015
400548288101979601,Pass Reception,3,8,26,74,1.3258366802797443,False,Oregon,Washington,7,6,1,2,3,8,Washington,2014,Oregon,Marcus Mariota,2015
400548288102899602,Pass Reception,1,10,11,89,-0.230342397894136,False,Oregon,Washington,14,6,2,10,3,8,Washington,2014,Oregon,Marcus Mariota,2015
400548288102909702,Pass Reception,3,11,12,88,0.384458848429187,False,Oregon,Washington,14,6,2,9,2,8,Washington,2014,Oregon,Marcus Mariota,2015
400548288102897401,Pass Incompletion,1,10,26,74,-0.4710467974920665,False,Oregon,Washington,14,6,2,10,25,8,Washington,2014,Oregon,Marcus Mariota,2015
400548288102896801,Pass Reception,1,10,77,23,3.688617680821472,False,Oregon,Washington,14,6,2,10,31,8,Washington,2014,Oregon,Marcus Mariota,2015
400548288102937101,Pass Reception,1,10,66,34,-0.6162239991596916,False,Oregon,Washington,21,6,2,6,28,8,Washington,2014,Oregon,Marcus Mariota,2015
400548288102965501,Pass Incompletion,2,3,3,97,-0.413137785818898,False,Oregon,Washington,21,6,2,3,44,8,Washington,2014,Oregon,Marcus Mariota,2015
400548288102957301,Pass Reception,1,10,25,75,1.4868490645939596,False,Oregon,Washington,21,6,2,4,26,8,Washington,2014,Oregon,Marcus Mariota,2015
400548288102944001,Pass Reception,2,8,64,36,0.5656180594048034,False,Oregon,Washington,21,6,2,5,59,8,Washington,2014,Oregon,Marcus Mariota,2015
400548288102954801,Pass Reception,2,8,53,47,1.9049899441462905,False,Oregon,Washington,21,6,2,4,51,8,Washington,2014,Oregon,Marcus Mariota,2015
400548288102967301,Pass Reception,3,13,13,87,-1.141038122489439,False,Oregon,Washington,21,6,2,3,26,8,Washington,2014,Oregon,Marcus Mariota,2015
400548288102985701,Pass Incompletion,1,10,23,77,-0.4181180581276075,False,Oregon,Washington,21,6,2,1,42,8,Washington,2014,Oregon,Marcus Mariota,2015
400548288102986701,Passing Touchdown,2,10,23,77,3.082095736198836,True,Oregon,Washington,28,6,2,1,32,8,Washington,2014,Oregon,Marcus Mariota,2015
400548288103897601,Passing Touchdown,2,6,16,84,2.643966818958475,True,Oregon,Washington,35,6,3,10,23,8,Washington,2014,Oregon,Marcus Mariota,2015
400548288103889701,Pass Incompletion,2,4,32,68,-0.781180687607332,False,Oregon,Washington,28,6,3,11,2,8,Washington,2014,Oregon,Marcus Mariota,2015
400548288103895001,Pass Reception,3,4,32,68,1.006143520382121,False,Oregon,Washington,28,6,3,10,49,8,Washington,2014,Oregon,Marcus Mariota,2015
400548288103967801,Pass Reception,1,10,38,62,0.3945082863191305,False,Oregon,Washington,35,13,3,3,21,8,Washington,2014,Oregon,Marcus Mariota,2015
400548288103979101,Pass Reception,3,20,35,65,1.677769949323043,False,Oregon,Washington,35,13,3,2,8,8,Washington,2014,Oregon,Marcus Mariota,2015
400548288103959601,Pass Reception,2,6,65,35,1.190108467476902,False,Oregon,Washington,35,13,3,4,3,8,Washington,2014,Oregon,Marcus Mariota,2015
400548288104864901,Pass Reception,1,10,47,53,0.097373878655615,False,Oregon,Washington,35,13,4,13,50,8,Washington,2014,Oregon,Marcus Mariota,2015
400548288104877601,Pass Incompletion,2,10,36,64,-0.9411560090170408,False,Oregon,Washington,35,13,4,12,23,8,Washington,2014,Oregon,Marcus Mariota,2015
400548288104878701,Pass Reception,3,10,36,64,2.1517373049817685,False,Oregon,Washington,35,13,4,12,12,8,Washington,2014,Oregon,Marcus Mariota,2015
400548288104874101,Pass Reception,3,5,42,58,1.5795431932953594,False,Oregon,Washington,35,13,4,12,58,8,Washington,2014,Oregon,Marcus Mariota,2015
400548289101897801,Pass Reception,2,1,58,58,1.144916987057119,False,California,Oregon,0,7,1,10,21,9,California,2014,Oregon,Marcus Mariota,2015
400548289101915001,Passing Touchdown,1,10,22,22,2.64762276664846,True,California,Oregon,7,7,1,8,49,9,California,2014,Oregon,Marcus Mariota,2015
400548289101895101,Pass Reception,1,10,67,67,1.381064908582042,False,California,Oregon,0,7,1,10,48,9,California,2014,Oregon,Marcus Mariota,2015
400548289101934201,Pass Reception,1,10,46,46,0.6402126346324764,False,California,Oregon,7,14,1,6,57,9,California,2014,Oregon,Marcus Mariota,2015
400548289101948301,Pass Reception,3,7,30,30,1.2876269751435796,False,California,Oregon,7,14,1,5,16,9,California,2014,Oregon,Marcus Mariota,2015
400548289101984901,Pass Incompletion,2,3,77,77,-0.7123638939407835,False,California,Oregon,14,14,1,1,50,9,California,2014,Oregon,Marcus Mariota,2015
400548289101976701,Pass Reception,1,10,97,97,0.3781492345362265,False,California,Oregon,14,14,1,2,32,9,California,2014,Oregon,Marcus Mariota,2015
400548289102854701,Pass Reception,2,6,21,21,0.196824219741146,False,California,Oregon,14,14,2,14,52,9,California,2014,Oregon,Marcus Mariota,2015
400548289102866401,Pass Incompletion,3,3,6,6,-0.323486478111342,False,California,Oregon,14,14,2,13,35,9,California,2014,Oregon,Marcus Mariota,2015
400548289102889301,Pass Incompletion,1,8,8,8,-0.357171386033373,False,California,Oregon,17,14,2,11,6,9,California,2014,Oregon,Marcus Mariota,2015
400548289102897601,Passing Touchdown,3,9,9,9,3.010112654732236,True,California,Oregon,24,14,2,10,23,9,California,2014,Oregon,Marcus Mariota,2015
400548289102949002,Pass Incompletion,1,10,67,67,-0.956890163923906,False,California,Oregon,31,21,2,5,9,9,California,2014,Oregon,Marcus Mariota,2015
400548289102978601,Pass Incompletion,2,6,30,30,-0.711882124036327,False,California,Oregon,31,28,2,2,13,9,California,2014,Oregon,Marcus Mariota,2015
400548289102969501,Pass Incompletion,2,7,56,56,-1.0372452328048558,False,California,Oregon,31,28,2,3,4,9,California,2014,Oregon,Marcus Mariota,2015
400548289102984301,Pass Interception Return,1,10,12,12,-4.4699054579640745,False,California,Oregon,31,28,2,1,56,9,California,2014,Oregon,Marcus Mariota,2015
400548289102974701,Pass Reception,3,7,56,56,3.192253519758437,False,California,Oregon,31,28,2,2,52,9,California,2014,Oregon,Marcus Mariota,2015
400548289102989701,Pass Reception,1,10,60,60,1.8538258306416875,False,California,Oregon,31,28,2,1,2,9,California,2014,Oregon,Marcus Mariota,2015
400548289102995801,Passing Touchdown,2,1,24,24,2.18061057746155,True,California,Oregon,38,28,2,0,41,9,California,2014,Oregon,Marcus Mariota,2015
400548289103854701,Pass Reception,1,10,75,75,2.7253850317904673,False,California,Oregon,38,28,3,14,52,9,California,2014,Oregon,Marcus Mariota,2015
400548289103856301,Pass Reception,1,10,43,43,-1.3862523018398782,False,California,Oregon,38,28,3,14,36,9,California,2014,Oregon,Marcus Mariota,2015
400548289103867401,Passing Touchdown,3,21,54,54,6.962641393009958,True,California,Oregon,45,28,3,13,25,9,California,2014,Oregon,Marcus Mariota,2015
400548289103918401,Pass Incompletion,2,1,9,9,-0.56838331633014,False,California,Oregon,45,28,3,8,15,9,California,2014,Oregon,Marcus Mariota,2015
400548289103917901,Pass Reception,1,10,18,18,0.619457208414883,False,California,Oregon,45,28,3,8,20,9,California,2014,Oregon,Marcus Mariota,2015
400548289103906701,Pass Incompletion,1,10,55,55,-1.1618692012952412,False,California,Oregon,45,28,3,9,32,9,California,2014,Oregon,Marcus Mariota,2015
400548289103969501,Pass Incompletion,1,10,47,47,-1.0507069190375147,False,California,Oregon,52,35,3,3,4,9,California,2014,Oregon,Marcus Mariota,2015
400548289103976401,Pass Reception,3,6,43,43,0.0741331524720596,False,California,Oregon,52,35,3,2,35,9,California,2014,Oregon,Marcus Mariota,2015
400548289104854401,Pass Incompletion,3,4,74,74,-0.3362980935228226,False,California,Oregon,52,35,4,14,55,9,California,2014,Oregon,Marcus Mariota,2015
400548289103998701,Pass Reception,2,21,91,91,0.5365796849352167,False,California,Oregon,52,35,3,0,12,9,California,2014,Oregon,Marcus Mariota,2015
400548289104897501,Pass Incompletion,1,10,60,60,-1.1247712359915258,False,California,Oregon,52,35,4,10,24,9,California,2014,Oregon,Marcus Mariota,2015
400548289104914101,Passing Touchdown,1,10,21,21,2.632296813795493,True,California,Oregon,59,35,4,8,58,9,California,2014,Oregon,Marcus Mariota,2015
400548299101869101,Pass Incompletion,2,8,43,57,-1.0744871250513215,False,Oregon,Stanford,0,0,1,13,8,10,Stanford,2014,Oregon,Marcus Mariota,2015
400548299101894701,Passing Touchdown,2,6,6,94,2.528666992781938,True,Oregon,Stanford,7,0,1,10,52,10,Stanford,2014,Oregon,Marcus Mariota,2015
400548299101884501,Pass Incompletion,2,6,15,85,-0.38344567147044,False,Oregon,Stanford,0,0,1,11,54,10,Stanford,2014,Oregon,Marcus Mariota,2015
400548299101865301,Pass Reception,3,2,53,47,1.7105112465862433,False,Oregon,Stanford,0,0,1,13,46,10,Stanford,2014,Oregon,Marcus Mariota,2015
400548299101854501,Pass Reception,1,10,75,25,1.252308359788624,False,Oregon,Stanford,0,0,1,14,54,10,Stanford,2014,Oregon,Marcus Mariota,2015
400548299101936901,Pass Reception,3,7,44,56,2.416390572630475,False,Oregon,Stanford,7,3,1,6,30,10,Stanford,2014,Oregon,Marcus Mariota,2015
400548299101918401,Pass Reception,1,10,75,25,0.3333748010525683,False,Oregon,Stanford,7,3,1,8,15,10,Stanford,2014,Oregon,Marcus Mariota,2015
400548299101926101,Pass Reception,1,10,61,39,1.241813795198436,False,Oregon,Stanford,7,3,1,7,38,10,Stanford,2014,Oregon,Marcus Mariota,2015
400548299102884301,Pass Incompletion,2,1,1,99,-0.553645991706544,False,Oregon,Stanford,14,6,2,11,56,10,Stanford,2014,Oregon,Marcus Mariota,2015
400548299102856201,Pass Incompletion,2,5,48,52,-1.1848014830685507,False,Oregon,Stanford,14,6,2,14,37,10,Stanford,2014,Oregon,Marcus Mariota,2015
400548299101998601,Pass Incompletion,2,7,72,28,-0.5594317282120231,False,Oregon,Stanford,14,6,1,0,13,10,Stanford,2014,Oregon,Marcus Mariota,2015
400548299102866701,Pass Reception,1,10,29,71,-0.046112472291792,False,Oregon,Stanford,14,6,2,13,32,10,Stanford,2014,Oregon,Marcus Mariota,2015
400548299102864801,Pass Reception,2,6,36,64,0.490861735224017,False,Oregon,Stanford,14,6,2,13,51,10,Stanford,2014,Oregon,Marcus Mariota,2015
400548299102935001,Pass Incompletion,2,8,8,92,-0.26931522945819,False,Oregon,Stanford,21,6,2,6,49,10,Stanford,2014,Oregon,Marcus Mariota,2015
400548299102934401,Pass Incompletion,1,8,8,92,-0.357171386033373,False,Oregon,Stanford,21,6,2,6,55,10,Stanford,2014,Oregon,Marcus Mariota,2015
400548299102926701,Pass Reception,2,7,49,51,1.8077135946808196,False,Oregon,Stanford,21,6,2,7,32,10,Stanford,2014,Oregon,Marcus Mariota,2015
400548299102936201,Pass Incompletion,3,23,23,77,-0.972200914753733,False,Oregon,Stanford,21,6,2,6,37,10,Stanford,2014,Oregon,Marcus Mariota,2015
400548299102929801,Pass Reception,2,3,12,88,-0.025970302876891,False,Oregon,Stanford,21,6,2,7,1,10,Stanford,2014,Oregon,Marcus Mariota,2015
400548299102997001,Pass Incompletion,3,13,64,36,-0.24458611024503174,False,Oregon,Stanford,24,13,2,0,29,10,Stanford,2014,Oregon,Marcus Mariota,2015
400548299102995101,Pass Reception,1,10,83,17,1.6801665460867914,False,Oregon,Stanford,24,13,2,0,48,10,Stanford,2014,Oregon,Marcus Mariota,2015
400548299103917901,Pass Interception Return,3,7,67,33,-0.2430651561521442,False,Oregon,Stanford,24,13,3,8,20,10,Stanford,2014,Oregon,Marcus Mariota,2015
400548299103916702,Pass Incompletion,2,7,67,33,-0.7077961708131388,False,Oregon,Stanford,24,13,3,8,32,10,Stanford,2014,Oregon,Marcus Mariota,2015
400548299103908101,Pass Reception,2,6,77,23,0.8294186898243501,False,Oregon,Stanford,24,13,3,9,18,10,Stanford,2014,Oregon,Marcus Mariota,2015
400548299103898801,Pass Reception,1,10,99,1,-0.026373985240724984,False,Oregon,Stanford,24,13,3,10,11,10,Stanford,2014,Oregon,Marcus Mariota,2015
400548299103989401,Pass Reception,1,15,62,38,2.815614229508956,False,Oregon,Stanford,24,16,3,1,5,10,Stanford,2014,Oregon,Marcus Mariota,2015
400548299103996801,Pass Reception,2,11,33,67,1.0019919927283394,False,Oregon,Stanford,24,16,3,0,31,10,Stanford,2014,Oregon,Marcus Mariota,2015
400548299103985401,Pass Reception,3,7,72,28,2.4676375643660338,False,Oregon,Stanford,24,16,3,1,45,10,Stanford,2014,Oregon,Marcus Mariota,2015
400548299104868601,Pass Reception,1,10,30,70,0.2659599577436895,False,Oregon,Stanford,31,16,4,13,13,10,Stanford,2014,Oregon,Marcus Mariota,2015
400548299104907901,Passing Touchdown,1,10,25,75,2.7000843622660575,True,Oregon,Stanford,45,16,4,9,20,10,Stanford,2014,Oregon,Marcus Mariota,2015
400548299104895401,Pass Reception,1,20,46,54,2.172962122427642,False,Oregon,Stanford,38,16,4,10,45,10,Stanford,2014,Oregon,Marcus Mariota,2015
400548299104935901,Pass Incompletion,2,14,70,30,-0.3161998066950096,False,Oregon,Stanford,45,16,4,6,40,10,Stanford,2014,Oregon,Marcus Mariota,2015
400548304101904401,Pass Reception,1,25,29,29,0.1774915876374142,False,Utah,Oregon,0,7,1,9,55,11,Utah,2014,Oregon,Marcus Mariota,2015
400548304101966901,Pass Reception,3,9,35,35,-0.378463019337193,False,Utah,Oregon,0,7,1,3,30,11,Utah,2014,Oregon,Marcus Mariota,2015
400548304101954301,Pass Incompletion,2,8,46,46,-1.102618608038954,False,Utah,Oregon,0,7,1,4,56,11,Utah,2014,Oregon,Marcus Mariota,2015
400548304101986401,Pass Reception,3,15,30,30,-0.7979941721340591,False,Utah,Oregon,0,7,1,1,35,11,Utah,2014,Oregon,Marcus Mariota,2015
400548304102879601,Pass Incompletion,1,10,30,30,-0.557844891990525,False,Utah,Oregon,7,7,2,12,3,11,Utah,2014,Oregon,Marcus Mariota,2015
400548304102904501,Passing Touchdown,4,3,3,3,2.916346544502382,True,Utah,Oregon,14,7,2,9,54,11,Utah,2014,Oregon,Marcus Mariota,2015
400548304102899701,Pass Incompletion,3,3,3,3,-0.291784144723391,False,Utah,Oregon,7,7,2,10,2,11,Utah,2014,Oregon,Marcus Mariota,2015
400548304102887001,Pass Reception,3,6,26,26,1.266390851398013,False,Utah,Oregon,7,7,2,11,29,11,Utah,2014,Oregon,Marcus Mariota,2015
400548304102954801,Passing Touchdown,1,6,6,6,2.052489771065277,True,Utah,Oregon,21,7,2,4,51,11,Utah,2014,Oregon,Marcus Mariota,2015
400548304102944901,Pass Reception,1,10,69,69,2.8432765309766186,False,Utah,Oregon,14,7,2,5,50,11,Utah,2014,Oregon,Marcus Mariota,2015
400548304102948901,Pass Reception,1,10,17,17,0.527413331719137,False,Utah,Oregon,14,7,2,5,10,11,Utah,2014,Oregon,Marcus Mariota,2015
400548304102946001,Pass Incompletion,1,10,28,28,-0.512081873784803,False,Utah,Oregon,14,7,2,5,39,11,Utah,2014,Oregon,Marcus Mariota,2015
400548304102946601,Pass Reception,2,10,28,28,0.69619324513882,False,Utah,Oregon,14,7,2,5,33,11,Utah,2014,Oregon,Marcus Mariota,2015
400548304102974701,Pass Incompletion,2,5,17,17,-0.4333283497169247,False,Utah,Oregon,21,7,2,2,52,11,Utah,2014,Oregon,Marcus Mariota,2015
400548304103909001,Pass Incompletion,2,8,16,16,-0.376706650922749,False,Utah,Oregon,24,13,3,9,9,11,Utah,2014,Oregon,Marcus Mariota,2015
400548304103944201,Pass Incompletion,4,14,31,31,-1.3267770233334453,False,Utah,Oregon,27,13,3,5,57,11,Utah,2014,Oregon,Marcus Mariota,2015
400548304103939701,Pass Incompletion,3,14,31,31,-1.003179797281458,False,Utah,Oregon,27,13,3,6,2,11,Utah,2014,Oregon,Marcus Mariota,2015
400548304103939101,Pass Incompletion,2,14,31,31,-0.8889403000453804,False,Utah,Oregon,27,13,3,6,8,11,Utah,2014,Oregon,Marcus Mariota,2015
400548304103936401,Pass Reception,1,20,37,37,0.2088147335781781,False,Utah,Oregon,27,13,3,6,35,11,Utah,2014,Oregon,Marcus Mariota,2015
400548304103974401,Pass Reception,2,7,78,78,1.1449641294516706,False,Utah,Oregon,27,20,3,2,55,11,Utah,2014,Oregon,Marcus Mariota,2015
400548304103994701,Pass Incompletion,1,10,43,43,-0.9391692565688832,False,Utah,Oregon,27,20,3,0,52,11,Utah,2014,Oregon,Marcus Mariota,2015
400548304103997201,Pass Incompletion,1,10,31,31,-0.5824837756999947,False,Utah,Oregon,27,20,3,0,27,11,Utah,2014,Oregon,Marcus Mariota,2015
400548304104897001,Passing Touchdown,2,25,34,34,5.210159112472359,True,Utah,Oregon,37,27,4,10,29,11,Utah,2014,Oregon,Marcus Mariota,2015
400548304104896201,Pass Incompletion,1,25,34,34,-0.9722134516859526,False,Utah,Oregon,30,27,4,10,37,11,Utah,2014,Oregon,Marcus Mariota,2015
400548304104929401,Pass,1,10,14,14,-0.2453531896168325,False,Utah,Oregon,37,27,4,7,5,11,Utah,2014,Oregon,Marcus Mariota,2015
400548304104939401,Pass Reception,3,7,11,11,1.751755536811737,False,Utah,Oregon,37,27,4,6,5,11,Utah,2014,Oregon,Marcus Mariota,2015
400548304104927701,Pass Reception,2,10,33,33,0.9899185944770359,False,Utah,Oregon,37,27,4,7,22,11,Utah,2014,Oregon,Marcus Mariota,2015
400548304104924901,Pass Reception,2,5,64,64,2.599858912544489,False,Utah,Oregon,37,27,4,7,50,11,Utah,2014,Oregon,Marcus Mariota,2015
400548313101889901,Pass Incompletion,2,9,35,65,-0.898580349128384,False,Oregon,Colorado,0,0,1,11,0,13,Colorado,2014,Oregon,Marcus Mariota,2015
400548313101895102,Pass Reception,4,1,27,73,1.173779205657725,False,Oregon,Colorado,0,0,1,10,48,13,Colorado,2014,Oregon,Marcus Mariota,2015
400548313101895103,Pass Incompletion,1,10,20,80,-0.374805786232315,False,Oregon,Colorado,0,0,1,10,48,13,Colorado,2014,Oregon,Marcus Mariota,2015
400548313101956101,Pass Reception,2,10,71,29,0.1991203006172757,False,Oregon,Colorado,6,0,1,4,38,13,Colorado,2014,Oregon,Marcus Mariota,2015
400548313101958401,Pass Reception,3,4,65,35,2.3989618884563866,False,Oregon,Colorado,6,0,1,4,15,13,Colorado,2014,Oregon,Marcus Mariota,2015
400548313102887401,Pass Reception,3,1,67,33,1.603465903372732,False,Oregon,Colorado,13,0,2,11,25,13,Colorado,2014,Oregon,Marcus Mariota,2015
400548313102877702,Pass Reception,2,9,75,25,0.5429299417218258,False,Oregon,Colorado,13,0,2,12,22,13,Colorado,2014,Oregon,Marcus Mariota,2015
400548313102889502,Pass Reception,2,10,42,58,1.681685453475387,False,Oregon,Colorado,13,0,2,11,4,13,Colorado,2014,Oregon,Marcus Mariota,2015
400548313102896901,Pass Reception,2,2,19,81,0.054617645072304,False,Oregon,Colorado,13,0,2,10,30,13,Colorado,2014,Oregon,Marcus Mariota,2015
400548313102889501,Pass Incompletion,1,10,58,42,-1.1496266880203319,False,Oregon,Colorado,13,0,2,11,4,13,Colorado,2014,Oregon,Marcus Mariota,2015
400548313102948301,Pass Reception,3,3,49,51,2.123482351600746,False,Oregon,Colorado,20,3,2,5,16,13,Colorado,2014,Oregon,Marcus Mariota,2015
400548313102945801,Pass Reception,2,6,52,48,-0.4320124779068771,False,Oregon,Colorado,20,3,2,5,41,13,Colorado,2014,Oregon,Marcus Mariota,2015
400548313102949301,Passing Touchdown,1,10,31,69,2.841946170072948,True,Oregon,Colorado,27,3,2,5,6,13,Colorado,2014,Oregon,Marcus Mariota,2015
400548313102968905,Pass Reception,3,2,52,48,1.6778827140017025,False,Oregon,Colorado,27,3,2,3,10,13,Colorado,2014,Oregon,Marcus Mariota,2015
400548313102968902,Pass Reception,1,10,71,29,1.0187162686112892,False,Oregon,Colorado,27,3,2,3,10,13,Colorado,2014,Oregon,Marcus Mariota,2015
400548313102986004,Pass Incompletion,1,10,10,90,-0.2853930592519426,False,Oregon,Colorado,27,3,2,1,39,13,Colorado,2014,Oregon,Marcus Mariota,2015
400548313102986001,Pass Incompletion,1,10,44,56,-0.9690270974076257,False,Oregon,Colorado,27,3,2,1,39,13,Colorado,2014,Oregon,Marcus Mariota,2015
400548313102995102,Pass Incompletion,3,8,8,92,-0.354205173792517,False,Oregon,Colorado,27,3,2,0,48,13,Colorado,2014,Oregon,Marcus Mariota,2015
400548313102986003,Pass Reception,3,5,39,61,1.796726573997242,False,Oregon,Colorado,27,3,2,1,39,13,Colorado,2014,Oregon,Marcus Mariota,2015
400548313102968903,Pass Reception,1,10,60,40,0.1106144250151839,False,Oregon,Colorado,27,3,2,3,10,13,Colorado,2014,Oregon,Marcus Mariota,2015
400548313103899901,Pass Incompletion,2,1,25,75,-0.717158665150077,False,Oregon,Colorado,30,3,3,10,0,13,Colorado,2014,Oregon,Marcus Mariota,2015
400548313103899902,Pass Reception,3,1,25,75,1.704682979049529,False,Oregon,Colorado,30,3,3,10,0,13,Colorado,2014,Oregon,Marcus Mariota,2015
400548313103896303,Pass Reception,1,10,34,66,0.73596654934212,False,Oregon,Colorado,30,3,3,10,36,13,Colorado,2014,Oregon,Marcus Mariota,2015
400548313103927701,Pass Incompletion,4,4,4,96,-4.017218287321738,False,Oregon,Colorado,30,3,3,7,22,13,Colorado,2014,Oregon,Marcus Mariota,2015
400548313103964601,Passing Touchdown,1,10,15,85,2.558199089565083,True,Oregon,Colorado,37,3,3,3,53,13,Colorado,2014,Oregon,Marcus Mariota,2015
400548313103944907,Pass Reception,2,6,32,68,0.5240686445484637,False,Oregon,Colorado,30,3,3,5,50,13,Colorado,2014,Oregon,Marcus Mariota,2015
400548313103944901,Pass Reception,1,10,60,40,1.2136131960092111,False,Oregon,Colorado,30,3,3,5,50,13,Colorado,2014,Oregon,Marcus Mariota,2015
400548313103944904,Pass Reception,1,10,46,54,0.529748291879379,False,Oregon,Colorado,30,3,3,5,50,13,Colorado,2014,Oregon,Marcus Mariota,2015
400548313103944903,Pass Reception,2,3,39,61,0.0027610212412893,False,Oregon,Colorado,30,3,3,5,50,13,Colorado,2014,Oregon,Marcus Mariota,2015
400548313103944906,Pass Reception,1,20,46,54,1.698407881945231,False,Oregon,Colorado,30,3,3,5,50,13,Colorado,2014,Oregon,Marcus Mariota,2015
400548313103984506,Pass Reception,2,13,57,43,3.258486198350223,False,Oregon,Colorado,37,10,3,1,54,13,Colorado,2014,Oregon,Marcus Mariota,2015
400548313103998401,Passing Touchdown,1,10,14,86,2.5482831751790815,True,Oregon,Colorado,44,10,3,0,15,13,Colorado,2014,Oregon,Marcus Mariota,2015
400548313104885401,Pass Incompletion,1,10,68,32,-0.9262377870973815,False,Oregon,Colorado,44,10,4,11,45,13,Colorado,2014,Oregon,Marcus Mariota,2015
400548313104885402,Pass Incompletion,2,10,68,32,-0.5135431143257803,False,Oregon,Colorado,44,10,4,11,45,13,Colorado,2014,Oregon,Marcus Mariota,2015
400548313104868402,Pass Reception,2,9,94,6,0.5756763765406241,False,Oregon,Colorado,44,10,4,13,15,13,Colorado,2014,Oregon,Marcus Mariota,2015
400548313104926901,Pass Reception,3,8,63,37,-0.46656371187873,False,Oregon,Colorado,44,10,4,7,30,13,Colorado,2014,Oregon,Marcus Mariota,2015
400548320101866901,Pass Reception,2,7,51,51,1.2509361341135623,False,Oregon State,Oregon,0,0,1,13,30,14,Oregon State,2014,Oregon,Marcus Mariota,2015
400548320101859502,Pass Reception,1,10,54,54,-0.4184086843592085,False,Oregon State,Oregon,0,0,1,14,4,14,Oregon State,2014,Oregon,Marcus Mariota,2015
400548320101854801,Pass Incompletion,1,10,71,71,-0.8305196050291288,False,Oregon State,Oregon,0,0,1,14,51,14,Oregon State,2014,Oregon,Marcus Mariota,2015
400548320101867801,Pass Incompletion,1,10,43,43,-0.9391692565688832,False,Oregon State,Oregon,0,0,1,13,21,14,Oregon State,2014,Oregon,Marcus Mariota,2015
400548320101877201,Passing Touchdown,1,10,29,29,2.788301184598112,True,Oregon State,Oregon,6,0,1,12,27,14,Oregon State,2014,Oregon,Marcus Mariota,2015
400548320101909701,Pass Reception,1,10,51,51,1.020292430390951,False,Oregon State,Oregon,6,0,1,9,2,14,Oregon State,2014,Oregon,Marcus Mariota,2015
400548320101916401,Pass Reception,1,10,33,33,0.3343520522096136,False,Oregon State,Oregon,6,0,1,8,35,14,Oregon State,2014,Oregon,Marcus Mariota,2015
400548320101929201,Pass Incompletion,3,7,13,13,-0.4528101008787997,False,Oregon State,Oregon,6,0,1,7,7,14,Oregon State,2014,Oregon,Marcus Mariota,2015
400548320101994101,Pass Reception,1,10,35,35,0.56437706709579,False,Oregon State,Oregon,9,0,1,0,58,14,Oregon State,2014,Oregon,Marcus Mariota,2015
400548320102856701,Passing Touchdown,2,7,12,12,2.661252322764772,True,Oregon State,Oregon,16,0,2,14,32,14,Oregon State,2014,Oregon,Marcus Mariota,2015
400548320101969501,Pass Reception,1,15,75,75,2.2605358628441365,False,Oregon State,Oregon,9,0,1,3,4,14,Oregon State,2014,Oregon,Marcus Mariota,2015
400548320101986301,Pass Reception,1,10,47,47,0.5447460725225992,False,Oregon State,Oregon,9,0,1,1,36,14,Oregon State,2014,Oregon,Marcus Mariota,2015
400548320102876401,Pass Incompletion,2,7,77,77,-0.43583975606982506,False,Oregon State,Oregon,16,0,2,12,35,14,Oregon State,2014,Oregon,Marcus Mariota,2015
400548320102877701,Passing Touchdown,3,7,77,77,7.058507267789034,True,Oregon State,Oregon,23,0,2,12,22,14,Oregon State,2014,Oregon,Marcus Mariota,2015
400548320102897901,Pass Reception,1,10,34,34,0.2727484828424415,False,Oregon State,Oregon,23,0,2,10,20,14,Oregon State,2014,Oregon,Marcus Mariota,2015
400548320102895901,Pass Reception,3,10,67,67,3.990833231221261,False,Oregon State,Oregon,23,0,2,10,40,14,Oregon State,2014,Oregon,Marcus Mariota,2015
400548320102894501,Pass Reception,2,17,74,74,0.1548759144116687,False,Oregon State,Oregon,23,0,2,10,54,14,Oregon State,2014,Oregon,Marcus Mariota,2015
400548320102939401,Pass Incompletion,1,10,40,40,-0.8457687366186873,False,Oregon State,Oregon,30,0,2,6,5,14,Oregon State,2014,Oregon,Marcus Mariota,2015
400548320103899201,Pass Incompletion,3,5,5,5,-0.290992528642002,False,Oregon State,Oregon,30,3,3,10,7,14,Oregon State,2014,Oregon,Marcus Mariota,2015
400548320103896901,Pass Reception,1,10,10,10,-0.093321625768295,False,Oregon State,Oregon,30,3,3,10,30,14,Oregon State,2014,Oregon,Marcus Mariota,2015
400548320103954801,Pass Reception,2,1,63,63,0.2598906815983177,False,Oregon State,Oregon,33,10,3,4,51,14,Oregon State,2014,Oregon,Marcus Mariota,2015
400548320103964801,Pass Reception,1,20,65,65,4.228687134510383,False,Oregon State,Oregon,33,10,3,3,51,14,Oregon State,2014,Oregon,Marcus Mariota,2015
400548320104865101,Pass Reception,1,10,70,70,2.2162724338372755,False,Oregon State,Oregon,40,17,4,13,48,14,Oregon State,2014,Oregon,Marcus Mariota,2015
400548320104904901,Pass Reception,2,8,57,57,-0.5957696914202871,False,Oregon State,Oregon,40,17,4,9,50,14,Oregon State,2014,Oregon,Marcus Mariota,2015
400548320104935401,Passing Touchdown,2,4,27,27,2.679291933382228,True,Oregon State,Oregon,47,17,4,6,45,14,Oregon State,2014,Oregon,Marcus Mariota,2015
400609076101874501,Pass Reception,2,6,44,56,1.1858744296590413,False,Oregon,Arizona,0,0,1,12,54,15,Arizona,2014,Oregon,Marcus Mariota,2015
400609076101868901,Pass Reception,1,10,48,52,-0.1319374071745773,False,Oregon,Arizona,0,0,1,13,10,15,Arizona,2014,Oregon,Marcus Mariota,2015
400609076101879401,Pass Incompletion,2,8,19,81,-0.4339765661211427,False,Oregon,Arizona,0,0,1,12,5,15,Arizona,2014,Oregon,Marcus Mariota,2015
400609076101854901,Pass Reception,1,10,80,20,1.0492884058754886,False,Oregon,Arizona,0,0,1,14,50,15,Arizona,2014,Oregon,Marcus Mariota,2015
400609076101915601,Pass Incompletion,2,10,10,90,-0.2792458253567104,False,Oregon,Arizona,3,0,1,8,43,15,Arizona,2014,Oregon,Marcus Mariota,2015
400609076101899901,Pass Reception,1,10,23,77,0.6367847307431815,False,Oregon,Arizona,3,0,1,10,0,15,Arizona,2014,Oregon,Marcus Mariota,2015
400609076101905201,Pass Incompletion,2,1,14,86,-0.5931402802291035,False,Oregon,Arizona,3,0,1,9,47,15,Arizona,2014,Oregon,Marcus Mariota,2015
400609076101889301,Pass Incompletion,1,20,47,53,-0.9938804880943852,False,Oregon,Arizona,3,0,1,11,6,15,Arizona,2014,Oregon,Marcus Mariota,2015
400609076101897401,Pass Reception,3,14,41,59,2.966771085436056,False,Oregon,Arizona,3,0,1,10,25,15,Arizona,2014,Oregon,Marcus Mariota,2015
400609076101965301,Pass Incompletion,1,10,32,68,-0.6082596672078662,False,Oregon,Arizona,6,0,1,3,46,15,Arizona,2014,Oregon,Marcus Mariota,2015
400609076101976601,Pass Incompletion,4,3,25,75,-3.1308822585392893,False,Oregon,Arizona,6,0,1,2,33,15,Arizona,2014,Oregon,Marcus Mariota,2015
400609076101955901,Pass Reception,3,2,72,28,1.3120582990835397,False,Oregon,Arizona,6,0,1,4,40,15,Arizona,2014,Oregon,Marcus Mariota,2015
400609076102849901,Pass Incompletion,3,15,61,39,-0.25083565029580424,False,Oregon,Arizona,6,0,2,15,0,15,Arizona,2014,Oregon,Marcus Mariota,2015
400609076101999901,Pass Reception,2,14,60,40,-0.6510722060546925,False,Oregon,Arizona,6,0,1,0,0,15,Arizona,2014,Oregon,Marcus Mariota,2015
400609076102879901,Pass Reception,2,8,20,80,-0.2395016487457846,False,Oregon,Arizona,6,0,2,12,0,15,Arizona,2014,Oregon,Marcus Mariota,2015
400609076102877901,Pass Reception,1,10,22,78,-0.218895918192836,False,Oregon,Arizona,6,0,2,12,20,15,Arizona,2014,Oregon,Marcus Mariota,2015
400609076102886901,Pass Reception,3,6,18,82,0.7864207648873885,False,Oregon,Arizona,6,0,2,11,30,15,Arizona,2014,Oregon,Marcus Mariota,2015
400609076102919401,Pass Reception,2,1,30,70,-0.3116636597391,False,Oregon,Arizona,6,0,2,8,5,15,Arizona,2014,Oregon,Marcus Mariota,2015
400609076102926101,Pass Incompletion,2,10,21,79,-0.4964187188337484,False,Oregon,Arizona,6,0,2,7,38,15,Arizona,2014,Oregon,Marcus Mariota,2015
400609076102919901,Pass Incompletion,1,10,21,79,-0.3882383440694163,False,Oregon,Arizona,6,0,2,8,0,15,Arizona,2014,Oregon,Marcus Mariota,2015
400609076102944001,Pass Incompletion,2,12,63,37,-0.5664612521767705,False,Oregon,Arizona,13,0,2,5,59,15,Arizona,2014,Oregon,Marcus Mariota,2015
400609076102965801,Pass Incompletion,1,10,79,21,-0.585616097616759,False,Oregon,Arizona,13,0,2,3,41,15,Arizona,2014,Oregon,Marcus Mariota,2015
400609076102969401,Pass Reception,2,20,89,11,0.00547581570577905,False,Oregon,Arizona,13,0,2,3,5,15,Arizona,2014,Oregon,Marcus Mariota,2015
400609076102975401,Pass Reception,3,15,84,16,4.800006627005165,False,Oregon,Arizona,13,0,2,2,45,15,Arizona,2014,Oregon,Marcus Mariota,2015
400609076102989901,Pass Incompletion,1,10,77,23,-0.6425305871127751,False,Oregon,Arizona,20,0,2,1,0,15,Arizona,2014,Oregon,Marcus Mariota,2015
400609076102998201,Pass Reception,1,10,42,58,0.553654630180638,False,Oregon,Arizona,20,0,2,0,17,15,Arizona,2014,Oregon,Marcus Mariota,2015
400609076102998601,Pass Incompletion,1,10,27,73,-0.490975886965904,False,Oregon,Arizona,20,0,2,0,13,15,Arizona,2014,Oregon,Marcus Mariota,2015
400609076103896201,Passing Touchdown,2,4,4,96,2.3338902404479605,True,Oregon,Arizona,30,0,3,10,37,15,Arizona,2014,Oregon,Marcus Mariota,2015
400609076103888901,Pass Reception,2,4,19,81,-0.009349467722841,False,Oregon,Arizona,23,0,3,11,10,15,Arizona,2014,Oregon,Marcus Mariota,2015
400609076103879901,Pass Reception,2,4,41,59,0.5927034069653381,False,Oregon,Arizona,23,0,3,12,0,15,Arizona,2014,Oregon,Marcus Mariota,2015
400609076103924001,Passing Touchdown,1,10,11,89,2.521739413367925,True,Oregon,Arizona,37,7,3,7,59,15,Arizona,2014,Oregon,Marcus Mariota,2015
400609076103918901,Pass Reception,1,10,57,43,1.9435772841434016,False,Oregon,Arizona,30,7,3,8,10,15,Arizona,2014,Oregon,Marcus Mariota,2015
400609076103945401,Pass Reception,2,6,19,81,0.811601632850664,False,Oregon,Arizona,37,7,3,5,45,15,Arizona,2014,Oregon,Marcus Mariota,2015
400609076103976901,Pass Reception,2,12,52,48,-0.3675903564250494,False,Oregon,Arizona,44,7,3,2,30,15,Arizona,2014,Oregon,Marcus Mariota,2015
400609076103958301,Pass Reception,1,10,80,20,1.2388651878297718,False,Oregon,Arizona,44,7,3,4,16,15,Arizona,2014,Oregon,Marcus Mariota,2015
400609076103969401,Pass Reception,1,10,50,50,-1.5761553525750607,False,Oregon,Arizona,44,7,3,3,5,15,Arizona,2014,Oregon,Marcus Mariota,2015
400609076103965401,Pass Reception,1,10,64,36,-0.1622709044233037,False,Oregon,Arizona,44,7,3,3,45,15,Arizona,2014,Oregon,Marcus Mariota,2015
400609076104865401,Pass Reception,3,4,80,20,-0.16173239267946027,False,Oregon,Arizona,44,7,4,13,45,15,Arizona,2014,Oregon,Marcus Mariota,2015
400609076104919901,Pass Reception,1,10,49,51,-0.375732386813203,False,Oregon,Arizona,44,7,4,8,0,15,Arizona,2014,Oregon,Marcus Mariota,2015
400609076104909901,Pass Reception,3,5,59,41,2.3653923621676496,False,Oregon,Arizona,44,7,4,9,0,15,Arizona,2014,Oregon,Marcus Mariota,2015
400548258101849905,Pass Incompletion,2,33,88,12,-0.01329244642739713,False,Oregon State,Portland State,0,0,1,15,0,1,Portland State,2014,Oregon State,Sean Mannion,2015
400548258101888006,Pass Incompletion,3,3,3,97,-0.291784144723391,False,Oregon State,Portland State,0,0,1,11,19,1,Portland State,2014,Oregon State,Sean Mannion,2015
400548258101888003,Pass Reception,1,10,46,54,1.1190495844879964,False,Oregon State,Portland State,0,0,1,11,19,1,Portland State,2014,Oregon State,Sean Mannion,2015
400548258101888002,Pass Reception,2,6,56,44,1.381087634091994,False,Oregon State,Portland State,0,0,1,11,19,1,Portland State,2014,Oregon State,Sean Mannion,2015
400548258101938609,Pass Reception,3,2,4,96,-0.252780610187641,False,Oregon State,Portland State,3,0,1,6,13,1,Portland State,2014,Oregon State,Sean Mannion,2015
400548258101938606,Pass Reception,1,10,27,73,0.2111862993555605,False,Oregon State,Portland State,3,0,1,6,13,1,Portland State,2014,Oregon State,Sean Mannion,2015
400548258101938603,Pass Incompletion,2,20,88,12,-0.05035094585025757,False,Oregon State,Portland State,3,0,1,6,13,1,Portland State,2014,Oregon State,Sean Mannion,2015
400548258101938605,Pass Reception,1,10,38,62,0.353311807193702,False,Oregon State,Portland State,3,0,1,6,13,1,Portland State,2014,Oregon State,Sean Mannion,2015
400548258102855707,Pass Reception,2,12,22,78,1.4843861207842886,False,Oregon State,Portland State,6,7,2,14,42,1,Portland State,2014,Oregon State,Sean Mannion,2015
400548258102855703,Pass Reception,2,4,47,53,0.790422057796324,False,Oregon State,Portland State,6,7,2,14,42,1,Portland State,2014,Oregon State,Sean Mannion,2015
400548258102855704,Pass Reception,1,10,34,66,-0.6630222646782312,False,Oregon State,Portland State,6,7,2,14,42,1,Portland State,2014,Oregon State,Sean Mannion,2015
400548258102855710,Pass Incompletion,2,6,6,94,-0.29509485739271,False,Oregon State,Portland State,6,7,2,14,42,1,Portland State,2014,Oregon State,Sean Mannion,2015
400548258102855705,Pass Reception,2,10,34,66,0.9818206965602022,False,Oregon State,Portland State,6,7,2,14,42,1,Portland State,2014,Oregon State,Sean Mannion,2015
400548258102855701,Pass Reception,1,10,82,18,2.392998815719543,False,Oregon State,Portland State,6,7,2,14,42,1,Portland State,2014,Oregon State,Sean Mannion,2015
400548258102855706,Pass Reception,1,10,20,80,-0.5546489104665645,False,Oregon State,Portland State,6,7,2,14,42,1,Portland State,2014,Oregon State,Sean Mannion,2015
400548258102946803,Pass Incompletion,2,13,66,34,-0.4414369064806207,False,Oregon State,Portland State,13,14,2,5,31,1,Portland State,2014,Oregon State,Sean Mannion,2015
400548258102946804,Pass Incompletion,3,13,66,34,-0.21346312569586434,False,Oregon State,Portland State,13,14,2,5,31,1,Portland State,2014,Oregon State,Sean Mannion,2015
400548258102999003,Pass Reception,2,11,35,65,-0.511392672688967,False,Oregon State,Portland State,13,14,2,0,9,1,Portland State,2014,Oregon State,Sean Mannion,2015
400548258102986304,Pass Reception,1,10,62,38,1.2667698043995337,False,Oregon State,Portland State,13,14,2,1,36,1,Portland State,2014,Oregon State,Sean Mannion,2015
400548258102986302,Pass Reception,1,10,75,25,0.3333748010525683,False,Oregon State,Portland State,13,14,2,1,36,1,Portland State,2014,Oregon State,Sean Mannion,2015
400548258102986303,Pass Reception,2,4,69,31,0.7913766779892626,False,Oregon State,Portland State,13,14,2,1,36,1,Portland State,2014,Oregon State,Sean Mannion,2015
400548258103854910,Pass Incompletion,3,9,9,91,-0.39104614280078,False,Oregon State,Portland State,13,14,3,14,50,1,Portland State,2014,Oregon State,Sean Mannion,2015
400548258103854909,Pass Incompletion,2,9,9,91,-0.270076451519454,False,Oregon State,Portland State,13,14,3,14,50,1,Portland State,2014,Oregon State,Sean Mannion,2015
400548258103854908,Pass Incompletion,1,9,9,91,-0.315798379566314,False,Oregon State,Portland State,13,14,3,14,50,1,Portland State,2014,Oregon State,Sean Mannion,2015
400548258103854902,Pass Reception,2,6,56,44,1.16204449058921,False,Oregon State,Portland State,13,14,3,14,50,1,Portland State,2014,Oregon State,Sean Mannion,2015
400548258103914607,Pass Incompletion,3,30,38,62,-0.35622268096865817,False,Oregon State,Portland State,16,14,3,8,53,1,Portland State,2014,Oregon State,Sean Mannion,2015
400548258103914605,Pass Incompletion,1,20,28,72,-0.68568696969146,False,Oregon State,Portland State,16,14,3,8,53,1,Portland State,2014,Oregon State,Sean Mannion,2015
400548258103907003,Pass Incompletion,2,10,35,65,-0.9144980156718301,False,Oregon State,Portland State,16,14,3,9,29,1,Portland State,2014,Oregon State,Sean Mannion,2015
400548258103914603,Pass Reception,4,10,35,65,3.0111258252645725,False,Oregon State,Portland State,16,14,3,8,53,1,Portland State,2014,Oregon State,Sean Mannion,2015
400548258103914602,Pass Incompletion,3,10,35,65,-1.0239694443844112,False,Oregon State,Portland State,16,14,3,8,53,1,Portland State,2014,Oregon State,Sean Mannion,2015
400548258103949201,Passing Touchdown,1,10,23,77,2.6639776780712285,True,Oregon State,Portland State,23,14,3,5,7,1,Portland State,2014,Oregon State,Sean Mannion,2015
400548258103957402,Pass Incompletion,2,8,14,86,-0.3440507031992759,False,Oregon State,Portland State,23,14,3,4,25,1,Portland State,2014,Oregon State,Sean Mannion,2015
400548258103957403,Pass Incompletion,3,8,14,86,-0.4970876604054996,False,Oregon State,Portland State,23,14,3,4,25,1,Portland State,2014,Oregon State,Sean Mannion,2015
400548258103957401,Pass Reception,1,10,16,84,-0.1838209433726501,False,Oregon State,Portland State,23,14,3,4,25,1,Portland State,2014,Oregon State,Sean Mannion,2015
400548258103979202,Pass Reception,2,10,85,15,0.4488134699291759,False,Oregon State,Portland State,26,14,3,2,7,1,Portland State,2014,Oregon State,Sean Mannion,2015
400548258103979201,Pass Incompletion,1,10,85,15,-0.4404078956667625,False,Oregon State,Portland State,26,14,3,2,7,1,Portland State,2014,Oregon State,Sean Mannion,2015
400548258104865604,Pass Reception,3,7,12,88,-0.0449260048220236,False,Oregon State,Portland State,26,14,4,13,43,1,Portland State,2014,Oregon State,Sean Mannion,2015
400548258104865603,Pass Incompletion,2,7,12,88,-0.327630498967477,False,Oregon State,Portland State,26,14,4,13,43,1,Portland State,2014,Oregon State,Sean Mannion,2015
400548258104939803,Pass Incompletion,3,4,6,94,-0.3110685547647857,False,Oregon State,Portland State,26,14,4,6,1,1,Portland State,2014,Oregon State,Sean Mannion,2015
400548258104908902,Pass Reception,2,5,80,20,0.6882513265485661,False,Oregon State,Portland State,26,14,4,9,10,1,Portland State,2014,Oregon State,Sean Mannion,2015
400548258104908904,Pass Reception,2,7,69,31,1.7229406974048853,False,Oregon State,Portland State,26,14,4,9,10,1,Portland State,2014,Oregon State,Sean Mannion,2015
400548258104908905,Pass Reception,1,10,57,43,1.935222155475401,False,Oregon State,Portland State,26,14,4,9,10,1,Portland State,2014,Oregon State,Sean Mannion,2015
400548258104908906,Pass Incompletion,1,10,12,88,-0.2977696357406735,False,Oregon State,Portland State,26,14,4,9,10,1,Portland State,2014,Oregon State,Sean Mannion,2015
400548258104957704,Pass Reception,1,10,65,35,-0.1595952673507188,False,Oregon State,Portland State,29,14,4,4,22,1,Portland State,2014,Oregon State,Sean Mannion,2015
400548183101877002,Pass Reception,1,10,84,84,3.1664869696936533,False,Hawai'i,Oregon State,0,0,1,12,29,2,Hawai'i,2014,Oregon State,Sean Mannion,2015
400548183101877004,Pass Reception,2,9,43,43,2.1072477954299647,False,Hawai'i,Oregon State,0,0,1,12,29,2,Hawai'i,2014,Oregon State,Sean Mannion,2015
400548183101898701,Passing Touchdown,2,4,4,4,2.3338902404479605,True,Hawai'i,Oregon State,7,0,1,10,12,2,Hawai'i,2014,Oregon State,Sean Mannion,2015
400548183101938401,Passing Touchdown,1,5,5,5,1.883780840558874,True,Hawai'i,Oregon State,14,0,1,6,15,2,Hawai'i,2014,Oregon State,Sean Mannion,2015
400548183101959206,Pass Reception,3,15,40,40,-0.3389185592047887,False,Hawai'i,Oregon State,14,0,1,4,7,2,Hawai'i,2014,Oregon State,Sean Mannion,2015
400548183101959204,Pass Incompletion,1,15,40,40,-0.9133066411526763,False,Hawai'i,Oregon State,14,0,1,4,7,2,Hawai'i,2014,Oregon State,Sean Mannion,2015
400548183101959201,Pass Reception,1,10,78,78,2.4305728702197493,False,Hawai'i,Oregon State,14,0,1,4,7,2,Hawai'i,2014,Oregon State,Sean Mannion,2015
400548183101959205,Pass Incompletion,2,15,40,40,-1.0167029345328213,False,Hawai'i,Oregon State,14,0,1,4,7,2,Hawai'i,2014,Oregon State,Sean Mannion,2015
400548183101994401,Pass Reception,1,10,52,52,1.150899831387264,False,Hawai'i,Oregon State,14,0,1,0,55,2,Hawai'i,2014,Oregon State,Sean Mannion,2015
400548183102849902,Pass Reception,1,10,40,40,0.637524267916824,False,Hawai'i,Oregon State,14,0,2,15,0,2,Hawai'i,2014,Oregon State,Sean Mannion,2015
400548183102885601,Pass Interception Return,1,10,80,80,-0.6139422043948972,False,Hawai'i,Oregon State,21,0,2,11,43,2,Hawai'i,2014,Oregon State,Sean Mannion,2015
400548183102894710,Pass Incompletion,2,15,54,54,-0.716340276249669,False,Hawai'i,Oregon State,21,7,2,10,52,2,Hawai'i,2014,Oregon State,Sean Mannion,2015
400548183102894712,Pass Reception,1,10,32,32,0.2916163228045484,False,Hawai'i,Oregon State,21,7,2,10,52,2,Hawai'i,2014,Oregon State,Sean Mannion,2015
400548183102894715,Pass Incompletion,3,3,10,10,-0.378282360045859,False,Hawai'i,Oregon State,21,7,2,10,52,2,Hawai'i,2014,Oregon State,Sean Mannion,2015
400548183102894708,Pass Incompletion,1,10,49,49,-1.0955888671820908,False,Hawai'i,Oregon State,21,7,2,10,52,2,Hawai'i,2014,Oregon State,Sean Mannion,2015
400548183102894704,Pass Reception,1,10,75,75,0.604642460086338,False,Hawai'i,Oregon State,21,7,2,10,52,2,Hawai'i,2014,Oregon State,Sean Mannion,2015
400548183102894713,Pass Reception,1,10,17,17,0.307369563857817,False,Hawai'i,Oregon State,21,7,2,10,52,2,Hawai'i,2014,Oregon State,Sean Mannion,2015
400548183102894711,Pass Reception,3,15,54,54,3.7901498189824796,False,Hawai'i,Oregon State,21,7,2,10,52,2,Hawai'i,2014,Oregon State,Sean Mannion,2015
400548183102894707,Pass Reception,2,4,56,56,0.787677025205209,False,Hawai'i,Oregon State,21,7,2,10,52,2,Hawai'i,2014,Oregon State,Sean Mannion,2015
400548183102949001,Pass Reception,1,10,84,84,2.114052629692348,False,Hawai'i,Oregon State,24,7,2,5,9,2,Hawai'i,2014,Oregon State,Sean Mannion,2015
400548183102949007,Pass Reception,2,5,7,7,1.242013608681761,False,Hawai'i,Oregon State,24,7,2,5,9,2,Hawai'i,2014,Oregon State,Sean Mannion,2015
400548183102989601,Pass Incompletion,1,10,45,45,-0.997770018980635,False,Hawai'i,Oregon State,31,7,2,1,3,2,Hawai'i,2014,Oregon State,Sean Mannion,2015
400548183102989604,Pass Reception,3,8,43,43,-1.3003541224406003,False,Hawai'i,Oregon State,31,7,2,1,3,2,Hawai'i,2014,Oregon State,Sean Mannion,2015
400548183103894301,Passing Touchdown,2,8,8,8,2.676770954733065,True,Hawai'i,Oregon State,38,7,3,10,56,2,Hawai'i,2014,Oregon State,Sean Mannion,2015
400548183103849906,Pass Incompletion,1,10,40,40,-0.8457687366186873,False,Hawai'i,Oregon State,31,7,3,15,0,2,Hawai'i,2014,Oregon State,Sean Mannion,2015
400548183103849905,Pass Reception,3,4,46,46,1.6403750848580625,False,Hawai'i,Oregon State,31,7,3,15,0,2,Hawai'i,2014,Oregon State,Sean Mannion,2015
400548183103849904,Pass Reception,2,16,58,58,1.5113643558820122,False,Hawai'i,Oregon State,31,7,3,15,0,2,Hawai'i,2014,Oregon State,Sean Mannion,2015
400548183103874402,Pass Reception,2,10,40,40,0.656919495520004,False,Hawai'i,Oregon State,31,7,3,12,55,2,Hawai'i,2014,Oregon State,Sean Mannion,2015
400548183103874403,Pass Reception,3,2,32,32,0.8640715427865825,False,Hawai'i,Oregon State,31,7,3,12,55,2,Hawai'i,2014,Oregon State,Sean Mannion,2015
400548183103907106,Pass Incompletion,3,1,55,55,-1.0447541898354382,False,Hawai'i,Oregon State,38,7,3,9,28,2,Hawai'i,2014,Oregon State,Sean Mannion,2015
400548183103907102,Pass Incompletion,2,10,76,76,-0.3277685291678001,False,Hawai'i,Oregon State,38,7,3,9,28,2,Hawai'i,2014,Oregon State,Sean Mannion,2015
400548183103907101,Pass Reception,1,10,76,76,-0.6723571521309859,False,Hawai'i,Oregon State,38,7,3,9,28,2,Hawai'i,2014,Oregon State,Sean Mannion,2015
400548183103907103,Pass Reception,3,10,76,76,1.9985514169392458,False,Hawai'i,Oregon State,38,7,3,9,28,2,Hawai'i,2014,Oregon State,Sean Mannion,2015
400548183103907105,Pass Reception,2,7,61,61,0.3593674708208941,False,Hawai'i,Oregon State,38,7,3,9,28,2,Hawai'i,2014,Oregon State,Sean Mannion,2015
400548183103947702,Pass Reception,1,20,88,88,0.16570507789210343,False,Hawai'i,Oregon State,38,7,3,5,22,2,Hawai'i,2014,Oregon State,Sean Mannion,2015
400548183103947703,Pass Reception,2,12,80,80,0.7559702225771732,False,Hawai'i,Oregon State,38,7,3,5,22,2,Hawai'i,2014,Oregon State,Sean Mannion,2015
400548183104894405,Pass Incompletion,3,6,71,71,-0.3146897268978579,False,Hawai'i,Oregon State,38,23,4,10,55,2,Hawai'i,2014,Oregon State,Sean Mannion,2015
400548198101887208,Pass Incompletion,3,3,57,43,-0.8451240228241659,False,Oregon State,San Diego State,0,7,1,11,27,4,San Diego State,2014,Oregon State,Sean Mannion,2015
400548198101936710,Pass Reception,1,10,28,72,-0.043244644569821,False,Oregon State,San Diego State,0,7,1,6,32,4,San Diego State,2014,Oregon State,Sean Mannion,2015
400548198101936713,Pass Reception,1,10,15,85,-0.103053233199689,False,Oregon State,San Diego State,0,7,1,6,32,4,San Diego State,2014,Oregon State,Sean Mannion,2015
400548198101936703,Pass Reception,3,12,72,28,2.4717185742418364,False,Oregon State,San Diego State,0,7,1,6,32,4,San Diego State,2014,Oregon State,Sean Mannion,2015
400548198101936709,Pass Reception,2,27,60,40,4.279172562356201,False,Oregon State,San Diego State,0,7,1,6,32,4,San Diego State,2014,Oregon State,Sean Mannion,2015
400548198101936702,Pass Incompletion,2,12,72,28,-0.33790192419717613,False,Oregon State,San Diego State,0,7,1,6,32,4,San Diego State,2014,Oregon State,Sean Mannion,2015
400548198101936706,Pass Reception,3,4,53,47,2.1494535227511236,False,Oregon State,San Diego State,0,7,1,6,32,4,San Diego State,2014,Oregon State,Sean Mannion,2015
400548198102885004,Pass Reception,3,6,66,34,-0.18343597598034922,False,Oregon State,San Diego State,7,7,2,11,49,4,San Diego State,2014,Oregon State,Sean Mannion,2015
400548198102885003,Pass Incompletion,2,6,66,34,-0.8073982355249001,False,Oregon State,San Diego State,7,7,2,11,49,4,San Diego State,2014,Oregon State,Sean Mannion,2015
400548198102885001,Pass Reception,1,10,81,19,0.7458330020984532,False,Oregon State,San Diego State,7,7,2,11,49,4,San Diego State,2014,Oregon State,Sean Mannion,2015
400548198102956306,Pass Reception,2,5,65,35,1.0281644515384691,False,Oregon State,San Diego State,7,7,2,4,36,4,San Diego State,2014,Oregon State,Sean Mannion,2015
400548198102956309,Pass Reception,1,15,51,49,3.423099422522616,False,Oregon State,San Diego State,7,7,2,4,36,4,San Diego State,2014,Oregon State,Sean Mannion,2015
400548198102956305,Pass Reception,1,10,70,30,0.1029188553265588,False,Oregon State,San Diego State,7,7,2,4,36,4,San Diego State,2014,Oregon State,Sean Mannion,2015
400548198102956301,Pass Reception,1,10,88,12,0.4067090181335251,False,Oregon State,San Diego State,7,7,2,4,36,4,San Diego State,2014,Oregon State,Sean Mannion,2015
400548198102956304,Pass Reception,1,22,88,12,1.4247858387386927,False,Oregon State,San Diego State,7,7,2,4,36,4,San Diego State,2014,Oregon State,Sean Mannion,2015
400548198102956307,Pass Reception,1,10,58,42,1.0184158039048512,False,Oregon State,San Diego State,7,7,2,4,36,4,San Diego State,2014,Oregon State,Sean Mannion,2015
400548198103849904,Pass Reception,1,10,64,36,-0.1622709044233037,False,Oregon State,San Diego State,14,7,3,15,0,4,San Diego State,2014,Oregon State,Sean Mannion,2015
400548198103849902,Pass Reception,1,10,75,25,0.604642460086338,False,Oregon State,San Diego State,14,7,3,15,0,4,San Diego State,2014,Oregon State,Sean Mannion,2015
400548198103878604,Pass Reception,1,10,20,80,0.312961885301428,False,Oregon State,San Diego State,14,7,3,12,13,4,San Diego State,2014,Oregon State,Sean Mannion,2015
400548198103849907,Pass Incompletion,1,10,49,51,-1.0955888671820908,False,Oregon State,San Diego State,14,7,3,15,0,4,San Diego State,2014,Oregon State,Sean Mannion,2015
400548198103878602,Pass Reception,2,10,49,51,-0.625577595101671,False,Oregon State,San Diego State,14,7,3,12,13,4,San Diego State,2014,Oregon State,Sean Mannion,2015
400548198103878603,Pass Reception,3,8,47,53,2.865569284889311,False,Oregon State,San Diego State,14,7,3,12,13,4,San Diego State,2014,Oregon State,Sean Mannion,2015
400548198103929901,Pass Reception,1,10,75,25,2.4645528784548913,False,Oregon State,San Diego State,21,7,3,7,0,4,San Diego State,2014,Oregon State,Sean Mannion,2015
400548198103929912,Pass Incompletion,2,3,3,97,-0.413137785818898,False,Oregon State,San Diego State,21,7,3,7,0,4,San Diego State,2014,Oregon State,Sean Mannion,2015
400548198103929904,Pass Reception,2,10,36,64,1.1278730806951296,False,Oregon State,San Diego State,21,7,3,7,0,4,San Diego State,2014,Oregon State,Sean Mannion,2015
400548198104869202,Pass Reception,2,9,78,22,-0.14224430903912655,False,Oregon State,San Diego State,28,7,4,13,7,4,San Diego State,2014,Oregon State,Sean Mannion,2015
400548198104869203,Pass Incompletion,3,6,75,25,-0.2505074961764233,False,Oregon State,San Diego State,28,7,4,13,7,4,San Diego State,2014,Oregon State,Sean Mannion,2015
400548198104905204,Pass Reception,2,10,34,66,-0.1121278119288398,False,Oregon State,San Diego State,28,7,4,9,47,4,San Diego State,2014,Oregon State,Sean Mannion,2015
400548198104905202,Pass Reception,2,11,55,45,2.6331139205322067,False,Oregon State,San Diego State,28,7,4,9,47,4,San Diego State,2014,Oregon State,Sean Mannion,2015
400548198104954002,Pass Interception Return,2,9,48,52,-2.381204313813262,False,Oregon State,San Diego State,28,7,4,4,59,4,San Diego State,2014,Oregon State,Sean Mannion,2015
400548198104968303,Pass Reception,3,8,47,53,2.472718918907214,False,Oregon State,San Diego State,28,7,4,3,16,4,San Diego State,2014,Oregon State,Sean Mannion,2015
400548270101909801,Pass Reception,3,11,50,50,-0.7590384184955097,False,USC,Oregon State,0,0,1,9,1,5,USC,2014,Oregon State,Sean Mannion,2015
400548270101899901,Pass Incompletion,1,10,49,49,-1.0955888671820908,False,USC,Oregon State,0,0,1,10,0,5,USC,2014,Oregon State,Sean Mannion,2015
400548270101895901,Pass Reception,1,10,68,68,0.6906032640622382,False,USC,Oregon State,0,0,1,10,40,5,USC,2014,Oregon State,Sean Mannion,2015
400548270101937701,Pass Incompletion,2,6,80,80,-0.42558642364504085,False,USC,Oregon State,0,0,1,6,22,5,USC,2014,Oregon State,Sean Mannion,2015
400548270101974901,Pass Reception,2,6,61,61,1.5609003459206805,False,USC,Oregon State,7,7,1,2,50,5,USC,2014,Oregon State,Sean Mannion,2015
400548270101987301,Pass Incompletion,3,26,66,66,-0.06355690894717723,False,USC,Oregon State,7,7,1,1,26,5,USC,2014,Oregon State,Sean Mannion,2015
400548270102884601,Pass Incompletion,2,17,23,23,-0.7398630665911144,False,USC,Oregon State,7,7,2,11,53,5,USC,2014,Oregon State,Sean Mannion,2015
400548270102875301,Pass Incompletion,2,15,26,26,-0.7708606782960247,False,USC,Oregon State,7,7,2,12,46,5,USC,2014,Oregon State,Sean Mannion,2015
400548270101999901,Pass Reception,1,13,96,96,0.03540852385329796,False,USC,Oregon State,7,7,1,0,0,5,USC,2014,Oregon State,Sean Mannion,2015
400548270102885901,Pass Reception,3,17,23,23,-0.555059248248817,False,USC,Oregon State,7,7,2,11,40,5,USC,2014,Oregon State,Sean Mannion,2015
400548270102867601,Pass Reception,1,10,48,48,1.053937022484464,False,USC,Oregon State,7,7,2,13,23,5,USC,2014,Oregon State,Sean Mannion,2015
400548270102874601,Pass Incompletion,1,10,21,21,-0.3882383440694163,False,USC,Oregon State,7,7,2,12,53,5,USC,2014,Oregon State,Sean Mannion,2015
400548270102854401,Pass Reception,2,8,91,91,2.118685993444277,False,USC,Oregon State,7,7,2,14,55,5,USC,2014,Oregon State,Sean Mannion,2015
400548270102859401,Pass Reception,1,10,62,62,0.4029960638370333,False,USC,Oregon State,7,7,2,14,5,5,USC,2014,Oregon State,Sean Mannion,2015
400548270102976101,Pass Interception Return,1,10,22,22,-4.35237723335154,False,USC,Oregon State,10,14,2,2,38,5,USC,2014,Oregon State,Sean Mannion,2015
400548270102967901,Pass Reception,1,10,41,41,0.5928968592480593,False,USC,Oregon State,10,14,2,3,20,5,USC,2014,Oregon State,Sean Mannion,2015
400548270102967201,Pass Reception,1,10,52,52,0.7675346628139116,False,USC,Oregon State,10,14,2,3,27,5,USC,2014,Oregon State,Sean Mannion,2015
400548270102936101,Pass Reception,1,10,60,60,0.4012419719961234,False,USC,Oregon State,10,14,2,6,38,5,USC,2014,Oregon State,Sean Mannion,2015
400548270103877701,Pass Incompletion,3,9,46,46,-0.8699475122976805,False,USC,Oregon State,10,21,3,12,22,5,USC,2014,Oregon State,Sean Mannion,2015
400548270103877001,Pass Incompletion,2,9,46,46,-1.084471532153902,False,USC,Oregon State,10,21,3,12,29,5,USC,2014,Oregon State,Sean Mannion,2015
400548270103859901,Pass Reception,1,10,65,65,1.6295147694249048,False,USC,Oregon State,10,21,3,14,0,5,USC,2014,Oregon State,Sean Mannion,2015
400548270103889001,Pass Incompletion,1,10,56,56,-1.1612466882658818,False,USC,Oregon State,10,21,3,11,9,5,USC,2014,Oregon State,Sean Mannion,2015
400548270103894301,Pass Incompletion,3,10,56,56,-0.5203815921674826,False,USC,Oregon State,10,21,3,10,56,5,USC,2014,Oregon State,Sean Mannion,2015
400548270103889701,Pass Incompletion,2,10,56,56,-0.8812901257339192,False,USC,Oregon State,10,21,3,11,2,5,USC,2014,Oregon State,Sean Mannion,2015
400548270103955401,Pass Reception,2,8,78,78,-0.06044976469947195,False,USC,Oregon State,10,21,3,4,45,5,USC,2014,Oregon State,Sean Mannion,2015
400548270103959401,Pass Incompletion,3,4,74,74,-0.3362980935228226,False,USC,Oregon State,10,21,3,4,5,5,USC,2014,Oregon State,Sean Mannion,2015
400548270104877101,Pass Incompletion,3,17,79,79,-0.05702799860788322,False,USC,Oregon State,10,28,4,12,28,5,USC,2014,Oregon State,Sean Mannion,2015
400548270104904001,Pass Incompletion,2,10,63,63,-0.6622137678957802,False,USC,Oregon State,10,28,4,9,59,5,USC,2014,Oregon State,Sean Mannion,2015
400548270104905901,Pass Reception,3,10,63,63,0.14614681829434328,False,USC,Oregon State,10,28,4,9,40,5,USC,2014,Oregon State,Sean Mannion,2015
400548270104895401,Pass Reception,1,10,91,91,-0.1388134637685603,False,USC,Oregon State,10,28,4,10,45,5,USC,2014,Oregon State,Sean Mannion,2015
400548270104899401,Pass Incompletion,1,10,63,63,-1.065701080215459,False,USC,Oregon State,10,28,4,10,5,5,USC,2014,Oregon State,Sean Mannion,2015
400548270104954901,Pass Incompletion,1,10,61,61,-1.1077677360468863,False,USC,Oregon State,10,35,4,4,50,5,USC,2014,Oregon State,Sean Mannion,2015
400548270104956001,Pass Incompletion,3,10,61,61,-0.3883061492737845,False,USC,Oregon State,10,35,4,4,39,5,USC,2014,Oregon State,Sean Mannion,2015
400548270104955501,Pass Incompletion,2,10,61,61,-0.7257152293373617,False,USC,Oregon State,10,35,4,4,44,5,USC,2014,Oregon State,Sean Mannion,2015
400548277101865304,Pass Incompletion,3,5,58,58,-0.69319973884107,False,Colorado,Oregon State,0,0,1,13,46,6,Colorado,2014,Oregon State,Sean Mannion,2015
400548277101865303,Pass Incompletion,2,5,58,58,-1.113574478166404,False,Colorado,Oregon State,0,0,1,13,46,6,Colorado,2014,Oregon State,Sean Mannion,2015
400548277101865301,Pass Reception,1,10,82,82,1.4377874557151005,False,Colorado,Oregon State,0,0,1,13,46,6,Colorado,2014,Oregon State,Sean Mannion,2015
400548277101906003,Pass Reception,1,10,24,24,0.993247429893,False,Colorado,Oregon State,0,0,1,9,39,6,Colorado,2014,Oregon State,Sean Mannion,2015
400548277101964302,Pass Reception,2,7,63,63,1.6392747983735418,False,Colorado,Oregon State,14,7,1,3,56,6,Colorado,2014,Oregon State,Sean Mannion,2015
400548277101964303,Pass Reception,1,10,53,53,1.3069982489751957,False,Colorado,Oregon State,14,7,1,3,56,6,Colorado,2014,Oregon State,Sean Mannion,2015
400548277101964306,Pass Reception,3,6,25,25,-0.0946254123900764,False,Colorado,Oregon State,14,7,1,3,56,6,Colorado,2014,Oregon State,Sean Mannion,2015
400548277101964304,Pass Reception,1,10,29,29,-0.534372502378378,False,Colorado,Oregon State,14,7,1,3,56,6,Colorado,2014,Oregon State,Sean Mannion,2015
400548277102895106,Pass Reception,3,5,64,64,-0.4323525696169171,False,Colorado,Oregon State,17,14,2,10,48,6,Colorado,2014,Oregon State,Sean Mannion,2015
400548277102895103,Pass Reception,3,5,75,75,1.2996358328466622,False,Colorado,Oregon State,17,14,2,10,48,6,Colorado,2014,Oregon State,Sean Mannion,2015
400548277102895102,Pass Incompletion,2,5,75,75,-0.6063758180006475,False,Colorado,Oregon State,17,14,2,10,48,6,Colorado,2014,Oregon State,Sean Mannion,2015
400548277102969502,Pass Incompletion,3,5,16,16,-0.501574330015505,False,Colorado,Oregon State,17,14,2,3,4,6,Colorado,2014,Oregon State,Sean Mannion,2015
400548277102939204,Pass Reception,1,10,42,42,0.662638657776631,False,Colorado,Oregon State,17,14,2,6,7,6,Colorado,2014,Oregon State,Sean Mannion,2015
400548277102939211,Pass Reception,2,10,79,79,-0.12063240682809884,False,Colorado,Oregon State,17,14,2,6,7,6,Colorado,2014,Oregon State,Sean Mannion,2015
400548277102939214,Pass Reception,2,8,19,19,-0.133251184955105,False,Colorado,Oregon State,17,14,2,6,7,6,Colorado,2014,Oregon State,Sean Mannion,2015
400548277102939212,Pass Reception,3,7,76,76,3.7418478226898895,False,Colorado,Oregon State,17,14,2,6,7,6,Colorado,2014,Oregon State,Sean Mannion,2015
400548277102939210,Pass Incompletion,1,10,79,79,-0.585616097616759,False,Colorado,Oregon State,17,14,2,6,7,6,Colorado,2014,Oregon State,Sean Mannion,2015
400548277103849908,Pass Reception,3,8,38,38,-1.4221126933828963,False,Colorado,Oregon State,20,21,3,15,0,6,Colorado,2014,Oregon State,Sean Mannion,2015
400548277103849906,Pass Incompletion,2,3,33,33,-0.8272922849198068,False,Colorado,Oregon State,20,21,3,15,0,6,Colorado,2014,Oregon State,Sean Mannion,2015
400548277103849904,Pass Reception,3,7,72,72,3.7439051179400193,False,Colorado,Oregon State,20,21,3,15,0,6,Colorado,2014,Oregon State,Sean Mannion,2015
400548277103849902,Pass Incompletion,1,10,75,75,-0.7029700220436519,False,Colorado,Oregon State,20,21,3,15,0,6,Colorado,2014,Oregon State,Sean Mannion,2015
400548277103904306,Pass Incompletion,2,19,29,29,-0.9515187989942236,False,Colorado,Oregon State,20,21,3,9,56,6,Colorado,2014,Oregon State,Sean Mannion,2015
400548277103904302,Pass Reception,2,1,73,73,0.2881541641072828,False,Colorado,Oregon State,20,21,3,9,56,6,Colorado,2014,Oregon State,Sean Mannion,2015
400548277103904304,Pass Reception,1,10,37,37,0.4334809024450442,False,Colorado,Oregon State,20,21,3,9,56,6,Colorado,2014,Oregon State,Sean Mannion,2015
400548277103904301,Pass Reception,1,10,82,82,1.0529514774102369,False,Colorado,Oregon State,20,21,3,9,56,6,Colorado,2014,Oregon State,Sean Mannion,2015
400548277103904307,Pass Incompletion,3,19,29,29,-0.9563457395346937,False,Colorado,Oregon State,20,21,3,9,56,6,Colorado,2014,Oregon State,Sean Mannion,2015
400548277103965201,Pass Reception,1,10,87,87,-0.05810963665836066,False,Colorado,Oregon State,23,21,3,3,47,6,Colorado,2014,Oregon State,Sean Mannion,2015
400548277103965204,Pass Reception,1,10,57,57,0.6806591914994475,False,Colorado,Oregon State,23,21,3,3,47,6,Colorado,2014,Oregon State,Sean Mannion,2015
400548277104857901,Passing Touchdown,1,10,24,24,2.681437948606975,True,Colorado,Oregon State,30,21,4,14,20,6,Colorado,2014,Oregon State,Sean Mannion,2015
400548277104895103,Pass Incompletion,1,10,71,71,-0.8305196050291288,False,Colorado,Oregon State,30,24,4,10,48,6,Colorado,2014,Oregon State,Sean Mannion,2015
400548277104915203,Pass Reception,1,10,57,57,0.391648506498802,False,Colorado,Oregon State,30,24,4,8,47,6,Colorado,2014,Oregon State,Sean Mannion,2015
400548277104915206,Pass Reception,1,10,40,40,0.400747959339229,False,Colorado,Oregon State,30,24,4,8,47,6,Colorado,2014,Oregon State,Sean Mannion,2015
400548277104915205,Pass Reception,3,2,49,49,1.6085552125193026,False,Colorado,Oregon State,30,24,4,8,47,6,Colorado,2014,Oregon State,Sean Mannion,2015
400548277104895101,Pass Reception,1,10,85,85,-0.0658646968869041,False,Colorado,Oregon State,30,24,4,10,48,6,Colorado,2014,Oregon State,Sean Mannion,2015
400548277104895104,Pass Reception,2,10,71,71,0.3715472143028862,False,Colorado,Oregon State,30,24,4,10,48,6,Colorado,2014,Oregon State,Sean Mannion,2015
400548277104895102,Pass Reception,2,6,81,81,0.9112093740071492,False,Colorado,Oregon State,30,24,4,10,48,6,Colorado,2014,Oregon State,Sean Mannion,2015
400548277104974603,Pass Reception,3,7,87,87,-0.09779753391885837,False,Colorado,Oregon State,36,31,4,2,53,6,Colorado,2014,Oregon State,Sean Mannion,2015
400548284101878401,Pass Interception Return,1,10,90,10,-0.20615574686279547,False,Oregon State,Utah,0,0,1,12,15,8,Utah,2014,Oregon State,Sean Mannion,2015
400548284101929201,Pass Reception,2,22,70,30,0.6057603012939978,False,Oregon State,Utah,0,3,1,7,7,8,Utah,2014,Oregon State,Sean Mannion,2015
400548284101996301,Pass Incompletion,1,10,81,19,-0.5327945515514214,False,Oregon State,Utah,0,6,1,0,36,8,Utah,2014,Oregon State,Sean Mannion,2015
400548284102884001,Pass Incompletion,2,11,11,89,-0.2964634983560065,False,Oregon State,Utah,0,6,2,11,59,8,Utah,2014,Oregon State,Sean Mannion,2015
400548284102918401,Pass Reception,3,5,65,35,-0.08718108893365616,False,Oregon State,Utah,3,6,2,8,15,8,Utah,2014,Oregon State,Sean Mannion,2015
400548284102935901,Pass Reception,2,7,56,44,1.5484470397327872,False,Oregon State,Utah,3,6,2,6,40,8,Utah,2014,Oregon State,Sean Mannion,2015
400548284102928401,Pass Reception,1,10,59,41,-0.4327220980688242,False,Oregon State,Utah,3,6,2,7,15,8,Utah,2014,Oregon State,Sean Mannion,2015
400548284102968701,Pass Reception,1,10,87,13,0.07402668150212044,False,Oregon State,Utah,3,6,2,3,12,8,Utah,2014,Oregon State,Sean Mannion,2015
400548284102987301,Pass Incompletion,3,10,69,31,-0.2338253757696238,False,Oregon State,Utah,3,6,2,1,26,8,Utah,2014,Oregon State,Sean Mannion,2015
400548284102998101,Pass Incompletion,2,4,22,78,-0.5403649724921123,False,Oregon State,Utah,3,6,2,0,18,8,Utah,2014,Oregon State,Sean Mannion,2015
400548284102999201,Pass Incompletion,1,10,13,87,-0.3048472994988835,False,Oregon State,Utah,3,6,2,0,7,8,Utah,2014,Oregon State,Sean Mannion,2015
400548284102998701,Pass Reception,3,4,22,78,0.5614270711659394,False,Oregon State,Utah,3,6,2,0,12,8,Utah,2014,Oregon State,Sean Mannion,2015
400548284103864901,Pass Reception,2,11,67,33,0.3953799797348623,False,Oregon State,Utah,6,6,3,13,50,8,Utah,2014,Oregon State,Sean Mannion,2015
400548284103868401,Pass Reception,3,4,60,40,-0.687014751346763,False,Oregon State,Utah,6,6,3,13,15,8,Utah,2014,Oregon State,Sean Mannion,2015
400548284103855201,Pass Reception,1,10,82,18,1.1515288595632365,False,Oregon State,Utah,6,6,3,14,47,8,Utah,2014,Oregon State,Sean Mannion,2015
400548284103907301,Pass Incompletion,2,8,81,19,-0.31458761397077595,False,Oregon State,Utah,6,9,3,9,26,8,Utah,2014,Oregon State,Sean Mannion,2015
400548284103934901,Pass Incompletion,2,9,63,37,-0.7156844087137806,False,Oregon State,Utah,6,9,3,6,50,8,Utah,2014,Oregon State,Sean Mannion,2015
400548284103936301,Pass Incompletion,3,9,63,37,-0.3756863864160813,False,Oregon State,Utah,6,9,3,6,36,8,Utah,2014,Oregon State,Sean Mannion,2015
400548284103979101,Pass Incompletion,2,4,34,66,-0.8414986923547828,False,Oregon State,Utah,6,9,3,2,8,8,Utah,2014,Oregon State,Sean Mannion,2015
400548284103979501,Pass Incompletion,3,4,34,66,-1.011904872651165,False,Oregon State,Utah,6,9,3,2,4,8,Utah,2014,Oregon State,Sean Mannion,2015
400548284103967901,Pass Reception,2,9,92,8,3.941870954927449,False,Oregon State,Utah,6,9,3,3,20,8,Utah,2014,Oregon State,Sean Mannion,2015
400548284103984201,Pass Incompletion,4,4,34,66,-2.2227521837336752,False,Oregon State,Utah,6,9,3,1,57,8,Utah,2014,Oregon State,Sean Mannion,2015
400548284104865001,Passing Touchdown,2,8,72,28,6.478463282075263,True,Oregon State,Utah,13,9,4,13,49,8,Utah,2014,Oregon State,Sean Mannion,2015
400548284104889901,Pass Reception,1,10,69,31,-0.367641675563645,False,Oregon State,Utah,13,9,4,11,0,8,Utah,2014,Oregon State,Sean Mannion,2015
400548284104924801,Pass Incompletion,3,2,38,62,-1.1021109972656529,False,Oregon State,Utah,13,9,4,7,51,8,Utah,2014,Oregon State,Sean Mannion,2015
400548284104895501,Pass Incompletion,2,7,66,34,-0.7395134950588975,False,Oregon State,Utah,13,9,4,10,44,8,Utah,2014,Oregon State,Sean Mannion,2015
400548284104989902,Pass Reception,1,10,31,69,-0.1807619553029143,False,Oregon State,Utah,13,16,4,1,0,8,Utah,2014,Oregon State,Sean Mannion,2015
400548284104986901,Pass Reception,1,10,60,40,1.339431621541097,False,Oregon State,Utah,13,16,4,1,30,8,Utah,2014,Oregon State,Sean Mannion,2015
400548284104988901,Pass Reception,2,1,51,49,0.5755228125296304,False,Oregon State,Utah,13,16,4,1,10,8,Utah,2014,Oregon State,Sean Mannion,2015
400548284104979901,Pass Reception,3,7,69,31,2.077391266818137,False,Oregon State,Utah,13,16,4,2,0,8,Utah,2014,Oregon State,Sean Mannion,2015
400548284104965401,Pass Reception,1,10,83,17,0.6795498702856051,False,Oregon State,Utah,13,16,4,3,45,8,Utah,2014,Oregon State,Sean Mannion,2015
400548284105000229,Passing Touchdown,4,2,2,98,2.851352701254402,True,Oregon State,Utah,23,23,5,0,0,8,Utah,2014,Oregon State,Sean Mannion,2015
400548284105000225,Pass Reception,1,10,25,75,0.6475945912007804,False,Oregon State,Utah,16,23,5,0,0,8,Utah,2014,Oregon State,Sean Mannion,2015
400548284105000228,Pass Reception,3,9,9,91,0.158759953477834,False,Oregon State,Utah,16,23,5,0,0,8,Utah,2014,Oregon State,Sean Mannion,2015
400548284105000226,Pass Incompletion,1,6,6,94,-0.476177221716661,False,Oregon State,Utah,16,23,5,0,0,8,Utah,2014,Oregon State,Sean Mannion,2015
400548284106000236,Pass Incompletion,3,5,20,80,-0.6114987464281078,False,Oregon State,Utah,23,23,5,0,0,8,Utah,2014,Oregon State,Sean Mannion,2015
400548284106000234,Pass Reception,1,10,25,75,0.1956069877394565,False,Oregon State,Utah,23,23,5,0,0,8,Utah,2014,Oregon State,Sean Mannion,2015
400548293101887001,Pass Incompletion,3,20,85,85,-0.0269821033744684,False,Stanford,Oregon State,0,7,1,11,29,9,Stanford,2014,Oregon State,Sean Mannion,2015
400548293101886001,Pass Incompletion,1,10,75,75,-0.7029700220436519,False,Stanford,Oregon State,0,7,1,11,39,9,Stanford,2014,Oregon State,Sean Mannion,2015
400548293101886501,Pass Incompletion,2,20,85,85,-0.0620549092933107,False,Stanford,Oregon State,0,7,1,11,34,9,Stanford,2014,Oregon State,Sean Mannion,2015
400548293101935401,Pass Reception,1,10,82,82,1.0529514774102369,False,Stanford,Oregon State,0,7,1,6,45,9,Stanford,2014,Oregon State,Sean Mannion,2015
400548293101956201,Pass Incompletion,1,10,60,60,-1.1247712359915258,False,Stanford,Oregon State,0,7,1,4,37,9,Stanford,2014,Oregon State,Sean Mannion,2015
400548293101966401,Pass Reception,3,12,62,62,0.5312410707631017,False,Stanford,Oregon State,0,7,1,3,35,9,Stanford,2014,Oregon State,Sean Mannion,2015
400548293101949401,Pass Reception,2,8,69,69,1.5478202743316647,False,Stanford,Oregon State,0,7,1,5,5,9,Stanford,2014,Oregon State,Sean Mannion,2015
400548293102855401,Pass Reception,3,17,82,82,0.0421941257411813,False,Stanford,Oregon State,7,14,2,14,45,9,Stanford,2014,Oregon State,Sean Mannion,2015
400548293102908301,Pass Incompletion,3,10,65,65,-0.30241592870214795,False,Stanford,Oregon State,7,21,2,9,16,9,Stanford,2014,Oregon State,Sean Mannion,2015
400548293102899901,Pass Reception,1,10,65,65,-1.0146424556055624,False,Stanford,Oregon State,7,21,2,10,0,9,Stanford,2014,Oregon State,Sean Mannion,2015
400548293102879901,Pass Incompletion,1,10,75,75,-0.7029700220436519,False,Stanford,Oregon State,7,21,2,12,0,9,Stanford,2014,Oregon State,Sean Mannion,2015
400548293102907901,Pass Incompletion,2,10,65,65,-0.6004605992346148,False,Stanford,Oregon State,7,21,2,9,20,9,Stanford,2014,Oregon State,Sean Mannion,2015
400548293102948601,Pass Incompletion,3,6,40,40,-1.065988714378813,False,Stanford,Oregon State,7,21,2,5,13,9,Stanford,2014,Oregon State,Sean Mannion,2015
400548293102948901,Pass Incompletion,4,6,40,40,-1.3938580556320623,False,Stanford,Oregon State,7,21,2,5,10,9,Stanford,2014,Oregon State,Sean Mannion,2015
400548293102948001,Pass Incompletion,2,6,40,40,-1.0164008224593708,False,Stanford,Oregon State,7,21,2,5,19,9,Stanford,2014,Oregon State,Sean Mannion,2015
400548293102939401,Pass Reception,1,10,54,54,0.7720151801751867,False,Stanford,Oregon State,7,21,2,6,5,9,Stanford,2014,Oregon State,Sean Mannion,2015
400548293102935401,Pass Reception,2,12,67,67,2.374749489596668,False,Stanford,Oregon State,7,21,2,6,45,9,Stanford,2014,Oregon State,Sean Mannion,2015
400548293102979901,Pass Reception,3,2,77,77,1.0532617374033455,False,Stanford,Oregon State,7,28,2,2,0,9,Stanford,2014,Oregon State,Sean Mannion,2015
400548293102977401,Pass Reception,1,10,85,85,0.6856189176956029,False,Stanford,Oregon State,7,28,2,2,25,9,Stanford,2014,Oregon State,Sean Mannion,2015
400548293102978601,Pass Incompletion,2,2,77,77,-0.8107056241280821,False,Stanford,Oregon State,7,28,2,2,13,9,Stanford,2014,Oregon State,Sean Mannion,2015
400548293103864401,Pass Reception,2,20,85,85,0.29123180311663077,False,Stanford,Oregon State,7,28,3,13,55,9,Stanford,2014,Oregon State,Sean Mannion,2015
400548293103888601,Pass Incompletion,2,10,85,85,-0.19768513834417423,False,Stanford,Oregon State,7,35,3,11,13,9,Stanford,2014,Oregon State,Sean Mannion,2015
400548293103889401,Pass Reception,3,10,85,85,1.9222851941565322,False,Stanford,Oregon State,7,35,3,11,5,9,Stanford,2014,Oregon State,Sean Mannion,2015
400548293103907401,Pass Incompletion,3,5,61,61,-0.6004620432207028,False,Stanford,Oregon State,7,35,3,9,25,9,Stanford,2014,Oregon State,Sean Mannion,2015
400548293103954601,Pass Incompletion,4,1,5,5,-4.146427856099022,False,Stanford,Oregon State,7,35,3,4,53,9,Stanford,2014,Oregon State,Sean Mannion,2015
400548293103954101,Pass Incompletion,3,1,5,5,-0.361126152882802,False,Stanford,Oregon State,7,35,3,4,58,9,Stanford,2014,Oregon State,Sean Mannion,2015
400548293103939901,Pass Reception,1,10,14,14,0.3040362457915165,False,Stanford,Oregon State,7,35,3,6,0,9,Stanford,2014,Oregon State,Sean Mannion,2015
400548293103936901,Pass Reception,2,5,19,19,0.0580839851939355,False,Stanford,Oregon State,7,35,3,6,30,9,Stanford,2014,Oregon State,Sean Mannion,2015
400548293103984901,Pass Reception,2,19,60,60,0.2900536202579546,False,Stanford,Oregon State,7,35,3,1,50,9,Stanford,2014,Oregon State,Sean Mannion,2015
400548293104909701,Pass Incompletion,3,13,58,58,-0.36317352114341883,False,Stanford,Oregon State,7,38,4,9,2,9,Stanford,2014,Oregon State,Sean Mannion,2015
400548293104955401,Pass Reception,2,10,57,57,-0.1498323988275079,False,Stanford,Oregon State,7,38,4,4,45,9,Stanford,2014,Oregon State,Sean Mannion,2015
400548293104944401,Pass Incompletion,1,10,72,72,-0.7982008475508557,False,Stanford,Oregon State,7,38,4,5,55,9,Stanford,2014,Oregon State,Sean Mannion,2015
400548293104948601,Pass Incompletion,1,10,57,57,-1.15714755134967,False,Stanford,Oregon State,7,38,4,5,13,9,Stanford,2014,Oregon State,Sean Mannion,2015
400548293104946901,Pass Reception,2,10,72,72,2.1885168623055815,False,Stanford,Oregon State,7,38,4,5,30,9,Stanford,2014,Oregon State,Sean Mannion,2015
400548293104958901,Pass Reception,3,6,53,53,4.834275372568062,False,Stanford,Oregon State,7,38,4,4,10,9,Stanford,2014,Oregon State,Sean Mannion,2015
400548293104998001,Pass Incompletion,1,10,75,75,-0.7029700220436519,False,Stanford,Oregon State,14,38,4,0,19,9,Stanford,2014,Oregon State,Sean Mannion,2015
400548293104998501,Pass Incompletion,2,10,75,75,-0.34710487712173865,False,Stanford,Oregon State,14,38,4,0,14,9,Stanford,2014,Oregon State,Sean Mannion,2015
400548293104999901,Pass Reception,3,10,75,75,2.468817669088285,False,Stanford,Oregon State,14,38,4,0,0,9,Stanford,2014,Oregon State,Sean Mannion,2015
400548300101879504,Pass Reception,3,6,64,36,-0.306455348630724,False,Oregon State,California,0,0,1,12,4,10,California,2014,Oregon State,Sean Mannion,2015
400548300101879502,Pass Reception,1,10,68,32,-0.7658255968233298,False,Oregon State,California,0,0,1,12,4,10,California,2014,Oregon State,Sean Mannion,2015
400548300101947902,Pass Incompletion,1,10,58,42,-1.1496266880203319,False,Oregon State,California,0,0,1,5,20,10,California,2014,Oregon State,Sean Mannion,2015
400548300101947904,Pass Incompletion,3,3,51,49,-1.0200812830572126,False,Oregon State,California,0,0,1,5,20,10,California,2014,Oregon State,Sean Mannion,2015
400548300101947903,Pass Reception,2,10,58,42,0.5512629254184472,False,Oregon State,California,0,0,1,5,20,10,California,2014,Oregon State,Sean Mannion,2015
400548300101947901,Pass Reception,1,10,79,21,1.7688315777778403,False,Oregon State,California,0,0,1,5,20,10,California,2014,Oregon State,Sean Mannion,2015
400548300102858101,Passing Touchdown,1,3,3,97,1.464451732731337,True,Oregon State,California,7,3,2,14,18,10,California,2014,Oregon State,Sean Mannion,2015
400548300101988006,Pass Reception,1,10,65,35,0.1088137823196469,False,Oregon State,California,0,3,1,1,19,10,California,2014,Oregon State,Sean Mannion,2015
400548300101988005,Pass Reception,1,10,75,25,0.8350381090299867,False,Oregon State,California,0,3,1,1,19,10,California,2014,Oregon State,Sean Mannion,2015
400548300102904201,Pass Reception,1,10,87,13,0.23191006772714043,False,Oregon State,California,7,10,2,9,57,10,California,2014,Oregon State,Sean Mannion,2015
400548300102904205,Pass Incompletion,1,10,27,73,-0.490975886965904,False,Oregon State,California,7,10,2,9,57,10,California,2014,Oregon State,Sean Mannion,2015
400548300102904207,Pass Incompletion,1,10,15,85,-0.320977659489319,False,Oregon State,California,7,10,2,9,57,10,California,2014,Oregon State,Sean Mannion,2015
400548300102904204,Pass Reception,1,10,49,51,1.0210497102457623,False,Oregon State,California,7,10,2,9,57,10,California,2014,Oregon State,Sean Mannion,2015
400548300102904202,Pass Reception,2,4,81,19,1.3176929433651603,False,Oregon State,California,7,10,2,9,57,10,California,2014,Oregon State,Sean Mannion,2015
400548300102904209,Pass Incompletion,3,8,13,87,-0.4704630070105704,False,Oregon State,California,7,10,2,9,57,10,California,2014,Oregon State,Sean Mannion,2015
400548300102967502,Pass Incompletion,2,3,65,35,-1.089007191755849,False,Oregon State,California,10,17,2,3,24,10,California,2014,Oregon State,Sean Mannion,2015
400548300102967503,Pass Reception,3,3,65,35,-0.8053341687617053,False,Oregon State,California,10,17,2,3,24,10,California,2014,Oregon State,Sean Mannion,2015
400548300102998503,Pass Incompletion,1,10,65,35,-1.0146424556055624,False,Oregon State,California,10,20,2,0,14,10,California,2014,Oregon State,Sean Mannion,2015
400548300103854506,Pass Incompletion,3,3,52,48,-0.9944183972399357,False,Oregon State,California,10,20,3,14,54,10,California,2014,Oregon State,Sean Mannion,2015
400548300103854502,Pass Incompletion,2,6,70,30,-0.6809782552782009,False,Oregon State,California,10,20,3,14,54,10,California,2014,Oregon State,Sean Mannion,2015
400548300103854503,Pass Reception,3,6,70,30,2.1483298390463546,False,Oregon State,California,10,20,3,14,54,10,California,2014,Oregon State,Sean Mannion,2015
400548300103915703,Pass Reception,3,2,57,43,2.315755949566965,False,Oregon State,California,10,27,3,8,42,10,California,2014,Oregon State,Sean Mannion,2015
400548300103915704,Pass Reception,1,10,41,59,0.6823205363314364,False,Oregon State,California,10,27,3,8,42,10,California,2014,Oregon State,Sean Mannion,2015
400548300103915702,Pass Reception,2,8,63,37,0.3172382685870705,False,Oregon State,California,10,27,3,8,42,10,California,2014,Oregon State,Sean Mannion,2015
400548300103944901,Passing Touchdown,1,3,8,92,1.511453218057195,True,Oregon State,California,17,27,3,5,50,10,California,2014,Oregon State,Sean Mannion,2015
400548300103975001,Pass Reception,1,10,50,50,0.830633837107577,False,Oregon State,California,17,27,3,2,49,10,California,2014,Oregon State,Sean Mannion,2015
400548300103975003,Pass Reception,2,4,30,70,0.191357330728539,False,Oregon State,California,17,27,3,2,49,10,California,2014,Oregon State,Sean Mannion,2015
400548300104849903,Pass Incompletion,1,10,63,37,-1.065701080215459,False,Oregon State,California,24,27,4,15,0,10,California,2014,Oregon State,Sean Mannion,2015
400548300104849904,Pass Incompletion,2,10,63,37,-0.6622137678957802,False,Oregon State,California,24,27,4,15,0,10,California,2014,Oregon State,Sean Mannion,2015
400548300104849907,Pass Reception,2,9,47,53,1.7594399981642435,False,Oregon State,California,24,27,4,15,0,10,California,2014,Oregon State,Sean Mannion,2015
400548300104849905,Pass Reception,3,10,63,37,3.0921918054090325,False,Oregon State,California,24,27,4,15,0,10,California,2014,Oregon State,Sean Mannion,2015
400548300104916402,Pass Interception Return,2,11,69,31,-0.4141333515083918,False,Oregon State,California,31,34,4,8,35,10,California,2014,Oregon State,Sean Mannion,2015
400548300104939205,Pass Reception,4,2,49,51,-1.0851731157082227,False,Oregon State,California,31,37,4,6,7,10,California,2014,Oregon State,Sean Mannion,2015
400548300104939202,Pass Reception,1,10,57,43,-0.1651640993405828,False,Oregon State,California,31,37,4,6,7,10,California,2014,Oregon State,Sean Mannion,2015
400548300104939201,Pass Reception,1,10,78,22,1.8066681048297957,False,Oregon State,California,31,37,4,6,7,10,California,2014,Oregon State,Sean Mannion,2015
400548300104939204,Pass Reception,3,16,63,37,1.1341854041175603,False,Oregon State,California,31,37,4,6,7,10,California,2014,Oregon State,Sean Mannion,2015
400548300104995903,Pass Incompletion,1,10,45,55,-0.997770018980635,False,Oregon State,California,31,45,4,0,40,10,California,2014,Oregon State,Sean Mannion,2015
400548300104995902,Pass Reception,4,4,57,43,3.155764738327578,False,Oregon State,California,31,45,4,0,40,10,California,2014,Oregon State,Sean Mannion,2015
400548300104986008,Pass Incompletion,1,10,63,37,-1.065701080215459,False,Oregon State,California,31,45,4,1,39,10,California,2014,Oregon State,Sean Mannion,2015
400548300104986006,Pass Incompletion,1,10,75,25,-0.7029700220436519,False,Oregon State,California,31,45,4,1,39,10,California,2014,Oregon State,Sean Mannion,2015
400548300104986009,Pass Reception,2,10,63,37,0.7408255008820132,False,Oregon State,California,31,45,4,1,39,10,California,2014,Oregon State,Sean Mannion,2015
400548300104995905,Pass Reception,1,10,34,66,0.3884429857345885,False,Oregon State,California,31,45,4,0,40,10,California,2014,Oregon State,Sean Mannion,2015
400548300104995904,Pass Reception,2,10,45,55,1.537557943134033,False,Oregon State,California,31,45,4,0,40,10,California,2014,Oregon State,Sean Mannion,2015
400548300104986007,Pass Reception,2,10,75,25,1.7302143481872232,False,Oregon State,California,31,45,4,1,39,10,California,2014,Oregon State,Sean Mannion,2015
400548300104986010,Pass Reception,3,2,55,45,-1.2568924504834502,False,Oregon State,California,31,45,4,1,39,10,California,2014,Oregon State,Sean Mannion,2015
400548305101868201,Passing Touchdown,2,11,14,86,2.907923713571485,True,Oregon State,Washington State,7,0,1,13,17,11,Washington State,2014,Oregon State,Sean Mannion,2015
400548305101849903,Pass Reception,1,10,75,25,3.357752997313141,False,Oregon State,Washington State,0,0,1,15,0,11,Washington State,2014,Oregon State,Sean Mannion,2015
400548305101927702,Pass Incompletion,1,10,12,88,-0.2977696357406735,False,Oregon State,Washington State,7,0,1,7,22,11,Washington State,2014,Oregon State,Sean Mannion,2015
400548305101909402,Pass Reception,1,10,80,20,1.0492884058754886,False,Oregon State,Washington State,7,0,1,9,5,11,Washington State,2014,Oregon State,Sean Mannion,2015
400548305101909403,Pass Reception,1,10,66,34,2.572754915591183,False,Oregon State,Washington State,7,0,1,9,5,11,Washington State,2014,Oregon State,Sean Mannion,2015
400548305101927704,Pass Reception,3,11,13,87,0.111082521050692,False,Oregon State,Washington State,7,0,1,7,22,11,Washington State,2014,Oregon State,Sean Mannion,2015
400548305101909404,Pass Reception,1,10,28,72,0.204023160418757,False,Oregon State,Washington State,7,0,1,9,5,11,Washington State,2014,Oregon State,Sean Mannion,2015
400548305101988603,Pass Incompletion,3,5,81,19,-0.20608278222802046,False,Oregon State,Washington State,10,7,1,1,13,11,Washington State,2014,Oregon State,Sean Mannion,2015
400548305101988601,Pass Reception,1,10,86,14,0.4338898358306427,False,Oregon State,Washington State,10,7,1,1,13,11,Washington State,2014,Oregon State,Sean Mannion,2015
400548305102878603,Pass Incompletion,3,6,69,31,-0.35293968896594485,False,Oregon State,Washington State,10,14,2,12,13,11,Washington State,2014,Oregon State,Sean Mannion,2015
400548305102927508,Pass Reception,2,19,24,76,0.0338443503009687,False,Oregon State,Washington State,10,14,2,7,24,11,Washington State,2014,Oregon State,Sean Mannion,2015
400548305102927504,Pass Reception,1,10,34,66,-0.063267952570744,False,Oregon State,Washington State,10,14,2,7,24,11,Washington State,2014,Oregon State,Sean Mannion,2015
400548305102927509,Pass Reception,3,14,19,81,-1.0265781889197194,False,Oregon State,Washington State,10,14,2,7,24,11,Washington State,2014,Oregon State,Sean Mannion,2015
400548305102927506,Pass Reception,3,5,29,71,0.983363422322277,False,Oregon State,Washington State,10,14,2,7,24,11,Washington State,2014,Oregon State,Sean Mannion,2015
400548305102927502,Pass Reception,2,9,75,25,3.0948968158674433,False,Oregon State,Washington State,10,14,2,7,24,11,Washington State,2014,Oregon State,Sean Mannion,2015
400548305102989201,Pass Incompletion,1,10,52,48,-1.1430602484821704,False,Oregon State,Washington State,13,21,2,1,7,11,Washington State,2014,Oregon State,Sean Mannion,2015
400548305102998502,Pass Reception,3,13,35,65,0.6849864992210913,False,Oregon State,Washington State,13,21,2,0,14,11,Washington State,2014,Oregon State,Sean Mannion,2015
400548305102994503,Pass Reception,3,18,60,40,4.163610348526638,False,Oregon State,Washington State,13,21,2,0,54,11,Washington State,2014,Oregon State,Sean Mannion,2015
400548305102994504,Pass Reception,1,10,32,68,0.3684640561633454,False,Oregon State,Washington State,13,21,2,0,54,11,Washington State,2014,Oregon State,Sean Mannion,2015
400548305103896103,Pass Reception,1,10,80,20,1.4330541549256122,False,Oregon State,Washington State,16,24,3,10,38,11,Washington State,2014,Oregon State,Sean Mannion,2015
400548305103896105,Pass Reception,2,3,55,45,0.4802879767844387,False,Oregon State,Washington State,16,24,3,10,38,11,Washington State,2014,Oregon State,Sean Mannion,2015
400548305103948904,Pass Incompletion,3,4,64,36,-0.566704659737983,False,Oregon State,Washington State,22,24,3,5,10,11,Washington State,2014,Oregon State,Sean Mannion,2015
400548305103948903,Pass Incompletion,2,4,64,36,-1.028560398477305,False,Oregon State,Washington State,22,24,3,5,10,11,Washington State,2014,Oregon State,Sean Mannion,2015
400548305103948902,Pass Reception,1,20,80,20,1.736201952291112,False,Oregon State,Washington State,22,24,3,5,10,11,Washington State,2014,Oregon State,Sean Mannion,2015
400548305103979301,Pass Reception,1,10,72,28,2.503262624335198,False,Oregon State,Washington State,22,24,3,2,6,11,Washington State,2014,Oregon State,Sean Mannion,2015
400548305104849901,Pass Reception,3,18,34,66,0.0461941272988167,False,Oregon State,Washington State,22,24,4,15,0,11,Washington State,2014,Oregon State,Sean Mannion,2015
400548305103979303,Pass Reception,2,5,38,62,0.5409772411118805,False,Oregon State,Washington State,22,24,3,2,6,11,Washington State,2014,Oregon State,Sean Mannion,2015
400548305103995802,Pass Reception,1,10,26,74,-0.1464938748677045,False,Oregon State,Washington State,22,24,3,0,41,11,Washington State,2014,Oregon State,Sean Mannion,2015
400548305104909403,Pass Incompletion,3,15,76,24,-0.08696773152847825,False,Oregon State,Washington State,25,32,4,9,5,11,Washington State,2014,Oregon State,Sean Mannion,2015
400548305104909402,Pass Reception,2,25,86,14,0.09349929386584677,False,Oregon State,Washington State,25,32,4,9,5,11,Washington State,2014,Oregon State,Sean Mannion,2015
400548305104894501,Pass Reception,1,10,85,15,0.4482007778738044,False,Oregon State,Washington State,25,32,4,10,54,11,Washington State,2014,Oregon State,Sean Mannion,2015
400548305104894502,Pass Reception,2,3,78,22,0.3971438992464407,False,Oregon State,Washington State,25,32,4,10,54,11,Washington State,2014,Oregon State,Sean Mannion,2015
400548305104945002,Pass Incompletion,2,1,66,34,-1.2753422217375716,False,Oregon State,Washington State,25,39,4,5,49,11,Washington State,2014,Oregon State,Sean Mannion,2015
400548305104945004,Pass Reception,1,10,61,39,1.013604104343493,False,Oregon State,Washington State,25,39,4,5,49,11,Washington State,2014,Oregon State,Sean Mannion,2015
400548305104945010,Pass Reception,3,3,8,92,1.746838181568778,False,Oregon State,Washington State,25,39,4,5,49,11,Washington State,2014,Oregon State,Sean Mannion,2015
400548305104945008,Pass Reception,1,10,15,85,-0.810353210013964,False,Oregon State,Washington State,25,39,4,5,49,11,Washington State,2014,Oregon State,Sean Mannion,2015
400548305104969202,Pass Incompletion,1,1,1,99,-0.962330962352563,False,Oregon State,Washington State,25,39,4,3,7,11,Washington State,2014,Oregon State,Sean Mannion,2015
400548305104945007,Pass Reception,1,10,35,65,0.414389694211873,False,Oregon State,Washington State,25,39,4,5,49,11,Washington State,2014,Oregon State,Sean Mannion,2015
400548305104945005,Pass Incompletion,1,10,50,50,-1.1143038065675126,False,Oregon State,Washington State,25,39,4,5,49,11,Washington State,2014,Oregon State,Sean Mannion,2015
400548305104945009,Pass Reception,2,16,21,79,0.683692842889826,False,Oregon State,Washington State,25,39,4,5,49,11,Washington State,2014,Oregon State,Sean Mannion,2015
400548305104945001,Pass Reception,1,10,75,25,1.252308359788624,False,Oregon State,Washington State,25,39,4,5,49,11,Washington State,2014,Oregon State,Sean Mannion,2015
400548308101874401,Pass Incompletion,3,9,70,30,-0.24285188526338786,False,Oregon State,Arizona State,0,0,1,12,55,12,Arizona State,2014,Oregon State,Sean Mannion,2015
400548308101869901,Pass Incompletion,2,4,65,35,-0.9974449858368741,False,Oregon State,Arizona State,0,0,1,13,0,12,Arizona State,2014,Oregon State,Sean Mannion,2015
400548308101866402,Pass Reception,1,10,71,29,0.366045681425021,False,Oregon State,Arizona State,0,0,1,13,35,12,Arizona State,2014,Oregon State,Sean Mannion,2015
400548308101934301,Pass Interception Return,2,5,63,37,-1.5863698317235233,False,Oregon State,Arizona State,7,0,1,6,56,12,Arizona State,2014,Oregon State,Sean Mannion,2015
400548308101919002,Pass Reception,1,10,79,21,0.8112240741752963,False,Oregon State,Arizona State,7,0,1,8,9,12,Arizona State,2014,Oregon State,Sean Mannion,2015
400548308101944803,Pass Reception,1,10,70,30,-0.1399034934597019,False,Oregon State,Arizona State,7,3,1,5,51,12,Arizona State,2014,Oregon State,Sean Mannion,2015
400548308102876901,Pass Incompletion,1,10,39,61,-0.814236079442537,False,Oregon State,Arizona State,14,10,2,12,30,12,Arizona State,2014,Oregon State,Sean Mannion,2015
400548308101988604,Pass Reception,1,10,88,12,0.6233612650694251,False,Oregon State,Arizona State,14,10,1,1,13,12,Arizona State,2014,Oregon State,Sean Mannion,2015
400548308102885901,Pass Reception,3,9,38,62,-0.3884793554070302,False,Oregon State,Arizona State,14,10,2,11,40,12,Arizona State,2014,Oregon State,Sean Mannion,2015
400548308102849901,Pass Reception,1,10,50,50,-0.385960016074776,False,Oregon State,Arizona State,14,10,2,15,0,12,Arizona State,2014,Oregon State,Sean Mannion,2015
400548308102919901,Pass Reception,2,13,58,42,0.6918245633048244,False,Oregon State,Arizona State,14,17,2,8,0,12,Arizona State,2014,Oregon State,Sean Mannion,2015
400548308102937901,Pass Incompletion,2,5,66,34,-0.8824226559216264,False,Oregon State,Arizona State,14,24,2,6,20,12,Arizona State,2014,Oregon State,Sean Mannion,2015
400548308102939401,Pass Incompletion,3,5,66,34,-0.4625775407061088,False,Oregon State,Arizona State,14,24,2,6,5,12,Arizona State,2014,Oregon State,Sean Mannion,2015
400548308102987602,Pass Reception,1,10,80,20,-0.46882789768185695,False,Oregon State,Arizona State,14,24,2,1,23,12,Arizona State,2014,Oregon State,Sean Mannion,2015
400548308102989901,Pass Incompletion,2,9,79,21,-0.31009262307283425,False,Oregon State,Arizona State,14,24,2,1,0,12,Arizona State,2014,Oregon State,Sean Mannion,2015
400548308102999401,Pass Reception,2,10,41,59,-1.0411051963664768,False,Oregon State,Arizona State,14,24,2,0,5,12,Arizona State,2014,Oregon State,Sean Mannion,2015
400548308102998902,Pass Incompletion,1,10,41,59,-0.8772679222659558,False,Oregon State,Arizona State,14,24,2,0,10,12,Arizona State,2014,Oregon State,Sean Mannion,2015
400548308102999901,Pass Incompletion,3,10,41,59,-0.956206077295109,False,Oregon State,Arizona State,14,24,2,0,0,12,Arizona State,2014,Oregon State,Sean Mannion,2015
400548308102997702,Pass Incompletion,1,10,52,48,-1.1430602484821704,False,Oregon State,Arizona State,14,24,2,0,22,12,Arizona State,2014,Oregon State,Sean Mannion,2015
400548308102998401,Pass Reception,2,10,52,48,1.9105949112960818,False,Oregon State,Arizona State,14,24,2,0,15,12,Arizona State,2014,Oregon State,Sean Mannion,2015
400548308103878001,Pass Incompletion,4,1,19,81,-3.6948767912220397,False,Oregon State,Arizona State,14,24,3,12,19,12,Arizona State,2014,Oregon State,Sean Mannion,2015
400548308103857901,Pass Reception,2,3,66,34,2.534839687508942,False,Oregon State,Arizona State,14,24,3,14,20,12,Arizona State,2014,Oregon State,Sean Mannion,2015
400548308103868901,Pass Incompletion,2,1,19,81,-0.635415870732274,False,Oregon State,Arizona State,14,24,3,13,10,12,Arizona State,2014,Oregon State,Sean Mannion,2015
400548308103864901,Pass Reception,1,10,28,72,0.669445675164459,False,Oregon State,Arizona State,14,24,3,13,50,12,Arizona State,2014,Oregon State,Sean Mannion,2015
400548308103919901,Pass Incompletion,1,10,72,28,-0.7982008475508557,False,Oregon State,Arizona State,14,24,3,8,0,12,Arizona State,2014,Oregon State,Sean Mannion,2015
400548308103968001,Passing Touchdown,2,7,20,80,2.794788688811137,True,Oregon State,Arizona State,21,24,3,3,19,12,Arizona State,2014,Oregon State,Sean Mannion,2015
400548308103955901,Pass Reception,2,15,39,61,1.8751413482376602,False,Oregon State,Arizona State,14,24,3,4,40,12,Arizona State,2014,Oregon State,Sean Mannion,2015
400548308103916401,Pass Reception,2,3,80,20,0.4211120341672521,False,Oregon State,Arizona State,14,24,3,8,35,12,Arizona State,2014,Oregon State,Sean Mannion,2015
400548308103979402,Pass Reception,1,10,75,25,1.124751479041831,False,Oregon State,Arizona State,21,24,3,2,5,12,Arizona State,2014,Oregon State,Sean Mannion,2015
400548308104894401,Passing Touchdown,3,8,67,33,6.820285652976471,True,Oregon State,Arizona State,28,27,4,10,55,12,Arizona State,2014,Oregon State,Sean Mannion,2015
400548308104938401,Pass Incompletion,2,9,64,36,-0.6839286311037895,False,Oregon State,Arizona State,28,27,4,6,15,12,Arizona State,2014,Oregon State,Sean Mannion,2015
400548308104927401,Pass Reception,2,7,79,21,1.4606621352654487,False,Oregon State,Arizona State,28,27,4,7,25,12,Arizona State,2014,Oregon State,Sean Mannion,2015
400548308104965401,Pass Reception,3,12,56,44,1.135265818983326,False,Oregon State,Arizona State,28,27,4,3,45,12,Arizona State,2014,Oregon State,Sean Mannion,2015
400548314101888309,Pass Reception,2,10,35,35,-0.7032689720266774,False,Washington,Oregon State,0,7,1,11,16,13,Washington,2014,Oregon State,Sean Mannion,2015
400548314101888308,Pass Incompletion,1,10,35,35,-0.6918622905019662,False,Washington,Oregon State,0,7,1,11,16,13,Washington,2014,Oregon State,Sean Mannion,2015
400548314101888307,Pass Reception,1,10,49,49,0.7897417678602923,False,Washington,Oregon State,0,7,1,11,16,13,Washington,2014,Oregon State,Sean Mannion,2015
400548314101888310,Pass Incompletion,3,9,34,34,-1.0267863164886872,False,Washington,Oregon State,0,7,1,11,16,13,Washington,2014,Oregon State,Sean Mannion,2015
400548314101888304,Pass Incompletion,1,10,71,71,-0.8305196050291288,False,Washington,Oregon State,0,7,1,11,16,13,Washington,2014,Oregon State,Sean Mannion,2015
400548314101888306,Pass Reception,3,4,65,65,2.6446856255295694,False,Washington,Oregon State,0,7,1,11,16,13,Washington,2014,Oregon State,Sean Mannion,2015
400548314101956107,Pass Reception,3,8,22,22,0.0428288821172114,False,Washington,Oregon State,0,14,1,4,38,13,Washington,2014,Oregon State,Sean Mannion,2015
400548314101956105,Pass Incompletion,1,10,24,24,-0.4346450377339437,False,Washington,Oregon State,0,14,1,4,38,13,Washington,2014,Oregon State,Sean Mannion,2015
400548314101956101,Pass Reception,1,10,59,59,1.6482342547846314,False,Washington,Oregon State,0,14,1,4,38,13,Washington,2014,Oregon State,Sean Mannion,2015
400548314101956108,Pass Reception,4,3,17,17,-3.6250216544660514,False,Washington,Oregon State,0,14,1,4,38,13,Washington,2014,Oregon State,Sean Mannion,2015
400548314101956103,Pass Incompletion,2,9,35,35,-0.898580349128384,False,Washington,Oregon State,0,14,1,4,38,13,Washington,2014,Oregon State,Sean Mannion,2015
400548314101956104,Pass Reception,3,9,35,35,1.776976275448533,False,Washington,Oregon State,0,14,1,4,38,13,Washington,2014,Oregon State,Sean Mannion,2015
400548314102896703,Pass Reception,3,15,78,78,0.0355673123187037,False,Washington,Oregon State,0,17,2,10,32,13,Washington,2014,Oregon State,Sean Mannion,2015
400548314102945604,Pass Incompletion,2,25,95,95,-0.01782657349281802,False,Washington,Oregon State,0,17,2,5,43,13,Washington,2014,Oregon State,Sean Mannion,2015
400548314102976901,Passing Touchdown,1,9,9,9,2.424237823646468,True,Washington,Oregon State,7,17,2,2,30,13,Washington,2014,Oregon State,Sean Mannion,2015
400548314102945603,Pass Incompletion,1,25,95,95,-0.04124380424867358,False,Washington,Oregon State,0,17,2,5,43,13,Washington,2014,Oregon State,Sean Mannion,2015
400548314102945605,Pass Reception,3,25,95,95,4.73245880147458,False,Washington,Oregon State,0,17,2,5,43,13,Washington,2014,Oregon State,Sean Mannion,2015
400548314102945607,Pass Reception,2,8,21,21,0.160127546559868,False,Washington,Oregon State,0,17,2,5,43,13,Washington,2014,Oregon State,Sean Mannion,2015
400548314102987901,Pass Reception,1,10,67,67,0.1068735075937823,False,Washington,Oregon State,7,17,2,1,20,13,Washington,2014,Oregon State,Sean Mannion,2015
400548314102987902,Pass Reception,2,5,62,62,-0.1551664723485473,False,Washington,Oregon State,7,17,2,1,20,13,Washington,2014,Oregon State,Sean Mannion,2015
400548314102994901,Pass Incompletion,3,1,58,58,-0.9553787222018348,False,Washington,Oregon State,7,17,2,0,50,13,Washington,2014,Oregon State,Sean Mannion,2015
400548314103875701,Pass Reception,1,10,69,69,2.943313327043821,False,Washington,Oregon State,7,17,3,12,42,13,Washington,2014,Oregon State,Sean Mannion,2015
400548314103875702,Pass Interception Return,1,10,23,23,-4.3360223219287715,False,Washington,Oregon State,7,17,3,12,42,13,Washington,2014,Oregon State,Sean Mannion,2015
400548314103897803,Pass Reception,3,3,62,62,-0.9344410230431404,False,Washington,Oregon State,7,20,3,10,21,13,Washington,2014,Oregon State,Sean Mannion,2015
400548314103955303,Pass Incompletion,3,4,71,71,-0.39384507400369273,False,Washington,Oregon State,7,23,3,4,46,13,Washington,2014,Oregon State,Sean Mannion,2015
400548314103994501,Passing Touchdown,3,5,11,11,2.8589237054296905,True,Washington,Oregon State,13,23,3,0,54,13,Washington,2014,Oregon State,Sean Mannion,2015
400548314104869205,Pass Reception,2,6,71,71,-0.6509048869110972,False,Washington,Oregon State,13,30,4,13,7,13,Washington,2014,Oregon State,Sean Mannion,2015
400548314104869204,Pass Reception,1,10,75,75,-0.1142886249388964,False,Washington,Oregon State,13,30,4,13,7,13,Washington,2014,Oregon State,Sean Mannion,2015
400548314104869210,Pass Incompletion,2,10,53,53,-0.9619971707978011,False,Washington,Oregon State,13,30,4,13,7,13,Washington,2014,Oregon State,Sean Mannion,2015
400548314104869209,Pass Incompletion,1,10,53,53,-1.1527089917962545,False,Washington,Oregon State,13,30,4,13,7,13,Washington,2014,Oregon State,Sean Mannion,2015
400548314104869206,Pass Reception,3,6,71,71,1.7924378379935648,False,Washington,Oregon State,13,30,4,13,7,13,Washington,2014,Oregon State,Sean Mannion,2015
400548314104869208,Pass Reception,1,20,73,73,2.7378112389318217,False,Washington,Oregon State,13,30,4,13,7,13,Washington,2014,Oregon State,Sean Mannion,2015
400548314104929001,Pass Reception,1,10,82,82,-0.2150808966639328,False,Washington,Oregon State,13,37,4,7,9,13,Washington,2014,Oregon State,Sean Mannion,2015
400548314104929007,Pass Reception,2,7,50,50,1.366653159657524,False,Washington,Oregon State,13,37,4,7,9,13,Washington,2014,Oregon State,Sean Mannion,2015
400548314104929008,Pass Reception,1,10,39,39,0.086001265551813,False,Washington,Oregon State,13,37,4,7,9,13,Washington,2014,Oregon State,Sean Mannion,2015
400548314104929014,Pass Incompletion,1,9,9,9,-0.315798379566314,False,Washington,Oregon State,13,37,4,7,9,13,Washington,2014,Oregon State,Sean Mannion,2015
400548314104929005,Pass Reception,3,1,62,62,1.7170035719326044,False,Washington,Oregon State,13,37,4,7,9,13,Washington,2014,Oregon State,Sean Mannion,2015
400548314104929003,Pass Reception,1,10,71,71,-0.5291040057203755,False,Washington,Oregon State,13,37,4,7,9,13,Washington,2014,Oregon State,Sean Mannion,2015
400548314104929011,Pass Reception,1,10,22,22,0.464651193572722,False,Washington,Oregon State,13,37,4,7,9,13,Washington,2014,Oregon State,Sean Mannion,2015
400548314104929009,Pass Incompletion,2,5,34,34,-0.834862003904032,False,Washington,Oregon State,13,37,4,7,9,13,Washington,2014,Oregon State,Sean Mannion,2015
400548314104929016,Pass Reception,3,9,9,9,-0.042479503078356,False,Washington,Oregon State,13,37,4,7,9,13,Washington,2014,Oregon State,Sean Mannion,2015
400548314104929015,Pass Incompletion,2,9,9,9,-0.270076451519454,False,Washington,Oregon State,13,37,4,7,9,13,Washington,2014,Oregon State,Sean Mannion,2015
400548314104929012,Pass Incompletion,2,2,14,14,-0.526950216053992,False,Washington,Oregon State,13,37,4,7,9,13,Washington,2014,Oregon State,Sean Mannion,2015
400548314104929010,Pass Reception,3,5,34,34,1.24167652663531,False,Washington,Oregon State,13,37,4,7,9,13,Washington,2014,Oregon State,Sean Mannion,2015
400548314104929004,Pass Reception,2,8,69,69,0.4924178729694279,False,Washington,Oregon State,13,37,4,7,9,13,Washington,2014,Oregon State,Sean Mannion,2015
400548314104929002,Pass Reception,2,7,79,79,0.9277622732018189,False,Washington,Oregon State,13,37,4,7,9,13,Washington,2014,Oregon State,Sean Mannion,2015
400548320101878901,Pass Incompletion,1,10,57,43,-1.15714755134967,False,Oregon State,Oregon,0,6,1,12,10,14,Oregon,2014,Oregon State,Sean Mannion,2015
400548320101896201,Pass Reception,2,10,39,61,0.816992639830001,False,Oregon State,Oregon,0,6,1,10,37,14,Oregon,2014,Oregon State,Sean Mannion,2015
400548320101965601,Pass Reception,3,8,61,39,0.36568305218661035,False,Oregon State,Oregon,0,9,1,3,43,14,Oregon,2014,Oregon State,Sean Mannion,2015
400548320101964601,Pass Incompletion,2,8,61,39,-0.8373064649049704,False,Oregon State,Oregon,0,9,1,3,53,14,Oregon,2014,Oregon State,Sean Mannion,2015
400548320101954201,Pass Reception,2,2,67,33,0.116807471082506,False,Oregon State,Oregon,0,9,1,4,57,14,Oregon,2014,Oregon State,Sean Mannion,2015
400548320102859701,Pass Reception,1,10,77,23,0.090922002905697,False,Oregon State,Oregon,0,16,2,14,2,14,Oregon,2014,Oregon State,Sean Mannion,2015
400548320102865901,Pass Incompletion,2,5,72,28,-0.6922204692512759,False,Oregon State,Oregon,0,16,2,13,40,14,Oregon,2014,Oregon State,Sean Mannion,2015
400548320102878701,Pass Incompletion,1,10,72,28,-0.7982008475508557,False,Oregon State,Oregon,0,23,2,12,12,14,Oregon,2014,Oregon State,Sean Mannion,2015
400548320102879801,Pass Incompletion,3,10,72,28,-0.19252985967911143,False,Oregon State,Oregon,0,23,2,12,1,14,Oregon,2014,Oregon State,Sean Mannion,2015
400548320102879201,Pass Incompletion,2,10,72,28,-0.41175635476850303,False,Oregon State,Oregon,0,23,2,12,7,14,Oregon,2014,Oregon State,Sean Mannion,2015
400548320102929301,Pass Incompletion,2,14,58,42,-0.6324591236193173,False,Oregon State,Oregon,0,30,2,7,6,14,Oregon,2014,Oregon State,Sean Mannion,2015
400548320102907801,Pass Reception,2,10,69,31,-0.08946312699115921,False,Oregon State,Oregon,0,30,2,9,21,14,Oregon,2014,Oregon State,Sean Mannion,2015
400548320102934901,Pass Reception,3,19,63,37,1.704370569449245,False,Oregon State,Oregon,0,30,2,6,50,14,Oregon,2014,Oregon State,Sean Mannion,2015
400548320102906301,Pass Incompletion,1,10,69,31,-0.8947814664467213,False,Oregon State,Oregon,0,30,2,9,36,14,Oregon,2014,Oregon State,Sean Mannion,2015
400548320102915801,Pass Reception,3,6,65,35,2.406638060867722,False,Oregon State,Oregon,0,30,2,8,41,14,Oregon,2014,Oregon State,Sean Mannion,2015
400548320102999801,Pass Incompletion,2,17,22,78,-0.7083267963829433,False,Oregon State,Oregon,0,30,2,0,1,14,Oregon,2014,Oregon State,Sean Mannion,2015
400548320102975101,Pass Incompletion,1,10,39,61,-0.814236079442537,False,Oregon State,Oregon,0,30,2,2,48,14,Oregon,2014,Oregon State,Sean Mannion,2015
400548320102967301,Pass Incompletion,2,5,45,55,-1.1417165513541647,False,Oregon State,Oregon,0,30,2,3,26,14,Oregon,2014,Oregon State,Sean Mannion,2015
400548320102985101,Pass Reception,3,5,34,66,1.100998108685658,False,Oregon State,Oregon,0,30,2,1,48,14,Oregon,2014,Oregon State,Sean Mannion,2015
400548320102968201,Pass Reception,3,5,45,55,1.7408700541882265,False,Oregon State,Oregon,0,30,2,3,17,14,Oregon,2014,Oregon State,Sean Mannion,2015
400548320102987801,Pass Incompletion,1,10,29,71,-0.534372502378378,False,Oregon State,Oregon,0,30,2,1,21,14,Oregon,2014,Oregon State,Sean Mannion,2015
400548320102998501,Pass Reception,4,1,20,80,0.7970525661432712,False,Oregon State,Oregon,0,30,2,0,14,14,Oregon,2014,Oregon State,Sean Mannion,2015
400548320102997401,Pass Reception,3,6,25,75,0.0534649057055657,False,Oregon State,Oregon,0,30,2,0,25,14,Oregon,2014,Oregon State,Sean Mannion,2015
400548320103905601,Pass Reception,1,10,65,35,-0.1595952673507188,False,Oregon State,Oregon,3,33,3,9,43,14,Oregon,2014,Oregon State,Sean Mannion,2015
400548320103945301,Passing Touchdown,3,7,20,80,3.251250020179425,True,Oregon State,Oregon,10,33,3,5,46,14,Oregon,2014,Oregon State,Sean Mannion,2015
400548320103915701,Pass Reception,3,3,58,42,2.107272914780795,False,Oregon State,Oregon,3,33,3,8,42,14,Oregon,2014,Oregon State,Sean Mannion,2015
400548320103925701,Pass Incompletion,2,10,35,65,-0.9144980156718301,False,Oregon State,Oregon,3,33,3,7,42,14,Oregon,2014,Oregon State,Sean Mannion,2015
400548320103926901,Pass Reception,3,10,35,65,0.0559246993740743,False,Oregon State,Oregon,3,33,3,7,30,14,Oregon,2014,Oregon State,Sean Mannion,2015
400548320103925101,Pass Incompletion,1,10,35,65,-0.6918622905019662,False,Oregon State,Oregon,3,33,3,7,48,14,Oregon,2014,Oregon State,Sean Mannion,2015
400548320103929401,Pass Reception,4,5,30,70,1.8590467125054495,False,Oregon State,Oregon,3,33,3,7,5,14,Oregon,2014,Oregon State,Sean Mannion,2015
400548320103944701,Pass Incompletion,2,7,20,80,-0.456461331368288,False,Oregon State,Oregon,3,33,3,5,52,14,Oregon,2014,Oregon State,Sean Mannion,2015
400548320103999901,Pass Incompletion,2,7,44,56,-1.0972327822548973,False,Oregon State,Oregon,10,40,3,0,0,14,Oregon,2014,Oregon State,Sean Mannion,2015
400548320104856501,Pass Reception,1,10,26,74,1.2555503896768434,False,Oregon State,Oregon,10,40,4,14,34,14,Oregon,2014,Oregon State,Sean Mannion,2015
400548320103979701,Pass Incompletion,1,10,65,35,-1.0146424556055624,False,Oregon State,Oregon,10,40,3,2,2,14,Oregon,2014,Oregon State,Sean Mannion,2015
400548320103989601,Pass Reception,3,7,62,38,2.90349909614845,False,Oregon State,Oregon,10,40,3,1,3,14,Oregon,2014,Oregon State,Sean Mannion,2015
400548320104887001,Pass Incompletion,1,10,74,26,-0.7342478781140684,False,Oregon State,Oregon,17,40,4,11,29,14,Oregon,2014,Oregon State,Sean Mannion,2015
400548320104889401,Pass Reception,2,10,74,26,-0.4161003712951965,False,Oregon State,Oregon,17,40,4,11,5,14,Oregon,2014,Oregon State,Sean Mannion,2015
400548320104895901,Pass Incompletion,3,11,75,25,-0.14229746614608363,False,Oregon State,Oregon,17,40,4,10,40,14,Oregon,2014,Oregon State,Sean Mannion,2015
400548320104937001,Pass Incompletion,2,10,76,24,-0.3277685291678001,False,Oregon State,Oregon,17,47,4,6,29,14,Oregon,2014,Oregon State,Sean Mannion,2015
400548320104936601,Pass Incompletion,1,10,76,24,-0.6723571521309859,False,Oregon State,Oregon,17,47,4,6,33,14,Oregon,2014,Oregon State,Sean Mannion,2015
400548320104976901,Pass Incompletion,2,9,16,84,-0.3760447922386218,False,Oregon State,Oregon,19,47,4,2,30,14,Oregon,2014,Oregon State,Sean Mannion,2015
400548320104969901,Pass Reception,1,10,42,58,0.71503236878771,False,Oregon State,Oregon,19,47,4,3,0,14,Oregon,2014,Oregon State,Sean Mannion,2015
400548320104994401,Pass Reception,3,40,47,53,0.32393277798194475,False,Oregon State,Oregon,19,47,4,0,55,14,Oregon,2014,Oregon State,Sean Mannion,2015
400548320104997901,Pass Reception,1,10,31,69,0.250153461002357,False,Oregon State,Oregon,19,47,4,0,20,14,Oregon,2014,Oregon State,Sean Mannion,2015
400548320104998401,Pass Incompletion,1,10,18,82,-0.350740748439042,False,Oregon State,Oregon,19,47,4,0,15,14,Oregon,2014,Oregon State,Sean Mannion,2015
400548320104999901,Pass Incompletion,2,10,18,82,-0.423613027815584,False,Oregon State,Oregon,19,47,4,0,0,14,Oregon,2014,Oregon State,Sean Mannion,2015
400756890101865001,Pass Reception,1,10,41,59,0.6082228121010264,False,California,Grambling,0,0,1,13,49,1,Grambling,2015,California,Jared Goff,2016
400756890101865002,Pass Reception,1,10,21,79,0.944106295081518,False,California,Grambling,0,0,1,13,49,1,Grambling,2015,California,Jared Goff,2016
400756890101884702,Pass Interception Return,1,10,53,47,-2.9047005664266923,False,California,Grambling,7,0,1,11,52,1,Grambling,2015,California,Jared Goff,2016
400756890101897307,Pass Incompletion,1,4,4,96,-0.6456997217339855,False,California,Grambling,7,0,1,10,26,1,Grambling,2015,California,Jared Goff,2016
400756890101897304,Pass Reception,1,10,55,45,-1.1618692012952412,False,California,Grambling,7,0,1,10,26,1,Grambling,2015,California,Jared Goff,2016
400756890101897303,Pass Reception,3,1,71,29,2.115553750802718,False,California,Grambling,7,0,1,10,26,1,Grambling,2015,California,Jared Goff,2016
400756890101897305,Pass Reception,2,10,55,45,3.750291919897631,False,California,Grambling,7,0,1,10,26,1,Grambling,2015,California,Jared Goff,2016
400756890101897301,Pass Reception,1,10,80,20,0.0855067756440384,False,California,Grambling,7,0,1,10,26,1,Grambling,2015,California,Jared Goff,2016
400756890101897302,Pass Reception,2,5,75,25,-0.0916159681580186,False,California,Grambling,7,0,1,10,26,1,Grambling,2015,California,Jared Goff,2016
400756890101955001,Pass Reception,1,10,43,57,-0.3057652594509188,False,California,Grambling,14,0,1,4,49,1,Grambling,2015,California,Jared Goff,2016
400756890101955002,Pass Reception,2,7,40,60,0.816189177308825,False,California,Grambling,14,0,1,4,49,1,Grambling,2015,California,Jared Goff,2016
400756890101955005,Pass Incompletion,1,10,19,81,-0.362321296557512,False,California,Grambling,14,0,1,4,49,1,Grambling,2015,California,Jared Goff,2016
400756890101955003,Pass Incompletion,1,10,31,69,-0.5824837756999947,False,California,Grambling,14,0,1,4,49,1,Grambling,2015,California,Jared Goff,2016
400756890101969501,Passing Touchdown,1,3,3,97,1.464451732731337,True,California,Grambling,21,0,1,3,4,1,Grambling,2015,California,Jared Goff,2016
400756890101955004,Pass Reception,2,10,31,69,0.8199823171354196,False,California,Grambling,14,0,1,4,49,1,Grambling,2015,California,Jared Goff,2016
400756890101994101,Passing Touchdown,2,6,19,81,2.695382473409538,True,California,Grambling,28,0,1,0,58,1,Grambling,2015,California,Jared Goff,2016
400756890102864505,Pass Incompletion,2,7,33,67,-0.810888684999995,False,California,Grambling,35,0,2,13,54,1,Grambling,2015,California,Jared Goff,2016
400756890102864506,Pass Incompletion,3,7,33,67,-1.0098568739297917,False,California,Grambling,35,0,2,13,54,1,Grambling,2015,California,Jared Goff,2016
400756890102895601,Passing Touchdown,2,16,16,84,3.1765466047076885,True,California,Grambling,42,0,2,10,43,1,Grambling,2015,California,Jared Goff,2016
400756890102864507,Pass Reception,4,7,33,67,2.7381317247622388,False,California,Grambling,35,0,2,13,54,1,Grambling,2015,California,Jared Goff,2016
400756890102864501,Pass Reception,1,10,75,25,0.604642460086338,False,California,Grambling,35,0,2,13,54,1,Grambling,2015,California,Jared Goff,2016
400756890102864502,Pass Reception,2,3,68,32,2.4623345646211874,False,California,Grambling,35,0,2,13,54,1,Grambling,2015,California,Jared Goff,2016
400756890102908804,Pass Incompletion,2,3,3,97,-0.413137785818898,False,California,Grambling,42,0,2,9,11,1,Grambling,2015,California,Jared Goff,2016
400756890102908805,Pass Incompletion,3,3,3,97,-0.291784144723391,False,California,Grambling,42,0,2,9,11,1,Grambling,2015,California,Jared Goff,2016
400756890102937008,Pass Reception,2,7,57,43,1.426100911556052,False,California,Grambling,45,0,2,6,29,1,Grambling,2015,California,Jared Goff,2016
400756890102937010,Pass Reception,2,8,47,53,1.7864520368496524,False,California,Grambling,45,0,2,6,29,1,Grambling,2015,California,Jared Goff,2016
400756890102937006,Pass Reception,2,4,65,35,0.6526705871862682,False,California,Grambling,45,0,2,6,29,1,Grambling,2015,California,Jared Goff,2016
400756890102937005,Pass Reception,1,10,71,29,0.366045681425021,False,California,Grambling,45,0,2,6,29,1,Grambling,2015,California,Jared Goff,2016
400756890102937001,Pass Reception,1,10,95,5,0.29740049815959413,False,California,Grambling,45,0,2,6,29,1,Grambling,2015,California,Jared Goff,2016
400756890102937003,Pass Reception,2,6,81,19,-0.17079463757320745,False,California,Grambling,45,0,2,6,29,1,Grambling,2015,California,Jared Goff,2016
400756890102937009,Pass Reception,1,10,49,51,-0.6159141942829951,False,California,Grambling,45,0,2,6,29,1,Grambling,2015,California,Jared Goff,2016
400756890102937004,Pass Reception,3,3,78,22,1.0820040115803566,False,California,Grambling,45,0,2,6,29,1,Grambling,2015,California,Jared Goff,2016
400756890103854503,Pass Incompletion,2,3,57,43,-1.273149056539049,False,California,Grambling,52,0,3,14,54,1,Grambling,2015,California,Jared Goff,2016
400756890103854505,Pass Interception Return,1,10,51,49,-3.076632796107061,False,California,Grambling,52,0,3,14,54,1,Grambling,2015,California,Jared Goff,2016
400756890103854504,Pass Reception,3,3,57,43,1.7863505701686877,False,California,Grambling,52,0,3,14,54,1,Grambling,2015,California,Jared Goff,2016
400756890103854501,Pass Reception,1,10,74,26,0.8595837046856349,False,California,Grambling,52,0,3,14,54,1,Grambling,2015,California,Jared Goff,2016
400756890103877205,Pass Incompletion,1,6,6,94,-0.476177221716661,False,California,Grambling,52,0,3,12,27,1,Grambling,2015,California,Jared Goff,2016
400756890103877203,Pass Reception,3,6,41,59,2.0173509385713206,False,California,Grambling,52,0,3,12,27,1,Grambling,2015,California,Jared Goff,2016
400756890103877202,Pass Reception,2,10,45,55,-0.1609945635553165,False,California,Grambling,52,0,3,12,27,1,Grambling,2015,California,Jared Goff,2016
400756890103926702,Pass Incompletion,2,15,70,30,-0.28821870650710757,False,California,Grambling,59,0,3,7,32,1,Grambling,2015,California,Jared Goff,2016
400756890103956803,Pass Incompletion,1,10,41,59,-0.8772679222659558,False,California,Grambling,59,0,3,4,31,1,Grambling,2015,California,Jared Goff,2016
400756890103956802,Pass Reception,2,1,46,54,-0.1960129064155111,False,California,Grambling,59,0,3,4,31,1,Grambling,2015,California,Jared Goff,2016
400756890103956807,Pass Incompletion,1,6,6,94,-0.476177221716661,False,California,Grambling,59,0,3,4,31,1,Grambling,2015,California,Jared Goff,2016
400756890103956805,Pass Reception,3,14,45,55,3.347415723149679,False,California,Grambling,59,0,3,4,31,1,Grambling,2015,California,Jared Goff,2016
400756890103956806,Pass Reception,1,10,21,79,0.579807042730216,False,California,Grambling,59,0,3,4,31,1,Grambling,2015,California,Jared Goff,2016
400756890103956801,Pass Reception,1,10,55,45,1.2321065178353567,False,California,Grambling,59,0,3,4,31,1,Grambling,2015,California,Jared Goff,2016
400756890104876506,Pass Incompletion,2,2,44,56,-2.6295859721089663,False,California,Grambling,66,7,4,12,34,1,Grambling,2015,California,Jared Goff,2016
400756890104876508,Pass Incompletion,3,8,50,50,-0.7948843546832176,False,California,Grambling,66,7,4,12,34,1,Grambling,2015,California,Jared Goff,2016
400756890104906206,Pass Reception,2,4,69,31,0.5971877108934222,False,California,Grambling,66,14,4,9,37,1,Grambling,2015,California,Jared Goff,2016
400756890104934501,Passing Touchdown,3,9,63,37,6.715967565161759,True,California,Grambling,73,14,4,6,54,1,Grambling,2015,California,Jared Goff,2016
400757022101889105,Pass Incompletion,3,7,63,37,-0.45087147645664505,False,California,San Diego State,0,7,1,11,8,2,San Diego State,2015,California,Jared Goff,2016
400757022101889101,Pass Reception,1,10,76,24,0.8088489536861765,False,California,San Diego State,0,7,1,11,8,2,San Diego State,2015,California,Jared Goff,2016
400757022101889104,Pass Reception,2,8,64,36,-0.617496896386525,False,California,San Diego State,0,7,1,11,8,2,San Diego State,2015,California,Jared Goff,2016
400757022101889102,Pass Reception,1,10,66,34,0.7039091622223153,False,California,San Diego State,0,7,1,11,8,2,San Diego State,2015,California,Jared Goff,2016
400757022101924907,Pass Incompletion,3,18,48,52,-0.45969513818260577,False,California,San Diego State,0,7,1,7,50,2,San Diego State,2015,California,Jared Goff,2016
400757022101924902,Pass Reception,2,10,88,12,2.9290189949347756,False,California,San Diego State,0,7,1,7,50,2,San Diego State,2015,California,Jared Goff,2016
400757022101924901,Pass Reception,1,10,88,12,-0.3826565410356668,False,California,San Diego State,0,7,1,7,50,2,San Diego State,2015,California,Jared Goff,2016
400757022102855001,Pass Incompletion,1,10,78,22,-0.6135902757979226,False,California,San Diego State,0,7,2,14,49,2,San Diego State,2015,California,Jared Goff,2016
400757022102855007,Pass Reception,2,10,34,66,2.386513127919803,False,California,San Diego State,0,7,2,14,49,2,San Diego State,2015,California,Jared Goff,2016
400757022102877701,Passing Touchdown,2,4,4,96,2.3338902404479605,True,California,San Diego State,7,7,2,12,22,2,San Diego State,2015,California,Jared Goff,2016
400757022102855002,Pass Reception,2,10,78,22,0.4251525156014227,False,California,San Diego State,0,7,2,14,49,2,San Diego State,2015,California,Jared Goff,2016
400757022102889503,Pass Interception Return,1,10,70,30,-1.3072134810956566,False,California,San Diego State,7,7,2,11,4,2,San Diego State,2015,California,Jared Goff,2016
400757022102924604,Pass Incompletion,3,5,18,82,-0.554520316054294,False,California,San Diego State,7,7,2,7,53,2,San Diego State,2015,California,Jared Goff,2016
400757022102924601,Pass Reception,1,10,82,18,3.824320571221622,False,California,San Diego State,7,7,2,7,53,2,San Diego State,2015,California,Jared Goff,2016
400757022102998801,Passing Touchdown,1,10,13,87,2.538929215045847,True,California,San Diego State,14,7,2,0,11,2,San Diego State,2015,California,Jared Goff,2016
400757022102989601,Pass Reception,1,10,65,35,2.1913083792145915,False,California,San Diego State,7,7,2,1,3,2,San Diego State,2015,California,Jared Goff,2016
400757022102989602,Pass Reception,1,10,37,63,0.5124794164308962,False,California,San Diego State,7,7,2,1,3,2,San Diego State,2015,California,Jared Goff,2016
400757022103854901,Passing Touchdown,1,10,75,25,6.0777551197213215,True,California,San Diego State,21,7,3,14,50,2,San Diego State,2015,California,Jared Goff,2016
400757022103876803,Pass Reception,2,10,69,31,-0.21237370417582113,False,California,San Diego State,21,7,3,12,31,2,San Diego State,2015,California,Jared Goff,2016
400757022103876802,Pass Incompletion,1,10,69,31,-0.8947814664467213,False,California,San Diego State,21,7,3,12,31,2,San Diego State,2015,California,Jared Goff,2016
400757022103876804,Pass Reception,3,7,66,34,2.1527429636982767,False,California,San Diego State,21,7,3,12,31,2,San Diego State,2015,California,Jared Goff,2016
400757022103946404,Pass Incompletion,2,6,18,82,-0.4289113125992876,False,California,San Diego State,21,7,3,5,35,2,San Diego State,2015,California,Jared Goff,2016
400757022103946405,Pass Reception,3,6,18,82,-0.0622269592833824,False,California,San Diego State,21,7,3,5,35,2,San Diego State,2015,California,Jared Goff,2016
400757022103946401,Pass Reception,1,10,45,55,0.539787924153398,False,California,San Diego State,21,7,3,5,35,2,San Diego State,2015,California,Jared Goff,2016
400757022104937203,Pass Incompletion,3,5,86,14,-0.16212976268062462,False,California,San Diego State,35,7,4,6,27,2,San Diego State,2015,California,Jared Goff,2016
400757034101849902,Pass Reception,1,10,75,75,0.3333748010525683,False,Texas,California,0,0,1,15,0,3,Texas,2015,California,Jared Goff,2016
400757034101878502,Pass Incompletion,2,10,64,64,-0.6310378338259923,False,Texas,California,0,0,1,12,14,3,Texas,2015,California,Jared Goff,2016
400757034101904102,Pass Reception,3,7,34,34,2.0779496081469784,False,Texas,California,0,0,1,9,58,3,Texas,2015,California,Jared Goff,2016
400757034101878501,Pass Reception,1,10,64,64,-1.041155320344064,False,Texas,California,0,0,1,12,14,3,Texas,2015,California,Jared Goff,2016
400757034101878507,Pass Incompletion,2,7,34,34,-0.8424218332734518,False,Texas,California,0,0,1,12,14,3,Texas,2015,California,Jared Goff,2016
400757034101878504,Pass Reception,1,10,52,52,1.150899831387264,False,Texas,California,0,0,1,12,14,3,Texas,2015,California,Jared Goff,2016
400757034101915001,Passing Touchdown,3,6,6,6,2.823761850174648,True,Texas,California,7,0,1,8,49,3,Texas,2015,California,Jared Goff,2016
400757034101904104,Pass Incompletion,2,6,6,6,-0.29509485739271,False,Texas,California,0,0,1,9,58,3,Texas,2015,California,Jared Goff,2016
400757034101948307,Pass Reception,1,10,34,34,0.3845817836398665,False,Texas,California,7,7,1,5,16,3,Texas,2015,California,Jared Goff,2016
400757034101948304,Pass Incompletion,1,10,75,75,-0.7029700220436519,False,Texas,California,7,7,1,5,16,3,Texas,2015,California,Jared Goff,2016
400757034101948311,Pass Reception,3,5,17,17,0.4924882070609687,False,Texas,California,7,7,1,5,16,3,Texas,2015,California,Jared Goff,2016
400757034101948310,Pass Reception,2,11,23,23,0.1402503893635387,False,Texas,California,7,7,1,5,16,3,Texas,2015,California,Jared Goff,2016
400757034101948305,Pass Reception,2,10,75,75,3.367842784254952,False,Texas,California,7,7,1,5,16,3,Texas,2015,California,Jared Goff,2016
400757034101948306,Pass Reception,1,10,44,44,0.4761561965963513,False,Texas,California,7,7,1,5,16,3,Texas,2015,California,Jared Goff,2016
400757034102899901,Passing Touchdown,4,3,17,17,3.3749783455339486,True,Texas,California,14,10,2,10,0,3,Texas,2015,California,Jared Goff,2016
400757034102874706,Pass Reception,1,10,38,38,0.413154699978213,False,Texas,California,7,10,2,12,52,3,Texas,2015,California,Jared Goff,2016
400757034102874705,Pass Reception,1,10,62,62,1.8584109920943026,False,Texas,California,7,10,2,12,52,3,Texas,2015,California,Jared Goff,2016
400757034102874707,Pass Reception,1,10,24,24,0.075070788233958,False,Texas,California,7,10,2,12,52,3,Texas,2015,California,Jared Goff,2016
400757034102874703,Pass Reception,1,10,75,75,1.252308359788624,False,Texas,California,7,10,2,12,52,3,Texas,2015,California,Jared Goff,2016
400757034102874708,Pass Incompletion,2,5,19,19,-0.463932173439051,False,Texas,California,7,10,2,12,52,3,Texas,2015,California,Jared Goff,2016
400757034102924604,Pass Reception,1,10,75,75,0.9104368550610653,False,Texas,California,14,17,2,7,53,3,Texas,2015,California,Jared Goff,2016
400757034102924608,Pass Reception,3,2,22,22,-0.4901566201884596,False,Texas,California,14,17,2,7,53,3,Texas,2015,California,Jared Goff,2016
400757034102984601,Pass Incompletion,1,10,80,80,-0.5586693796725282,False,Texas,California,14,17,2,1,53,3,Texas,2015,California,Jared Goff,2016
400757034102986705,Pass Reception,1,10,26,26,1.0318116036942055,False,Texas,California,14,24,2,1,32,3,Texas,2015,California,Jared Goff,2016
400757034102998001,Pass Reception,2,2,22,22,-0.277945929512784,False,Texas,California,21,24,2,0,19,3,Texas,2015,California,Jared Goff,2016
400757034102997501,Pass Reception,1,10,30,30,0.512285959651141,False,Texas,California,21,24,2,0,24,3,Texas,2015,California,Jared Goff,2016
400757034102998601,Pass Incompletion,1,10,17,17,-0.340019558909725,False,Texas,California,21,24,2,0,13,3,Texas,2015,California,Jared Goff,2016
400757034103858304,Pass Reception,2,3,24,24,1.267455219054193,False,Texas,California,24,24,3,14,16,3,Texas,2015,California,Jared Goff,2016
400757034103858301,Pass Reception,1,10,42,42,0.883641454107563,False,Texas,California,24,24,3,14,16,3,Texas,2015,California,Jared Goff,2016
400757034103919706,Pass Reception,1,10,30,30,0.234340030138357,False,Texas,California,31,24,3,8,2,3,Texas,2015,California,Jared Goff,2016
400757034103957101,Passing Touchdown,1,3,3,3,1.464451732731337,True,Texas,California,38,24,3,4,28,3,Texas,2015,California,Jared Goff,2016
400757034104867510,Pass Reception,2,13,65,65,0.36086385044280256,False,Texas,California,45,31,4,13,24,3,Texas,2015,California,Jared Goff,2016
400757034104867508,Pass Reception,3,8,73,73,2.0561626745004977,False,Texas,California,45,31,4,13,24,3,Texas,2015,California,Jared Goff,2016
400757034104867506,Pass Incompletion,2,3,68,68,-0.9937966012014892,False,Texas,California,45,31,4,13,24,3,Texas,2015,California,Jared Goff,2016
400757034104916202,Pass Reception,2,8,54,54,-0.8393193832877497,False,Texas,California,45,31,4,8,37,3,Texas,2015,California,Jared Goff,2016
400757034104916203,Pass Incompletion,3,7,53,53,-0.7482086578938967,False,Texas,California,45,31,4,8,37,3,Texas,2015,California,Jared Goff,2016
400757034104979102,Pass Incompletion,3,7,44,44,-0.994152972638215,False,Texas,California,45,38,4,2,8,3,Texas,2015,California,Jared Goff,2016
400757040101849906,Pass Incompletion,3,3,37,37,-1.0750530991764542,False,Washington,California,0,0,1,15,0,4,Washington,2015,California,Jared Goff,2016
400757040101849904,Pass Reception,1,10,44,44,-0.3178831342797892,False,Washington,California,0,0,1,15,0,4,Washington,2015,California,Jared Goff,2016
400757040101849903,Pass Reception,1,10,75,75,2.6648727622113,False,Washington,California,0,0,1,15,0,4,Washington,2015,California,Jared Goff,2016
400757040101888208,Pass Incompletion,2,9,13,13,-0.3245566957386374,False,Washington,California,0,0,1,11,17,4,Washington,2015,California,Jared Goff,2016
400757040101888202,Pass Reception,2,8,52,52,1.617894459486255,False,Washington,California,0,0,1,11,17,4,Washington,2015,California,Jared Goff,2016
400757040101888206,Pass Reception,1,10,29,29,0.2400180094190305,False,Washington,California,0,0,1,11,17,4,Washington,2015,California,Jared Goff,2016
400757040102849905,Pass Reception,2,10,49,49,0.0743034836232805,False,Washington,California,3,7,2,15,0,4,Washington,2015,California,Jared Goff,2016
400757040102849904,Pass Incompletion,1,10,49,49,-1.0955888671820908,False,Washington,California,3,7,2,15,0,4,Washington,2015,California,Jared Goff,2016
400757040102849908,Pass Reception,2,7,20,20,0.2646941467752115,False,Washington,California,3,7,2,15,0,4,Washington,2015,California,Jared Goff,2016
400757040101986706,Pass Reception,1,20,89,89,2.031375333705694,False,Washington,California,3,7,1,1,32,4,Washington,2015,California,Jared Goff,2016
400757040102849903,Pass Reception,2,10,69,69,2.7397419199245228,False,Washington,California,3,7,2,15,0,4,Washington,2015,California,Jared Goff,2016
400757040102849906,Pass Reception,3,5,44,44,2.11963825712483,False,Washington,California,3,7,2,15,0,4,Washington,2015,California,Jared Goff,2016
400757040102849902,Pass Incompletion,1,10,69,69,-0.8947814664467213,False,Washington,California,3,7,2,15,0,4,Washington,2015,California,Jared Goff,2016
400757040102898601,Pass Incompletion,1,10,29,29,-0.534372502378378,False,Washington,California,10,7,2,10,13,4,Washington,2015,California,Jared Goff,2016
400757040102898606,Pass Incompletion,3,1,1,1,-0.331755745676551,False,Washington,California,10,7,2,10,13,4,Washington,2015,California,Jared Goff,2016
400757040102924202,Pass Reception,2,7,20,20,0.1744554612539865,False,Washington,California,10,7,2,7,57,4,Washington,2015,California,Jared Goff,2016
400757040102949602,Pass Reception,2,17,69,69,0.606040420784983,False,Washington,California,13,7,2,5,3,4,Washington,2015,California,Jared Goff,2016
400757040102979901,Passing Touchdown,1,10,28,28,2.764014474138431,True,Washington,California,20,7,2,2,0,4,Washington,2015,California,Jared Goff,2016
400757040102949603,Pass Reception,3,7,59,59,2.413575923372619,False,Washington,California,13,7,2,5,3,4,Washington,2015,California,Jared Goff,2016
400757040102949604,Pass Reception,1,10,51,51,0.353216982318957,False,Washington,California,13,7,2,5,3,4,Washington,2015,California,Jared Goff,2016
400757040102997901,Pass Incompletion,2,7,37,37,-0.934430506952081,False,Washington,California,20,7,2,0,20,4,Washington,2015,California,Jared Goff,2016
400757040102998101,Pass Interception Return,3,7,37,37,-2.606494381860676,False,Washington,California,20,7,2,0,18,4,Washington,2015,California,Jared Goff,2016
400757040103874901,Pass Reception,1,10,62,62,2.4391767984300485,False,Washington,California,20,7,3,12,50,4,Washington,2015,California,Jared Goff,2016
400757040103874903,Pass Reception,2,10,10,10,-0.1468662826898704,False,Washington,California,20,7,3,12,50,4,Washington,2015,California,Jared Goff,2016
400757040103894801,Passing Touchdown,3,8,8,8,2.946086184191255,True,Washington,California,27,7,3,10,51,4,Washington,2015,California,Jared Goff,2016
400757040103928301,Pass Incompletion,1,10,74,74,-0.7342478781140684,False,Washington,California,27,14,3,7,16,4,Washington,2015,California,Jared Goff,2016
400757040103928308,Pass Incompletion,1,15,55,55,-1.0018685912744931,False,Washington,California,27,14,3,7,16,4,Washington,2015,California,Jared Goff,2016
400757040103928302,Pass Incompletion,2,10,74,74,-0.3675373383433538,False,Washington,California,27,14,3,7,16,4,Washington,2015,California,Jared Goff,2016
400757040103928310,Pass Reception,3,5,45,45,2.18122424685372,False,Washington,California,27,14,3,7,16,4,Washington,2015,California,Jared Goff,2016
400757040103928303,Pass Reception,3,10,74,74,2.2535454924535223,False,Washington,California,27,14,3,7,16,4,Washington,2015,California,Jared Goff,2016
400757040103978704,Pass Incompletion,2,10,63,63,-0.6622137678957802,False,Washington,California,27,21,3,2,12,4,Washington,2015,California,Jared Goff,2016
400757040103978703,Pass Incompletion,1,10,63,63,-1.065701080215459,False,Washington,California,27,21,3,2,12,4,Washington,2015,California,Jared Goff,2016
400757040103978702,Pass Reception,2,4,70,70,0.7705520860819188,False,Washington,California,27,21,3,2,12,4,Washington,2015,California,Jared Goff,2016
400757040104849902,Pass Incompletion,3,15,38,38,-0.8695017668597292,False,Washington,California,27,21,4,15,0,4,Washington,2015,California,Jared Goff,2016
400757040103978705,Pass Reception,3,10,63,63,2.9370137095676165,False,Washington,California,27,21,3,2,12,4,Washington,2015,California,Jared Goff,2016
400757040104894611,Pass Incompletion,2,21,23,23,-0.8646912579748669,False,Washington,California,27,21,4,10,53,4,Washington,2015,California,Jared Goff,2016
400757040104894602,Pass Reception,2,6,65,65,1.5669141418310095,False,Washington,California,27,21,4,10,53,4,Washington,2015,California,Jared Goff,2016
400757040104894607,Pass Reception,2,8,23,23,0.4134661746076275,False,Washington,California,27,21,4,10,53,4,Washington,2015,California,Jared Goff,2016
400757040104894604,Pass Incompletion,2,8,52,52,-1.0672177675460617,False,Washington,California,27,21,4,10,53,4,Washington,2015,California,Jared Goff,2016
400757040104894605,Pass Reception,3,8,52,52,3.2255474906627786,False,Washington,California,27,21,4,10,53,4,Washington,2015,California,Jared Goff,2016
400757040104964205,Pass Incompletion,2,14,64,64,-0.4564131303622849,False,Washington,California,30,24,4,3,57,4,Washington,2015,California,Jared Goff,2016
400757044101856301,Pass Incompletion,1,10,60,40,-1.1247712359915258,False,California,Washington State,0,0,1,14,36,5,Washington State,2015,California,Jared Goff,2016
400757044101854401,Pass Reception,1,10,75,25,1.320854515577646,False,California,Washington State,0,0,1,14,55,5,Washington State,2015,California,Jared Goff,2016
400757044101857201,Pass Interception Return,2,10,60,40,-1.1183281598647987,False,California,Washington State,0,0,1,14,27,5,Washington State,2015,California,Jared Goff,2016
400757044101877901,Pass Reception,1,10,75,25,1.252308359788624,False,California,Washington State,0,0,1,12,20,5,Washington State,2015,California,Jared Goff,2016
400757044101894601,Pass Incompletion,1,10,48,52,-1.0742999147475647,False,California,Washington State,0,0,1,10,53,5,Washington State,2015,California,Jared Goff,2016
400757044101895101,Pass Incompletion,2,10,48,52,-1.0509966519448302,False,California,Washington State,0,0,1,10,48,5,Washington State,2015,California,Jared Goff,2016
400757044101885601,Pass Incompletion,1,10,61,39,-1.1077677360468863,False,California,Washington State,0,0,1,11,43,5,Washington State,2015,California,Jared Goff,2016
400757044101886501,Pass Reception,2,10,61,39,1.0507084566435676,False,California,Washington State,0,0,1,11,34,5,Washington State,2015,California,Jared Goff,2016
400757044101896201,Pass Reception,3,10,48,52,2.8007523079585557,False,California,Washington State,0,0,1,10,37,5,Washington State,2015,California,Jared Goff,2016
400757044101907201,Pass Reception,2,11,37,63,0.5878092353514414,False,California,Washington State,0,0,1,9,27,5,Washington State,2015,California,Jared Goff,2016
400757044101957501,Pass Reception,2,6,75,25,1.181235348597391,False,California,Washington State,0,7,1,4,24,5,Washington State,2015,California,Jared Goff,2016
400757044101959801,Pass Incompletion,1,10,65,35,-1.0146424556055624,False,California,Washington State,0,7,1,4,1,5,Washington State,2015,California,Jared Goff,2016
400757044101985101,Passing Touchdown,1,10,34,66,2.93672616091367,True,California,Washington State,7,7,1,1,48,5,Washington State,2015,California,Jared Goff,2016
400757044101968701,Pass Reception,3,13,68,32,2.8904923426335465,False,California,Washington State,0,7,1,3,12,5,Washington State,2015,California,Jared Goff,2016
400757044101978701,Pass Reception,2,10,54,46,2.4071803474151334,False,California,Washington State,0,7,1,2,12,5,Washington State,2015,California,Jared Goff,2016
400757044102908901,Pass Incompletion,1,10,62,38,-1.087995077167328,False,California,Washington State,7,14,2,9,10,5,Washington State,2015,California,Jared Goff,2016
400757044102899901,Pass Reception,2,11,74,26,1.8551180898431827,False,California,Washington State,7,14,2,10,0,5,Washington State,2015,California,Jared Goff,2016
400757044102988101,Pass Reception,1,10,29,71,0.504148977298673,False,California,Washington State,7,21,2,1,18,5,Washington State,2015,California,Jared Goff,2016
400757044102979101,Pass Reception,1,10,40,60,0.400747959339229,False,California,Washington State,7,21,2,2,8,5,Washington State,2015,California,Jared Goff,2016
400757044102978601,Pass Reception,1,10,80,20,3.197008651667762,False,California,Washington State,7,21,2,2,13,5,Washington State,2015,California,Jared Goff,2016
400757044102996501,Passing Touchdown,1,5,9,91,1.916815788941312,True,California,Washington State,13,21,2,0,34,5,Washington State,2015,California,Jared Goff,2016
400757044103937301,Pass Incompletion,1,10,72,28,-0.7982008475508557,False,California,Washington State,20,28,3,6,26,5,Washington State,2015,California,Jared Goff,2016
400757044103944801,Pass Reception,2,10,72,28,0.35656078520897166,False,California,Washington State,20,28,3,5,51,5,Washington State,2015,California,Jared Goff,2016
400757044103977801,Passing Touchdown,2,2,20,80,2.267313723789902,True,California,Washington State,26,28,3,2,21,5,Washington State,2015,California,Jared Goff,2016
400757044103969901,Pass Reception,1,10,45,55,0.712499610928637,False,California,Washington State,20,28,3,3,0,5,Washington State,2015,California,Jared Goff,2016
400757044103974401,Pass Reception,1,10,28,72,0.496700750348529,False,California,Washington State,20,28,3,2,55,5,Washington State,2015,California,Jared Goff,2016
400757044103966901,Pass Reception,2,5,53,47,0.9751495752291905,False,California,Washington State,20,28,3,3,30,5,Washington State,2015,California,Jared Goff,2016
400757044103988201,Pass Reception,2,9,27,73,-0.2027540449846281,False,California,Washington State,26,28,3,1,17,5,Washington State,2015,California,Jared Goff,2016
400757044103978901,Pass Reception,1,10,48,52,0.922219362141526,False,California,Washington State,26,28,3,2,10,5,Washington State,2015,California,Jared Goff,2016
400757044103995701,Passing Touchdown,3,6,24,76,3.3572721077865406,True,California,Washington State,34,28,3,0,42,5,Washington State,2015,California,Jared Goff,2016
400757044104878101,Pass Reception,2,16,76,24,0.1525782999329044,False,California,Washington State,34,28,4,12,18,5,Washington State,2015,California,Jared Goff,2016
400757044104864401,Pass Incompletion,2,11,81,19,-0.21903706809052714,False,California,Washington State,34,28,4,13,55,5,Washington State,2015,California,Jared Goff,2016
400757044104866901,Pass Reception,3,11,81,19,1.5466437713630192,False,California,Washington State,34,28,4,13,30,5,Washington State,2015,California,Jared Goff,2016
400757044104948901,Pass Reception,2,8,39,61,-0.1266362967301901,False,California,Washington State,34,28,4,5,10,5,Washington State,2015,California,Jared Goff,2016
400757044104904001,Pass Reception,1,10,85,15,0.9642739174704964,False,California,Washington State,34,28,4,9,59,5,Washington State,2015,California,Jared Goff,2016
400757044104955501,Pass Incompletion,3,4,35,65,-1.0337477138727724,False,California,Washington State,34,28,4,4,44,5,Washington State,2015,California,Jared Goff,2016
400757044104956101,Pass Reception,4,4,35,65,-2.125615331923779,False,California,Washington State,34,28,4,4,38,5,Washington State,2015,California,Jared Goff,2016
400757044104938801,Pass Reception,2,1,45,55,-0.2615038867272614,False,California,Washington State,34,28,4,6,11,5,Washington State,2015,California,Jared Goff,2016
400757044104937201,Pass Reception,1,10,54,46,1.20588179851595,False,California,Washington State,34,28,4,6,27,5,Washington State,2015,California,Jared Goff,2016
400757044104979801,Pass Incompletion,2,10,78,22,-0.29227926870296894,False,California,Washington State,34,28,4,2,1,5,Washington State,2015,California,Jared Goff,2016
400757044104975901,Pass Reception,3,4,84,16,0.7793444300128227,False,California,Washington State,34,28,4,2,40,5,Washington State,2015,California,Jared Goff,2016
400757044104984701,Pass Reception,3,10,78,22,1.8410849571123995,False,California,Washington State,34,28,4,1,52,5,Washington State,2015,California,Jared Goff,2016
400757044104975101,Pass Incompletion,2,4,84,16,-0.46897858965701733,False,California,Washington State,34,28,4,2,48,5,Washington State,2015,California,Jared Goff,2016
400757048101849903,Pass Reception,1,10,75,75,1.252308359788624,False,Utah,California,0,0,1,15,0,6,Utah,2015,California,Jared Goff,2016
400757048101868401,Pass Reception,2,2,55,55,0.4712356636618347,False,Utah,California,0,0,1,13,15,6,Utah,2015,California,Jared Goff,2016
400757048101885401,Pass Incompletion,2,6,29,29,-0.682442837013065,False,Utah,California,0,0,1,11,45,6,Utah,2015,California,Jared Goff,2016
400757048101887001,Pass Interception Return,3,6,29,29,-3.355032898770615,False,Utah,California,0,0,1,11,29,6,Utah,2015,California,Jared Goff,2016
400757048101875401,Pass Reception,1,10,46,46,0.6402126346324764,False,Utah,California,0,0,1,12,45,6,Utah,2015,California,Jared Goff,2016
400757048101944803,Pass Reception,1,10,75,75,0.9104368550610653,False,Utah,California,0,3,1,5,51,6,Utah,2015,California,Jared Goff,2016
400757048101959001,Passing Touchdown,1,10,35,35,2.972588783776956,True,Utah,California,7,3,1,4,9,6,Utah,2015,California,Jared Goff,2016
400757048101988104,Pass Incompletion,1,10,75,75,-0.7029700220436519,False,Utah,California,7,10,1,1,18,6,Utah,2015,California,Jared Goff,2016
400757048101989201,Pass Interception Return,2,10,75,75,-0.21927485823502657,False,Utah,California,7,10,1,1,7,6,Utah,2015,California,Jared Goff,2016
400757048102875401,Pass Reception,2,8,68,68,-0.2639543249097694,False,Utah,California,7,10,2,12,45,6,Utah,2015,California,Jared Goff,2016
400757048102898901,Pass Incompletion,3,17,58,58,-0.25937822484295303,False,Utah,California,7,10,2,10,10,6,Utah,2015,California,Jared Goff,2016
400757048102878901,Pass Reception,3,5,65,65,2.581201753180019,False,Utah,California,7,10,2,12,10,6,Utah,2015,California,Jared Goff,2016
400757048102937401,Pass Incompletion,3,5,5,5,-0.290992528642002,False,Utah,California,7,10,2,6,25,6,Utah,2015,California,Jared Goff,2016
400757048102919302,Pass Reception,1,10,44,44,0.5005481645051048,False,Utah,California,7,10,2,8,6,6,Utah,2015,California,Jared Goff,2016
400757048102926901,Pass Reception,2,3,37,37,0.7155795626777055,False,Utah,California,7,10,2,7,30,6,Utah,2015,California,Jared Goff,2016
400757048102936901,Pass Incompletion,2,5,5,5,-0.32302193763867,False,Utah,California,7,10,2,6,30,6,Utah,2015,California,Jared Goff,2016
400757048102955201,Pass Interception Return,1,10,29,29,-4.211698815401888,False,Utah,California,10,10,2,4,47,6,Utah,2015,California,Jared Goff,2016
400757048102975901,Pass Interception Return,2,13,79,79,0.05777047509044575,False,Utah,California,10,17,2,2,40,6,Utah,2015,California,Jared Goff,2016
400757048102996901,Pass Reception,1,9,9,9,0.523885586173462,False,Utah,California,10,24,2,0,30,6,Utah,2015,California,Jared Goff,2016
400757048102997301,Passing Touchdown,2,1,1,1,1.900352237473006,True,Utah,California,17,24,2,0,26,6,Utah,2015,California,Jared Goff,2016
400757048102985204,Pass Reception,1,10,75,75,1.252308359788624,False,Utah,California,10,24,2,1,47,6,Utah,2015,California,Jared Goff,2016
400757048102988901,Pass Reception,1,10,58,58,0.9485009707728855,False,Utah,California,10,24,2,1,10,6,Utah,2015,California,Jared Goff,2016
400757048102995401,Pass Reception,2,22,59,59,4.376159385204108,False,Utah,California,10,24,2,0,45,6,Utah,2015,California,Jared Goff,2016
400757048103908901,Pass Reception,1,10,41,41,0.5404352636304619,False,Utah,California,17,27,3,9,10,6,Utah,2015,California,Jared Goff,2016
400757048103906901,Pass Reception,1,10,57,57,1.224797071614807,False,Utah,California,17,27,3,9,30,6,Utah,2015,California,Jared Goff,2016
400757048103919901,Pass Incompletion,3,8,23,23,-0.7701289820414613,False,Utah,California,17,27,3,8,0,6,Utah,2015,California,Jared Goff,2016
400757048103915401,Pass Incompletion,1,10,25,25,-0.4522778946200265,False,Utah,California,17,27,3,8,45,6,Utah,2015,California,Jared Goff,2016
400757048103949301,Pass Incompletion,2,12,77,77,-0.2489092113983693,False,Utah,California,17,27,3,5,6,6,Utah,2015,California,Jared Goff,2016
400757048103975402,Pass Reception,1,10,27,27,0.227453999142044,False,Utah,California,17,27,3,2,45,6,Utah,2015,California,Jared Goff,2016
400757048104894101,Pass Incompletion,3,9,61,61,-0.4235741469021441,False,Utah,California,24,30,4,10,58,6,Utah,2015,California,Jared Goff,2016
400757048104889101,Pass Incompletion,2,9,61,61,-0.7796739034661835,False,Utah,California,24,30,4,11,8,6,Utah,2015,California,Jared Goff,2016
400757048104885401,Pass Reception,2,10,75,75,1.8277215010854828,False,Utah,California,24,30,4,11,45,6,Utah,2015,California,Jared Goff,2016
400757048104879203,Pass Incompletion,1,10,75,75,-0.7029700220436519,False,Utah,California,24,30,4,12,7,6,Utah,2015,California,Jared Goff,2016
400757048104927501,Pass Interception Return,1,10,35,35,-4.027411216223044,False,Utah,California,24,30,4,7,24,6,Utah,2015,California,Jared Goff,2016
400757048104914201,Pass Reception,1,10,70,70,2.0065526826243865,False,Utah,California,24,30,4,8,57,6,Utah,2015,California,Jared Goff,2016
400757048104924301,Pass Incompletion,2,5,43,43,-1.0991546213533567,False,Utah,California,24,30,4,7,56,6,Utah,2015,California,Jared Goff,2016
400757048104997301,Pass Incompletion,4,5,21,21,-3.215509378386912,False,Utah,California,24,30,4,0,26,6,Utah,2015,California,Jared Goff,2016
400757048104985801,Pass Incompletion,1,10,43,43,-0.9391692565688832,False,Utah,California,24,30,4,1,41,6,Utah,2015,California,Jared Goff,2016
400757048104958201,Pass Reception,1,10,84,84,0.07867780591471615,False,Utah,California,24,30,4,4,17,6,Utah,2015,California,Jared Goff,2016
400757048104995401,Pass Incompletion,1,10,26,26,-0.4710467974920665,False,Utah,California,24,30,4,0,45,6,Utah,2015,California,Jared Goff,2016
400757048104978401,Pass Incompletion,2,4,48,48,-1.2153451318226605,False,Utah,California,24,30,4,2,15,6,Utah,2015,California,Jared Goff,2016
400757048104996801,Pass Incompletion,3,5,21,21,-0.641281466979601,False,Utah,California,24,30,4,0,31,6,Utah,2015,California,Jared Goff,2016
400757048104988001,Pass Reception,2,10,43,43,0.7190243061398204,False,Utah,California,24,30,4,1,19,6,Utah,2015,California,Jared Goff,2016
400757048104968801,Pass Reception,3,12,86,86,3.1144446642166974,False,Utah,California,24,30,4,3,11,6,Utah,2015,California,Jared Goff,2016
400757048104994001,Pass Reception,3,2,35,35,0.8525129159517365,False,Utah,California,24,30,4,0,59,6,Utah,2015,California,Jared Goff,2016
400757048104979801,Pass Reception,3,4,48,48,1.6729218285153813,False,Utah,California,24,30,4,2,1,6,Utah,2015,California,Jared Goff,2016
400757048104996201,Pass Reception,2,10,26,26,0.04783976526676,False,Utah,California,24,30,4,0,37,6,Utah,2015,California,Jared Goff,2016
400757056101894901,Pass Reception,2,10,15,15,-0.1877960101126453,False,UCLA,California,0,0,1,10,50,8,UCLA,2015,California,Jared Goff,2016
400757056101856901,Pass Incompletion,2,8,73,73,-0.4788075161366292,False,UCLA,California,0,0,1,14,30,8,UCLA,2015,California,Jared Goff,2016
400757056101878901,Pass Incompletion,2,8,39,39,-0.9957414928914172,False,UCLA,California,0,0,1,12,10,8,UCLA,2015,California,Jared Goff,2016
400757056101857901,Pass Reception,3,8,73,73,2.350153965381561,False,UCLA,California,0,0,1,14,20,8,UCLA,2015,California,Jared Goff,2016
400757056101867901,Pass Reception,2,10,59,59,1.081901319167045,False,UCLA,California,0,0,1,13,20,8,UCLA,2015,California,Jared Goff,2016
400757056101884401,Pass Reception,3,8,39,39,1.8954990174419046,False,UCLA,California,0,0,1,11,55,8,UCLA,2015,California,Jared Goff,2016
400757056101874401,Pass Reception,3,1,50,50,1.4753773986918477,False,UCLA,California,0,0,1,12,55,8,UCLA,2015,California,Jared Goff,2016
400757056101898401,Pass Reception,3,8,13,13,-0.0518010383250899,False,UCLA,California,0,0,1,10,15,8,UCLA,2015,California,Jared Goff,2016
400757056101948401,Pass Incompletion,3,1,66,66,-0.7006464561644021,False,UCLA,California,3,3,1,5,15,8,UCLA,2015,California,Jared Goff,2016
400757056101939501,Pass Reception,1,10,75,75,0.3333748010525683,False,UCLA,California,3,3,1,6,4,8,UCLA,2015,California,Jared Goff,2016
400757056101998201,Pass Incompletion,2,4,50,50,-1.236103264513007,False,UCLA,California,3,10,1,0,17,8,UCLA,2015,California,Jared Goff,2016
400757056101989801,Pass Reception,2,6,71,71,1.821860963280912,False,UCLA,California,3,10,1,1,1,8,UCLA,2015,California,Jared Goff,2016
400757056101985801,Pass Reception,1,10,75,75,-0.1142886249388964,False,UCLA,California,3,10,1,1,41,8,UCLA,2015,California,Jared Goff,2016
400757056102904501,Pass Incompletion,3,10,75,75,-0.15871308844886392,False,UCLA,California,3,17,2,9,54,8,UCLA,2015,California,Jared Goff,2016
400757056102939601,Pass Incompletion,2,10,75,75,-0.34710487712173865,False,UCLA,California,3,20,2,6,3,8,UCLA,2015,California,Jared Goff,2016
400757056102938901,Pass Incompletion,1,10,75,75,-0.7029700220436519,False,UCLA,California,3,20,2,6,10,8,UCLA,2015,California,Jared Goff,2016
400757056102944001,Pass Incompletion,3,10,75,75,-0.15871308844886392,False,UCLA,California,3,20,2,5,59,8,UCLA,2015,California,Jared Goff,2016
400757056102984001,Pass Incompletion,1,10,65,65,-1.0146424556055624,False,UCLA,California,3,23,2,1,59,8,UCLA,2015,California,Jared Goff,2016
400757056102987001,Pass Reception,1,10,40,40,1.500858625223366,False,UCLA,California,3,23,2,1,29,8,UCLA,2015,California,Jared Goff,2016
400757056102975101,Pass Incompletion,1,10,75,75,-0.7029700220436519,False,UCLA,California,3,23,2,2,48,8,UCLA,2015,California,Jared Goff,2016
400757056102975601,Pass Reception,2,10,75,75,-0.29282347426074384,False,UCLA,California,3,23,2,2,43,8,UCLA,2015,California,Jared Goff,2016
400757056102984801,Pass Reception,2,10,65,65,2.072461928611689,False,UCLA,California,3,23,2,1,51,8,UCLA,2015,California,Jared Goff,2016
400757056102985301,Pass Reception,1,10,54,54,0.995848393747867,False,UCLA,California,3,23,2,1,46,8,UCLA,2015,California,Jared Goff,2016
400757056102994801,Passing Touchdown,2,1,1,1,1.900352237473006,True,UCLA,California,10,23,2,0,51,8,UCLA,2015,California,Jared Goff,2016
400757056103889601,Pass Incompletion,2,5,75,75,-0.6063758180006475,False,UCLA,California,10,33,3,11,3,8,UCLA,2015,California,Jared Goff,2016
400757056103887801,Pass Reception,1,10,80,80,0.0855067756440384,False,UCLA,California,10,33,3,11,21,8,UCLA,2015,California,Jared Goff,2016
400757056103895201,Pass Reception,3,5,75,75,-0.04643921995789579,False,UCLA,California,10,33,3,10,47,8,UCLA,2015,California,Jared Goff,2016
400757056103879301,Pass Reception,1,10,93,93,0.3478394249732668,False,UCLA,California,10,33,3,12,6,8,UCLA,2015,California,Jared Goff,2016
400757056103945401,Pass Incompletion,3,7,17,17,-0.560421477304912,False,UCLA,California,10,33,3,5,45,8,UCLA,2015,California,Jared Goff,2016
400757056103954601,Passing Touchdown,3,1,1,1,2.45399822917955,True,UCLA,California,16,33,3,4,53,8,UCLA,2015,California,Jared Goff,2016
400757056103947201,Pass Incompletion,1,7,7,7,-0.410393837690526,False,UCLA,California,10,33,3,5,27,8,UCLA,2015,California,Jared Goff,2016
400757056103937401,Pass Incompletion,1,10,20,20,-0.374805786232315,False,UCLA,California,10,33,3,6,25,8,UCLA,2015,California,Jared Goff,2016
400757056103934401,Pass Reception,1,10,62,62,2.3350759116477917,False,UCLA,California,10,33,3,6,55,8,UCLA,2015,California,Jared Goff,2016
400757056103928201,Pass Reception,3,2,65,65,-0.5518256386551137,False,UCLA,California,10,33,3,7,17,8,UCLA,2015,California,Jared Goff,2016
400757056103946001,Pass Reception,4,7,17,17,1.499993203830922,False,UCLA,California,10,33,3,5,39,8,UCLA,2015,California,Jared Goff,2016
400757056103994201,Pass Incompletion,2,7,57,57,-1.0130007081040446,False,UCLA,California,16,40,3,0,57,8,UCLA,2015,California,Jared Goff,2016
400757056103988701,Pass Reception,1,10,60,60,-0.4315308590496248,False,UCLA,California,16,40,3,1,12,8,UCLA,2015,California,Jared Goff,2016
400757056104856301,Pass Incompletion,1,10,33,33,-0.6351269961541294,False,UCLA,California,16,40,4,14,36,8,UCLA,2015,California,Jared Goff,2016
400757056103999901,Pass Reception,2,7,42,42,-0.8288051379278069,False,UCLA,California,16,40,3,0,0,8,UCLA,2015,California,Jared Goff,2016
400757056103986801,Pass Reception,2,1,66,66,0.0685461557890222,False,UCLA,California,16,40,3,1,31,8,UCLA,2015,California,Jared Goff,2016
400757056104905601,Pass Reception,2,16,79,79,0.2853709699140259,False,UCLA,California,16,40,4,9,43,8,UCLA,2015,California,Jared Goff,2016
400757056104908601,Pass Incompletion,3,7,70,70,-0.2994278057522406,False,UCLA,California,16,40,4,9,13,8,UCLA,2015,California,Jared Goff,2016
400757056104959001,Pass Reception,3,3,22,22,0.4081408721576983,False,UCLA,California,16,40,4,4,9,8,UCLA,2015,California,Jared Goff,2016
400757056104956001,Pass Incompletion,1,10,29,29,-0.534372502378378,False,UCLA,California,16,40,4,4,39,8,UCLA,2015,California,Jared Goff,2016
400757056104979901,Passing Touchdown,4,9,18,18,3.940751675853699,True,UCLA,California,24,40,4,2,0,8,UCLA,2015,California,Jared Goff,2016
400757056104954201,Pass Reception,2,3,39,39,0.2252379316569733,False,UCLA,California,16,40,4,4,57,8,UCLA,2015,California,Jared Goff,2016
400757056104938201,Pass Incompletion,1,5,56,56,-1.3859847176982445,False,UCLA,California,16,40,4,6,17,8,UCLA,2015,California,Jared Goff,2016
400757056104995302,Pass Incompletion,1,10,91,91,-0.334056406101074,False,UCLA,California,24,40,4,0,46,8,UCLA,2015,California,Jared Goff,2016
400757056104998401,Pass Reception,1,10,66,66,0.3949221212311402,False,UCLA,California,24,40,4,0,15,8,UCLA,2015,California,Jared Goff,2016
400757056104999501,Pass Reception,3,4,60,60,2.158338189102487,False,UCLA,California,24,40,4,0,4,8,UCLA,2015,California,Jared Goff,2016
400757056104999201,Pass Incompletion,2,4,60,60,-1.139858124496952,False,UCLA,California,24,40,4,0,7,8,UCLA,2015,California,Jared Goff,2016
400757056104996201,Pass Reception,2,10,91,91,1.0106240187101614,False,UCLA,California,24,40,4,0,37,8,UCLA,2015,California,Jared Goff,2016
400757056104997501,Pass Reception,1,10,76,76,0.8088489536861765,False,UCLA,California,24,40,4,0,24,8,UCLA,2015,California,Jared Goff,2016
400757063101849903,Pass Reception,2,4,75,25,2.0632553409313887,False,California,USC,0,0,1,15,0,9,USC,2015,California,Jared Goff,2016
400757063101934003,Passing Touchdown,4,1,6,94,2.873687149505024,True,California,USC,7,0,1,6,59,9,USC,2015,California,Jared Goff,2016
400757063101878906,Pass Reception,1,10,53,47,0.8547798076767883,False,California,USC,0,0,1,12,10,9,USC,2015,California,Jared Goff,2016
400757063101878903,Pass Reception,2,6,83,17,0.07139862684178855,False,California,USC,0,0,1,12,10,9,USC,2015,California,Jared Goff,2016
400757063101878910,Pass Reception,2,6,25,75,0.276214567324821,False,California,USC,0,0,1,12,10,9,USC,2015,California,Jared Goff,2016
400757063101878912,Pass Reception,2,10,15,85,0.375705438174276,False,California,USC,0,0,1,12,10,9,USC,2015,California,Jared Goff,2016
400757063101966601,Pass Reception,1,10,94,6,0.45807393977823,False,California,USC,7,0,1,3,33,9,USC,2015,California,Jared Goff,2016
400757063102928708,Pass Incompletion,3,11,40,60,-0.9467172263806604,False,California,USC,7,7,2,7,12,9,USC,2015,California,Jared Goff,2016
400757063102928707,Pass Incompletion,2,11,40,60,-1.0291233349696824,False,California,USC,7,7,2,7,12,9,USC,2015,California,Jared Goff,2016
400757063102928702,Pass Reception,1,10,65,35,-0.1595952673507188,False,California,USC,7,7,2,7,12,9,USC,2015,California,Jared Goff,2016
400757063102928703,Pass Reception,2,6,61,39,1.2174147403568456,False,California,USC,7,7,2,7,12,9,USC,2015,California,Jared Goff,2016
400757063102928705,Pass Reception,2,9,53,47,1.965587684283273,False,California,USC,7,7,2,7,12,9,USC,2015,California,Jared Goff,2016
400757063102999201,Pass Reception,1,10,58,42,0.9485009707728855,False,California,USC,7,10,2,0,7,9,USC,2015,California,Jared Goff,2016
400757063102999202,Pass Incompletion,1,10,47,53,-1.0507069190375147,False,California,USC,7,10,2,0,7,9,USC,2015,California,Jared Goff,2016
400757063103908308,Pass Reception,1,10,20,80,0.186246289322352,False,California,USC,7,24,3,9,16,9,USC,2015,California,Jared Goff,2016
400757063103908309,Pass Reception,2,4,14,86,0.37919166864407,False,California,USC,7,24,3,9,16,9,USC,2015,California,Jared Goff,2016
400757063103908304,Pass Reception,1,10,70,30,1.9304559672670951,False,California,USC,7,24,3,9,16,9,USC,2015,California,Jared Goff,2016
400757063103908306,Pass Reception,2,9,48,52,1.71572091268475,False,California,USC,7,24,3,9,16,9,USC,2015,California,Jared Goff,2016
400757063103908302,Pass Reception,2,9,80,20,0.4443912542607267,False,California,USC,7,24,3,9,16,9,USC,2015,California,Jared Goff,2016
400757063103986201,Pass Reception,1,10,91,9,0.4361281604197753,False,California,USC,14,27,3,1,37,9,USC,2015,California,Jared Goff,2016
400757063103986202,Pass Reception,1,10,80,20,3.3346491641283595,False,California,USC,14,27,3,1,37,9,USC,2015,California,Jared Goff,2016
400757063104849901,Pass Reception,3,3,30,70,-2.4012644424789897,False,California,USC,14,27,4,15,0,9,USC,2015,California,Jared Goff,2016
400757063104849902,Pass Interception Return,4,10,37,63,-1.2164910325848393,False,California,USC,14,27,4,15,0,9,USC,2015,California,Jared Goff,2016
400757063104894503,Pass Incompletion,3,12,72,28,-0.15640808346597715,False,California,USC,14,27,4,10,54,9,USC,2015,California,Jared Goff,2016
400757063104928609,Pass Reception,3,13,45,55,0.458209624568882,False,California,USC,14,27,4,7,13,9,USC,2015,California,Jared Goff,2016
400757063104964701,Passing Touchdown,1,9,9,91,2.424237823646468,True,California,USC,21,27,4,3,52,9,USC,2015,California,Jared Goff,2016
400757063104928607,Pass Incompletion,1,20,52,48,-0.9018160377942479,False,California,USC,14,27,4,7,13,9,USC,2015,California,Jared Goff,2016
400757063104928604,Pass Incompletion,1,10,57,43,-1.15714755134967,False,California,USC,14,27,4,7,13,9,USC,2015,California,Jared Goff,2016
400757063104928610,Pass Reception,4,6,38,62,2.994962896179503,False,California,USC,14,27,4,7,13,9,USC,2015,California,Jared Goff,2016
400757063104928602,Pass Reception,1,10,74,26,1.276519304717759,False,California,USC,14,27,4,7,13,9,USC,2015,California,Jared Goff,2016
400757072101864904,Pass Incompletion,1,10,38,38,-0.7828922522763084,False,Oregon,California,0,0,1,13,50,10,Oregon,2015,California,Jared Goff,2016
400757072101866102,Pass Incompletion,2,10,38,38,-0.9886314711142071,False,Oregon,California,0,0,1,13,38,10,Oregon,2015,California,Jared Goff,2016
400757072101877201,Pass Incompletion,2,7,7,7,-0.277446160702615,False,Oregon,California,0,0,1,12,27,10,Oregon,2015,California,Jared Goff,2016
400757072101877801,Passing Touchdown,3,7,7,7,2.884594628720352,True,Oregon,California,7,0,1,12,21,10,Oregon,2015,California,Jared Goff,2016
400757072101866301,Pass Reception,3,10,38,38,2.146114249567523,False,Oregon,California,0,0,1,13,36,10,Oregon,2015,California,Jared Goff,2016
400757072101868701,Pass Reception,1,10,26,26,0.4004025537084885,False,Oregon,California,0,0,1,13,12,10,Oregon,2015,California,Jared Goff,2016
400757072101944301,Pass Incompletion,2,5,10,10,-0.3559916745498305,False,Oregon,California,7,0,1,5,56,10,Oregon,2015,California,Jared Goff,2016
400757072101918901,Pass Reception,1,10,51,51,0.782928648961388,False,Oregon,California,7,0,1,8,10,10,Oregon,2015,California,Jared Goff,2016
400757072101945001,Pass Incompletion,3,5,10,10,-0.3700472119473802,False,Oregon,California,7,0,1,5,49,10,Oregon,2015,California,Jared Goff,2016
400757072101936701,Pass Reception,3,8,37,37,1.9619628097175386,False,Oregon,California,7,0,1,6,32,10,Oregon,2015,California,Jared Goff,2016
400757072101986801,Pass Reception,2,10,75,75,0.16823773848787482,False,Oregon,California,10,3,1,1,31,10,Oregon,2015,California,Jared Goff,2016
400757072101985701,Pass Incompletion,1,10,75,75,-0.7029700220436519,False,Oregon,California,10,3,1,1,42,10,Oregon,2015,California,Jared Goff,2016
400757072101994501,Pass Incompletion,3,4,69,69,-0.43770162015070735,False,Oregon,California,10,3,1,0,54,10,Oregon,2015,California,Jared Goff,2016
400757072102884101,Pass Reception,1,10,78,78,0.5574648631307815,False,Oregon,California,10,10,2,11,58,10,Oregon,2015,California,Jared Goff,2016
400757072102885601,Pass Incompletion,2,3,71,71,-0.8957885778792392,False,Oregon,California,10,10,2,11,43,10,Oregon,2015,California,Jared Goff,2016
400757072102886201,Pass Incompletion,3,3,71,71,-0.4420887229103867,False,Oregon,California,10,10,2,11,37,10,Oregon,2015,California,Jared Goff,2016
400757072102899301,Pass Incompletion,2,10,81,81,-0.24649544676527402,False,Oregon,California,10,17,2,10,6,10,Oregon,2015,California,Jared Goff,2016
400757072102925501,Pass Incompletion,2,4,53,53,-1.2417464247859178,False,Oregon,California,10,17,2,7,44,10,Oregon,2015,California,Jared Goff,2016
400757072102898801,Pass Incompletion,1,10,81,81,-0.5327945515514214,False,Oregon,California,10,17,2,10,11,10,Oregon,2015,California,Jared Goff,2016
400757072102917901,Pass Reception,3,8,69,69,2.2328249880241104,False,Oregon,California,10,17,2,8,20,10,Oregon,2015,California,Jared Goff,2016
400757072102926201,Pass Incompletion,3,4,53,53,-0.9078276011078685,False,Oregon,California,10,17,2,7,37,10,Oregon,2015,California,Jared Goff,2016
400757072102999901,Pass Incompletion,2,10,12,12,-0.3089040454322213,False,Oregon,California,10,31,2,0,0,10,Oregon,2015,California,Jared Goff,2016
400757072102998801,Pass Reception,1,10,33,33,0.3729802314660625,False,Oregon,California,10,31,2,0,11,10,Oregon,2015,California,Jared Goff,2016
400757072102996601,Pass Reception,1,10,50,50,0.1018198743557602,False,Oregon,California,10,31,2,0,33,10,Oregon,2015,California,Jared Goff,2016
400757072102994501,Pass Incompletion,1,10,75,75,-0.7029700220436519,False,Oregon,California,10,31,2,0,54,10,Oregon,2015,California,Jared Goff,2016
400757072102997301,Pass Incompletion,2,5,45,45,-1.1417165513541647,False,Oregon,California,10,31,2,0,26,10,Oregon,2015,California,Jared Goff,2016
400757072102999001,Pass Incompletion,1,10,12,12,-0.2977696357406735,False,Oregon,California,10,31,2,0,9,10,Oregon,2015,California,Jared Goff,2016
400757072103854701,Pass Reception,1,10,75,75,1.124751479041831,False,Oregon,California,10,31,3,14,52,10,Oregon,2015,California,Jared Goff,2016
400757072103884601,Pass Incompletion,3,26,31,31,-0.6904595660726524,False,Oregon,California,10,31,3,11,53,10,Oregon,2015,California,Jared Goff,2016
400757072103865001,Pass Reception,2,20,72,72,4.568601013535114,False,Oregon,California,10,31,3,13,49,10,Oregon,2015,California,Jared Goff,2016
400757072103935401,Pass Incompletion,3,1,9,9,-0.40236904257851,False,Oregon,California,13,31,3,6,45,10,Oregon,2015,California,Jared Goff,2016
400757072103929901,Pass Reception,2,6,14,14,0.074137432725539,False,Oregon,California,13,31,3,7,0,10,Oregon,2015,California,Jared Goff,2016
400757072103989601,Pass Incompletion,2,9,61,61,-0.7796739034661835,False,Oregon,California,21,34,3,1,3,10,Oregon,2015,California,Jared Goff,2016
400757072103994401,Pass Incompletion,3,9,61,61,-0.4235741469021441,False,Oregon,California,21,34,3,0,55,10,Oregon,2015,California,Jared Goff,2016
400757072104868301,Pass Reception,3,10,80,80,0.2521749694344546,False,Oregon,California,21,41,4,13,16,10,Oregon,2015,California,Jared Goff,2016
400757072104866401,Pass Incompletion,1,10,80,80,-0.5586693796725282,False,Oregon,California,21,41,4,13,35,10,Oregon,2015,California,Jared Goff,2016
400757072104866901,Pass Incompletion,2,10,80,80,-0.2608138520764314,False,Oregon,California,21,41,4,13,30,10,Oregon,2015,California,Jared Goff,2016
400757072104927201,Passing Touchdown,1,10,80,80,6.386057795605103,True,Oregon,California,28,41,4,7,27,10,Oregon,2015,California,Jared Goff,2016
400757072104974101,Pass Reception,1,10,43,43,0.4492953144288662,False,Oregon,California,28,44,4,2,58,10,Oregon,2015,California,Jared Goff,2016
400757072104977601,Pass Interception Return,1,10,33,33,-4.096925226498012,False,Oregon,California,28,44,4,2,23,10,Oregon,2015,California,Jared Goff,2016
400757072104968901,Pass Reception,1,10,69,69,0.6816920045798367,False,Oregon,California,28,44,4,3,10,10,Oregon,2015,California,Jared Goff,2016
400757078101865103,Pass Incompletion,3,10,80,20,-0.11593841189942822,False,California,Oregon State,0,0,1,13,48,11,Oregon State,2015,California,Jared Goff,2016
400757078101865102,Pass Incompletion,2,10,80,20,-0.2608138520764314,False,California,Oregon State,0,0,1,13,48,11,Oregon State,2015,California,Jared Goff,2016
400757078101865101,Pass Incompletion,1,10,80,20,-0.5586693796725282,False,California,Oregon State,0,0,1,13,48,11,Oregon State,2015,California,Jared Goff,2016
400757078101898011,Pass Reception,2,19,41,59,-0.164247708984096,False,California,Oregon State,0,0,1,10,19,11,Oregon State,2015,California,Jared Goff,2016
400757078101898009,Pass Reception,3,3,39,61,1.1546123196132232,False,California,Oregon State,0,0,1,10,19,11,Oregon State,2015,California,Jared Goff,2016
400757078101898007,Pass Incompletion,1,10,46,54,-1.0250974847844603,False,California,Oregon State,0,0,1,10,19,11,Oregon State,2015,California,Jared Goff,2016
400757078101898013,Pass Reception,3,20,42,58,2.4272462642252437,False,California,Oregon State,0,0,1,10,19,11,Oregon State,2015,California,Jared Goff,2016
400757078101898002,Pass Reception,2,2,82,18,-0.6759941508224632,False,California,Oregon State,0,0,1,10,19,11,Oregon State,2015,California,Jared Goff,2016
400757078101898008,Pass Reception,2,10,46,54,0.542253147716739,False,California,Oregon State,0,0,1,10,19,11,Oregon State,2015,California,Jared Goff,2016
400757078101994101,Passing Touchdown,1,4,4,96,1.688190518713975,True,California,Oregon State,7,0,1,0,58,11,Oregon State,2015,California,Jared Goff,2016
400757078101964004,Pass Reception,2,6,64,36,-0.1413192759305008,False,California,Oregon State,0,0,1,3,59,11,Oregon State,2015,California,Jared Goff,2016
400757078101964002,Pass Reception,2,8,83,17,1.3879401380356908,False,California,Oregon State,0,0,1,3,59,11,Oregon State,2015,California,Jared Goff,2016
400757078101964006,Pass Reception,1,10,58,42,2.8735126933253405,False,California,Oregon State,0,0,1,3,59,11,Oregon State,2015,California,Jared Goff,2016
400757078102895504,Pass Incompletion,2,10,24,76,-0.5789972760549578,False,California,Oregon State,7,3,2,10,44,11,Oregon State,2015,California,Jared Goff,2016
400757078102895503,Pass Incompletion,1,10,24,76,-0.4346450377339437,False,California,Oregon State,7,3,2,10,44,11,Oregon State,2015,California,Jared Goff,2016
400757078102895502,Pass Reception,1,15,50,50,1.8601196907366013,False,California,Oregon State,7,3,2,10,44,11,Oregon State,2015,California,Jared Goff,2016
400757078102936502,Pass Incompletion,1,10,42,58,-0.908489395271188,False,California,Oregon State,10,3,2,6,34,11,Oregon State,2015,California,Jared Goff,2016
400757078102936501,Pass Reception,1,10,93,7,3.5785717403299264,False,California,Oregon State,10,3,2,6,34,11,Oregon State,2015,California,Jared Goff,2016
400757078102936507,Pass Reception,3,1,19,81,1.791963394585803,False,California,Oregon State,10,3,2,6,34,11,Oregon State,2015,California,Jared Goff,2016
400757078102976003,Pass Reception,1,10,73,27,2.1703848825846883,False,California,Oregon State,17,3,2,2,39,11,Oregon State,2015,California,Jared Goff,2016
400757078102976004,Pass Reception,1,10,49,51,1.0659606614607482,False,California,Oregon State,17,3,2,2,39,11,Oregon State,2015,California,Jared Goff,2016
400757078102995001,Passing Touchdown,2,6,45,55,3.8992695896488065,True,California,Oregon State,24,3,2,0,49,11,Oregon State,2015,California,Jared Goff,2016
400757078103854701,Pass Reception,1,10,68,32,2.4679020841651162,False,California,Oregon State,24,10,3,14,52,11,Oregon State,2015,California,Jared Goff,2016
400757078103865101,Passing Touchdown,2,6,19,81,2.695382473409538,True,California,Oregon State,30,10,3,13,48,11,Oregon State,2015,California,Jared Goff,2016
400757078103854702,Pass Reception,1,10,37,63,0.3874309534055147,False,California,Oregon State,24,10,3,14,52,11,Oregon State,2015,California,Jared Goff,2016
400757078103877704,Pass Reception,2,6,34,66,0.616856369592861,False,California,Oregon State,30,10,3,12,22,11,Oregon State,2015,California,Jared Goff,2016
400757078103877703,Pass Reception,1,10,38,62,-0.080462810572756,False,California,Oregon State,30,10,3,12,22,11,Oregon State,2015,California,Jared Goff,2016
400757078103896601,Passing Touchdown,2,8,13,87,2.737694066050457,True,California,Oregon State,37,10,3,10,33,11,Oregon State,2015,California,Jared Goff,2016
400757078103877701,Pass Reception,1,10,77,23,1.5513447443909696,False,California,Oregon State,30,10,3,12,22,11,Oregon State,2015,California,Jared Goff,2016
400757078103916501,Passing Touchdown,1,10,29,71,2.788301184598112,True,California,Oregon State,44,18,3,8,34,11,Oregon State,2015,California,Jared Goff,2016
400757078103956608,Pass Reception,1,10,63,37,-0.6556647600661254,False,California,Oregon State,44,24,3,4,33,11,Oregon State,2015,California,Jared Goff,2016
400757078103956612,Pass Interception Return,2,7,48,52,-2.681174667118883,False,California,Oregon State,44,24,3,4,33,11,Oregon State,2015,California,Jared Goff,2016
400757078103956605,Pass Incompletion,1,10,75,25,-0.7029700220436519,False,California,Oregon State,44,24,3,4,33,11,Oregon State,2015,California,Jared Goff,2016
400757078104849903,Pass Incompletion,3,3,3,97,-0.291784144723391,False,California,Oregon State,44,24,4,15,0,11,Oregon State,2015,California,Jared Goff,2016
400757078103995004,Pass Incompletion,1,10,23,77,-0.4181180581276075,False,California,Oregon State,44,24,3,0,49,11,Oregon State,2015,California,Jared Goff,2016
400757078104936401,Passing Touchdown,3,1,11,89,2.569602195542968,True,California,Oregon State,54,24,4,6,35,11,Oregon State,2015,California,Jared Goff,2016
400757078104885405,Pass Reception,3,5,44,56,1.7728378401822624,False,California,Oregon State,47,24,4,11,45,11,Oregon State,2015,California,Jared Goff,2016
400757084101886301,Pass Reception,2,11,91,91,-0.12638424399205303,False,Stanford,California,0,0,1,11,36,12,Stanford,2015,California,Jared Goff,2016
400757084101955301,Pass Reception,4,1,58,58,3.192208730201229,False,Stanford,California,0,7,1,4,46,12,Stanford,2015,California,Jared Goff,2016
400757084101938701,Pass Incompletion,1,10,67,67,-0.956890163923906,False,Stanford,California,0,7,1,6,12,12,Stanford,2015,California,Jared Goff,2016
400757084101957101,Pass Incompletion,1,10,41,41,-0.8772679222659558,False,Stanford,California,0,7,1,4,28,12,Stanford,2015,California,Jared Goff,2016
400757084101998601,Pass Incompletion,2,3,3,3,-0.413137785818898,False,Stanford,California,0,7,1,0,13,12,Stanford,2015,California,Jared Goff,2016
400757084101984401,Pass Reception,2,10,18,18,0.041046352184617,False,Stanford,California,0,7,1,1,55,12,Stanford,2015,California,Jared Goff,2016
400757084101999001,Pass Incompletion,3,3,3,3,-0.291784144723391,False,Stanford,California,0,7,1,0,9,12,Stanford,2015,California,Jared Goff,2016
400757084101988601,Pass Reception,3,5,13,13,1.688251807652918,False,Stanford,California,0,7,1,1,13,12,Stanford,2015,California,Jared Goff,2016
400757084101939701,Pass Reception,2,10,67,67,0.6581962459536957,False,Stanford,California,0,7,1,6,2,12,Stanford,2015,California,Jared Goff,2016
400757084101969501,Pass Reception,2,16,37,37,1.878425470733226,False,Stanford,California,0,7,1,3,4,12,Stanford,2015,California,Jared Goff,2016
400757084102936201,Pass Reception,3,18,70,70,0.7902549640144301,False,Stanford,California,3,7,2,6,37,12,Stanford,2015,California,Jared Goff,2016
400757084102924501,Pass Incompletion,1,10,62,62,-1.087995077167328,False,Stanford,California,3,7,2,7,54,12,Stanford,2015,California,Jared Goff,2016
400757084102915701,Pass Reception,1,10,76,76,0.8892177775023722,False,Stanford,California,3,7,2,8,42,12,Stanford,2015,California,Jared Goff,2016
400757084102925301,Pass Reception,2,10,62,62,0.5064801137562931,False,Stanford,California,3,7,2,7,46,12,Stanford,2015,California,Jared Goff,2016
400757084102909901,Pass Reception,3,2,83,83,0.7615219082207929,False,Stanford,California,3,7,2,9,0,12,Stanford,2015,California,Jared Goff,2016
400757084102899701,Pass Reception,1,10,91,91,0.8036479116643145,False,Stanford,California,3,7,2,10,2,12,Stanford,2015,California,Jared Goff,2016
400757084102977501,Pass Reception,1,10,54,54,1.20588179851595,False,Stanford,California,3,14,2,2,24,12,Stanford,2015,California,Jared Goff,2016
400757084102994501,Pass Incompletion,3,3,11,11,-0.3945030175899225,False,Stanford,California,3,14,2,0,54,12,Stanford,2015,California,Jared Goff,2016
400757084102989501,Pass Reception,1,10,18,18,0.308960234883602,False,Stanford,California,3,14,2,1,4,12,Stanford,2015,California,Jared Goff,2016
400757084102959701,Pass Incompletion,1,10,83,83,-0.48436415563340685,False,Stanford,California,3,14,2,4,2,12,Stanford,2015,California,Jared Goff,2016
400757084102968801,Pass Reception,3,2,75,75,2.4917487078480764,False,Stanford,California,3,14,2,3,11,12,Stanford,2015,California,Jared Goff,2016
400757084102984001,Pass Incompletion,2,1,45,45,-1.2553672566879575,False,Stanford,California,3,14,2,1,59,12,Stanford,2015,California,Jared Goff,2016
400757084102989901,Pass Incompletion,2,3,11,11,-0.448960936520033,False,Stanford,California,3,14,2,1,0,12,Stanford,2015,California,Jared Goff,2016
400757084102964601,Pass Reception,2,10,83,83,0.34290049265178,False,Stanford,California,3,14,2,3,53,12,Stanford,2015,California,Jared Goff,2016
400757084102984701,Pass Reception,3,1,45,45,1.2976568349435453,False,Stanford,California,3,14,2,1,52,12,Stanford,2015,California,Jared Goff,2016
400757084102985501,Pass Reception,1,10,34,34,0.552344804306543,False,Stanford,California,3,14,2,1,44,12,Stanford,2015,California,Jared Goff,2016
400757084103864401,Pass Reception,1,10,39,39,0.5717158336391766,False,Stanford,California,6,21,3,13,55,12,Stanford,2015,California,Jared Goff,2016
400757084103877501,Pass Reception,3,2,8,8,-0.365883533839341,False,Stanford,California,6,21,3,12,24,12,Stanford,2015,California,Jared Goff,2016
400757084103854401,Pass Reception,1,10,76,76,1.226511233321002,False,Stanford,California,6,21,3,14,55,12,Stanford,2015,California,Jared Goff,2016
400757084103869901,Pass Reception,2,8,14,14,0.1406793750541695,False,Stanford,California,6,21,3,13,0,12,Stanford,2015,California,Jared Goff,2016
400757084103908901,Pass Reception,2,13,89,89,0.2468603199903905,False,Stanford,California,9,21,3,9,10,12,Stanford,2015,California,Jared Goff,2016
400757084103954101,Pass Incompletion,2,3,3,3,-0.413137785818898,False,Stanford,California,9,21,3,4,58,12,Stanford,2015,California,Jared Goff,2016
400757084103954501,Passing Touchdown,3,3,3,3,2.624562399778991,True,Stanford,California,16,21,3,4,54,12,Stanford,2015,California,Jared Goff,2016
400757084103928801,Pass Reception,1,10,53,53,0.1057711896973057,False,Stanford,California,9,21,3,7,11,12,Stanford,2015,California,Jared Goff,2016
400757084103934401,Pass Reception,3,18,61,61,3.766969036767131,False,Stanford,California,9,21,3,6,55,12,Stanford,2015,California,Jared Goff,2016
400757084103939901,Pass Reception,1,10,25,25,0.8163035217071835,False,Stanford,California,9,21,3,6,0,12,Stanford,2015,California,Jared Goff,2016
400757084103918801,Pass Reception,1,10,65,65,1.3846699650971743,False,Stanford,California,9,21,3,8,11,12,Stanford,2015,California,Jared Goff,2016
400757084103916901,Pass Reception,3,4,80,80,1.731016595754129,False,Stanford,California,9,21,3,8,30,12,Stanford,2015,California,Jared Goff,2016
400757084104899601,Pass Reception,2,10,17,17,-3.0555722831593055,False,Stanford,California,16,28,4,10,3,12,Stanford,2015,California,Jared Goff,2016
400757084104884901,Pass Reception,1,10,41,41,0.2724195167880144,False,Stanford,California,16,28,4,11,50,12,Stanford,2015,California,Jared Goff,2016
400757084104898501,Pass Incompletion,1,10,17,17,-0.340019558909725,False,Stanford,California,16,28,4,10,14,12,Stanford,2015,California,Jared Goff,2016
400757084104864501,Pass Incompletion,1,10,68,68,-0.9262377870973815,False,Stanford,California,16,28,4,13,54,12,Stanford,2015,California,Jared Goff,2016
400757084104858901,Pass Reception,1,10,86,86,1.1407561006870397,False,Stanford,California,16,28,4,14,10,12,Stanford,2015,California,Jared Goff,2016
400757084104868401,Pass Reception,3,6,64,64,2.263481188362082,False,Stanford,California,16,28,4,13,15,12,Stanford,2015,California,Jared Goff,2016
400757084104878601,Pass Incompletion,2,7,52,52,-1.1089110823389845,False,Stanford,California,16,28,4,12,13,12,Stanford,2015,California,Jared Goff,2016
400757084104914001,Pass Incompletion,4,15,22,22,-2.07676036248154,False,Stanford,California,16,28,4,8,59,12,Stanford,2015,California,Jared Goff,2016
400757084104906901,Pass Reception,3,25,32,32,1.0522553073349847,False,Stanford,California,16,28,4,9,30,12,Stanford,2015,California,Jared Goff,2016
400757084104879201,Pass Reception,3,7,52,52,2.5688669830499915,False,Stanford,California,16,28,4,12,7,12,Stanford,2015,California,Jared Goff,2016
400757084104896901,Pass Reception,2,9,29,29,0.658942496027615,False,Stanford,California,16,28,4,10,30,12,Stanford,2015,California,Jared Goff,2016
400757084104948101,Pass Incompletion,3,6,61,61,-0.5500549337832448,False,Stanford,California,16,35,4,5,18,12,Stanford,2015,California,Jared Goff,2016
400757084104939901,Pass Incompletion,1,10,65,65,-1.0146424556055624,False,Stanford,California,16,35,4,6,0,12,Stanford,2015,California,Jared Goff,2016
400757084104976601,Pass Incompletion,1,10,48,48,-1.0742999147475647,False,Stanford,California,16,35,4,2,33,12,Stanford,2015,California,Jared Goff,2016
400757084104976901,Pass Reception,2,10,48,48,0.3165383422092416,False,Stanford,California,16,35,4,2,30,12,Stanford,2015,California,Jared Goff,2016
400757084104985101,Pass Reception,1,10,37,37,0.2454411832668482,False,Stanford,California,16,35,4,1,48,12,Stanford,2015,California,Jared Goff,2016
400757084104985501,Passing Touchdown,2,4,31,31,2.805967448209895,True,Stanford,California,22,35,4,1,44,12,Stanford,2015,California,Jared Goff,2016
400757087101907304,Pass Incompletion,2,6,32,68,-0.7728792342011417,False,California,Arizona State,0,3,1,9,26,13,Arizona State,2015,California,Jared Goff,2016
400757087101907301,Pass Incompletion,1,10,70,30,-0.8627910327708888,False,California,Arizona State,0,3,1,9,26,13,Arizona State,2015,California,Jared Goff,2016
400757087101907303,Pass Reception,1,10,36,64,-0.0714896390997507,False,California,Arizona State,0,3,1,9,26,13,Arizona State,2015,California,Jared Goff,2016
400757087101907309,Pass Reception,3,23,34,66,1.2696505673323042,False,California,Arizona State,0,3,1,9,26,13,Arizona State,2015,California,Jared Goff,2016
400757087101907308,Pass Incompletion,2,23,34,66,-0.9666062103426096,False,California,Arizona State,0,3,1,9,26,13,Arizona State,2015,California,Jared Goff,2016
400757087101907302,Pass Reception,2,10,70,30,3.544799456661436,False,California,Arizona State,0,3,1,9,26,13,Arizona State,2015,California,Jared Goff,2016
400757087101907305,Pass Reception,3,6,32,68,1.2228501545191954,False,California,Arizona State,0,3,1,9,26,13,Arizona State,2015,California,Jared Goff,2016
400757087102849902,Pass Incompletion,3,5,29,71,-0.889380350482309,False,California,Arizona State,3,10,2,15,0,13,Arizona State,2015,California,Jared Goff,2016
400757087102849903,Pass Incompletion,4,5,29,71,-2.569057137630331,False,California,Arizona State,3,10,2,15,0,13,Arizona State,2015,California,Jared Goff,2016
400757087101985002,Pass Reception,2,1,71,29,0.3203125720977376,False,California,Arizona State,3,10,1,1,49,13,Arizona State,2015,California,Jared Goff,2016
400757087102849901,Pass Incompletion,2,5,29,71,-0.68551586602778,False,California,Arizona State,3,10,2,15,0,13,Arizona State,2015,California,Jared Goff,2016
400757087101985004,Pass Reception,2,11,63,37,3.2857023894986606,False,California,Arizona State,3,10,1,1,49,13,Arizona State,2015,California,Jared Goff,2016
400757087102889907,Pass Incompletion,3,8,58,42,-0.5456864727395683,False,California,Arizona State,3,17,2,11,0,13,Arizona State,2015,California,Jared Goff,2016
400757087102889904,Pass Reception,1,10,75,25,1.320854515577646,False,California,Arizona State,3,17,2,11,0,13,Arizona State,2015,California,Jared Goff,2016
400757087102889906,Pass Incompletion,2,8,58,42,-0.9286544985354048,False,California,Arizona State,3,17,2,11,0,13,Arizona State,2015,California,Jared Goff,2016
400757087102915304,Pass Reception,1,10,75,25,-0.7029700220436519,False,California,Arizona State,3,24,2,8,46,13,Arizona State,2015,California,Jared Goff,2016
400757087102915305,Pass Reception,2,10,75,25,1.6335325339896425,False,California,Arizona State,3,24,2,8,46,13,Arizona State,2015,California,Jared Goff,2016
400757087102929301,Passing Touchdown,1,10,52,48,4.008054288710431,True,California,Arizona State,10,24,2,7,6,13,Arizona State,2015,California,Jared Goff,2016
400757087102915306,Pass Reception,1,10,64,36,1.3816838899351875,False,California,Arizona State,3,24,2,8,46,13,Arizona State,2015,California,Jared Goff,2016
400757087102966803,Pass Incompletion,1,10,75,25,-0.7029700220436519,False,California,Arizona State,10,27,2,3,31,13,Arizona State,2015,California,Jared Goff,2016
400757087102966805,Pass Reception,3,5,70,30,-0.06449296258092385,False,California,Arizona State,10,27,2,3,31,13,Arizona State,2015,California,Jared Goff,2016
400757087102966804,Pass Reception,2,10,75,25,0.04378266651122598,False,California,Arizona State,10,27,2,3,31,13,Arizona State,2015,California,Jared Goff,2016
400757087102989403,Pass Incompletion,3,2,50,50,-1.0990996615554103,False,California,Arizona State,10,27,2,1,5,13,Arizona State,2015,California,Jared Goff,2016
400757087102989401,Pass Incompletion,1,10,58,42,-1.1496266880203319,False,California,Arizona State,10,27,2,1,5,13,Arizona State,2015,California,Jared Goff,2016
400757087102989402,Pass Reception,2,10,58,42,0.8156206457079236,False,California,Arizona State,10,27,2,1,5,13,Arizona State,2015,California,Jared Goff,2016
400757087103849906,Pass Incompletion,3,4,56,44,-0.8147736382260158,False,California,Arizona State,10,27,3,15,0,13,Arizona State,2015,California,Jared Goff,2016
400757087103849904,Pass Incompletion,1,10,62,38,-1.087995077167328,False,California,Arizona State,10,27,3,15,0,13,Arizona State,2015,California,Jared Goff,2016
400757087103849905,Pass Reception,2,10,62,38,0.2746278483667375,False,California,Arizona State,10,27,3,15,0,13,Arizona State,2015,California,Jared Goff,2016
400757087103877804,Pass Incompletion,1,10,30,70,-0.557844891990525,False,California,Arizona State,10,27,3,12,21,13,Arizona State,2015,California,Jared Goff,2016
400757087103877802,Pass Incompletion,1,10,42,58,-0.908489395271188,False,California,Arizona State,10,27,3,12,21,13,Arizona State,2015,California,Jared Goff,2016
400757087103877801,Pass Reception,1,10,94,6,3.6017579892089024,False,California,Arizona State,10,27,3,12,21,13,Arizona State,2015,California,Jared Goff,2016
400757087103877803,Pass Reception,2,10,42,58,1.389181733920541,False,California,Arizona State,10,27,3,12,21,13,Arizona State,2015,California,Jared Goff,2016
400757087103925307,Pass Incompletion,2,10,16,84,-0.380857143240037,False,California,Arizona State,17,30,3,7,46,13,Arizona State,2015,California,Jared Goff,2016
400757087103936301,Passing Touchdown,3,10,16,84,3.279693071286827,True,California,Arizona State,24,30,3,6,36,13,Arizona State,2015,California,Jared Goff,2016
400757087103925306,Pass Incompletion,1,10,16,84,-0.3301132067544156,False,California,Arizona State,17,30,3,7,46,13,Arizona State,2015,California,Jared Goff,2016
400757087103925304,Pass Reception,2,11,76,24,4.1379636291455455,False,California,Arizona State,17,30,3,7,46,13,Arizona State,2015,California,Jared Goff,2016
400757087103955806,Pass Incompletion,2,10,62,38,-0.6938325521359872,False,California,Arizona State,24,33,3,4,41,13,Arizona State,2015,California,Jared Goff,2016
400757087103955805,Pass Incompletion,1,10,62,38,-1.087995077167328,False,California,Arizona State,24,33,3,4,41,13,Arizona State,2015,California,Jared Goff,2016
400757087103955804,Pass Reception,2,8,73,27,1.5773551583638685,False,California,Arizona State,24,33,3,4,41,13,Arizona State,2015,California,Jared Goff,2016
400757087103955811,Pass Reception,1,10,30,70,0.390005309276303,False,California,Arizona State,24,33,3,4,41,13,Arizona State,2015,California,Jared Goff,2016
400757087103986801,Passing Touchdown,1,9,9,91,2.424237823646468,True,California,Arizona State,31,33,3,1,31,13,Arizona State,2015,California,Jared Goff,2016
400757087103955810,Pass Reception,3,7,39,61,1.7652011947322295,False,California,Arizona State,24,33,3,4,41,13,Arizona State,2015,California,Jared Goff,2016
400757087103955809,Pass Reception,2,10,42,58,-0.3760194608116885,False,California,Arizona State,24,33,3,4,41,13,Arizona State,2015,California,Jared Goff,2016
400757087104905102,Pass Incompletion,1,10,58,42,-1.1496266880203319,False,California,Arizona State,31,36,4,9,48,13,Arizona State,2015,California,Jared Goff,2016
400757087104908601,Passing Touchdown,2,10,58,42,5.711329900059647,True,California,Arizona State,37,36,4,9,13,13,Arizona State,2015,California,Jared Goff,2016
400757087104925604,Pass Reception,2,7,72,28,-0.5594317282120231,False,California,Arizona State,37,39,4,7,43,13,Arizona State,2015,California,Jared Goff,2016
400757087104939401,Passing Touchdown,1,10,49,51,3.7623305516372483,True,California,Arizona State,45,39,4,6,5,13,Arizona State,2015,California,Jared Goff,2016
400757087104989602,Pass Reception,3,4,35,65,1.1930141875549887,False,California,Arizona State,45,46,4,1,3,13,Arizona State,2015,California,Jared Goff,2016
400757087104977002,Pass Incompletion,1,5,73,27,-1.2384603177865179,False,California,Arizona State,45,46,4,2,29,13,Arizona State,2015,California,Jared Goff,2016
400757087104977003,Pass Reception,2,5,73,27,1.621177529828107,False,California,Arizona State,45,46,4,2,29,13,Arizona State,2015,California,Jared Goff,2016
400757087104977004,Pass Reception,1,10,58,42,1.321183586142796,False,California,Arizona State,45,46,4,2,29,13,Arizona State,2015,California,Jared Goff,2016
